channel,laser,autolevel,t_ms,tp,tp_err,tp_rms_err,pd_flux_ph_s,pd_flux_err_ph_s,laser_flux_ph_s,laser_flux_err_ph_s,pd_route_tx,laser_route_tx,atten_tx,pd_raw,pd_mv,pd_net_mv,pd_mean_net_mv,pd_mean_net_err_mv,laser_current_ma,atten_db,wavelength_nm,pd_ontime_s,laser_current_ontime_s,flags
yj_m,,False,1789432112733,nan,nan,nan,0.0,103484.16134549375,336.44265060706283,145.0917985111241,0.98,3.88119393721e-08,3.8446999739014306e-08,12,0.75,-0.39937500000000004,-0.04437500000000003,0.36449560611206283,250.0,74.1513754526774,1028.01,85,0,()
yj_m,,False,1789432113789,-84.00307444131383,107.00985818411957,100.6913436418103,0.0,102985.23280891012,1011.8169177683418,436.34876879640484,0.98,3.88119393721e-08,1.1562542591784306e-07,12,0.75,-0.39937500000000004,-0.08437500000000003,0.36273826221533356,250.0,69.3694665448272,1028.01,85,0,()
yj_m,,False,1789432113902,-48.315715109249055,75.08955256138192,70.6512132399419,0.0,101894.65394994905,3043.2229734209736,1312.3980972308705,0.98,3.88119393721e-08,3.477644485732223e-07,7,0.4375,-0.711875,-0.16937500000000003,0.35889698643900597,250.0,64.58714817323644,1028.01,85,0,()
yj_m,,False,1789432114014,-35.735611634639184,54.66618535226463,51.13964128970881,0.0,102034.97124565007,9128.456657397786,3936.6715000695717,0.98,3.88119393721e-08,1.043154814323676e-06,23,1.4375,0.28812499999999996,-0.11687500000000003,0.35939121702540267,250.0,59.81651233263708,1028.01,86,0,()
yj_m,,False,1789432114128,-27.700484467719768,43.19334325547462,40.44683794252001,0.0,102021.14572165493,27474.465763771084,11848.43730010183,0.98,3.88119393721e-08,3.139645868748513e-06,17,1.0625,-0.08687500000000004,-0.14187500000000003,0.35934252027139796,250.0,55.03119334704403,1028.01,86,0,()
yj_m,,False,1789432114240,-12.878482199022105,25.49599728194746,24.004902780464437,0.0,102477.1897315227,82070.47416413484,35393.1128519206,0.98,3.88119393721e-08,9.378607299270377e-06,15,0.9375,-0.21187500000000004,-0.046875000000000035,0.3609488147577161,250.0,50.27861648523751,1028.01,86,0,()
yj_m,,False,1789432114352,-3.7133043432374415,10.661168728748383,9.755963493123387,1596.997049641895,102669.91417285726,247096.10223361244,106560.85907501406,0.98,3.88119393721e-08,2.823691871689147e-05,17,1.0625,-0.08687500000000004,0.005624999999999964,0.3616276356627077,250.0,45.49182696333462,1028.01,86,0,()
yj_m,,False,1789432114464,0.7480580703258223,2.6986652948864553,2.609876755955228,13663.196980269624,101929.05943754698,742212.1559900172,320080.9897172707,0.98,3.88119393721e-08,8.481632907169349e-05,25,1.5625,0.41312499999999996,0.048124999999999966,0.359018170675246,250.0,40.71520528131993,1028.01,86,0,()
yj_m,,False,1789432114576,0.7872615824041005,1.018907108654079,0.8882847832861733,1104589.626002317,591436.5242453798,2235711.245943094,964156.491574793,0.98,3.88119393721e-08,0.00025548600789522205,647,40.4375,39.288125,3.890624999999998,2.083178832187722,250.0,35.92632879718279,1028.01,86,0,()
yj_m,,False,1789432114690,1.7012866218584346,1.0026435928861386,0.5921980275692292,8682872.95890304,3244374.0769058275,6682599.725400476,2881889.1158383493,0.98,3.88119393721e-08,0.0007636543982602175,2938,183.625,182.475625,30.58312500000001,11.42745015508162,250.0,31.171031425848543,1028.01,86,1,()
yj_m,,False,1789432114803,3.244295746767924,1.5556842440824838,0.6496181691949333,36686393.668490484,10463099.678894317,19929327.878326025,8594576.281475492,0.98,3.88119393721e-08,0.0022774248816378995,9116,569.75,568.600625,129.21812500000004,36.853503083789406,250.0,26.425559388459273,1028.01,86,1,()
yj_m,,False,1789432114908,4.892856091061816,2.208252527724542,0.6501381079455315,69598018.64397737,13643664.044476897,19929327.878326025,8594576.281475492,0.98,3.88119393721e-08,0.0022774248816378995,9460,591.25,590.100625,245.14062500000003,48.056200396482396,250.0,26.425559388459273,1028.01,86,1,()
yj_m,,False,1789432115012,6.568404912547419,2.8715517182293206,0.47111240310556923,103188189.92144543,13409819.563322596,19929327.878326025,8594576.281475492,0.98,3.88119393721e-08,0.0022774248816378995,9531,595.6875,594.538125,363.453125,47.23254501979408,250.0,26.425559388459273,1028.01,87,1,()
yj_m,,False,1789432115116,7.861102335883375,3.3980351362089505,0.2317730422601596,141062571.95075276,9184873.918206548,19929327.878326025,8594576.281475492,0.98,3.88119393721e-08,0.0022774248816378995,9460,591.25,590.100625,496.8556249999997,32.35129069367828,250.0,26.425559388459273,1028.01,87,1,()
yj_m,,False,1789432115222,8.25976352848111,3.563849082248367,0.11337510841472699,164611535.55653906,2259489.7088378537,19929327.878326025,8594576.281475492,0.98,3.88119393721e-08,0.0022774248816378995,9781,611.3125,610.163125,579.8006249999997,7.958455286478338,250.0,26.425559388459273,1028.01,87,1,()
yj_m,,False,1789432115326,8.45204714015482,3.6451992077413844,0.0410486714723437,168443618.69921312,818072.4327420231,19929327.878326025,8594576.281475492,0.98,3.88119393721e-08,0.0022774248816378995,9062,566.375,565.225625,593.2981249999997,2.881443917010185,250.0,26.425559388459273,1028.01,87,1,()
yj_m,,False,1789432115431,8.503795257910314,3.6675452592595508,0.043725980651183105,169474923.90504855,871429.4051987675,19929327.878326025,8594576.281475492,0.98,3.88119393721e-08,0.0022774248816378995,10011,625.6875,624.538125,596.9306249999997,3.0693797495381703,250.0,26.425559388459273,1028.01,87,1,()
yj_m,,False,1789432115535,8.574134234212513,3.6979526522283868,0.04971436587494637,170876732.42640087,990773.8977848674,19929327.878326025,8594576.281475492,0.98,3.88119393721e-08,0.0022774248816378995,9795,612.1875,611.038125,601.8681249999997,3.489739180350732,250.0,26.425559388459273,1028.01,87,1,()
yj_m,,False,1789432115640,8.600168559112213,3.7092066742106984,0.051736999875299325,171395579.02341786,1031083.633955751,19929327.878326025,8594576.281475492,0.98,3.88119393721e-08,0.0022774248816378995,9824,614.0,612.850625,603.6956249999997,3.6317195716182438,250.0,26.425559388459273,1028.01,87,1,()
yj_m,,False,1789432115745,8.61145840999211,3.7142181866747164,0.06115962783648328,171620578.16330075,1218870.2760696688,19929327.878326025,8594576.281475492,0.98,3.88119393721e-08,0.0022774248816378995,9062,566.375,565.225625,604.4881249999997,4.293148383980572,250.0,26.425559388459273,1028.01,87,2,()
yj_m,,False,1789432115849,8.697895217832837,3.7514420834025155,0.05819209260833258,173343205.6475145,1159729.293517372,19929327.878326025,8594576.281475492,0.98,3.88119393721e-08,0.0022774248816378995,10123,632.6875,631.538125,610.5556249999997,4.084839904681088,250.0,26.425559388459273,1028.01,87,2,()
yj_m,,False,1789432115954,8.740276676971884,3.769728822737815,0.05895215076798746,174187839.64265844,1174876.7417877312,19929327.878326025,8594576.281475492,0.98,3.88119393721e-08,0.0022774248816378995,9890,618.125,616.975625,613.5306249999998,4.138192787543254,250.0,26.425559388459273,1028.01,87,2,()
yj_m,,False,1789432116059,8.781055475891387,3.7873499038742358,0.0612988520651547,175000533.69680953,1221644.9213714693,19929327.878326025,8594576.281475492,0.98,3.88119393721e-08,0.0022774248816378995,9427,589.1875,588.038125,616.3931249999997,4.30292133868085,250.0,26.425559388459273,1028.01,88,2,()
yj_m,,False,1789432116163,8.736893283175071,3.7684540945945537,0.06973917923544065,174120410.8783402,1389854.9689484406,19929327.878326025,8594576.281475492,0.98,3.88119393721e-08,0.0022774248816378995,10163,635.1875,634.038125,613.2931249999997,4.895396771138679,250.0,26.425559388459273,1028.01,88,2,()
yj_m,,False,1789432116268,8.829028438463066,3.8079617420820253,0.056519505817399854,175956602.59719512,1126395.7629559156,19929327.878326025,8594576.281475492,0.98,3.88119393721e-08,0.0022774248816378995,9933,620.8125,619.663125,619.7606249999997,3.9674313537697157,250.0,26.425559388459273,1028.01,88,2,()
yj_m,,False,1789432116372,8.736537136459615,3.768210778524896,0.06470801757486967,174113313.11367515,1289587.298606061,19929327.878326025,8594576.281475492,0.98,3.88119393721e-08,0.0022774248816378995,10092,630.75,629.600625,613.2681249999997,4.54223040442413,250.0,26.425559388459273,1028.01,88,2,()
yj_m,,False,1789432116477,8.723074790615444,3.762399694955636,0.06434253297577912,173845017.60933527,1282303.4361963063,19929327.878326025,8594576.281475492,0.98,3.88119393721e-08,0.0022774248816378995,10389,649.3125,648.163125,612.3231249999997,4.516574924306582,250.0,26.425559388459273,1028.01,88,2,()
yj_m,,False,1789432116582,8.753952710845324,3.775589650778881,0.05658101251558544,174460393.8057973,1127621.5501107709,19929327.878326025,8594576.281475492,0.98,3.88119393721e-08,0.0022774248816378995,10109,631.8125,630.663125,614.4906249999997,3.971748865030996,250.0,26.425559388459273,1028.01,88,2,()
yj_m,,False,1789432116687,8.745369575002876,3.7718183783091916,0.05169073832577239,174289337.677369,1030161.6723670721,19929327.878326025,8594576.281475492,0.98,3.88119393721e-08,0.0022774248816378995,9907,619.1875,618.038125,613.8881249999997,3.628472205608719,250.0,26.425559388459273,1028.01,88,3,()
yj_m,,False,1789432116791,8.793128849545283,3.792449139553799,0.054293538824186006,175241147.91895556,1082033.736901826,19929327.878326025,8594576.281475492,0.98,3.88119393721e-08,0.0022774248816378995,9950,621.875,620.725625,617.2406249999997,3.8111778424622225,250.0,26.425559388459273,1028.01,88,3,()
yj_m,,False,1789432116895,8.83248306160297,3.8094023978000466,0.053114621306977625,176025450.91444638,1058538.7031598783,19929327.878326025,8594576.281475492,0.98,3.88119393721e-08,0.0022774248816378995,9229,576.8125,575.663125,620.0031249999997,3.7284227961532204,250.0,26.425559388459273,1028.01,88,3,()
yj_m,,False,1789432117000,8.797616298160005,3.7945071016123855,0.062295555492861934,175330579.7537355,1241508.5507796975,19929327.878326025,8594576.281475492,0.98,3.88119393721e-08,0.0022774248816378995,10401,650.0625,648.913125,617.5556249999997,4.372885723052342,250.0,26.425559388459273,1028.01,89,3,()
yj_m,,False,1789432117105,8.8555613687644,3.819537094816402,0.064959144338089,176485386.06474325,1294592.0862092804,19929327.878326025,8594576.281475492,0.98,3.88119393721e-08,0.0022774248816378995,9743,608.9375,607.788125,621.6231249999997,4.559858445925159,250.0,26.425559388459273,1028.01,89,3,()
yj_m,,False,1789432117210,8.883305197898283,3.831508454880156,0.06545765348605903,177038301.9321526,1304527.0384695204,19929327.878326025,8594576.281475492,0.98,3.88119393721e-08,0.0022774248816378995,9954,622.125,620.975625,623.5706249999997,4.594851689323061,250.0,26.425559388459273,1028.01,89,3,()
yj_m,,False,1789432117314,8.84925757190086,3.816850186436744,0.0667687875185098,176359755.63017142,1330657.058494665,19929327.878326025,8594576.281475492,0.98,3.88119393721e-08,0.0022774248816378995,10366,647.875,646.725625,621.1806249999997,4.686887778353029,250.0,26.425559388459273,1028.01,89,3,()
yj_m,,False,1789432117419,8.874864520742015,3.8278725172674597,0.06566756960591731,176870084.90959033,1308710.5256491236,19929327.878326025,8594576.281475492,0.98,3.88119393721e-08,0.0022774248816378995,9338,583.625,582.475625,622.9781249999997,4.609586917162426,250.0,26.425559388459273,1028.01,89,3,()
yj_m,,False,1789432117524,8.856273662195306,3.8197684802582184,0.06034070364927281,176499581.59407339,1202549.6674352626,19929327.878326025,8594576.281475492,0.98,3.88119393721e-08,0.0022774248816378995,10196,637.25,636.100625,621.6731249999997,4.235663353817793,250.0,26.425559388459273,1028.01,89,3,()
yj_m,,False,1789432117628,8.940716048429492,3.8562871912322576,0.06684176212427723,178182461.5961627,1332111.3933397944,19929327.878326025,8594576.281475492,0.98,3.88119393721e-08,0.0022774248816378995,9874,617.125,615.975625,627.6006249999997,4.692010288445134,250.0,26.425559388459273,1028.01,89,3,()
yj_m,,False,1789432117733,8.812823762909899,3.801469258408526,0.08341512211590907,175633654.30493423,1662407.3186585575,19929327.878326025,8594576.281475492,0.98,3.88119393721e-08,0.0022774248816378995,9844,615.25,614.100625,618.6231249999997,5.8553903838151555,250.0,26.425559388459273,1028.01,89,4,()
yj_m,,False,1789432117837,8.771760046618034,3.7836218934592267,0.07666407154916578,174815282.03905106,1527863.4183907716,19929327.878326025,8594576.281475492,0.98,3.88119393721e-08,0.0022774248816378995,9788,611.75,610.600625,615.7406249999997,5.3814950568475854,250.0,26.425559388459273,1028.01,89,4,()
yj_m,,False,1789432117942,8.759757902307229,3.7784127305996864,0.07495603455153056,174576087.36983803,1493823.3890365856,19929327.878326025,8594576.281475492,0.98,3.88119393721e-08,0.0022774248816378995,9517,594.8125,593.663125,614.8981249999997,5.261598050675763,250.0,26.425559388459273,1028.01,89,4,()
yj_m,,False,1789432118047,8.740597209015794,3.7701514128041933,0.07496373365891598,174194227.630857,1493976.8270720404,19929327.878326025,8594576.281475492,0.98,3.88119393721e-08,0.0022774248816378995,10411,650.6875,649.538125,613.5531249999997,5.262138495599959,250.0,26.425559388459273,1028.01,90,4,()
yj_m,,False,1789432118151,8.749500876902147,3.7738234188241284,0.06602522347949191,174371671.74748385,1315838.326962544,19929327.878326025,8594576.281475492,0.98,3.88119393721e-08,0.0022774248816378995,10247,640.4375,639.288125,614.1781249999997,4.634692713317141,250.0,26.425559388459273,1028.01,90,4,()
yj_m,,False,1789432118256,8.904317854110074,3.8404697632338123,0.05935680880950543,177457070.04739204,1182941.3045757418,19929327.878326025,8594576.281475492,0.98,3.88119393721e-08,0.0022774248816378995,10395,649.6875,648.538125,625.0456249999997,4.166598078393811,250.0,26.425559388459273,1028.01,90,4,()
yj_m,,False,1789432118361,9.022736636998587,3.89161470002827,0.06454172814790715,179817076.79852954,1286273.2620934218,19929327.878326025,8594576.281475492,0.98,3.88119393721e-08,0.0022774248816378995,9930,620.625,619.475625,633.3581249999997,4.530557586751877,250.0,26.425559388459273,1028.01,90,4,()
yj_m,,False,1789432118466,8.9437789101824,3.8581882444560818,0.09458301881369272,178243502.37228236,1884975.99365996,19929327.878326025,8594576.281475492,0.98,3.88119393721e-08,0.0022774248816378995,9206,575.375,574.225625,627.8156249999997,6.639329713674039,250.0,26.425559388459273,1028.01,90,4,()
yj_m,,False,1789432118570,8.85524083672049,3.8200781319417243,0.09699889499558281,176478998.07654467,1933122.7822022862,19929327.878326025,8594576.281475492,0.98,3.88119393721e-08,0.0022774248816378995,10155,634.6875,633.538125,621.6006249999997,6.808914050483748,250.0,26.425559388459273,1028.01,90,4,()
yj_m,,False,1789432118674,8.875897346216831,3.829075484661319,0.1005666741603154,176890668.42711905,2004226.2229737008,19929327.878326025,8594576.281475492,0.98,3.88119393721e-08,0.0022774248816378995,10325,645.3125,644.163125,623.0506249999997,7.059357127024741,250.0,26.425559388459273,1028.01,90,5,()
yj_m,,False,1789432118779,8.731871614487165,3.7669954871474083,0.10092965329316363,174020332.39656267,2011460.1531252244,19929327.878326025,8594576.281475492,0.98,3.88119393721e-08,0.0022774248816378995,10180,636.25,635.100625,612.9406249999997,7.084836733960423,250.0,26.425559388459273,1028.01,90,5,()
yj_m,,False,1789432118884,8.729663504851349,3.7658939538518545,0.09518325071306015,173976326.2556392,1896938.211985485,19929327.878326025,8594576.281475492,0.98,3.88119393721e-08,0.0022774248816378995,10594,662.125,660.975625,612.7856249999998,6.681463465953772,250.0,26.425559388459273,1028.01,90,5,()
yj_m,,False,1789432118989,8.983275580926268,3.874778444551184,0.07452110831343829,179030644.47363913,1485155.6014347593,19929327.878326025,8594576.281475492,0.98,3.88119393721e-08,0.0022774248816378995,10416,651.0,649.850625,630.5881249999995,5.231068059858808,250.0,26.425559388459273,1028.01,91,5,()
yj_m,,False,1789432119093,9.054754226717922,3.905504112953849,0.06941822562975816,180455165.84191972,1383458.5793070653,19929327.878326025,8594576.281475492,0.98,3.88119393721e-08,0.0022774248816378995,10066,629.125,627.975625,635.6056249999996,4.872867179277001,250.0,26.425559388459273,1028.01,91,5,()
yj_m,,False,1789432119197,9.060986794238369,3.907932298844446,0.05284827890520598,180579376.72355855,1053230.6781070703,19929327.878326025,8594576.281475492,0.98,3.88119393721e-08,0.0022774248816378995,10238,639.875,638.725625,636.0431249999996,3.709726680885669,250.0,26.425559388459273,1028.01,91,5,()
yj_m,,False,1789432119302,9.106609188488049,3.927432928500411,0.03793471001983363,181488600.37715468,756013.2739544844,19929327.878326025,8594576.281475492,0.98,3.88119393721e-08,0.0022774248816378995,10303,643.9375,642.788125,639.2456249999996,2.6628569332344916,250.0,26.425559388459273,1028.01,91,5,()
yj_m,,False,1789432119407,9.08381579869898,3.9175651423968736,0.03372110864388766,181034343.43858984,672039.0305846941,19929327.878326025,8594576.281475492,0.98,3.88119393721e-08,0.0022774248816378995,10496,656.0,654.850625,637.6456249999995,2.367079856463444,250.0,26.425559388459273,1028.01,91,5,()
yj_m,,False,1789432119512,8.931242545798414,3.8520787876592553,0.059295866030651526,177993661.05607173,1181726.7559541485,19929327.878326025,8594576.281475492,0.98,3.88119393721e-08,0.0022774248816378995,9500,593.75,592.600625,626.9356249999997,4.162320151895453,250.0,26.425559388459273,1028.01,91,5,()
yj_m,,False,1789432119616,8.962512227415289,3.865616132592248,0.0627053305554347,178616844.7936653,1249675.0923580735,19929327.878326025,8594576.281475492,0.98,3.88119393721e-08,0.0022774248816378995,10704,669.0,667.850625,629.1306249999997,4.401650207237623,250.0,26.425559388459273,1028.01,91,5,()
yj_m,,False,1789432119721,8.92939058287805,3.8516388536716026,0.07923723159404823,177956752.67981333,1579144.7686086416,19929327.878326025,8594576.281475492,0.98,3.88119393721e-08,0.0022774248816378995,9124,570.25,569.100625,626.8056249999997,5.562120058653443,250.0,26.425559388459273,1028.01,91,6,()
yj_m,,False,1789432119826,8.73689328317507,3.769202198133714,0.10248170797756263,174120410.8783402,2042391.5598157058,19929327.878326025,8594576.281475492,0.98,3.88119393721e-08,0.0022774248816378995,9048,565.5,564.350625,613.2931249999997,7.193784438449277,250.0,26.425559388459273,1028.01,91,6,()
yj_m,,False,1789432119930,8.51725760375448,3.674679634648037,0.10806634434910833,169743219.40938836,2153689.6091454667,19929327.878326025,8594576.281475492,0.98,3.88119393721e-08,0.0022774248816378995,9037,564.8125,563.663125,597.8756249999997,7.585802399672364,250.0,26.425559388459273,1028.01,91,6,()
yj_m,,False,1789432120035,8.474377539213796,3.65606775062035,0.10365316086757848,168888648.54371333,2065737.828554843,19929327.878326025,8594576.281475492,0.98,3.88119393721e-08,0.0022774248816378995,9184,574.0,572.850625,594.8656249999997,7.27601549935643,250.0,26.425559388459273,1028.01,92,6,()
yj_m,,False,1789432120140,8.289644237907714,3.5755355291828557,0.06572594999688941,165207038.01193884,1309874.00760247,19929327.878326025,8594576.281475492,0.98,3.88119393721e-08,0.0022774248816378995,9764,610.25,609.100625,581.8981249999997,4.613684974819478,250.0,26.425559388459273,1028.01,92,6,()
yj_m,,False,1789432120245,8.392535024002427,3.6201536199676405,0.07845855661766549,167257582.22367907,1563626.2996936599,19929327.878326025,8594576.281475492,0.98,3.88119393721e-08,0.0022774248816378995,10223,638.9375,637.788125,589.1206249999997,5.5074603536362385,250.0,26.425559388459273,1028.01,92,6,()
yj_m,,False,1789432120349,8.661924399571967,3.7370073917247435,0.10689621493707217,172626331.4163419,2130369.7164329235,19929327.878326025,8594576.281475492,0.98,3.88119393721e-08,0.0022774248816378995,10896,681.0,679.850625,608.0306249999998,7.503664241347357,250.0,26.425559388459273,1028.01,92,6,()
yj_m,,False,1789432120454,8.83038179598179,3.8094009380045075,0.09855217060972782,175983574.10292244,1964078.5212019922,19929327.878326025,8594576.281475492,0.98,3.88119393721e-08,0.0022774248816378995,9233,577.0625,575.913125,619.8556249999997,6.917947459100496,250.0,26.425559388459273,1028.01,92,6,()
yj_m,,False,1789432120558,8.952433275367936,3.862097835942431,0.10161021860803354,178415978.05364364,2025023.3624278859,19929327.878326025,8594576.281475492,0.98,3.88119393721e-08,0.0022774248816378995,10803,675.1875,674.038125,628.4231249999996,7.13260955379411,250.0,26.425559388459273,1028.01,92,6,()
yj_m,,False,1789432120663,9.119038708857397,3.933682177009411,0.09183779284159364,181736312.36396578,1830265.4851619008,19929327.878326025,8594576.281475492,0.98,3.88119393721e-08,0.0022774248816378995,10492,655.75,654.600625,640.1181249999995,6.446626408197933,250.0,26.425559388459273,1028.01,92,6,()
yj_m,,False,1789432120768,9.20031138932404,3.968843954699628,0.09697436144873237,183356022.26053593,1932633.845103085,19929327.878326025,8594576.281475492,0.98,3.88119393721e-08,0.0022774248816378995,10695,668.4375,667.288125,645.8231249999995,6.80719189878433,250.0,26.425559388459273,1028.01,92,7,()
yj_m,,False,1789432120872,9.073594387965446,3.9141350534820174,0.09375667806998961,180830637.59270224,1868507.5780394787,19929327.878326025,8594576.281475492,0.98,3.88119393721e-08,0.0022774248816378995,10163,635.1875,634.038125,636.9281249999997,6.581324072470144,250.0,26.425559388459273,1028.01,92,7,()
yj_m,,False,1789432120977,9.251240369633988,3.9900576983007054,0.058943091044098415,184371002.6076417,1174696.1875798595,19929327.878326025,8594576.281475492,0.98,3.88119393721e-08,0.0022774248816378995,10352,647.0,645.850625,649.3981249999996,4.137556833068882,250.0,26.425559388459273,1028.01,92,7,()
yj_m,,False,1789432121082,9.194791115234503,3.965612877397295,0.051503364560275634,183246006.9082273,1026427.4391586893,19929327.878326025,8594576.281475492,0.98,3.88119393721e-08,0.0022774248816378995,9784,611.5,610.350625,645.4356249999996,3.615319356139233,250.0,26.425559388459273,1028.01,93,7,()
yj_m,,False,1789432121187,9.141440337259466,3.942686664666909,0.05726686189427422,182182761.76139903,1141290.0672538045,19929327.878326025,8594576.281475492,0.98,3.88119393721e-08,0.0022774248816378995,10535,658.4375,657.288125,641.6906249999996,4.0198926038981435,250.0,26.425559388459273,1028.01,93,7,()
yj_m,,False,1789432121291,9.075766882929718,3.9142322607392894,0.047098341293896694,180873933.95715916,938638.2861713683,19929327.878326025,8594576.281475492,0.98,3.88119393721e-08,0.0022774248816378995,10132,633.25,632.100625,637.0806249999996,3.306105268571314,250.0,26.425559388459273,1028.01,93,7,()
yj_m,,False,1789432121395,9.013868583783779,3.88767582012174,0.05719429116329572,179640342.45836914,1139843.7813617624,19929327.878326025,8594576.281475492,0.98,3.88119393721e-08,0.0022774248816378995,9493,593.3125,592.163125,632.7356249999997,4.0147984441158435,250.0,26.425559388459273,1028.01,93,7,()
yj_m,,False,1789432121500,8.841956564234051,3.813718200246506,0.06768275305627866,176214251.45453736,1348871.7773663504,19929327.878326025,8594576.281475492,0.98,3.88119393721e-08,0.0022774248816378995,9396,587.25,586.100625,620.6681249999997,4.7510443111883305,250.0,26.425559388459273,1028.01,93,7,()
yj_m,,False,1789432121605,8.728630679376533,3.7649849965889266,0.0746194233701238,173955742.73811048,1487114.9544348202,19929327.878326025,8594576.281475492,0.98,3.88119393721e-08,0.0022774248816378995,9362,585.125,583.975625,612.7131249999998,5.237969362918706,250.0,26.425559388459273,1028.01,93,7,()
yj_m,,False,1789432121710,8.540620828288272,3.6836618031998074,0.06045314800044188,170208832.7714173,1204790.607777774,19929327.878326025,8594576.281475492,0.98,3.88119393721e-08,0.0022774248816378995,9267,579.1875,578.038125,599.5156249999997,4.243556473864229,250.0,26.425559388459273,1028.01,93,8,()
yj_m,,False,1789432121814,8.48563177542215,3.6597767033214206,0.04878469482061433,169112937.9071297,972246.1785240974,19929327.878326025,8594576.281475492,0.98,3.88119393721e-08,0.0022774248816378995,10289,643.0625,641.913125,595.6556249999998,3.4244801863750074,250.0,26.425559388459273,1028.01,93,8,()
yj_m,,False,1789432121919,8.616337619993834,3.7165491030182958,0.07367480940759992,171717817.5392123,1468289.4330572365,19929327.878326025,8594576.281475492,0.98,3.88119393721e-08,0.0022774248816378995,10233,639.5625,638.413125,604.8306249999997,5.171661439699529,250.0,26.425559388459273,1028.01,93,8,()
yj_m,,False,1789432122023,8.801533912030003,3.7966739809102004,0.08664458278009413,175408655.1650513,1726768.299105255,19929327.878326025,8594576.281475492,0.98,3.88119393721e-08,0.0022774248816378995,10672,667.0,665.850625,617.8306249999996,6.08208492598344,250.0,26.425559388459273,1028.01,94,8,()
yj_m,,False,1789432122128,9.006567576116971,3.8849396931485254,0.0804554005712153,179494838.28273505,1603422.0575658067,19929327.878326025,8594576.281475492,0.98,3.88119393721e-08,0.0022774248816378995,10535,658.4375,657.288125,632.2231249999995,5.647630392197687,250.0,26.425559388459273,1028.01,94,8,()
yj_m,,False,1789432122233,9.228019603786377,3.979816967321294,0.04075490563381409,183908228.3514788,812217.8770265174,19929327.878326025,8594576.281475492,0.98,3.88119393721e-08,0.0022774248816378995,10708,669.25,668.100625,647.7681249999996,2.8608227919385363,250.0,26.425559388459273,1028.01,94,8,()
yj_m,,False,1789432122337,9.352172348793701,4.033250774015328,0.02858259514265659,186382509.11372396,569631.9102114505,19929327.878326025,8594576.281475492,0.98,3.88119393721e-08,0.0022774248816378995,10770,673.125,671.975625,656.4831249999995,2.0063778425000116,250.0,26.425559388459273,1028.01,94,8,()
yj_m,,False,1789432122442,9.394375734575021,4.051589105838593,0.044033360115860745,187223594.22653538,877555.2713333919,19929327.878326025,8594576.281475492,0.98,3.88119393721e-08,0.0022774248816378995,9585,599.0625,597.913125,659.4456249999996,3.0909564938502454,250.0,26.425559388459273,1028.01,94,8,()
yj_m,,False,1789432122547,9.164376185734717,3.9535717783592266,0.1055754494892269,182639857.8058299,2104047.7487724517,19929327.878326025,8594576.281475492,0.98,3.88119393721e-08,0.0022774248816378995,9328,583.0,581.850625,643.3006249999997,7.410952067506239,250.0,26.425559388459273,1028.01,94,8,()
yj_m,,False,1789432122651,9.094037209432516,3.9232808045150316,0.10675789741457493,181238049.28447756,2127613.1411757567,19929327.878326025,8594576.281475492,0.98,3.88119393721e-08,0.0022774248816378995,10352,647.0,645.850625,638.3631249999997,7.493954933603151,250.0,26.425559388459273,1028.01,94,8,()
yj_m,,False,1789432122756,9.047097072335655,3.902959695634883,0.10358178032275468,180302563.90162063,2064315.2622729158,19929327.878326025,8594576.281475492,0.98,3.88119393721e-08,0.0022774248816378995,10872,679.5,678.350625,635.0681249999997,7.2710048856313545,250.0,26.425559388459273,1028.01,94,9,()
yj_m,,False,1789432122861,8.974229454353733,3.8713432209895573,0.09568299887749954,178850361.25114626,1906897.8570111897,19929327.878326025,8594576.281475492,0.98,3.88119393721e-08,0.0022774248816378995,10516,657.25,656.100625,629.9531249999997,6.716543683091401,250.0,26.425559388459273,1028.01,94,9,()
yj_m,,False,1789432122966,9.057389712412284,3.9070748087150724,0.09062286420842194,180507689.30044132,1806052.7740826553,19929327.878326025,8594576.281475492,0.98,3.88119393721e-08,0.0022774248816378995,10324,645.25,644.100625,635.7906249999997,6.361343533159877,250.0,26.425559388459273,1028.01,94,9,()
yj_m,,False,1789432123070,9.301278983155301,4.011497021418875,0.04868400084279218,185368238.5430847,970239.4152247068,19929327.878326025,8594576.281475492,0.98,3.88119393721e-08,0.0022774248816378995,10863,678.9375,677.788125,652.9106249999995,3.4174118930668866,250.0,26.425559388459273,1028.01,95,9,()
yj_m,,False,1789432123174,9.403136943775195,4.0554271608181205,0.04924881268193627,187398199.23729622,981495.7355565688,19929327.878326025,8594576.281475492,0.98,3.88119393721e-08,0.0022774248816378995,10599,662.4375,661.288125,660.0606249999996,3.4570593062420842,250.0,26.425559388459273,1028.01,95,9,()
yj_m,,False,1789432123279,9.378064215007223,4.044609093356231,0.048738202245276904,186898516.6048749,971319.6127462888,19929327.878326025,8594576.281475492,0.98,3.88119393721e-08,0.0022774248816378995,10664,666.5,665.350625,658.3006249999995,3.4212166033262204,250.0,26.425559388459273,1028.01,95,9,()
yj_m,,False,1789432123384,9.4532467866396,4.0769443710021696,0.041008859118074587,188396854.72567227,817278.999280186,19929327.878326025,8594576.281475492,0.98,3.88119393721e-08,0.0022774248816378995,10506,656.625,655.475625,663.5781249999995,2.8786492573557827,250.0,26.425559388459273,1028.01,95,9,()
yj_m,,False,1789432123489,9.380129865956857,4.045538046842091,0.05181211262349667,186939683.63993236,1032580.5805424206,19929327.878326025,8594576.281475492,0.98,3.88119393721e-08,0.0022774248816378995,9951,621.9375,620.788125,658.4456249999996,3.6369921703070798,250.0,26.425559388459273,1028.01,95,9,()
yj_m,,False,1789432123593,9.162524222814353,3.952239422148823,0.08321706447688608,182602949.42957145,1658460.1630316596,19929327.878326025,8594576.281475492,0.98,3.88119393721e-08,0.0022774248816378995,9405,587.8125,586.663125,643.1706249999995,5.841487571404651,250.0,26.425559388459273,1028.01,95,9,()
yj_m,,False,1789432123697,8.903142569949079,3.840680900243668,0.09506484979043613,177433647.42399722,1894578.561177409,19929327.878326025,8594576.281475492,0.98,3.88119393721e-08,0.0022774248816378995,9420,588.75,587.600625,624.9631249999995,6.673152219669126,250.0,26.425559388459273,1028.01,95,10,()
yj_m,,False,1789432123803,8.84872335182768,3.8170476771679454,0.08788659801392845,176349108.98317376,1751520.8279302204,19929327.878326025,8594576.281475492,0.98,3.88119393721e-08,0.0022774248816378995,10408,650.5,649.350625,621.1431249999996,6.169269166349852,250.0,26.425559388459273,1028.01,95,10,()
yj_m,,False,1789432123907,8.801070921299912,3.7962073378653467,0.07402578702821587,175399428.07098672,1475284.1811364482,19929327.878326025,8594576.281475492,0.98,3.88119393721e-08,0.0022774248816378995,10372,648.25,647.100625,617.7981249999996,5.196298591004466,250.0,26.425559388459273,1028.01,95,10,()
yj_m,,False,1789432124012,8.777209091364485,3.7859258347463074,0.07438360497509987,174923877.8384267,1482415.2523206454,19929327.878326025,8594576.281475492,0.98,3.88119393721e-08,0.0022774248816378995,9761,610.0625,608.913125,616.1231249999997,5.221415904414721,250.0,26.425559388459273,1028.01,96,10,()
yj_m,,False,1789432124116,8.927965996016235,3.8507296831896682,0.06330051900331161,177928361.621153,1261536.7980852032,19929327.878326025,8594576.281475492,0.98,3.88119393721e-08,0.0022774248816378995,10178,636.125,634.975625,626.7056249999996,4.443429930456313,250.0,26.425559388459273,1028.01,96,10,()
yj_m,,False,1789432124221,9.042217862333935,3.899680464083524,0.03946275460327611,180205324.5257091,786466.1754706072,19929327.878326025,8594576.281475492,0.98,3.88119393721e-08,0.0022774248816378995,10222,638.875,637.725625,634.7256249999996,2.77011922972189,250.0,26.425559388459273,1028.01,96,10,()
yj_m,,False,1789432124326,9.028292525759678,3.8936633060410597,0.038247495124536096,179927801.92730466,762246.8708615571,19929327.878326025,8594576.281475492,0.98,3.88119393721e-08,0.0022774248816378995,10041,627.5625,626.413125,633.7481249999996,2.6848131307178535,250.0,26.425559388459273,1028.01,96,10,()
yj_m,,False,1789432124431,9.000833613998157,3.881803866955353,0.036344627087357716,179380564.2716274,724323.9898394406,19929327.878326025,8594576.281475492,0.98,3.88119393721e-08,0.0022774248816378995,10408,650.5,649.350625,631.8206249999997,2.5512398058346064,250.0,26.425559388459273,1028.01,96,10,()
yj_m,,False,1789432124535,9.175487963256884,3.957221865556351,0.046053297588752214,182861308.0633802,917811.2675243656,19929327.878326025,8594576.281475492,0.98,3.88119393721e-08,0.0022774248816378995,10744,671.5,670.350625,644.0806249999996,3.2327476002427096,250.0,26.425559388459273,1028.01,96,10,()
yj_m,,False,1789432124640,9.243903747295633,3.986753867387508,0.048539438596887446,184224788.65554115,967358.3868272431,19929327.878326025,8594576.281475492,0.98,3.88119393721e-08,0.0022774248816378995,10252,640.75,639.600625,648.8831249999996,3.407264232030589,250.0,26.425559388459273,1028.01,96,10,()
yj_m,,False,1789432124744,9.202946875018403,3.9692137587720637,0.057613310783391505,183408545.7190575,1148194.560758106,19929327.878326025,8594576.281475492,0.98,3.88119393721e-08,0.0022774248816378995,9870,616.875,615.725625,646.0081249999996,4.044211857318432,250.0,26.425559388459273,1028.01,96,11,()
yj_m,,False,1789432124849,9.191906326839321,3.9644851536859025,0.0597852738791725,183188515.01444015,1191480.3254335532,19929327.878326025,8594576.281475492,0.98,3.88119393721e-08,0.0022774248816378995,10448,653.0,651.850625,645.2331249999995,4.1966745223897215,250.0,26.425559388459273,1028.01,96,11,()
yj_m,,False,1789432124953,9.202946875018405,3.969283108276245,0.06220791268881198,183408545.7190575,1239761.8886016079,19929327.878326025,8594576.281475492,0.98,3.88119393721e-08,0.0022774248816378995,9978,623.625,622.475625,646.0081249999996,4.36673356719585,250.0,26.425559388459273,1028.01,96,11,()
yj_m,,False,1789432125057,9.00866884173815,3.885439309438661,0.057576788155348384,179536715.094259,1147466.6893288575,19929327.878326025,8594576.281475492,0.98,3.88119393721e-08,0.0022774248816378995,9847,615.4375,614.288125,632.3706249999996,4.041648122594914,250.0,26.425559388459273,1028.01,97,11,()
yj_m,,False,1789432125163,8.961906777999019,3.8651558003394078,0.04890336243144308,178604778.59373462,974611.1442488405,19929327.878326025,8594576.281475492,0.98,3.88119393721e-08,0.0022774248816378995,9975,623.4375,622.288125,629.0881249999995,3.432810153048811,250.0,26.425559388459273,1028.01,97,11,()
yj_m,,False,1789432125267,8.979678499100181,3.8727958422508535,0.04700975090236105,178958957.05052188,936872.7392115871,19929327.878326025,8594576.281475492,0.98,3.88119393721e-08,0.0022774248816378995,10032,627.0,625.850625,630.3356249999996,3.2998865960628105,250.0,26.425559388459273,1028.01,97,11,()
yj_m,,False,1789432125372,8.971202207272372,3.8690948535468825,0.04307247045512433,178790030.2514931,858405.3862296842,19929327.878326025,8594576.281475492,0.98,3.88119393721e-08,0.0022774248816378995,10037,627.3125,626.163125,629.7406249999996,3.0235060851394033,250.0,26.425559388459273,1028.01,97,11,()
yj_m,,False,1789432125476,8.865711550154845,3.8236136110649976,0.04386715995091176,176687672.35769787,874243.013752693,19929327.878326025,8594576.281475492,0.98,3.88119393721e-08,0.0022774248816378995,9536,596.0,594.850625,622.3356249999997,3.0792899419955573,250.0,26.425559388459273,1028.01,97,11,()
yj_m,,False,1789432125581,8.912900989952524,3.844019636394599,0.04858896270042415,177628126.17582035,968345.3689245067,19929327.878326025,8594576.281475492,0.98,3.88119393721e-08,0.0022774248816378995,10244,640.25,639.100625,625.6481249999997,3.4107406155958264,250.0,26.425559388459273,1028.01,97,11,()
yj_m,,False,1789432125686,8.947732138723943,3.8590940324837604,0.05274491165985059,178322287.5600647,1051170.6383825047,19929327.878326025,8594576.281475492,0.98,3.88119393721e-08,0.0022774248816378995,10572,660.75,659.600625,628.0931249999998,3.7024707354515307,250.0,26.425559388459273,1028.01,97,12,()
yj_m,,False,1789432125790,9.081928221107075,3.9172952919212056,0.07348434555492248,180996725.285865,1464493.6164882607,19929327.878326025,8594576.281475492,0.98,3.88119393721e-08,0.0022774248816378995,10826,676.625,675.475625,637.5131249999997,5.158291679119648,250.0,26.425559388459273,1028.01,97,12,()
yj_m,,False,1789432125895,9.117899039367945,3.9330709709857907,0.08655272130479032,181713599.51703757,1724937.5616445383,19929327.878326025,8594576.281475492,0.98,3.88119393721e-08,0.0022774248816378995,9403,587.6875,586.538125,640.0381249999997,6.0756366371661,250.0,26.425559388459273,1028.01,97,12,()
yj_m,,False,1789432126000,9.213346359109668,3.9738777324595165,0.06889845474903432,183615800.44727767,1373099.8950035158,19929327.878326025,8594576.281475492,0.98,3.88119393721e-08,0.0022774248816378995,10133,633.3125,632.163125,646.7381249999995,4.836381451754503,250.0,26.425559388459273,1028.01,98,12,()
yj_m,,False,1789432126105,9.090404512934885,3.9213423947088715,0.09206872951201937,181165652.08489373,1834867.8977859474,19929327.878326025,8594576.281475492,0.98,3.88119393721e-08,0.0022774248816378995,9390,586.875,585.725625,638.1081249999995,6.462837190187836,250.0,26.425559388459273,1028.01,98,12,()
yj_m,,False,1789432126209,8.993995597061438,3.8799048978844155,0.09729436171309506,179244287.1900579,1939011.235292721,19929327.878326025,8594576.281475492,0.98,3.88119393721e-08,0.0022774248816378995,10655,665.9375,664.788125,631.3406249999996,6.829654570099062,250.0,26.425559388459273,1028.01,98,12,()
yj_m,,False,1789432126314,8.989935524505263,3.8781304100915115,0.0963280860711941,179163372.67287603,1919754.0112044387,19929327.878326025,8594576.281475492,0.98,3.88119393721e-08,0.0022774248816378995,10760,672.5,671.350625,631.0556249999995,6.761826088186163,250.0,26.425559388459273,1028.01,98,12,()
yj_m,,False,1789432126419,9.141226649230195,3.9434448348485525,0.09992548785079147,182178503.10259995,1991447.810780108,19929327.878326025,8594576.281475492,0.98,3.88119393721e-08,0.0022774248816378995,10872,679.5,678.350625,641.6756249999995,7.0143485475755325,250.0,26.425559388459273,1028.01,98,12,()
yj_m,,False,1789432126523,9.198103279688228,3.967949314808331,0.09929239826632502,183312016.11961246,1978830.760874921,19929327.878326025,8594576.281475492,0.98,3.88119393721e-08,0.0022774248816378995,10328,645.5,644.350625,645.6681249999996,6.969908324137054,250.0,26.425559388459273,1028.01,98,12,()
yj_m,,False,1789432126628,9.397402981656384,4.053096591785983,0.059806265555088986,187283925.2261885,1191898.6754256033,19929327.878326025,8594576.281475492,0.98,3.88119393721e-08,0.0022774248816378995,10630,664.375,663.225625,659.6581249999996,4.198148049661302,250.0,26.425559388459273,1028.01,98,12,()
yj_m,,False,1789432126732,9.291947939210402,4.008085583418732,0.08531168728379547,185182277.10885975,1700204.5877319751,19929327.878326025,8594576.281475492,0.98,3.88119393721e-08,0.0022774248816378995,9526,595.375,594.225625,652.2556249999996,5.988521273810004,250.0,26.425559388459273,1028.01,98,13,()
yj_m,,False,1789432126837,9.122386487982668,3.9349432388899883,0.08366359108328282,181803031.3518175,1667359.1381769376,19929327.878326025,8594576.281475492,0.98,3.88119393721e-08,0.0022774248816378995,10097,631.0625,629.913125,640.3531249999995,5.872831859237501,250.0,26.425559388459273,1028.01,98,13,()
yj_m,,False,1789432126942,9.016610913492778,3.8890193019663934,0.06725483709801226,179694995.24629018,1340343.699929692,19929327.878326025,8594576.281475492,0.98,3.88119393721e-08,0.0022774248816378995,10429,651.8125,650.663125,632.9281249999996,4.721006412500941,250.0,26.425559388459273,1028.01,98,13,()
yj_m,,False,1789432127047,9.0051786039267,3.8840735465668845,0.06630801189368794,179467157.00054127,1321474.109989248,19929327.878326025,8594576.281475492,0.98,3.88119393721e-08,0.0022774248816378995,10268,641.75,640.600625,632.1256249999996,4.6545432694169895,250.0,26.425559388459273,1028.01,99,13,()
yj_m,,False,1789432127151,8.958594613545293,3.8638245255198544,0.05604497361746694,178538769.38234943,1116938.6551546312,19929327.878326025,8594576.281475492,0.98,3.88119393721e-08,0.0022774248816378995,10338,646.125,644.975625,628.8556249999996,3.934121191177898,250.0,26.425559388459273,1028.01,99,13,()
yj_m,,False,1789432127255,9.07163558103045,3.9122503202149366,0.02549340499328549,180791599.88704428,508066.4268461402,19929327.878326025,8594576.281475492,0.98,3.88119393721e-08,0.0022774248816378995,10118,632.375,631.225625,636.7906249999995,1.7895296999141983,250.0,26.425559388459273,1028.01,99,13,()
yj_m,,False,1789432127360,9.149738555729547,3.9459327510465116,0.025651076170296515,182348139.67809528,511208.70742975484,19929327.878326025,8594576.281475492,0.98,3.88119393721e-08,0.0022774248816378995,10451,653.1875,652.038125,642.2731249999996,1.8005975527238174,250.0,26.425559388459273,1028.01,99,13,()
yj_m,,False,1789432127465,9.138128172805743,3.9409209421396185,0.02488593433855757,182116752.5500138,495959.94499160646,19929327.878326025,8594576.281475492,0.98,3.88119393721e-08,0.0022774248816378995,10141,633.8125,632.663125,641.4581249999995,1.7468878174842828,250.0,26.425559388459273,1028.01,99,13,()
yj_m,,False,1789432127569,9.0930043839577,3.9215113300709588,0.03177301095147303,181217465.7669488,633214.7529335486,19929327.878326025,8594576.281475492,0.98,3.88119393721e-08,0.0022774248816378995,10229,639.3125,638.163125,638.2906249999995,2.230331600205449,250.0,26.425559388459273,1028.01,99,13,()
yj_m,,False,1789432127674,9.135457072439836,3.93986711324435,0.037310116338496714,182063519.31502575,743565.5416883894,19929327.878326025,8594576.281475492,0.98,3.88119393721e-08,0.0022774248816378995,10502,656.375,655.225625,641.2706249999995,2.6190130864268317,250.0,26.425559388459273,1028.01,99,14,()
yj_m,,False,1789432127779,9.145536024487189,3.944209126916804,0.036845587814092036,182264386.05504736,734307.8004166943,19929327.878326025,8594576.281475492,0.98,3.88119393721e-08,0.0022774248816378995,10075,629.6875,628.538125,641.9781249999995,2.586405139740292,250.0,26.425559388459273,1028.01,99,14,()
yj_m,,False,1789432127883,9.111061022431226,3.9293292649502813,0.035423712416407696,181577322.4354681,705970.779414116,19929327.878326025,8594576.281475492,0.98,3.88119393721e-08,0.0022774248816378995,10537,658.5625,657.413125,639.5581249999996,2.4865954731067537,250.0,26.425559388459273,1028.01,99,14,()
yj_m,,False,1789432127988,9.12502197367703,3.935359779777559,0.03652436395023415,181855554.81033906,727906.024711527,19929327.878326025,8594576.281475492,0.98,3.88119393721e-08,0.0022774248816378995,10149,634.3125,633.163125,640.5381249999996,2.563856576892514,250.0,26.425559388459273,1028.01,100,14,()
yj_m,,False,1789432128092,9.178372751652065,3.9583227338313782,0.03143013484230471,182918799.9571673,626381.4625322899,19929327.878326025,8594576.281475492,0.98,3.88119393721e-08,0.0022774248816378995,10462,653.875,652.725625,644.2831249999996,2.206263140895709,250.0,26.425559388459273,1028.01,100,14,()
yj_m,,False,1789432128197,9.117507277980947,3.932059007921975,0.02933892128638416,181705791.97590595,584704.9819127473,19929327.878326025,8594576.281475492,0.98,3.88119393721e-08,0.0022774248816378995,10281,642.5625,641.413125,640.0106249999995,2.059468753556363,250.0,26.425559388459273,1028.01,100,14,()
yj_m,,False,1789432128302,9.1621680760989,3.951298115649107,0.026441986370044294,182595851.66490638,526971.0161228388,19929327.878326025,8594576.281475492,0.98,3.88119393721e-08,0.0022774248816378995,10266,641.625,640.475625,643.1456249999995,1.8561161189093207,250.0,26.425559388459273,1028.01,100,14,()
yj_m,,False,1789432128407,9.165124093837171,3.9525565467596486,0.02387635437407249,182654763.1116265,475839.6948599934,19929327.878326025,8594576.281475492,0.98,3.88119393721e-08,0.0022774248816378995,10435,652.1875,651.038125,643.3531249999995,1.676019554442907,250.0,26.425559388459273,1028.01,100,14,()
yj_m,,False,1789432128511,9.168186955590077,3.9538980818085294,0.027087010627469037,182715803.88774616,539825.916038531,19929327.878326025,8594576.281475492,0.98,3.88119393721e-08,0.0022774248816378995,9938,621.125,619.975625,643.5681249999996,1.9013941061429112,250.0,26.425559388459273,1028.01,100,14,()
yj_m,,False,1789432128615,9.138519934192745,3.9412215850623835,0.040711122280879905,182124560.0911454,811345.3042302773,19929327.878326025,8594576.281475492,0.98,3.88119393721e-08,0.0022774248816378995,10688,668.0,666.850625,641.4856249999996,2.8577493848962683,250.0,26.425559388459273,1028.01,100,14,()
yj_m,,False,1789432128721,9.220789825462655,3.976760904248867,0.04638072090078465,183764143.72877774,924336.5940648626,19929327.878326025,8594576.281475492,0.98,3.88119393721e-08,0.0022774248816378995,10662,666.375,665.225625,647.2606249999995,3.2557313382518225,250.0,26.425559388459273,1028.01,100,15,()
yj_m,,False,1789432128825,9.226808704953834,3.9793859164578107,0.04884872733718937,183884095.9516175,973522.303541795,19929327.878326025,8594576.281475492,0.98,3.88119393721e-08,0.0022774248816378995,10187,636.6875,635.538125,647.6831249999996,3.4289749994531893,250.0,26.425559388459273,1028.01,100,15,()
yj_m,,False,1789432128930,9.229978410721376,3.980769853488639,0.050222575931153104,183947266.05713668,1000902.1826260762,19929327.878326025,8594576.281475492,0.98,3.88119393721e-08,0.0022774248816378995,10597,662.3125,661.163125,647.9056249999995,3.5254133866647472,250.0,26.425559388459273,1028.01,100,15,()
yj_m,,False,1789432129034,9.273250236649057,3.999338668691318,0.042379662318331734,184809644.4639433,844598.1857147726,19929327.878326025,8594576.281475492,0.98,3.88119393721e-08,0.0022774248816378995,10087,630.4375,629.288125,650.9431249999996,2.9748738707506583,250.0,26.425559388459273,1028.01,101,15,()
yj_m,,False,1789432129139,9.142081401347285,3.9429972986989004,0.05957527733735519,182195537.73779616,1187295.235498356,19929327.878326025,8594576.281475492,0.98,3.88119393721e-08,0.0022774248816378995,9707,606.6875,605.538125,641.7356249999996,4.181933649267405,250.0,26.425559388459273,1028.01,101,15,()
yj_m,,False,1789432129244,8.985661763919811,3.8755645642478673,0.06059574378547225,179078199.49689513,1207632.4459317115,19929327.878326025,8594576.281475492,0.98,3.88119393721e-08,0.0022774248816378995,10092,630.75,629.600625,630.7556249999996,4.253566097626202,250.0,26.425559388459273,1028.01,101,15,()
yj_m,,False,1789432129348,9.032103295615036,3.8957089060385206,0.06780116329448674,180003748.00922093,1351231.6138277487,19929327.878326025,8594576.281475492,0.98,3.88119393721e-08,0.0022774248816378995,10611,663.1875,662.038125,634.0156249999995,4.7593562113877335,250.0,26.425559388459273,1028.01,101,15,()
yj_m,,False,1789432129453,9.010022199256877,3.886117824404873,0.06366296672181405,179563686.59998628,1268760.1375059884,19929327.878326025,8594576.281475492,0.98,3.88119393721e-08,0.0022774248816378995,10347,646.6875,645.538125,632.4656249999996,4.468872234342239,250.0,26.425559388459273,1028.01,101,15,()
yj_m,,False,1789432129557,9.102869647975782,3.9261936855233275,0.0661115592769061,181414073.84817135,1317558.9413768456,19929327.878326025,8594576.281475492,0.98,3.88119393721e-08,0.0022774248816378995,10677,667.3125,666.163125,638.9831249999995,4.640753122810456,250.0,26.425559388459273,1028.01,101,15,()
yj_m,,False,1789432129662,9.173315468292618,3.9564806879284813,0.060572801053099354,182818011.69892323,1207175.2126958256,19929327.878326025,8594576.281475492,0.98,3.88119393721e-08,0.0022774248816378995,9492,593.25,592.100625,643.9281249999996,4.2519556144055635,250.0,26.425559388459273,1028.01,101,15,()
yj_m,,False,1789432129767,9.058600611244827,3.907638877693315,0.09241639918102075,180531821.70030254,1841796.7206128205,19929327.878326025,8594576.281475492,0.98,3.88119393721e-08,0.0022774248816378995,9249,578.0625,576.913125,635.8756249999996,6.487242137216323,250.0,26.425559388459273,1028.01,101,16,()
yj_m,,False,1789432129871,8.834263795180242,3.8111417537383323,0.10111947853458406,176060939.73777172,2015243.2426010761,19929327.878326025,8594576.281475492,0.98,3.88119393721e-08,0.0022774248816378995,9326,582.875,581.725625,620.1281249999996,7.098161666718713,250.0,26.425559388459273,1028.01,101,16,()
yj_m,,False,1789432129976,8.764993259024406,3.78120945917884,0.09847521372958387,174680424.51041463,1962544.8223051082,19929327.878326025,8594576.281475492,0.98,3.88119393721e-08,0.0022774248816378995,10166,635.375,634.225625,615.2656249999997,6.91254541011305,250.0,26.425559388459273,1028.01,101,16,()
yj_m,,False,1789432130081,8.623246866273643,3.7195293611110856,0.07373597680931761,171855514.17371473,1469508.458261534,19929327.878326025,8594576.281475492,0.98,3.88119393721e-08,0.0022774248816378995,9558,597.375,596.225625,605.3156249999997,5.175955133777243,250.0,26.425559388459273,1028.01,102,16,()
yj_m,,False,1789432130186,8.637314661534086,3.7255110324358753,0.0693667776651519,172135875.87798518,1382433.2559517524,19929327.878326025,8594576.281475492,0.98,3.88119393721e-08,0.0022774248816378995,10226,639.125,637.975625,606.3031249999997,4.869255748764385,250.0,26.425559388459273,1028.01,102,16,()
yj_m,,False,1789432130290,8.770442303770853,3.7827501965067967,0.05984066358391678,174789020.30979028,1192584.2050204817,19929327.878326025,8594576.281475492,0.98,3.88119393721e-08,0.0022774248816378995,9878,617.375,616.225625,615.6481249999997,4.200562646464757,250.0,26.425559388459273,1028.01,102,16,()
yj_m,,False,1789432130394,8.90082761629863,3.8387225171349635,0.04078356832381569,177387511.9536743,812789.1051734341,19929327.878326025,8594576.281475492,0.98,3.88119393721e-08,0.0022774248816378995,10281,642.5625,641.413125,624.8006249999997,2.8628347921029245,250.0,26.425559388459273,1028.01,102,16,()
yj_m,,False,1789432130500,8.920807447035608,3.8473137796600057,0.03839204515365683,177785696.55138496,765127.6557867227,19929327.878326025,8594576.281475492,0.98,3.88119393721e-08,0.0022774248816378995,10182,636.375,635.225625,626.2031249999995,2.694959934187334,250.0,26.425559388459273,1028.01,102,16,()
yj_m,,False,1789432130604,9.06216207839937,3.9083210309486396,0.04324403884453467,180602799.34695327,861824.6289157984,19929327.878326025,8594576.281475492,0.98,3.88119393721e-08,0.0022774248816378995,10803,675.1875,674.038125,636.1256249999996,3.0355494637503435,250.0,26.425559388459273,1028.01,102,16,()
yj_m,,False,1789432130709,9.07380807599472,3.913579472755944,0.060993303509145544,180834896.25150123,1215555.544016016,19929327.878326025,8594576.281475492,0.98,3.88119393721e-08,0.0022774248816378995,9272,579.5,578.350625,636.9431249999996,4.2814731164489395,250.0,26.425559388459273,1028.01,102,17,()
yj_m,,False,1789432130813,8.947482836023124,3.859728952914194,0.09226362468797261,178317319.1247991,1838752.0276494212,19929327.878326025,8594576.281475492,0.98,3.88119393721e-08,0.0022774248816378995,9386,586.625,585.475625,628.0756249999996,6.476518011005219,250.0,26.425559388459273,1028.01,102,17,()
yj_m,,False,1789432130917,8.748361207412696,3.774333646784847,0.10917582525962277,174348958.90055564,2175800.8179858495,19929327.878326025,8594576.281475492,0.98,3.88119393721e-08,0.0022774248816378995,9478,592.375,591.225625,614.0981249999998,7.66368328852876,250.0,26.425559388459273,1028.01,102,17,()
yj_m,,False,1789432131023,8.754202013546143,3.7769114695833874,0.11123256142081955,174465362.24106285,2216790.1873015515,19929327.878326025,8594576.281475492,0.98,3.88119393721e-08,0.0022774248816378995,10315,644.6875,643.538125,614.5081249999997,7.8080575079129,250.0,26.425559388459273,1028.01,103,17,()
yj_m,,False,1789432131127,8.676312726876317,3.742844179537192,0.09321633016064908,172913081.10881093,1857738.8073858656,19929327.878326025,8594576.281475492,0.98,3.88119393721e-08,0.0022774248816378995,10194,637.125,635.975625,609.0406249999997,6.543393924170774,250.0,26.425559388459273,1028.01,103,17,()
yj_m,,False,1789432131232,8.779132283627934,3.7871726983710388,0.09325293480721597,174962205.76761812,1858468.313389169,19929327.878326025,8594576.281475492,0.98,3.88119393721e-08,0.0022774248816378995,10391,649.4375,648.288125,616.2581249999997,6.545963416249361,250.0,26.425559388459273,1028.01,103,17,()
yj_m,,False,1789432131336,9.026654250868587,3.8934953915780324,0.07520875868070807,179895152.20984533,1498860.0110697302,19929327.878326025,8594576.281475492,0.98,3.88119393721e-08,0.0022774248816378995,10489,655.5625,654.413125,633.6331249999997,5.279338220541946,250.0,26.425559388459273,1028.01,103,17,()
yj_m,,False,1789432131441,9.2220007242952,3.977054927082851,0.018341989008539977,183788276.128639,365543.5128918449,19929327.878326025,8594576.281475492,0.98,3.88119393721e-08,0.0022774248816378995,10395,649.6875,648.538125,647.3456249999996,1.2875304061943544,250.0,26.425559388459273,1028.01,103,17,()
yj_m,,False,1789432131546,9.11843325944113,3.932717141129967,0.0538179957189599,181724246.16403517,1072556.482437498,19929327.878326025,8594576.281475492,0.98,3.88119393721e-08,0.0022774248816378995,9479,592.4375,591.288125,640.0756249999996,3.777796718574862,250.0,26.425559388459273,1028.01,103,17,()
yj_m,,False,1789432131651,9.06308805985955,3.908986000956723,0.06282450115321705,180621253.5350825,1252050.0822747333,19929327.878326025,8594576.281475492,0.98,3.88119393721e-08,0.0022774248816378995,10258,641.125,639.975625,636.1906249999996,4.410015481477927,250.0,26.425559388459273,1028.01,103,17,()
yj_m,,False,1789432131755,9.03580722145576,3.897198164938723,0.06129060113719442,180077564.7617377,1221480.4859228474,19929327.878326025,8594576.281475492,0.98,3.88119393721e-08,0.0022774248816378995,10478,654.875,653.725625,634.2756249999995,4.302342158275535,250.0,26.425559388459273,1028.01,103,18,()
yj_m,,False,1789432131860,9.012087850206512,3.88694163688558,0.05943911615866924,179604853.6350437,1184581.634724029,19929327.878326025,8594576.281475492,0.98,3.88119393721e-08,0.0022774248816378995,10449,653.0625,651.913125,632.6106249999996,4.17237570778028,250.0,26.425559388459273,1028.01,103,18,()
yj_m,,False,1789432131965,8.979286737713181,3.872748234339486,0.056121706634707585,178951149.50939032,1118467.8926143132,19929327.878326025,8594576.281475492,0.98,3.88119393721e-08,0.0022774248816378995,10109,631.8125,630.663125,630.3081249999997,3.9395075259320165,250.0,26.425559388459273,1028.01,103,18,()
yj_m,,False,1789432132069,9.079684496799713,3.9158053338074823,0.0361598116994623,180952009.368475,720640.7433771116,19929327.878326025,8594576.281475492,0.98,3.88119393721e-08,0.0022774248816378995,9921,620.0625,618.913125,637.3556249999996,2.538266543701626,250.0,26.425559388459273,1028.01,104,18,()
yj_m,,False,1789432132174,9.08670058709416,3.918785508000899,0.030849103828787035,181091835.33237696,614801.904956419,19929327.878326025,8594576.281475492,0.98,3.88119393721e-08,0.0022774248816378995,10112,632.0,630.850625,637.8481249999995,2.1654772099643536,250.0,26.425559388459273,1028.01,104,18,()
yj_m,,False,1789432132278,9.111061022431226,3.9293128067327854,0.03354847479272138,181577322.4354681,668598.5539618987,19929327.878326025,8594576.281475492,0.98,3.88119393721e-08,0.0022774248816378995,10526,657.875,656.725625,639.5581249999996,2.354961686922953,250.0,26.425559388459273,1028.01,104,18,()
yj_m,,False,1789432132383,9.135385843096746,3.93982404776256,0.035982478368783634,182062099.76209274,717106.6092862618,19929327.878326025,8594576.281475492,0.98,3.88119393721e-08,0.0022774248816378995,10244,640.25,639.100625,641.2656249999995,2.525818490484817,250.0,26.425559388459273,1028.01,104,18,()
yj_m,,False,1789432132488,9.091009962351155,3.920771958281204,0.04422647762112517,181177718.28482437,881403.9734148516,19929327.878326025,8594576.281475492,0.98,3.88119393721e-08,0.0022774248816378995,9972,623.25,622.100625,638.1506249999995,3.1045125296695133,250.0,26.425559388459273,1028.01,104,18,()
yj_m,,False,1789432132592,9.058921143288734,3.9069477138089272,0.04538287820326189,180538209.68850112,904450.2597749406,19929327.878326025,8594576.281475492,0.98,3.88119393721e-08,0.0022774248816378995,10108,631.75,630.600625,635.8981249999996,3.1856869819357643,250.0,26.425559388459273,1028.01,104,18,()
yj_m,,False,1789432132697,9.047524448394197,3.9020337392451565,0.04543003715690441,180311081.2192187,905390.1060244802,19929327.878326025,8594576.281475492,0.98,3.88119393721e-08,0.0022774248816378995,10133,633.3125,632.163125,635.0981249999995,3.1889973419360196,250.0,26.425559388459273,1028.01,104,19,()
yj_m,,False,1789432132802,8.991823102097168,3.877902774174719,0.034656308904804804,179200990.82560095,690676.9432164028,19929327.878326025,8594576.281475492,0.98,3.88119393721e-08,0.0022774248816378995,10319,644.9375,643.788125,631.1881249999996,2.4327269774627402,250.0,26.425559388459273,1028.01,104,19,()
yj_m,,False,1789432132907,8.986267213336083,3.8754687715647615,0.030094819929319314,179090265.6968258,599769.5338105862,19929327.878326025,8594576.281475492,0.98,3.88119393721e-08,0.0022774248816378995,10259,641.1875,640.038125,630.7981249999997,2.1125296558569304,250.0,26.425559388459273,1028.01,104,19,()
yj_m,,False,1789432133011,9.082498055851799,3.916962535733273,0.02946244551396015,181008081.70932907,587166.7367450295,19929327.878326025,8594576.281475492,0.98,3.88119393721e-08,0.0022774248816378995,10566,660.375,659.225625,637.5531249999996,2.0681396342788365,250.0,26.425559388459273,1028.01,105,19,()
yj_m,,False,1789432133115,9.171677193401527,3.955398421985002,0.02637693090135519,182785361.98146388,525674.5043570584,19929327.878326025,8594576.281475492,0.98,3.88119393721e-08,0.0022774248816378995,10541,658.8125,657.663125,643.8131249999996,1.8515494988995027,250.0,26.425559388459273,1028.01,105,19,()
yj_m,,False,1789432133220,9.269297008107516,3.997513595890832,0.028878967332932496,184730859.276161,575538.4087654765,19929327.878326025,8594576.281475492,0.98,3.88119393721e-08,0.0022774248816378995,10650,665.625,664.475625,650.6656249999995,2.027181922491171,250.0,26.425559388459273,1028.01,105,19,()
yj_m,,False,1789432133325,9.33422255433481,4.025496761845434,0.026642217891734685,186024781.77460417,530961.4957701779,19929327.878326025,8594576.281475492,0.98,3.88119393721e-08,0.0022774248816378995,10525,657.8125,656.663125,655.2231249999995,1.87017152873072,250.0,26.425559388459273,1028.01,105,19,()
yj_m,,False,1789432133430,9.336573122656809,4.02650726315699,0.026159447491731262,186071627.0213937,521340.2061785651,19929327.878326025,8594576.281475492,0.98,3.88119393721e-08,0.0022774248816378995,10279,642.4375,641.288125,655.3881249999996,1.8362830791778808,250.0,26.425559388459273,1028.01,105,19,()
yj_m,,False,1789432133534,9.298144892059305,4.0099644035914395,0.03028913907612645,185305778.21403208,603642.1838003427,19929327.878326025,8594576.281475492,0.98,3.88119393721e-08,0.0022774248816378995,10240,640.0,638.850625,652.6906249999996,2.126170041853426,250.0,26.425559388459273,1028.01,105,19,()
yj_m,,False,1789432133639,9.258470147957707,3.9928722585958147,0.03247808747318321,184515087.2303427,647266.4541140172,19929327.878326025,8594576.281475492,0.98,3.88119393721e-08,0.0022774248816378995,10394,649.625,648.475625,649.9056249999995,2.2798250035638703,250.0,26.425559388459273,1028.01,105,19,()
yj_m,,False,1789432133743,9.217655734366659,3.975212171876047,0.024145345990019832,183701683.39972508,481200.5169707256,19929327.878326025,8594576.281475492,0.98,3.88119393721e-08,0.0022774248816378995,10491,655.6875,654.538125,647.0406249999995,1.6949016333920386,250.0,26.425559388459273,1028.01,105,20,()
yj_m,,False,1789432133848,9.15618481127927,3.948674418476277,0.01886769999261851,182476609.21853313,376020.5794627817,19929327.878326025,8594576.281475492,0.98,3.88119393721e-08,0.0022774248816378995,10100,631.25,630.100625,642.7256249999996,1.3244331039637298,250.0,26.425559388459273,1028.01,105,20,()
yj_m,,False,1789432133953,9.105362674983958,3.9268228286822726,0.02948145268267326,181463758.2008269,587545.5368423455,19929327.878326025,8594576.281475492,0.98,3.88119393721e-08,0.0022774248816378995,10167,635.4375,634.288125,639.1581249999996,2.069473857499775,250.0,26.425559388459273,1028.01,105,20,()
yj_m,,False,1789432134057,9.02156135283759,3.8907961225942604,0.04170390882238617,179793654.17513478,831130.8727291443,19929327.878326025,8594576.281475492,0.98,3.88119393721e-08,0.0022774248816378995,9785,611.5625,610.413125,633.2756249999998,2.927438820347062,250.0,26.425559388459273,1028.01,106,20,()
yj_m,,False,1789432134162,8.925366124993422,3.849350877630029,0.044972266929246676,177876547.93909797,896267.0530645577,19929327.878326025,8594576.281475492,0.98,3.88119393721e-08,0.0022774248816378995,9692,605.75,604.600625,626.5231249999997,3.156863799227803,250.0,26.425559388459273,1028.01,106,20,()
yj_m,,False,1789432134267,8.770584762457034,3.782517341446102,0.036804304405620596,174791859.4156563,733485.0498333325,19929327.878326025,8594576.281475492,0.98,3.88119393721e-08,0.0022774248816378995,9590,599.375,598.225625,615.6581249999997,2.5835072182742205,250.0,26.425559388459273,1028.01,106,20,()
yj_m,,False,1789432134371,8.66879803118023,3.7385855502521625,0.03270682988780397,172763318.27437785,651825.1366946779,19929327.878326025,8594576.281475492,0.98,3.88119393721e-08,0.0022774248816378995,9409,588.0625,586.913125,608.5131249999997,2.295881758034372,250.0,26.425559388459273,1028.01,106,20,()
yj_m,,False,1789432134476,8.559639062893527,3.6914686462748834,0.027342645104173002,170587853.4045323,544920.5393417666,19929327.878326025,8594576.281475492,0.98,3.88119393721e-08,0.0022774248816378995,9738,608.625,607.475625,600.8506249999997,1.9193385701524888,250.0,26.425559388459273,1028.01,106,20,()
yj_m,,False,1789432134581,8.657009574898696,3.7338524938421322,0.060724252059962756,172528382.26396385,1210193.52946911,19929327.878326025,8594576.281475492,0.98,3.88119393721e-08,0.0022774248816378995,10508,656.75,655.600625,607.6856249999997,4.262586837458563,250.0,26.425559388459273,1028.01,106,20,()
yj_m,,False,1789432134686,8.769872469026124,3.7827833056640543,0.0754338612584635,174777663.88632616,1503346.1541480718,19929327.878326025,8594576.281475492,0.98,3.88119393721e-08,0.0022774248816378995,10225,639.0625,637.913125,615.6081249999997,5.295139473788675,250.0,26.425559388459273,1028.01,106,21,()
yj_m,,False,1789432134790,8.884587326073914,3.8322135387136584,0.07383453677325227,177063853.88494688,1471472.6920984588,19929327.878326025,8594576.281475492,0.98,3.88119393721e-08,0.0022774248816378995,10254,640.875,639.725625,623.6606249999998,5.182873628294924,250.0,26.425559388459273,1028.01,106,21,()
yj_m,,False,1789432134894,9.00881130042433,3.8855514786114314,0.06090477390706897,179539554.20012507,1213791.20854929,19929327.878326025,8594576.281475492,0.98,3.88119393721e-08,0.0022774248816378995,10165,635.3125,634.163125,632.3806249999997,4.2752587111045095,250.0,26.425559388459273,1028.01,106,21,()
yj_m,,False,1789432134999,9.134139329592658,3.9391765944261485,0.020707236418467584,182037257.58576497,412681.3040376542,19929327.878326025,8594576.281475492,0.98,3.88119393721e-08,0.0022774248816378995,10119,632.4375,631.288125,641.1781249999996,1.4535608163661402,250.0,26.425559388459273,1028.01,107,21,()
yj_m,,False,1789432135104,9.09200717315443,3.920989305396252,0.016974698493299013,181197592.0258866,338294.3319086828,19929327.878326025,8594576.281475492,0.98,3.88119393721e-08,0.0022774248816378995,10348,646.75,645.600625,638.2206249999996,1.1915523684987581,250.0,26.425559388459273,1028.01,107,21,()
yj_m,,False,1789432135209,9.051548906278834,3.9035400818929284,0.016590624750607096,180391285.95993406,330640.0003611197,19929327.878326025,8594576.281475492,0.98,3.88119393721e-08,0.0022774248816378995,9959,622.4375,621.288125,635.3806249999996,1.164592008763155,250.0,26.425559388459273,1028.01,107,21,()
yj_m,,False,1789432135313,8.953608559528938,3.861456227453255,0.03814801712276346,178439400.67703837,760264.3411475449,19929327.878326025,8594576.281475492,0.98,3.88119393721e-08,0.0022774248816378995,9604,600.25,599.100625,628.5056249999996,2.6778301938089726,250.0,26.425559388459273,1028.01,107,21,()
yj_m,,False,1789432135417,8.945167882372674,3.8578414157643985,0.04060471932426638,178271183.6544761,809224.7648207013,19929327.878326025,8594576.281475492,0.98,3.88119393721e-08,0.0022774248816378995,10412,650.75,649.600625,627.9131249999996,2.850280345312545,250.0,26.425559388459273,1028.01,107,21,()
yj_m,,False,1789432135523,8.924083996817783,3.8487737881288493,0.042850638729536705,177850995.9863037,853984.429036633,19929327.878326025,8594576.281475492,0.98,3.88119393721e-08,0.0022774248816378995,9718,607.375,606.225625,626.4331249999997,3.0079344319441206,250.0,26.425559388459273,1028.01,107,21,()
yj_m,,False,1789432135627,8.877001401034743,3.8284636928725972,0.0422329017883536,176912671.49758077,841673.346993239,19929327.878326025,8594576.281475492,0.98,3.88119393721e-08,0.0022774248816378995,9815,613.4375,612.288125,623.1281249999997,2.9645718994274706,250.0,26.425559388459273,1028.01,107,21,()
yj_m,,False,1789432135732,8.862043238985665,3.8220117875146817,0.04209231491101738,176614565.3816476,838871.5450194172,19929327.878326025,8594576.281475492,0.98,3.88119393721e-08,0.0022774248816378995,9818,613.625,612.475625,622.0781249999997,2.954703292527864,250.0,26.425559388459273,1028.01,107,22,()
yj_m,,False,1789432135836,8.864963642052393,3.823231452322525,0.038318002501791015,176672767.05190122,763652.0355007075,19929327.878326025,8594576.281475492,0.98,3.88119393721e-08,0.0022774248816378995,9871,616.9375,615.788125,622.2831249999997,2.689762451755731,250.0,26.425559388459273,1028.01,107,22,()
yj_m,,False,1789432135941,8.860689881466943,3.8213758131104205,0.03703381868002193,176587593.87592033,738059.1150606311,19929327.878326025,8594576.281475492,0.98,3.88119393721e-08,0.0022774248816378995,10120,632.5,631.350625,621.9831249999997,2.5996181540516683,250.0,26.425559388459273,1028.01,107,22,()
yj_m,,False,1789432136046,8.901254992357174,3.8388645001360655,0.036584487734568225,177396029.27127236,729104.251322806,19929327.878326025,8594576.281475492,0.98,3.88119393721e-08,0.0022774248816378995,10064,629.0,627.850625,624.8306249999996,2.5680770134236623,250.0,26.425559388459273,1028.01,108,22,()
yj_m,,False,1789432136150,8.905493138271078,3.840668006950849,0.03395783476283795,177480492.67078674,676756.8230266137,19929327.878326025,8594576.281475492,0.98,3.88119393721e-08,0.0022774248816378995,10098,631.125,629.975625,625.1281249999996,2.3836970333653977,250.0,26.425559388459273,1028.01,108,22,()
yj_m,,False,1789432136255,8.953074339455755,3.861161456625905,0.03095097999615388,178428754.03004077,616832.2284988618,19929327.878326025,8594576.281475492,0.98,3.88119393721e-08,0.0022774248816378995,10258,641.125,639.975625,628.4681249999995,2.1726284880013425,250.0,26.425559388459273,1028.01,108,22,()
yj_m,,False,1789432136360,9.015293170645599,3.8880101691594517,0.0330798810193373,179668733.5170294,659259.7950103871,19929327.878326025,8594576.281475492,0.98,3.88119393721e-08,0.0022774248816378995,9640,602.5,601.350625,632.8356249999996,2.3220683768733,250.0,26.425559388459273,1028.01,108,22,()
yj_m,,False,1789432136465,8.85135883752204,3.817712616196005,0.06422696433903,176401632.44169533,1280000.2309420786,19929327.878326025,8594576.281475492,0.98,3.88119393721e-08,0.0022774248816378995,9246,577.875,576.725625,621.3281249999997,4.508462492566063,250.0,26.425559388459273,1028.01,108,22,()
yj_m,,False,1789432136569,8.734257797480709,3.7673636734166647,0.07217845743693688,174067887.41981867,1438468.1440125126,19929327.878326025,8594576.281475492,0.98,3.88119393721e-08,0.0022774248816378995,9800,612.5,611.350625,613.1081249999997,5.066623831199134,250.0,26.425559388459273,1028.01,108,22,()
yj_m,,False,1789432136673,8.665414637383416,3.7376451493014304,0.07033106568103183,172695889.51005965,1401650.8679893636,19929327.878326025,8594576.281475492,0.98,3.88119393721e-08,0.0022774248816378995,9597,599.8125,598.663125,608.2756249999998,4.936944707698781,250.0,26.425559388459273,1028.01,108,23,()
yj_m,,False,1789432136778,8.629052057735548,3.7218627761822134,0.06461057650308638,171971207.73775548,1287645.3635376762,19929327.878326025,8594576.281475492,0.98,3.88119393721e-08,0.0022774248816378995,10143,633.9375,632.788125,605.7231249999998,4.535390451424772,250.0,26.425559388459273,1028.01,108,23,()
yj_m,,False,1789432136883,8.691591420969297,3.7489757604777965,0.07262804960395335,173217575.21294266,1447428.2137205114,19929327.878326025,8594576.281475492,0.98,3.88119393721e-08,0.0022774248816378995,10399,649.9375,648.788125,610.1131249999997,5.098183308481071,250.0,26.425559388459273,1028.01,108,23,()
yj_m,,False,1789432136987,8.888006334542276,3.833526239465241,0.06491085998565883,177131992.42573154,1293629.8115183117,19929327.878326025,8594576.281475492,0.98,3.88119393721e-08,0.0022774248816378995,10317,644.8125,643.663125,623.9006249999995,4.556469087668103,250.0,26.425559388459273,1028.01,109,23,()
yj_m,,False,1789432137092,9.020706600720501,3.8905693242253037,0.053315282821863735,179776619.53993854,1062537.7522826074,19929327.878326025,8594576.281475492,0.98,3.88119393721e-08,0.0022774248816378995,10365,647.8125,646.663125,633.2156249999996,3.742508389686656,250.0,26.425559388459273,1028.01,109,23,()
yj_m,,False,1789432137196,9.176200256687796,3.9573065743285514,0.01898051258749348,182875503.59271035,378268.85865485005,19929327.878326025,8594576.281475492,0.98,3.88119393721e-08,0.0022774248816378995,10223,638.9375,637.788125,644.1306249999996,1.3323520731679748,250.0,26.425559388459273,1028.01,109,23,()
yj_m,,False,1789432137301,9.095533025637424,3.9227995653955494,0.05060876565793308,181267859.8960708,1008598.6843143139,19929327.878326025,8594576.281475492,0.98,3.88119393721e-08,0.0022774248816378995,9936,621.0,619.850625,638.4681249999995,3.552522279574753,250.0,26.425559388459273,1028.01,109,23,()
yj_m,,False,1789432137406,9.120641369076942,3.933680404800838,0.05462326481581233,181768252.30495864,1088604.9542989556,19929327.878326025,8594576.281475492,0.98,3.88119393721e-08,0.0022774248816378995,10537,658.5625,657.413125,640.2306249999996,3.834323218884266,250.0,26.425559388459273,1028.01,109,23,()
yj_m,,False,1789432137510,9.172175798803163,3.9559859476486747,0.06035608464933366,182795298.851995,1202856.2004285685,19929327.878326025,8594576.281475492,0.98,3.88119393721e-08,0.0022774248816378995,10598,662.375,661.225625,643.8481249999995,4.236743035266004,250.0,26.425559388459273,1028.01,109,23,()
yj_m,,False,1789432137615,9.04691899897793,3.9023631335991826,0.0816826876943667,180299015.01928806,1627881.065043939,19929327.878326025,8594576.281475492,0.98,3.88119393721e-08,0.0022774248816378995,10211,638.1875,637.038125,635.0556249999995,5.73378078120144,250.0,26.425559388459273,1028.01,109,23,()
yj_m,,False,1789432137720,9.097100071185421,3.924066313888683,0.08484833135769522,181299090.06059715,1690970.2155563587,19929327.878326025,8594576.281475492,0.98,3.88119393721e-08,0.0022774248816378995,10434,652.125,650.975625,638.5781249999995,5.955995638587641,250.0,26.425559388459273,1028.01,109,24,()
yj_m,,False,1789432137825,9.20900136918112,3.972044091289332,0.07115962109423202,183529207.71836376,1418163.4204843931,19929327.878326025,8594576.281475492,0.98,3.88119393721e-08,0.0022774248816378995,10335,645.9375,644.788125,646.4331249999996,4.995105809377314,250.0,26.425559388459273,1028.01,109,24,()
yj_m,,False,1789432137929,9.142295089376557,3.943247984675374,0.06927869031414711,182199796.39659518,1380677.7342516484,19929327.878326025,8594576.281475492,0.98,3.88119393721e-08,0.0022774248816378995,10144,634.0,632.850625,641.7506249999996,4.863072387583285,250.0,26.425559388459273,1028.01,109,24,()
yj_m,,False,1789432138034,9.053685786571558,3.9049462705999027,0.06371945815504643,180433872.5479245,1269885.9738011921,19929327.878326025,8594576.281475492,0.98,3.88119393721e-08,0.0022774248816378995,10092,630.75,629.600625,635.5306249999995,4.472837695118726,250.0,26.425559388459273,1028.01,110,24,()
yj_m,,False,1789432138138,9.120534525062308,3.9334221847247473,0.03625910535750133,181766122.9755591,722619.5992444105,19929327.878326025,8594576.281475492,0.98,3.88119393721e-08,0.0022774248816378995,10430,651.875,650.725625,640.2231249999995,2.545236540456506,250.0,26.425559388459273,1028.01,110,24,()
yj_m,,False,1789432138243,9.099236951478147,3.9241902202822407,0.030662653025673867,181341676.64858758,611086.0657679976,19929327.878326025,8594576.281475492,0.98,3.88119393721e-08,0.0022774248816378995,10335,645.9375,644.788125,638.7281249999995,2.1523891485683997,250.0,26.425559388459273,1028.01,110,24,()
yj_m,,False,1789432138348,9.109565206226318,3.9286571744723333,0.03228562689288992,181547511.82387477,643430.8441057021,19929327.878326025,8594576.281475492,0.98,3.88119393721e-08,0.0022774248816378995,10462,653.875,652.725625,639.4531249999995,2.266315081111847,250.0,26.425559388459273,1028.01,110,24,()
yj_m,,False,1789432138452,9.13791448477647,3.940907478779856,0.035206682253763125,182112493.89121476,701645.5141432878,19929327.878326025,8594576.281475492,0.98,3.88119393721e-08,0.0022774248816378995,9989,624.3125,623.163125,641.4431249999996,2.4713608694148657,250.0,26.425559388459273,1028.01,110,24,()
yj_m,,False,1789432138557,9.029360965906038,3.894527041946841,0.0678352626253865,179949095.2212999,1351911.1905736837,19929327.878326025,8594576.281475492,0.98,3.88119393721e-08,0.0022774248816378995,9565,597.8125,596.663125,633.8231249999997,4.761749840854201,250.0,26.425559388459273,1028.01,110,24,()
yj_m,,False,1789432138662,8.909517596155705,3.8430400911138305,0.07775370954547392,177560697.41150215,1549579.171287877,19929327.878326025,8594576.281475492,0.98,3.88119393721e-08,0.0022774248816378995,9947,621.6875,620.538125,625.4106249999998,5.457983056668003,250.0,26.425559388459273,1028.01,110,24,()
yj_m,,False,1789432138767,8.910479192287431,3.843474461156126,0.07872460736589748,177579861.37609783,1568928.5122874498,19929327.878326025,8594576.281475492,0.98,3.88119393721e-08,0.0022774248816378995,10471,654.4375,653.288125,625.4781249999997,5.526135996053209,250.0,26.425559388459273,1028.01,110,25,()
yj_m,,False,1789432138871,8.926256491782055,3.85034985438974,0.08220880135627888,177894292.35076067,1638366.1567134543,19929327.878326025,8594576.281475492,0.98,3.88119393721e-08,0.0022774248816378995,10538,658.625,657.475625,626.5856249999997,5.770711745259418,250.0,26.425559388459273,1028.01,110,25,()
yj_m,,False,1789432138975,8.982207140779904,3.87443224697743,0.08025279005391799,179009351.17964393,1599384.166134993,19929327.878326025,8594576.281475492,0.98,3.88119393721e-08,0.0022774248816378995,10149,634.3125,633.163125,630.5131249999996,5.633407986900559,250.0,26.425559388459273,1028.01,110,25,()
yj_m,,False,1789432139080,9.149239950327912,3.946074339809478,0.05892591023835463,182338202.80756414,1174353.7856689775,19929327.878326025,8594576.281475492,0.98,3.88119393721e-08,0.0022774248816378995,10536,658.5,657.350625,642.2381249999995,4.1363508128391375,250.0,26.425559388459273,1028.01,111,25,()
yj_m,,False,1789432139185,9.27866366672396,4.00151097549354,0.022328719014231148,184917530.48685247,444996.36233762454,19929327.878326025,8594576.281475492,0.98,3.88119393721e-08,0.0022774248816378995,10309,644.3125,643.163125,651.3231249999995,1.5673820679320662,250.0,26.425559388459273,1028.01,111,25,()
yj_m,,False,1789432139290,9.169611542451891,3.954727366241927,0.04933288364982724,182744194.94640645,983171.2134407181,19929327.878326025,8594576.281475492,0.98,3.88119393721e-08,0.0022774248816378995,9496,593.5,592.350625,643.6681249999996,3.4629607342381177,250.0,26.425559388459273,1028.01,111,25,()
yj_m,,False,1789432139394,9.071956113074355,3.912708080678345,0.05612745331432883,180797987.87524286,1118582.420076697,19929327.878326025,8594576.281475492,0.98,3.88119393721e-08,0.0022774248816378995,10296,643.5,642.350625,636.8131249999996,3.939910918647146,250.0,26.425559388459273,1028.01,111,25,()
yj_m,,False,1789432139499,8.90819985330853,3.84246166597563,0.07724494615567822,177534435.68224135,1539439.8588801478,19929327.878326025,8594576.281475492,0.98,3.88119393721e-08,0.0022774248816378995,9280,580.0,578.850625,625.3181249999997,5.422270008665651,250.0,26.425559388459273,1028.01,111,25,()
yj_m,,False,1789432139603,8.700566318198744,3.7529741934704286,0.07899941668274221,173396438.88250256,1574405.2772668684,19929327.878326025,8594576.281475492,0.98,3.88119393721e-08,0.0022774248816378995,9271,579.4375,578.288125,610.7431249999997,5.54542645311206,250.0,26.425559388459273,1028.01,111,25,()
yj_m,,False,1789432139708,8.52316963923102,3.676194677969602,0.06386739087611171,169861042.30282864,1272834.173503239,19929327.878326025,8594576.281475492,0.98,3.88119393721e-08,0.0022774248816378995,9664,604.0,602.850625,598.2906249999997,4.483221949321157,250.0,26.425559388459273,1028.01,111,26,()
yj_m,,False,1789432139813,8.618474500286558,3.7175692089083676,0.07849967679972174,171760404.12720272,1564445.797284275,19929327.878326025,8594576.281475492,0.98,3.88119393721e-08,0.0022774248816378995,10365,647.8125,646.663125,604.9806249999997,5.5103468172951695,250.0,26.425559388459273,1028.01,111,26,()
yj_m,,False,1789432139917,8.672466342349407,3.741017517416941,0.08619270536893506,172836425.2504281,1717762.68601746,19929327.878326025,8594576.281475492,0.98,3.88119393721e-08,0.0022774248816378995,10306,644.125,642.975625,608.7706249999997,6.050365034183887,250.0,26.425559388459273,1028.01,111,26,()
yj_m,,False,1789432140022,8.850789002777315,3.8178950887925347,0.08599079427539841,176390276.0182312,1713738.7336320977,19929327.878326025,8594576.281475492,0.98,3.88119393721e-08,0.0022774248816378995,10359,647.4375,646.288125,621.2881249999996,6.036191725490087,250.0,26.425559388459273,1028.01,112,26,()
yj_m,,False,1789432140127,9.052332429052832,3.904361029207084,0.06361643175023204,180406901.04219723,1267832.7267995265,19929327.878326025,8594576.281475492,0.98,3.88119393721e-08,0.0022774248816378995,10424,651.5,650.350625,635.4356249999996,4.465605675255597,250.0,26.425559388459273,1028.01,112,26,()
yj_m,,False,1789432140231,9.18944891450269,3.962992999112043,0.012084213271562099,183139540.43825117,240830.24844057963,19929327.878326025,8594576.281475492,0.98,3.88119393721e-08,0.0022774248816378995,10297,643.5625,642.413125,645.0606249999996,0.8482608955238948,250.0,26.425559388459273,1028.01,112,26,()
yj_m,,False,1789432140336,9.160885947923264,3.9507055159129147,0.019635758512023156,182570299.7121121,391327.4695257432,19929327.878326025,8594576.281475492,0.98,3.88119393721e-08,0.0022774248816378995,9983,623.9375,622.788125,643.0556249999995,1.3783475783977714,250.0,26.425559388459273,1028.01,112,26,()
yj_m,,False,1789432140441,9.000904843341248,3.8822359717367623,0.06661335345875491,179381983.8245604,1327559.3621543495,19929327.878326025,8594576.281475492,0.98,3.88119393721e-08,0.0022774248816378995,9403,587.6875,586.538125,631.8256249999997,4.675976961756228,250.0,26.425559388459273,1028.01,112,26,()
yj_m,,False,1789432140546,8.818201578313259,3.8037624644662227,0.08224717559016807,175740830.55137685,1639130.929402713,19929327.878326025,8594576.281475492,0.98,3.88119393721e-08,0.0022774248816378995,9397,587.3125,586.163125,619.0006249999997,5.773405454917833,250.0,26.425559388459273,1028.01,112,26,()
yj_m,,False,1789432140650,8.616444464008465,3.716698767062252,0.0787276286157656,171719946.8686118,1568988.7237666717,19929327.878326025,8594576.281475492,0.98,3.88119393721e-08,0.0022774248816378995,9317,582.3125,581.163125,604.8381249999998,5.526348075074081,250.0,26.425559388459273,1028.01,112,26,()
yj_m,,False,1789432140754,8.507784101123399,3.6695708474259225,0.0644519710448347,169554418.8692974,1284484.4633568844,19929327.878326025,8594576.281475492,0.98,3.88119393721e-08,0.0022774248816378995,10149,634.3125,633.163125,597.2106249999997,4.524257016005501,250.0,26.425559388459273,1028.01,112,27,()
yj_m,,False,1789432140859,8.54058521361673,3.683871094421279,0.07286756304113756,170208122.9949508,1452201.5555414215,19929327.878326025,8594576.281475492,0.98,3.88119393721e-08,0.0022774248816378995,9918,619.875,618.725625,599.5131249999997,5.114996143388086,250.0,26.425559388459273,1028.01,112,27,()
yj_m,,False,1789432140964,8.638917321753626,3.7262330001453523,0.07100914131004243,172167815.81897804,1415164.45952622,19929327.878326025,8594576.281475492,0.98,3.88119393721e-08,0.0022774248816378995,9618,601.125,599.975625,606.4156249999997,4.984542762067048,250.0,26.425559388459273,1028.01,112,27,()
yj_m,,False,1789432141069,8.71139317834855,3.7574153229143024,0.06734512945115247,173612210.92832083,1342143.165840327,19929327.878326025,8594576.281475492,0.98,3.88119393721e-08,0.0022774248816378995,10266,641.625,640.475625,611.5031249999997,4.727344555548601,250.0,26.425559388459273,1028.01,113,27,()
yj_m,,False,1789432141173,8.922160804554332,3.8482045597012613,0.061951278885837915,177812668.05711228,1234647.3493974803,19929327.878326025,8594576.281475492,0.98,3.88119393721e-08,0.0022774248816378995,10501,656.3125,655.163125,626.2981249999997,4.348718954689415,250.0,26.425559388459273,1028.01,113,27,()
yj_m,,False,1789432141277,8.936798434559499,3.85447499024046,0.059327989354513846,178104386.18484688,1182366.9522079437,19929327.878326025,8594576.281475492,0.98,3.88119393721e-08,0.0022774248816378995,9674,604.625,603.475625,627.3256249999997,4.164575073987141,250.0,26.425559388459273,1028.01,113,27,()
yj_m,,False,1789432141382,8.82892159444843,3.8081386159301562,0.06994583535441815,175954473.26779562,1393973.4865016092,19929327.878326025,8594576.281475492,0.98,3.88119393721e-08,0.0022774248816378995,9330,583.125,581.975625,619.7531249999997,4.909903160641257,250.0,26.425559388459273,1028.01,113,27,()
yj_m,,False,1789432141487,8.773291477494483,3.784337862822088,0.07936456583960115,174845802.4271109,1581682.4545384038,19929327.878326025,8594576.281475492,0.98,3.88119393721e-08,0.0022774248816378995,10101,631.3125,630.163125,615.8481249999998,5.5710583865972,250.0,26.425559388459273,1028.01,113,27,()
yj_m,,False,1789432141592,8.848972654528499,3.817092504479887,0.0851217818541518,176354077.41843936,1696419.9001587334,19929327.878326025,8594576.281475492,0.98,3.88119393721e-08,0.0022774248816378995,10146,634.125,632.975625,621.1606249999998,5.9751907121760555,250.0,26.425559388459273,1028.01,113,27,()
yj_m,,False,1789432141696,8.805344681885362,3.79810978526271,0.07702929547368892,175484601.24696767,1535142.0857315995,19929327.878326025,8594576.281475492,0.98,3.88119393721e-08,0.0022774248816378995,10303,643.9375,642.788125,618.0981249999998,5.4071322387079634,250.0,26.425559388459273,1028.01,113,28,()
yj_m,,False,1789432141801,8.89409644337654,3.8364177222462845,0.07905920797379153,177253364.20150435,1575596.8775104557,19929327.878326025,8594576.281475492,0.98,3.88119393721e-08,0.0022774248816378995,10301,643.8125,642.663125,624.3281249999997,5.54962355001445,250.0,26.425559388459273,1028.01,113,28,()
yj_m,,False,1789432141906,9.040330284742026,3.89911080498807,0.05884324458872157,180167706.37298423,1172706.3148331644,19929327.878326025,8594576.281475492,0.98,3.88119393721e-08,0.0022774248816378995,10139,633.6875,632.538125,634.5931249999998,4.130548032268236,250.0,26.425559388459273,1028.01,113,28,()
yj_m,,False,1789432142010,9.120071534332219,3.9331038060251275,0.01951469025385812,181756895.88149452,388914.66051311186,19929327.878326025,8594576.281475492,0.98,3.88119393721e-08,0.0022774248816378995,10251,640.6875,639.538125,640.1906249999996,1.3698490963879928,250.0,26.425559388459273,1028.01,114,28,()
yj_m,,False,1789432142115,9.10732148191896,3.927576222165852,0.012320222583777131,181502795.9064848,245533.75540605342,19929327.878326025,8594576.281475492,0.98,3.88119393721e-08,0.0022774248816378995,10122,632.625,631.475625,639.2956249999995,0.8648277556109079,250.0,26.425559388459273,1028.01,114,28,()
yj_m,,False,1789432142220,9.06953431540927,3.9112913733854016,0.01539349689689481,180749723.07552037,306782.04685220856,19929327.878326025,8594576.281475492,0.98,3.88119393721e-08,0.0022774248816378995,10123,632.6875,631.538125,636.6431249999996,1.0805586734995005,250.0,26.425559388459273,1028.01,114,28,()
yj_m,,False,1789432142325,9.054326850659374,3.904727179762852,0.01379220115432867,180446648.52432165,274869.29896844365,19929327.878326025,8594576.281475492,0.98,3.88119393721e-08,0.0022774248816378995,10281,642.5625,641.413125,635.5756249999996,0.9681544540387138,250.0,26.425559388459273,1028.01,114,28,()
yj_m,,False,1789432142429,9.063835967962001,3.908827582156126,0.013677087781331532,180636158.8408791,272575.16681480006,19929327.878326025,8594576.281475492,0.98,3.88119393721e-08,0.0022774248816378995,10278,642.375,641.225625,636.2431249999995,0.960073979896862,250.0,26.425559388459273,1028.01,114,28,()
yj_m,,False,1789432142533,9.064690720079096,3.909197229346554,0.013969863312303606,180653193.47607532,278409.98636629345,19929327.878326025,8594576.281475492,0.98,3.88119393721e-08,0.0022774248816378995,10210,638.125,636.975625,636.3031249999996,0.9806255895473054,250.0,26.425559388459273,1028.01,114,28,()
yj_m,,False,1789432142638,9.019887463274959,3.8899284956586544,0.024594697130814493,179760294.68120888,490155.7831881256,19929327.878326025,8594576.281475492,0.98,3.88119393721e-08,0.0022774248816378995,9858,616.125,614.975625,633.1581249999996,1.7264441916479665,250.0,26.425559388459273,1028.01,114,28,()
yj_m,,False,1789432142743,8.976366334646457,3.871219589457958,0.032621807519297656,178892947.8391367,650130.6980357227,19929327.878326025,8594576.281475492,0.98,3.88119393721e-08,0.0022774248816378995,9886,617.875,616.725625,630.1031249999995,2.2899135457206676,250.0,26.425559388459273,1028.01,114,29,()
yj_m,,False,1789432142848,8.95909321894693,3.8637628929341683,0.03167426904901837,178548706.25288054,631246.8931842011,19929327.878326025,8594576.281475492,0.98,3.88119393721e-08,0.0022774248816378995,10217,638.5625,637.413125,628.8906249999995,2.223400334369634,250.0,26.425559388459273,1028.01,114,29,()
yj_m,,False,1789432142952,8.947518450694666,3.8587565549859693,0.029809532154501384,178318028.9012656,594083.9402065644,19929327.878326025,8594576.281475492,0.98,3.88119393721e-08,0.0022774248816378995,10269,641.8125,640.663125,628.0781249999995,2.0925036551640717,250.0,26.425559388459273,1028.01,114,29,()
yj_m,,False,1789432143056,8.89106919629518,3.834451249589308,0.034335466446972975,177193033.2018512,684282.768676989,19929327.878326025,8594576.281475492,0.98,3.88119393721e-08,0.0022774248816378995,9624,601.5,600.350625,624.1156249999996,2.4102051877122412,250.0,26.425559388459273,1028.01,115,29,()
yj_m,,False,1789432143161,8.8303105666387,3.808398023368539,0.048025848936366314,175982154.54998937,957122.8900878016,19929327.878326025,8594576.281475492,0.98,3.88119393721e-08,0.0022774248816378995,9506,594.125,592.975625,619.8506249999996,3.371212400142566,250.0,26.425559388459273,1028.01,115,29,()
yj_m,,False,1789432143266,8.797082078086824,3.794176590338356,0.05586312087002954,175319933.10673788,1113314.4521253782,19929327.878326025,8594576.281475492,0.98,3.88119393721e-08,0.0022774248816378995,10144,634.0,632.850625,617.5181249999996,3.9213558939319704,250.0,26.425559388459273,1028.01,115,29,()
yj_m,,False,1789432143371,8.798186132904732,3.7946528549394967,0.0558759979935737,175341936.1771996,1113571.0845426233,19929327.878326025,8594576.281475492,0.98,3.88119393721e-08,0.0022774248816378995,10125,632.8125,631.663125,617.5956249999996,3.922259813790387,250.0,26.425559388459273,1028.01,115,29,()
yj_m,,False,1789432143475,8.771760046618034,3.7831965185709646,0.05156205319785628,174815282.03905106,1027597.064259767,19929327.878326025,8594576.281475492,0.98,3.88119393721e-08,0.0022774248816378995,10155,634.6875,633.538125,615.7406249999997,3.619439051410453,250.0,26.425559388459273,1028.01,115,29,()
yj_m,,False,1789432143580,8.8567366529254,3.819884040759835,0.05475981452713421,176508808.68813795,1091326.2982675775,19929327.878326025,8594576.281475492,0.98,3.88119393721e-08,0.0022774248816378995,10288,643.0,641.850625,621.7056249999996,3.843908433726667,250.0,26.425559388459273,1028.01,115,29,()
yj_m,,False,1789432143685,9.042182247662389,3.8998103869280256,0.05186930163336953,180204614.74924257,1033720.3190712138,19929327.878326025,8594576.281475492,0.98,3.88119393721e-08,0.0022774248816378995,10828,676.75,675.600625,634.7231249999995,3.6410065980268427,250.0,26.425559388459273,1028.01,115,30,()
yj_m,,False,1789432143789,9.2161955328333,3.974859931929972,0.0528079920048102,183672582.5645983,1052427.7872598858,19929327.878326025,8594576.281475492,0.98,3.88119393721e-08,0.0022774248816378995,10668,666.75,665.600625,646.9381249999996,3.706898710091092,250.0,26.425559388459273,1028.01,115,30,()
yj_m,,False,1789432143894,9.305659587755388,4.013407237561053,0.05040200003472599,185455541.04846513,1004477.9844154558,19929327.878326025,8594576.281475492,0.98,3.88119393721e-08,0.0022774248816378995,10518,657.375,656.225625,653.2181249999995,3.5380082033363065,250.0,26.425559388459273,1028.01,115,30,()
yj_m,,False,1789432143998,9.35274218353843,4.033620978184329,0.042673871099041,186393865.53718808,850461.5689702095,19929327.878326025,8594576.281475492,0.98,3.88119393721e-08,0.0022774248816378995,10016,626.0,624.850625,656.5231249999996,2.9955260884984796,250.0,26.425559388459273,1028.01,116,30,()
yj_m,,False,1789432144103,9.188309245013237,3.963720669989106,0.09904198450143714,183116827.5913229,1973840.1828492233,19929327.878326025,8594576.281475492,0.98,3.88119393721e-08,0.0022774248816378995,9136,571.0,569.850625,644.9806249999996,6.952330332117066,250.0,26.425559388459273,1028.01,116,30,()
yj_m,,False,1789432144208,9.138947310251286,3.942434415419512,0.09882401677479564,182133077.40874347,1969496.2325580902,19929327.878326025,8594576.281475492,0.98,3.88119393721e-08,0.0022774248816378995,10720,670.0,668.850625,641.5156249999995,6.937029915379852,250.0,26.425559388459273,1028.01,116,30,()
yj_m,,False,1789432144312,9.089051155416158,3.9207479115910724,0.0915988836614429,181138680.57916647,1825504.1857775343,19929327.878326025,8594576.281475492,0.98,3.88119393721e-08,0.0022774248816378995,10476,654.75,653.600625,638.0131249999996,6.429855989590669,250.0,26.425559388459273,1028.01,116,30,()
yj_m,,False,1789432144417,9.093396145344698,3.9226257202280066,0.09179272360152137,181225273.30808038,1829367.285499277,19929327.878326025,8594576.281475492,0.98,3.88119393721e-08,0.0022774248816378995,10537,658.5625,657.413125,638.3181249999996,6.443462737292347,250.0,26.425559388459273,1028.01,116,30,()
yj_m,,False,1789432144522,9.114978636301222,3.9318977466810496,0.09037081481717589,181655397.84678394,1801029.5991229804,19929327.878326025,8594576.281475492,0.98,3.88119393721e-08,0.0022774248816378995,10436,652.25,651.100625,639.8331249999995,6.343650727055754,250.0,26.425559388459273,1028.01,116,30,()
yj_m,,False,1789432144627,9.34038389251217,4.0281358305661366,0.02377103453369416,186147573.10330996,473740.7412290014,19929327.878326025,8594576.281475492,0.98,3.88119393721e-08,0.0022774248816378995,10542,658.875,657.725625,655.6556249999995,1.6686265450588398,250.0,26.425559388459273,1028.01,116,30,()
yj_m,,False,1789432144731,9.334578701050265,4.02561016696729,0.01965457038972407,186031879.53926927,391702.37760444876,19929327.878326025,8594576.281475492,0.98,3.88119393721e-08,0.0022774248816378995,10609,663.0625,661.913125,655.2481249999996,1.3796680930118665,250.0,26.425559388459273,1028.01,116,31,()
yj_m,,False,1789432144835,9.230298942765284,3.9808391169700874,0.04442182229274285,183953654.04533526,885297.0614248052,19929327.878326025,8594576.281475492,0.98,3.88119393721e-08,0.0022774248816378995,10112,632.0,630.850625,647.9281249999996,3.1182249031901152,250.0,26.425559388459273,1028.01,116,31,()
yj_m,,False,1789432144940,9.05304472248374,3.9048691824087203,0.07494590436727445,180421096.5715274,1493621.5012730742,19929327.878326025,8594576.281475492,0.98,3.88119393721e-08,0.0022774248816378995,9167,572.9375,571.788125,635.4856249999997,5.260886954390391,250.0,26.425559388459273,1028.01,116,31,()
yj_m,,False,1789432145045,8.851323222850494,3.818420705495887,0.0982314731690272,176400922.66522884,1957687.2367565264,19929327.878326025,8594576.281475492,0.98,3.88119393721e-08,0.0022774248816378995,9538,596.125,594.975625,621.3256249999997,6.895435848942038,250.0,26.425559388459273,1028.01,117,31,()
yj_m,,False,1789432145150,8.715310792218546,3.7594118333617166,0.08273939792130988,173690286.33963665,1648940.5896290701,19929327.878326025,8594576.281475492,0.98,3.88119393721e-08,0.0022774248816378995,9697,606.0625,604.913125,611.7781249999997,5.807957390242718,250.0,26.425559388459273,1028.01,117,31,()
yj_m,,False,1789432145254,8.52074784156593,3.675025795215586,0.056240236541996454,169812777.5031061,1120830.1140000592,19929327.878326025,8594576.281475492,0.98,3.88119393721e-08,0.0022774248816378995,9640,602.5,601.350625,598.1206249999997,3.9478278263970683,250.0,26.425559388459273,1028.01,117,31,()
yj_m,,False,1789432145359,8.59304562480313,3.7065417389749173,0.07543436233765702,171253623.73011637,1503356.1403196147,19929327.878326025,8594576.281475492,0.98,3.88119393721e-08,0.0022774248816378995,10290,643.125,641.975625,603.1956249999997,5.295174647438458,250.0,26.425559388459273,1028.01,117,31,()
yj_m,,False,1789432145464,8.765741167126862,3.7810540691102412,0.07799889465518503,174695329.81621128,1554465.5457301924,19929327.878326025,8594576.281475492,0.98,3.88119393721e-08,0.0022774248816378995,10239,639.9375,638.788125,615.3181249999997,5.475194019107907,250.0,26.425559388459273,1028.01,117,31,()
yj_m,,False,1789432145568,8.89520049819445,3.836596423912414,0.06299878361265085,177275367.27196604,1255523.414552233,19929327.878326025,8594576.281475492,0.98,3.88119393721e-08,0.0022774248816378995,9927,620.4375,619.288125,624.4056249999995,4.4222493763779305,250.0,26.425559388459273,1028.01,117,31,()
yj_m,,False,1789432145673,8.970383069826825,3.8689355543985617,0.05792959385876293,178773705.39276344,1154497.8698695502,19929327.878326025,8594576.281475492,0.98,3.88119393721e-08,0.0022774248816378995,10155,634.6875,633.538125,629.6831249999996,4.066413597615839,250.0,26.425559388459273,1028.01,117,32,()
yj_m,,False,1789432145777,9.033492267805304,3.8958662024925927,0.033998372227573355,180031429.29141474,677564.7074526862,19929327.878326025,8594576.281475492,0.98,3.88119393721e-08,0.0022774248816378995,10274,642.125,640.975625,634.1131249999995,2.3865425927217387,250.0,26.425559388459273,1028.01,117,32,()
yj_m,,False,1789432145882,8.986943892095447,3.8757795595107503,0.03244689163979069,179103751.44968942,646644.7421219043,19929327.878326025,8594576.281475492,0.98,3.88119393721e-08,0.0022774248816378995,9914,619.625,618.475625,630.8456249999996,2.277635187398324,250.0,26.425559388459273,1028.01,117,32,()
yj_m,,False,1789432145987,8.934447866237502,3.853108063808069,0.02822472601062286,178057540.9380574,562499.8189416195,19929327.878326025,8594576.281475492,0.98,3.88119393721e-08,0.0022774248816378995,10054,628.375,627.225625,627.1606249999998,1.9812569361077328,250.0,26.425559388459273,1028.01,118,32,()
yj_m,,False,1789432146091,8.917424053238792,3.8457653470927067,0.028040330137733587,177718267.7870668,558824.9331313976,19929327.878326025,8594576.281475492,0.98,3.88119393721e-08,0.0022774248816378995,9966,622.875,621.725625,625.9656249999997,1.9683131221619692,250.0,26.425559388459273,1028.01,118,32,()
yj_m,,False,1789432146196,8.9014330657149,3.8388272174917435,0.021507968994380348,177399578.15360492,428639.3660858738,19929327.878326025,8594576.281475492,0.98,3.88119393721e-08,0.0022774248816378995,10011,625.6875,624.538125,624.8431249999998,1.5097688720049174,250.0,26.425559388459273,1028.01,118,32,()
yj_m,,False,1789432146301,8.896803158413993,3.836790552764059,0.012464785376234461,177307307.21295893,248414.79469593894,19929327.878326025,8594576.281475492,0.98,3.88119393721e-08,0.0022774248816378995,10121,632.5625,631.413125,624.5181249999997,0.8749754550128823,250.0,26.425559388459273,1028.01,118,32,()
yj_m,,False,1789432146406,8.912544843237068,3.8435779218257435,0.01207665351399881,177621028.41115528,240679.58755342045,19929327.878326025,8594576.281475492,0.98,3.88119393721e-08,0.0022774248816378995,10144,634.0,632.850625,625.6231249999997,0.8477302323705344,250.0,26.425559388459273,1028.01,118,32,()
yj_m,,False,1789432146510,8.94167764456122,3.856156354942693,0.016147062388181824,178201625.56075838,321800.10060586163,19929327.878326025,8594576.281475492,0.98,3.88119393721e-08,0.0022774248816378995,10294,643.375,642.225625,627.6681249999996,1.1334557983772457,250.0,26.425559388459273,1028.01,118,32,()
yj_m,,False,1789432146614,8.999444641807887,3.8810901785114384,0.020747698152724297,179352882.98943356,413487.6792061825,19929327.878326025,8594576.281475492,0.98,3.88119393721e-08,0.0022774248816378995,10188,636.75,635.600625,631.7231249999995,1.4564010597616985,250.0,26.425559388459273,1028.01,118,32,()
yj_m,,False,1789432146720,9.0930043839577,3.921469267055762,0.026069614743469374,181217465.7669488,519549.89988424286,19929327.878326025,8594576.281475492,0.98,3.88119393721e-08,0.0022774248816378995,10420,651.25,650.100625,638.2906249999995,1.829977198457675,250.0,26.425559388459273,1028.01,118,33,()
yj_m,,False,1789432146824,9.097741135273237,3.923518870283052,0.027089855689676038,181311866.0369943,539882.6162160895,19929327.878326025,8594576.281475492,0.98,3.88119393721e-08,0.0022774248816378995,9997,624.8125,623.663125,638.6231249999996,1.9015938175317568,250.0,26.425559388459273,1028.01,118,33,()
yj_m,,False,1789432146929,9.091651026438974,3.9209098636923456,0.029488559361832097,181190494.26122153,587687.1681814293,19929327.878326025,8594576.281475492,0.98,3.88119393721e-08,0.0022774248816378995,10252,640.75,639.600625,638.1956249999996,2.0699727164566686,250.0,26.425559388459273,1028.01,118,33,()
yj_m,,False,1789432147033,9.013085061009782,3.8871909107594442,0.046129658119682594,179624727.376106,919333.0815822378,19929327.878326025,8594576.281475492,0.98,3.88119393721e-08,0.0022774248816378995,9506,594.125,592.975625,632.6806249999997,3.2381077880260567,250.0,26.425559388459273,1028.01,119,33,()
yj_m,,False,1789432147137,8.88284220716819,3.831122304763695,0.05343743440510117,177029074.838088,1064972.1512358026,19929327.878326025,8594576.281475492,0.98,3.88119393721e-08,0.0022774248816378995,9894,618.375,617.225625,623.5381249999997,3.7510829165555646,250.0,26.425559388459273,1028.01,119,33,()
yj_m,,False,1789432147243,8.751281610479419,3.7742443280687548,0.04171921303944802,174407160.57080925,831435.8754888953,19929327.878326025,8594576.281475492,0.98,3.88119393721e-08,0.0022774248816378995,9365,585.3125,584.163125,614.3031249999997,2.9285131119520362,250.0,26.425559388459273,1028.01,119,33,()
yj_m,,False,1789432147347,8.679268744614584,3.743204582983648,0.04296430702985951,172971992.55553105,856249.7618631395,19929327.878326025,8594576.281475492,0.98,3.88119393721e-08,0.0022774248816378995,9708,606.75,605.600625,609.2481249999997,3.015913468068174,250.0,26.425559388459273,1028.01,119,33,()
yj_m,,False,1789432147452,8.549025890772993,3.686973697220689,0.036761717354514924,170376340.01751307,732636.3185284763,19929327.878326025,8594576.281475492,0.98,3.88119393721e-08,0.0022774248816378995,9434,589.625,588.475625,600.1056249999997,2.580517786583732,250.0,26.425559388459273,1028.01,119,33,()
yj_m,,False,1789432147556,8.550094330919356,3.6874370014268854,0.03701755325246177,170397633.3115083,737734.9560217051,19929327.878326025,8594576.281475492,0.98,3.88119393721e-08,0.0022774248816378995,9779,611.1875,610.038125,600.1806249999997,2.5984763895165566,250.0,26.425559388459273,1028.01,119,33,()
yj_m,,False,1789432147661,8.447595306211642,3.6433398804369683,0.04610014932041639,168354896.64089966,918744.9910463665,19929327.878326025,8594576.281475492,0.98,3.88119393721e-08,0.0022774248816378995,9362,585.125,583.975625,592.9856249999997,3.2360363945535275,250.0,26.425559388459273,1028.01,119,33,()
yj_m,,False,1789432147766,8.38327520940062,3.615617534168585,0.047157100371873754,167073040.3423871,939809.3151022015,19929327.878326025,8594576.281475492,0.98,3.88119393721e-08,0.0022774248816378995,9150,571.875,570.725625,588.4706249999997,3.310229908461797,250.0,26.425559388459273,1028.01,119,34,()
yj_m,,False,1789432147870,8.230345809784598,3.5498029890907437,0.05615613904142146,164025260.19520384,1119154.1073373547,19929327.878326025,8594576.281475492,0.98,3.88119393721e-08,0.0022774248816378995,8818,551.125,549.975625,577.7356249999997,3.941924535918337,250.0,26.425559388459273,1028.01,119,34,()
yj_m,,False,1789432147975,8.350759014279657,3.60228383945216,0.08472693449088697,166425014.42846572,1688550.8575943366,19929327.878326025,8594576.281475492,0.98,3.88119393721e-08,0.0022774248816378995,10139,633.6875,632.538125,586.1881249999997,5.947474089634607,250.0,26.425559388459273,1028.01,119,34,()
yj_m,,False,1789432148080,8.396167720500062,3.6220510126815197,0.09249066216795943,167329979.4232628,1843276.73202875,19929327.878326025,8594576.281475492,0.98,3.88119393721e-08,0.0022774248816378995,10037,627.3125,626.163125,589.3756249999997,6.4924550862424155,250.0,26.425559388459273,1028.01,120,34,()
yj_m,,False,1789432148185,8.549666954860808,3.6882860581831505,0.09482534335355271,170389115.99391022,1889805.3588677973,19929327.878326025,8594576.281475492,0.98,3.88119393721e-08,0.0022774248816378995,10057,628.5625,627.413125,600.1506249999998,6.656339876153786,250.0,26.425559388459273,1028.01,120,34,()
yj_m,,False,1789432148289,8.713316370612002,3.7586942256297657,0.08896846978366747,173650538.85751224,1773081.8051516514,19929327.878326025,8594576.281475492,0.98,3.88119393721e-08,0.0022774248816378995,10089,630.5625,629.413125,611.6381249999997,6.245212009761958,250.0,26.425559388459273,1028.01,120,34,()
yj_m,,False,1789432148393,8.944491203613307,3.85743895086469,0.028195581184895634,178257697.9016125,561918.9821537454,19929327.878326025,8594576.281475492,0.98,3.88119393721e-08,0.0022774248816378995,9689,605.5625,604.413125,627.8656249999997,1.9792110920452626,250.0,26.425559388459273,1028.01,120,34,()
yj_m,,False,1789432148498,8.840389518686054,3.8127665307621843,0.04976302758613585,176183021.29001102,991743.6929822847,19929327.878326025,8594576.281475492,0.98,3.88119393721e-08,0.0022774248816378995,9946,621.625,620.475625,620.5581249999997,3.4931550276039847,250.0,26.425559388459273,1028.01,120,34,()
yj_m,,False,1789432148603,8.790208446478559,3.7912105817855672,0.055723278334061835,175182946.24870196,1110527.4843747388,19929327.878326025,8594576.281475492,0.98,3.88119393721e-08,0.0022774248816378995,9327,582.9375,581.788125,617.0356249999998,3.911539536662643,250.0,26.425559388459273,1028.01,120,34,()
yj_m,,False,1789432148708,8.664524270594779,3.7373050485546218,0.07262146522918016,172678145.09839696,1447296.9915567832,19929327.878326025,8594576.281475492,0.98,3.88119393721e-08,0.0022774248816378995,9837,614.8125,613.663125,608.2131249999998,5.097721113093085,250.0,26.425559388459273,1028.01,120,35,()
yj_m,,False,1789432148812,8.616480078680011,3.7164830747892275,0.0669374037442238,171720656.6450783,1334017.4665425245,19929327.878326025,8594576.281475492,0.98,3.88119393721e-08,0.0022774248816378995,9942,621.375,620.225625,604.8406249999997,4.698723927501487,250.0,26.425559388459273,1028.01,120,35,()
yj_m,,False,1789432148916,8.626167269340367,3.7204792857782616,0.05599741737594427,171913715.84396833,1115990.8912246628,19929327.878326025,8594576.281475492,0.98,3.88119393721e-08,0.0022774248816378995,9622,601.375,600.225625,605.5206249999997,3.9307829432410792,250.0,26.425559388459273,1028.01,120,35,()
yj_m,,False,1789432149022,8.65907522584833,3.7346928929844636,0.05754752515147191,172569549.2990213,1146883.4973298959,19929327.878326025,8594576.281475492,0.98,3.88119393721e-08,0.0022774248816378995,9845,615.3125,614.163125,607.8306249999997,4.039593982923902,250.0,26.425559388459273,1028.01,121,35,()
yj_m,,False,1789432149126,8.69034490746521,3.7481095872892065,0.05301537475050479,173192733.0366149,1056560.7859951365,19929327.878326025,8594576.281475492,0.98,3.88119393721e-08,0.0022774248816378995,9268,579.25,578.100625,610.0256249999998,3.721456105729987,250.0,26.425559388459273,1028.01,121,35,()
yj_m,,False,1789432149231,8.747292767266334,3.7725486333753224,0.043870138061712444,174327665.6065604,874302.3654992975,19929327.878326025,8594576.281475492,0.98,3.88119393721e-08,0.0022774248816378995,10139,633.6875,632.538125,614.0231249999997,3.0794989928355228,250.0,26.425559388459273,1028.01,121,35,()
yj_m,,False,1789432149335,8.78258690676784,3.787785657092165,0.04534392073752547,175031054.08486933,903673.863666973,19929327.878326025,8594576.281475492,0.98,3.88119393721e-08,0.0022774248816378995,9858,616.125,614.975625,616.5006249999997,3.18295233185717,250.0,26.425559388459273,1028.01,121,35,()
yj_m,,False,1789432149440,8.748574895441969,3.7732452961231564,0.05485977103732967,174353217.5593547,1093318.364332836,19929327.878326025,8594576.281475492,0.98,3.88119393721e-08,0.0022774248816378995,9959,622.4375,621.288125,614.1131249999997,3.850924959912229,250.0,26.425559388459273,1028.01,121,35,()
yj_m,,False,1789432149545,8.641730880805715,3.72747402860627,0.07245856949494461,172223888.15983215,1444050.589059224,19929327.878326025,8594576.281475492,0.98,3.88119393721e-08,0.0022774248816378995,8964,560.25,559.100625,606.6131249999997,5.08628651836239,250.0,26.425559388459273,1028.01,121,35,()
yj_m,,False,1789432149649,8.625953581311096,3.7206479503015797,0.07124878540255741,171909457.18516928,1419940.405220058,19929327.878326025,8594576.281475492,0.98,3.88119393721e-08,0.0022774248816378995,9782,611.375,610.225625,605.5056249999997,5.001364768428213,250.0,26.425559388459273,1028.01,121,35,()
yj_m,,False,1789432149754,8.533569123322282,3.6807811484387676,0.06951563071992257,170068297.0310488,1385399.7972859712,19929327.878326025,8594576.281475492,0.98,3.88119393721e-08,0.0022774248816378995,9770,610.625,609.475625,599.0206249999997,4.879704606518206,250.0,26.425559388459273,1028.01,121,36,()
yj_m,,False,1789432149859,8.481464858851334,3.6581761131507284,0.06177134226974743,169029894.06054834,1231061.3335780976,19929327.878326025,8594576.281475492,0.98,3.88119393721e-08,0.0022774248816378995,9666,604.125,602.975625,595.3631249999997,4.336088161796874,250.0,26.425559388459273,1028.01,121,36,()
yj_m,,False,1789432149963,8.527372170473377,3.6780263665592194,0.06498683438940843,169944795.9258765,1295143.9303209938,19929327.878326025,8594576.281475492,0.98,3.88119393721e-08,0.0022774248816378995,10072,629.5,628.350625,598.5856249999997,4.561802170948999,250.0,26.425559388459273,1028.01,121,36,()
yj_m,,False,1789432150068,8.66260107833133,3.7361343705346184,0.05217598545828255,172639817.16920552,1039832.3215728826,19929327.878326025,8594576.281475492,0.98,3.88119393721e-08,0.0022774248816378995,10091,630.6875,629.538125,608.0781249999997,3.662534511356173,250.0,26.425559388459273,1028.01,122,36,()
yj_m,,False,1789432150172,8.711963013093278,3.757447200654034,0.054115102061765244,173623567.35178494,1078477.6121579965,19929327.878326025,8594576.281475492,0.98,3.88119393721e-08,0.0022774248816378995,9379,586.1875,585.038125,611.5431249999997,3.7986523329827118,250.0,26.425559388459273,1028.01,122,36,()
yj_m,,False,1789432150277,8.69312285184575,3.749345004148033,0.05560696405293618,173248095.60100248,1108209.418929255,19929327.878326025,8594576.281475492,0.98,3.88119393721e-08,0.0022774248816378995,9526,595.375,594.225625,610.2206249999997,3.903374763826169,250.0,26.425559388459273,1028.01,122,36,()
yj_m,,False,1789432150382,8.661140876797965,3.7355645464127787,0.056296800726504705,172610716.33407873,1121957.400179295,19929327.878326025,8594576.281475492,0.98,3.88119393721e-08,0.0022774248816378995,9752,609.5,608.350625,607.9756249999997,3.9517983940068353,250.0,26.425559388459273,1028.01,122,36,()
yj_m,,False,1789432150487,8.668121352420869,3.7386069918834277,0.05841126491120361,172749832.5215142,1164097.2502031347,19929327.878326025,8594576.281475492,0.98,3.88119393721e-08,0.0022774248816378995,10239,639.9375,638.788125,608.4656249999997,4.100224877598179,250.0,26.425559388459273,1028.01,122,36,()
yj_m,,False,1789432150591,8.622926334229735,3.7190588996100375,0.054456469406922454,171849126.18551615,1085280.833906585,19929327.878326025,8594576.281475492,0.98,3.88119393721e-08,0.0022774248816378995,9783,611.4375,610.288125,605.2931249999997,3.822614883410961,250.0,26.425559388459273,1028.01,122,36,()
yj_m,,False,1789432150695,8.636495524088538,3.7249837030375748,0.059282513047343756,172119551.01925552,1181460.6399716537,19929327.878326025,8594576.281475492,0.98,3.88119393721e-08,0.0022774248816378995,9075,567.1875,566.038125,606.2456249999997,4.161382828685076,250.0,26.425559388459273,1028.01,122,37,()
yj_m,,False,1789432150801,8.566583923844885,3.6952547187913467,0.0812040884994492,170726259.8155013,1618342.9047661263,19929327.878326025,8594576.281475492,0.98,3.88119393721e-08,0.0022774248816378995,8599,537.4375,536.288125,601.3381249999998,5.700185132684289,250.0,26.425559388459273,1028.01,122,37,()
yj_m,,False,1789432150905,8.506786890320127,3.6695869319437633,0.08618368933705976,169534545.12823516,1717583.0025620544,19929327.878326025,8594576.281475492,0.98,3.88119393721e-08,0.0022774248816378995,9329,583.0625,581.913125,597.1406249999997,6.049732146704926,250.0,26.425559388459273,1028.01,122,37,()
yj_m,,False,1789432151010,8.392428179987796,3.6199906410157032,0.07286483009269812,167255452.89427954,1452147.0897158966,19929327.878326025,8594576.281475492,0.98,3.88119393721e-08,0.0022774248816378995,9355,584.6875,583.538125,589.1131249999997,5.1148043019137095,250.0,26.425559388459273,1028.01,123,37,()
yj_m,,False,1789432151114,8.435878079273202,3.638964721545416,0.0839983311272817,168121380.1834187,1674030.2822677959,19929327.878326025,8594576.281475492,0.98,3.88119393721e-08,0.0022774248816378995,10030,626.875,625.725625,592.1631249999997,5.896329201026262,250.0,26.425559388459273,1028.01,123,37,()
yj_m,,False,1789432151219,8.57484652764342,3.699137181407473,0.09466696932358963,170890927.955731,1886649.0708972488,19929327.878326025,8594576.281475492,0.98,3.88119393721e-08,0.0022774248816378995,10319,644.9375,643.788125,601.9181249999997,6.645222686026029,250.0,26.425559388459273,1028.01,123,37,()
yj_m,,False,1789432151324,8.801890058745458,3.796485191269568,0.07005567512834429,175415752.9297164,1396162.5193702641,19929327.878326025,8594576.281475492,0.98,3.88119393721e-08,0.0022774248816378995,10501,656.3125,655.163125,617.8556249999997,4.917613450330862,250.0,26.425559388459273,1028.01,123,37,()
yj_m,,False,1789432151429,8.963224520846197,3.8659472071436793,0.06416410556870246,178631040.32299545,1278747.4978981973,19929327.878326025,8594576.281475492,0.98,3.88119393721e-08,0.0022774248816378995,10431,651.9375,650.788125,629.1806249999997,4.504050071532841,250.0,26.425559388459273,1028.01,123,37,()
yj_m,,False,1789432151533,9.141867713318012,3.942697032613323,0.043681093783119566,182191279.0789971,870534.840087698,19929327.878326025,8594576.281475492,0.98,3.88119393721e-08,0.0022774248816378995,10544,659.0,657.850625,641.7206249999996,3.0662288803797737,250.0,26.425559388459273,1028.01,123,37,()
yj_m,,False,1789432151637,9.207826085020125,3.9711215661850474,0.041969464219422103,183505785.09496903,836423.2133065359,19929327.878326025,8594576.281475492,0.98,3.88119393721e-08,0.0022774248816378995,10594,662.125,660.975625,646.3506249999996,2.9460796911955724,250.0,26.425559388459273,1028.01,123,37,()
yj_m,,False,1789432151742,9.240805270871183,3.985267954078988,0.03409075069482774,184163038.10295495,679405.74821549,19929327.878326025,8594576.281475492,0.98,3.88119393721e-08,0.0022774248816378995,10259,641.1875,640.038125,648.6656249999995,2.3930271721973826,250.0,26.425559388459273,1028.01,123,38,()
yj_m,,False,1789432151847,9.057425327083827,3.9069945035215707,0.08640027951076512,180508399.07690778,1721899.4991490515,19929327.878326025,8594576.281475492,0.98,3.88119393721e-08,0.0022774248816378995,9274,579.625,578.475625,635.7931249999996,6.0649358650256975,250.0,26.425559388459273,1028.01,123,38,()
yj_m,,False,1789432151952,8.937724416019677,3.8555352211773206,0.09282228448939128,178122840.37297606,1849885.7420043317,19929327.878326025,8594576.281475492,0.98,3.88119393721e-08,0.0022774248816378995,9990,624.375,623.225625,627.3906249999997,6.51573357703298,250.0,26.425559388459273,1028.01,123,38,()
yj_m,,False,1789432152056,8.90054269892626,3.8394044596855705,0.08855851678484454,177381833.74194226,1764911.7174234025,19929327.878326025,8594576.281475492,0.98,3.88119393721e-08,0.0022774248816378995,10325,645.3125,644.163125,624.7806249999998,6.216435035201044,250.0,26.425559388459273,1028.01,124,38,()
yj_m,,False,1789432152161,8.892529397828543,3.8359108419506027,0.08686249972441384,177222134.03697807,1731111.2373388454,19929327.878326025,8594576.281475492,0.98,3.88119393721e-08,0.0022774248816378995,10466,654.125,652.975625,624.2181249999998,6.097381778015461,250.0,26.425559388459273,1028.01,124,38,()
yj_m,,False,1789432152266,8.906454734402802,3.8418816516554073,0.0853908220983967,177499656.63538247,1701781.691398753,19929327.878326025,8594576.281475492,0.98,3.88119393721e-08,0.0022774248816378995,10234,639.625,638.475625,625.1956249999997,5.994076204626949,250.0,26.425559388459273,1028.01,124,38,()
yj_m,,False,1789432152370,9.02676109488322,3.8932167728126204,0.05592940818783802,179897281.53924483,1114635.5138161532,19929327.878326025,8594576.281475492,0.98,3.88119393721e-08,0.0022774248816378995,9582,598.875,597.725625,633.6406249999997,3.9260089845637127,250.0,26.425559388459273,1028.01,124,38,()
yj_m,,False,1789432152475,9.038798853865572,3.89839759394748,0.05523082393393376,180137185.9849244,1100713.1991694616,19929327.878326025,8594576.281475492,0.98,3.88119393721e-08,0.0022774248816378995,10314,644.625,643.475625,634.4856249999997,3.8769713110719555,250.0,26.425559388459273,1028.01,124,38,()
yj_m,,False,1789432152580,8.895734718267631,3.8368327509934046,0.06336159288923751,177286013.9189637,1262753.9595826245,19929327.878326025,8594576.281475492,0.98,3.88119393721e-08,0.0022774248816378995,9877,617.3125,616.163125,624.4431249999997,4.447717060119158,250.0,26.425559388459273,1028.01,124,38,()
yj_m,,False,1789432152684,8.810010203857814,3.7997597017709386,0.056433328771554436,175577581.96408015,1124678.3123536792,19929327.878326025,8594576.281475492,0.98,3.88119393721e-08,0.0022774248816378995,9899,618.6875,617.538125,618.4256249999997,3.961382087968163,250.0,26.425559388459273,1028.01,124,39,()
yj_m,,False,1789432152789,8.803350260278819,3.796925872605701,0.058932809161369476,175444853.76484323,1174491.276567748,19929327.878326025,8594576.281475492,0.98,3.88119393721e-08,0.0022774248816378995,10429,651.8125,650.663125,617.9581249999997,4.1368350881894,250.0,26.425559388459273,1028.01,124,39,()
yj_m,,False,1789432152893,8.852106745624495,3.8179211070685906,0.05704907819326266,176416537.74749202,1136949.7844697903,19929327.878326025,8594576.281475492,0.98,3.88119393721e-08,0.0022774248816378995,9979,623.6875,622.538125,621.3806249999997,4.004605104985385,250.0,26.425559388459273,1028.01,124,39,()
yj_m,,False,1789432152997,8.848901425185408,3.816511886921707,0.05520832783660423,176352657.86550635,1100264.8670697985,19929327.878326025,8594576.281475492,0.98,3.88119393721e-08,0.0022774248816378995,9949,621.8125,620.663125,621.1556249999998,3.875392179750974,250.0,26.425559388459273,1028.01,125,39,()
yj_m,,False,1789432153103,8.897978442574994,3.8374793157923555,0.039390047106470934,177330729.8363537,785017.1639275668,19929327.878326025,8594576.281475492,0.98,3.88119393721e-08,0.0022774248816378995,10156,634.75,633.600625,624.6006249999997,2.765015469554375,250.0,26.425559388459273,1028.01,125,39,()
yj_m,,False,1789432153207,8.949121110914213,3.859539887099212,0.04000385140878345,178349968.84225848,797249.8711214776,19929327.878326025,8594576.281475492,0.98,3.88119393721e-08,0.0022774248816378995,10289,643.0625,641.913125,628.1906249999997,2.8081019473792255,250.0,26.425559388459273,1028.01,125,39,()
yj_m,,False,1789432153312,8.890962352280548,3.834476304694641,0.0415260400432972,177190903.87245172,827586.0675113673,19929327.878326025,8594576.281475492,0.98,3.88119393721e-08,0.0022774248816378995,9508,594.25,593.100625,624.1081249999997,2.9149531809061706,250.0,26.425559388459273,1028.01,125,39,()
yj_m,,False,1789432153416,8.793698684290012,3.792713709130386,0.055594859654285525,175252504.3424197,1107968.1863997746,19929327.878326025,8594576.281475492,0.98,3.88119393721e-08,0.0022774248816378995,9242,577.625,576.475625,617.2806249999998,3.90252508600201,250.0,26.425559388459273,1028.01,125,39,()
yj_m,,False,1789432153521,8.604299861011476,3.711708385517569,0.08957070102018319,171477913.09353274,1785083.868922738,19929327.878326025,8594576.281475492,0.98,3.88119393721e-08,0.0022774248816378995,8719,544.9375,543.788125,603.9856249999997,6.287486107092006,250.0,26.425559388459273,1028.01,125,39,()
yj_m,,False,1789432153626,8.553442110044625,3.6897087737133885,0.08649020343217775,170464352.29936,1723691.6224629895,19929327.878326025,8594576.281475492,0.98,3.88119393721e-08,0.0022774248816378995,9715,607.1875,606.038125,600.4156249999997,6.071248145717238,250.0,26.425559388459273,1028.01,125,39,()
yj_m,,False,1789432153730,8.537878498579277,3.6829554867209495,0.08462693359614999,170154179.98349622,1686557.9069749962,19929327.878326025,8594576.281475492,0.98,3.88119393721e-08,0.0022774248816378995,10588,661.75,660.600625,599.3231249999997,5.94045444784109,250.0,26.425559388459273,1028.01,125,40,()
yj_m,,False,1789432153835,8.462482238917628,3.650865902079924,0.10101188780899784,168651583.20389983,2013099.0317542006,19929327.878326025,8594576.281475492,0.98,3.88119393721e-08,0.0022774248816378995,8997,562.3125,561.163125,594.0306249999998,7.090609250753775,250.0,26.425559388459273,1028.01,125,40,()
yj_m,,False,1789432153940,8.422843109487578,3.633900386524505,0.10532282351886393,167861601.99667695,2099013.082978505,19929327.878326025,8594576.281475492,0.98,3.88119393721e-08,0.0022774248816378995,8925,557.8125,556.663125,591.2481249999997,7.393218787975573,250.0,26.425559388459273,1028.01,125,40,()
yj_m,,False,1789432154045,8.491116434840144,3.6631921281687774,0.10037026195376561,169222243.48297188,2000311.859710068,19929327.878326025,8594576.281475492,0.98,3.88119393721e-08,0.0022774248816378995,9015,563.4375,562.288125,596.0406249999997,7.045569817046384,250.0,26.425559388459273,1028.01,126,40,()
yj_m,,False,1789432154149,8.517613750469934,3.674722061243492,0.10422008960383881,169750317.17405346,2077036.3372234215,19929327.878326025,8594576.281475492,0.98,3.88119393721e-08,0.0022774248816378995,10205,637.8125,636.663125,597.9006249999998,7.315811509796778,250.0,26.425559388459273,1028.01,126,40,()
yj_m,,False,1789432154254,8.339469163399755,3.5973658257892343,0.08255128034443884,166200015.28858286,1645191.5327599326,19929327.878326025,8594576.281475492,0.98,3.88119393721e-08,0.0022774248816378995,9181,573.8125,572.663125,585.3956249999997,5.794752328346312,250.0,26.425559388459273,1028.01,126,40,()
yj_m,,False,1789432154358,8.303996950540522,3.5819053743639153,0.07495505374691165,165493077.9279414,1493803.842259753,19929327.878326025,8594576.281475492,0.98,3.88119393721e-08,0.0022774248816378995,9120,570.0,568.850625,582.9056249999998,5.261529202320841,250.0,26.425559388459273,1028.01,126,40,()
yj_m,,False,1789432154463,8.377897393997262,3.613594875424712,0.06607131435176558,166965864.0959445,1316756.887068283,19929327.878326025,8594576.281475492,0.98,3.88119393721e-08,0.0022774248816378995,9783,611.4375,610.288125,588.0931249999998,4.6379280985020666,250.0,26.425559388459273,1028.01,126,40,()
yj_m,,False,1789432154568,8.53698813179064,3.682782050257648,0.0933362079144276,170136435.57183352,1860127.890446237,19929327.878326025,8594576.281475492,0.98,3.88119393721e-08,0.0022774248816378995,10067,629.1875,628.038125,599.2606249999997,6.551808837784799,250.0,26.425559388459273,1028.01,126,40,()
yj_m,,False,1789432154672,8.558535008075616,3.6921563115937404,0.0966435349202017,170565850.3340706,1926040.694745152,19929327.878326025,8594576.281475492,0.98,3.88119393721e-08,0.0022774248816378995,10215,638.4375,637.288125,600.7731249999997,6.783969269305028,250.0,26.425559388459273,1028.01,126,41,()
yj_m,,False,1789432154777,8.722825487914628,3.762826627793243,0.09034161613913304,173840049.17406976,1800447.6890946508,19929327.878326025,8594576.281475492,0.98,3.88119393721e-08,0.0022774248816378995,9830,614.375,613.225625,612.3056249999997,6.34160110278745,250.0,26.425559388459273,1028.01,126,41,()
yj_m,,False,1789432154882,8.883340812569827,3.831517388617855,0.06508060477156691,177039011.7086191,1297012.7110123062,19929327.878326025,8594576.281475492,0.98,3.88119393721e-08,0.0022774248816378995,10642,665.125,663.975625,623.5731249999997,4.568384456990786,250.0,26.425559388459273,1028.01,126,41,()
yj_m,,False,1789432154987,11.486167853123574,5.119326691087303,1.2926445867540715,228911605.21038762,25761537.79956514,19929327.878326025,8594576.281475492,0.98,3.88119393721e-08,0.0022774248816378995,32767,2047.9375,2046.788125,806.2806249999994,90.73820778507186,250.0,26.425559388459273,1028.01,127,41,()
yj_m,,False,1789432155091,15.484413339498323,6.933832031428736,1.867194991540047,308593950.4463871,37211941.19916979,19929327.878326025,8594576.281475492,0.98,3.88119393721e-08,0.0022774248816378995,32767,2047.9375,2046.788125,1086.9406249999995,131.06922726768047,250.0,26.425559388459273,1028.01,127,41,()
yj_m,,False,1789432155195,20.316042140035837,8.983769464707594,1.98668006708762,404885064.9986624,39593198.44632392,19929327.878326025,8594576.281475492,0.98,3.88119393721e-08,0.0022774248816378995,32767,2047.9375,2046.788125,1426.1006249999994,139.456576523113,250.0,26.425559388459273,1028.01,127,41,()
yj_m,,False,1789432155300,24.39456309607396,10.654330122274223,1.685141169186946,486167246.3901698,33583730.88199231,19929327.878326025,8594576.281475492,0.98,3.88119393721e-08,0.0022774248816378995,32767,2047.9375,2046.788125,1712.3956249999994,118.28981540921801,250.0,26.425559388459273,1028.01,127,41,()
yj_m,,False,1789432155413,40.00505094967006,17.89208214450816,4.741859893051524,566892253.2554688,13288540.0701884,6682599.725400476,2881889.1158383493,0.98,3.88119393721e-08,0.0007636543982602175,32767,2047.9375,2046.788125,1996.7281249999994,46.805370060996985,250.0,31.171031425848543,1028.01,127,41,()
yj_m,,False,1789432155517,54.590108430360836,24.2313622608092,5.738203273372099,581104817.2208153,100060.07497699474,6682599.725400476,2881889.1158383493,0.98,3.88119393721e-08,0.0007636543982602175,32767,2047.9375,2046.788125,2046.7881249999994,0.35243516691017096,250.0,31.171031425848543,1028.01,127,41,()
yj_m,,False,1789432155622,66.15003284508197,29.06200785227872,5.548775409917532,581104817.2208153,100060.07497699474,6682599.725400476,2881889.1158383493,0.98,3.88119393721e-08,0.0007636543982602175,32767,2047.9375,2046.788125,2046.7881249999994,0.35243516691017096,250.0,31.171031425848543,1028.01,127,41,()
yj_m,,False,1789432155727,77.70995725980309,33.779528549346594,4.237959416877099,581104817.2208153,100060.07497699474,6682599.725400476,2881889.1158383493,0.98,3.88119393721e-08,0.0007636543982602175,32767,2047.9375,2046.788125,2046.7881249999994,0.35243516691017096,250.0,31.171031425848543,1028.01,127,42,()
yj_m,,False,1789432155831,86.95789679158,37.50083000230633,0.014973225853505441,581104817.2208153,100060.07497699474,6682599.725400476,2881889.1158383493,0.98,3.88119393721e-08,0.0007636543982602175,32767,2047.9375,2046.788125,2046.7881249999994,0.35243516691017096,250.0,31.171031425848543,1028.01,127,42,()
yj_m,,False,1789432155945,121.5502056277063,54.214362226045345,13.836939363480713,581104817.2208153,100060.07497699474,2235711.245943094,964156.491574793,0.98,3.88119393721e-08,0.00025548600789522205,32767,2047.9375,2046.788125,2046.7881249999994,0.35243516691017096,250.0,35.92632879718279,1028.01,127,42,()
yj_m,,False,1789432156049,156.1425144638326,69.4366384052452,16.946722462138386,581104817.2208153,100060.07497699474,2235711.245943094,964156.491574793,0.98,3.88119393721e-08,0.00025548600789522205,32767,2047.9375,2046.788125,2046.7881249999994,0.35243516691017096,250.0,35.92632879718279,1028.01,128,42,()
yj_m,,False,1789432156153,190.73482329995892,83.98250588779571,16.946732958827305,581104817.2208153,100060.07497699474,2235711.245943094,964156.491574793,0.98,3.88119393721e-08,0.00025548600789522205,32767,2047.9375,2046.788125,2046.7881249999994,0.35243516691017096,250.0,35.92632879718279,1028.01,128,42,()
yj_m,,False,1789432156258,232.2455939033105,100.95622993140783,12.681812948174738,581104817.2208153,100060.07497699474,2235711.245943094,964156.491574793,0.98,3.88119393721e-08,0.00025548600789522205,32767,2047.9375,2046.788125,2046.7881249999994,0.35243516691017096,250.0,35.92632879718279,1028.01,128,42,()
yj_m,,False,1789432156363,259.91944097221153,112.09096735119294,0.04475536595280945,581104817.2208153,100060.07497699474,2235711.245943094,964156.491574793,0.98,3.88119393721e-08,0.00025548600789522205,32767,2047.9375,2046.788125,2046.7881249999994,0.35243516691017096,250.0,35.92632879718279,1028.01,128,42,()
yj_m,,False,1789432156475,260.22697595162924,115.59780349721308,27.72579005284763,503805901.35934806,37174048.33921701,744329.475472235,320994.08944212226,0.98,3.88119393721e-08,8.50582858552147e-05,176,11.0,9.850625,1774.5231249999995,130.935759684079,250.0,40.70283373692565,1028.01,128,42,()
yj_m,,False,1789432156580,208.6722456896321,96.40299994922398,34.57244787754645,387904372.81393665,53051785.02027245,744329.475472235,320994.08944212226,0.98,3.88119393721e-08,8.50582858552147e-05,82,5.125,3.975625,1366.2906249999994,186.86089044807343,250.0,40.70283373692565,1028.01,128,42,()
yj_m,,False,1789432156685,156.96208215802372,77.41490411205429,37.564450080483624,271887150.7044845,56346472.3294343,744329.475472235,320994.08944212226,0.98,3.88119393721e-08,8.50582858552147e-05,77,4.8125,3.663125,957.6506249999993,198.46555566532663,250.0,40.70283373692565,1028.01,128,43,()
yj_m,,False,1789432156789,105.18421456419202,58.916793319955524,37.597479003553325,155819534.46591038,49590150.44289883,744329.475472235,320994.08944212226,0.98,3.88119393721e-08,8.50582858552147e-05,65,4.0625,2.913125,548.8331249999993,174.6681976049071,250.0,40.70283373692565,1028.01,128,43,()
yj_m,,False,1789432156893,53.407300548701414,41.61788934157924,34.66372383822448,39752628.00380294,25801231.382420026,744329.475472235,320994.08944212226,0.98,3.88119393721e-08,8.50582858552147e-05,60,3.75,2.600625,140.01812500000003,90.87801793914122,250.0,40.70283373692565,1028.01,128,43,()
yj_m,,False,1789432157007,32.546839386442734,21.489482767843793,16.2724012313196,71204952.56415038,36499240.22486242,2235711.245943094,964156.491574793,0.98,3.88119393721e-08,0.00025548600789522205,32767,2047.9375,2046.788125,250.80062500000003,128.55892646194144,250.0,35.92632879718279,1028.01,129,43,()
yj_m,,False,1789432157111,84.15783077056905,43.37621822929053,23.754859204637775,187148357.92108557,53249097.83552945,2235711.245943094,964156.491574793,0.98,3.88119393721e-08,0.00025548600789522205,32767,2047.9375,2046.788125,659.1806249999995,187.55587268743918,250.0,35.92632879718279,1028.01,129,43,()
yj_m,,False,1789432157215,146.23272217301906,67.95400647760353,25.31349181228148,326385917.13233095,56719328.58987132,2235711.245943094,964156.491574793,0.98,3.88119393721e-08,0.00025548600789522205,32767,2047.9375,2046.788125,1149.6081249999995,199.77884329189334,250.0,35.92632879718279,1028.01,129,43,()
yj_m,,False,1789432157321,198.0134505018743,88.09268500706652,21.63826159577393,442455662.7003047,48466176.36904883,2235711.245943094,964156.491574793,0.98,3.88119393721e-08,0.00025548600789522205,32767,2047.9375,2046.788125,1558.4331249999998,170.70929601092863,250.0,35.92632879718279,1028.01,129,43,()
yj_m,,False,1789432157425,249.81556648302669,108.10766526791424,8.985048897517196,558515471.3977472,20087974.865527794,2235711.245943094,964156.491574793,0.98,3.88119393721e-08,0.00025548600789522205,32767,2047.9375,2046.788125,1967.2231249999995,70.75458194736846,250.0,35.92632879718279,1028.01,129,43,()
yj_m,,False,1789432157537,263.62743631625466,117.22180650681227,28.557423028920375,506336964.23891383,36674913.41898388,744329.475472235,320994.08944212226,0.98,3.88119393721e-08,8.50582858552147e-05,176,11.0,9.850625,1783.4381249999994,129.17768885549424,250.0,40.70283373692565,1028.01,129,43,()
yj_m,,False,1789432157642,212.03456292061065,98.07185047298753,35.45034872177101,390407044.63484216,52933762.28034373,744329.475472235,320994.08944212226,0.98,3.88119393721e-08,8.50582858552147e-05,72,4.5,3.350625,1375.1056249999995,186.44518654163983,250.0,40.70283373692565,1028.01,129,43,()
yj_m,,False,1789432157747,160.2605096401436,79.14454728993462,38.56531535881821,274342267.50213397,56450730.36969212,744329.475472235,320994.08944212226,0.98,3.88119393721e-08,8.50582858552147e-05,52,3.25,2.100625,966.2981249999992,198.83277705536096,250.0,40.70283373692565,1028.01,129,44,()
yj_m,,False,1789432157851,108.45022038271195,60.75433602077628,38.77767331797202,158250518.86369863,49940405.182437375,744329.475472235,320994.08944212226,0.98,3.88119393721e-08,8.50582858552147e-05,57,3.5625,2.413125,557.3956249999994,175.90187734798872,250.0,40.70283373692565,1028.01,129,44,()
yj_m,,False,1789432157956,25.43694064539408,23.51500738385491,20.79952347385807,18933464.688204553,15481698.397369212,744329.475472235,320994.08944212226,0.98,3.88119393721e-08,8.50582858552147e-05,38,2.375,1.225625,66.68812500000003,54.530190587846604,250.0,40.70283373692565,1028.01,129,44,()
yj_m,,False,1789432158069,31.01989427948516,20.746837358482765,15.85799750211027,68061352.5939886,35550277.73134739,2235711.245943094,964156.491574793,0.98,3.88119393721e-08,0.00025548600789522205,32767,2047.9375,2046.788125,239.72812500000003,125.21645690182612,250.0,35.92632879718279,1028.01,130,44,()
yj_m,,False,1789432158173,82.67856458067017,42.75837306147974,23.60030158794166,184040246.77424923,52874697.89355021,2235711.245943094,964156.491574793,0.98,3.88119393721e-08,0.00025548600789522205,32767,2047.9375,2046.788125,648.2331249999997,186.2371478506554,250.0,35.92632879718279,1028.01,130,44,()
yj_m,,False,1789432158277,144.81257784027295,67.38118840851597,25.30060064093633,323321812.1264181,56664235.36583803,2235711.245943094,964156.491574793,0.98,3.88119393721e-08,0.00025548600789522205,32767,2047.9375,2046.788125,1138.8156249999997,199.58479197210113,250.0,35.92632879718279,1028.01,130,44,()
yj_m,,False,1789432158383,196.63431003779863,87.54248103509164,21.744029047414003,439422078.08245146,48683717.56138099,2235711.245943094,964156.491574793,0.98,3.88119393721e-08,0.00025548600789522205,32767,2047.9375,2046.788125,1547.7481249999994,171.47552736191503,250.0,35.92632879718279,1028.01,130,44,()
yj_m,,False,1789432158487,248.47551576289695,107.5760743223412,9.500539494641055,555519504.932619,21240462.990695514,2235711.245943094,964156.491574793,0.98,3.88119393721e-08,0.00025548600789522205,32767,2047.9375,2046.788125,1956.6706249999995,74.8139167504741,250.0,35.92632879718279,1028.01,130,44,()
yj_m,,False,1789432158599,268.2904344045941,119.52468980930811,29.990608266258644,509807771.16013557,36130746.042397596,744329.475472235,320994.08944212226,0.98,3.88119393721e-08,8.50582858552147e-05,178,11.125,9.975625,1795.6631249999994,127.26100310207711,250.0,40.70283373692565,1028.01,130,44,()
yj_m,,False,1789432158704,216.70614321402059,100.46687331578946,36.87459183625076,393884239.54426247,52861644.48985688,744329.475472235,320994.08944212226,0.98,3.88119393721e-08,8.50582858552147e-05,82,5.125,3.975625,1387.3531249999994,186.1911706863322,250.0,40.70283373692565,1028.01,130,45,()
yj_m,,False,1789432158809,165.00074757411815,81.68269626758608,40.10912465440906,277870566.3171429,56658710.41098827,744329.475472235,320994.08944212226,0.98,3.88119393721e-08,8.50582858552147e-05,66,4.125,2.975625,978.7256249999995,199.56533177896122,250.0,40.70283373692565,1028.01,130,45,()
yj_m,,False,1789432158913,102.84289485598599,59.94310688813247,40.32543184483783,138571256.55331135,47842047.08588192,744329.475472235,320994.08944212226,0.98,3.88119393721e-08,8.50582858552147e-05,58,3.625,2.475625,488.08062499999954,168.51096557656678,250.0,40.70283373692565,1028.01,130,45,()
yj_m,,False,1789432159020,30.20006445955676,27.83474584949898,24.599840880741297,22478798.138409585,18310386.659462616,744329.475472235,320994.08944212226,0.98,3.88119393721e-08,8.50582858552147e-05,54,3.375,2.225625,79.17562500000003,64.49349733148975,250.0,40.70283373692565,1028.01,131,45,()
yj_m,,False,1789432159133,29.202492917060326,19.733099158163846,15.191941609514474,63841731.500601426,34070329.2755013,2235711.245943094,964156.491574793,0.98,3.88119393721e-08,0.00025548600789522205,32767,2047.9375,2046.788125,224.865625,120.0037296359862,250.0,35.92632879718279,1028.01,131,45,()
yj_m,,False,1789432159237,91.16295491856948,46.11522607227222,24.103988836254434,202994117.5358659,54011959.348282084,2235711.245943094,964156.491574793,0.98,3.88119393721e-08,0.00025548600789522205,32767,2047.9375,2046.788125,714.9931249999998,190.2428507317604,250.0,35.92632879718279,1028.01,131,45,()
yj_m,,False,1789432159342,142.9265188372836,66.60282623680152,25.234138116128978,319051087.12744236,56526712.32575689,2235711.245943094,964156.491574793,0.98,3.88119393721e-08,0.00025548600789522205,32767,2047.9375,2046.788125,1123.7731249999997,199.10040341256695,250.0,35.92632879718279,1028.01,131,45,()
yj_m,,False,1789432159447,194.71106147950357,86.76834260582623,21.859549883565503,435123671.80128205,48940440.432765104,2235711.245943094,964156.491574793,0.98,3.88119393721e-08,0.00025548600789522205,32767,2047.9375,2046.788125,1532.6081249999995,172.37976582112785,250.0,35.92632879718279,1028.01,131,45,()
yj_m,,False,1789432159551,246.5538557276101,106.81140643355221,10.160840445599037,551223227.9808489,22716705.252459202,2235711.245943094,964156.491574793,0.98,3.88119393721e-08,0.00025548600789522205,32767,2047.9375,2046.788125,1941.5381249999994,80.0135899272547,250.0,35.92632879718279,1028.01,131,45,()
yj_m,,False,1789432159663,276.1603164543007,123.53543098048341,32.82395988620346,515665556.3382221,35478286.963195205,744329.475472235,320994.08944212226,0.98,3.88119393721e-08,8.50582858552147e-05,207,12.9375,11.788125,1816.2956249999995,124.96288844911868,250.0,40.70283373692565,1028.01,131,45,()
yj_m,,False,1789432159768,224.57793242040955,104.64247447660924,39.6251989765793,399743444.27528197,52933088.28849626,744329.475472235,320994.08944212226,0.98,3.88119393721e-08,8.50582858552147e-05,71,4.4375,3.288125,1407.9906249999995,186.44281258350208,250.0,40.70283373692565,1028.01,131,46,()
yj_m,,False,1789432159873,172.86204741875414,86.07645592788751,43.033333413779694,283721963.5070308,57204232.82587908,744329.475472235,320994.08944212226,0.98,3.88119393721e-08,8.50582858552147e-05,66,4.125,2.975625,999.3356249999994,201.4867902966516,250.0,40.70283373692565,1028.01,131,46,()
yj_m,,False,1789432159977,110.7089625923279,64.71291485223034,43.68427545823954,144426202.62553188,49154279.17472905,744329.475472235,320994.08944212226,0.98,3.88119393721e-08,8.50582858552147e-05,47,2.9375,1.788125,508.7031249999997,173.13295626929863,250.0,40.70283373692565,1028.01,131,46,()
yj_m,,False,1789432160082,38.04229273736938,34.673669467417085,30.546877604645488,28315999.79896737,22736941.38478034,744329.475472235,320994.08944212226,0.98,3.88119393721e-08,8.50582858552147e-05,46,2.875,1.725625,99.73562500000001,80.08486635467949,250.0,40.70283373692565,1028.01,132,46,()
yj_m,,False,1789432160195,38.33953756432979,23.97313486749231,17.359063584438974,84424539.25285281,38919798.8457967,2235711.245943094,964156.491574793,0.98,3.88119393721e-08,0.00025548600789522205,32767,2047.9375,2046.788125,297.363125,137.08470441864358,250.0,35.92632879718279,1028.01,132,46,()
yj_m,,False,1789432160300,90.01060438395005,45.64298787027074,24.010380434094692,200412660.52717808,53802348.752099074,2235711.245943094,964156.491574793,0.98,3.88119393721e-08,0.00025548600789522205,32767,2047.9375,2046.788125,705.9006249999999,189.50455280954833,250.0,35.92632879718279,1028.01,132,46,()
yj_m,,False,1789432160405,141.7627253625701,66.14162851862469,25.24200298584987,316461112.80115634,56540720.71235958,2235711.245943094,964156.491574793,0.98,3.88119393721e-08,0.00025548600789522205,32767,2047.9375,2046.788125,1114.6506249999993,199.14974425177374,250.0,35.92632879718279,1028.01,132,46,()
yj_m,,False,1789432160509,193.56538599327234,86.31890599476759,21.97222791533846,432547183.22785974,49196896.67859945,2235711.245943094,964156.491574793,0.98,3.88119393721e-08,0.00025548600789522205,32767,2047.9375,2046.788125,1523.5331249999995,173.28306516231427,250.0,35.92632879718279,1028.01,132,46,()
yj_m,,False,1789432160613,245.40905049264504,106.36543739124905,10.62619551257558,548663774.0426229,23757104.809055265,2235711.245943094,964156.491574793,0.98,3.88119393721e-08,0.00025548600789522205,32767,2047.9375,2046.788125,1932.5231249999995,83.67812237405234,250.0,35.92632879718279,1028.01,132,46,()
yj_m,,False,1789432160726,278.0093048578365,124.25486110111194,32.636119306892056,517041812.9067801,34896319.1257081,744329.475472235,320994.08944212226,0.98,3.88119393721e-08,8.50582858552147e-05,233,14.5625,13.413125,1821.1431249999994,122.91306056333832,250.0,40.70283373692565,1028.01,132,47,()
yj_m,,False,1789432160831,226.44408523408651,105.36415906752597,39.56236824439067,401132476.82023716,52662225.97991295,744329.475472235,320994.08944212226,0.98,3.88119393721e-08,8.50582858552147e-05,98,6.125,4.975625,1412.8831249999994,185.48877169399464,250.0,40.70283373692565,1028.01,132,47,()
yj_m,,False,1789432160935,164.33772574637783,83.1273280664941,43.44469784101558,261871494.98559707,56787197.830510914,744329.475472235,320994.08944212226,0.98,3.88119393721e-08,8.50582858552147e-05,60,3.75,2.600625,922.3731249999996,200.0178947533117,250.0,40.70283373692565,1028.01,132,47,()
yj_m,,False,1789432161040,112.53887942904028,65.39178700101682,43.825373474575805,145788263.66475978,49155118.95205603,744329.475472235,320994.08944212226,0.98,3.88119393721e-08,8.50582858552147e-05,54,3.375,2.225625,513.5006249999997,173.1359141629687,250.0,40.70283373692565,1028.01,133,47,()
yj_m,,False,1789432161145,39.86267379067001,35.37871422617058,30.92130141420421,29670963.073530216,23015636.062553495,744329.475472235,320994.08944212226,0.98,3.88119393721e-08,8.50582858552147e-05,45,2.8125,1.663125,104.50812500000002,81.06649469445978,250.0,40.70283373692565,1028.01,133,47,()
yj_m,,False,1789432161257,36.57529851423466,23.216441522862397,17.035534848694773,80535673.99285814,38188687.53996624,2235711.245943094,964156.491574793,0.98,3.88119393721e-08,0.00025548600789522205,32767,2047.9375,2046.788125,283.665625,134.50955808620768,250.0,35.92632879718279,1028.01,133,47,()
yj_m,,False,1789432161362,88.23396881541969,44.95151481222744,23.932189502831154,196514568.17311868,53614803.31145333,2235711.245943094,964156.491574793,0.98,3.88119393721e-08,0.00025548600789522205,32767,2047.9375,2046.788125,692.1706249999994,188.8439735656049,250.0,35.92632879718279,1028.01,133,47,()
yj_m,,False,1789432161467,140.0118364092514,65.46970129901939,25.307691951657453,312582184.41169274,56678204.067008324,2235711.245943094,964156.491574793,0.98,3.88119393721e-08,0.00025548600789522205,32767,2047.9375,2046.788125,1100.9881249999992,199.63399302986173,250.0,35.92632879718279,1028.01,133,47,()
yj_m,,False,1789432161572,191.82880071507125,85.65536599324751,22.20668940524926,428678901.48539376,49714776.90009643,2235711.245943094,964156.491574793,0.98,3.88119393721e-08,0.00025548600789522205,32767,2047.9375,2046.788125,1509.9081249999995,175.10716135997083,250.0,35.92632879718279,1028.01,133,47,()
yj_m,,False,1789432161676,253.92302353515618,109.66249577145673,5.875435663763682,567698559.3214214,13135777.58829159,2235711.245943094,964156.491574793,0.98,3.88119393721e-08,0.00025548600789522205,32767,2047.9375,2046.788125,1999.5681249999993,46.26730459565237,250.0,35.92632879718279,1028.01,133,48,()
yj_m,,False,1789432161789,280.71556019008756,125.29425462573856,32.29994192468884,519056158.5187285,33995366.856663726,744329.475472235,320994.08944212226,0.98,3.88119393721e-08,8.50582858552147e-05,256,16.0,14.850625,1828.2381249999994,119.73969432918592,250.0,40.70283373692565,1028.01,133,48,()
yj_m,,False,1789432161893,229.17322644652572,106.40384919902628,39.42207206259444,403163857.0673817,52243406.49649038,744329.475472235,320994.08944212226,0.98,3.88119393721e-08,8.50582858552147e-05,86,5.375,4.225625,1420.0381249999994,184.01359076314682,250.0,40.70283373692565,1028.01,133,48,()
yj_m,,False,1789432161997,167.08403136895808,84.15270949222193,43.47059170020345,263915651.20913872,56596923.417870045,744329.475472235,320994.08944212226,0.98,3.88119393721e-08,8.50582858552147e-05,58,3.625,2.475625,929.5731249999997,199.34770342681873,250.0,40.70283373692565,1028.01,134,48,()
yj_m,,False,1789432162102,115.2804171599147,66.37709239631668,43.98111128658157,147828871.00596896,49129185.493293695,744329.475472235,320994.08944212226,0.98,3.88119393721e-08,8.50582858552147e-05,46,2.875,1.725625,520.6881249999999,173.04457040903327,250.0,40.70283373692565,1028.01,134,48,()
yj_m,,False,1789432162207,42.615654461638506,36.37936220827322,31.395905130271515,31720087.7323374,23368897.597591046,744329.475472235,320994.08944212226,0.98,3.88119393721e-08,8.50582858552147e-05,49,3.0625,1.913125,111.725625,82.31076507995095,250.0,40.70283373692565,1028.01,134,48,()
yj_m,,False,1789432162320,35.28006713748045,22.711483304893473,16.861989607407896,77571647.46872278,37803330.3591095,2235711.245943094,964156.491574793,0.98,3.88119393721e-08,0.00025548600789522205,32767,2047.9375,2046.788125,273.22562500000004,133.1522392716205,250.0,35.92632879718279,1028.01,134,48,()
yj_m,,False,1789432162425,86.92157302852434,44.46880146651689,23.923563943807228,193537765.67258614,53600007.732974835,2235711.245943094,964156.491574793,0.98,3.88119393721e-08,0.00025548600789522205,32767,2047.9375,2046.788125,681.6856249999993,188.79186005108076,250.0,35.92632879718279,1028.01,134,48,()
yj_m,,False,1789432162529,138.69562630899136,64.98556373804014,25.407578027650953,309602542.8052942,56908203.63548254,2235711.245943094,964156.491574793,0.98,3.88119393721e-08,0.00025548600789522205,32767,2047.9375,2046.788125,1090.4931249999993,200.44410571789552,250.0,35.92632879718279,1028.01,134,48,()
yj_m,,False,1789432162634,190.50877630144652,85.16782641523929,22.443631345575238,425696420.77312917,50253899.36317822,2235711.245943094,964156.491574793,0.98,3.88119393721e-08,0.00025548600789522205,32767,2047.9375,2046.788125,1499.4031249999994,177.00607773900552,250.0,35.92632879718279,1028.01,134,48,()
yj_m,,False,1789432162739,252.64837211574823,109.18796185790819,7.124304012715545,564848806.8083937,15927886.600745648,2235711.245943094,964156.491574793,0.98,3.88119393721e-08,0.00025548600789522205,32767,2047.9375,2046.788125,1989.5306249999994,56.1017706008186,250.0,35.92632879718279,1028.01,134,49,()
yj_m,,False,1789432162851,283.7431714233141,126.50899849250753,32.114357158967955,521309698.7998898,33062881.001488943,744329.475472235,320994.08944212226,0.98,3.88119393721e-08,8.50582858552147e-05,296,18.5,17.350625,1836.1756249999994,116.45525937263149,250.0,40.70283373692565,1028.01,134,49,()
yj_m,,False,1789432162955,221.88188156928697,103.87493329809058,40.42238804179871,382231129.5171422,53646547.97517597,744329.475472235,320994.08944212226,0.98,3.88119393721e-08,8.50582858552147e-05,81,5.0625,3.913125,1346.3081249999998,188.955785753035,250.0,40.70283373692565,1028.01,134,49,()
yj_m,,False,1789432163060,170.1612286759257,85.37904029259009,43.64162009763558,266206099.86655855,56443736.660126284,744329.475472235,320994.08944212226,0.98,3.88119393721e-08,8.50582858552147e-05,64,4.0,2.850625,937.6406249999999,198.80814356194492,250.0,40.70283373692565,1028.01,135,49,()
yj_m,,False,1789432163165,118.3776396120469,67.5867798003538,44.29222638672398,150134224.96918538,49167606.468584396,744329.475472235,320994.08944212226,0.98,3.88119393721e-08,8.50582858552147e-05,51,3.1875,2.038125,528.808125,173.1798981393247,250.0,40.70283373692565,1028.01,135,49,()
yj_m,,False,1789432163269,45.70620186538251,37.67910922873102,32.11222203666373,34020473.26028826,23902073.38479786,744329.475472235,320994.08944212226,0.98,3.88119393721e-08,8.50582858552147e-05,54,3.375,2.225625,119.82812500000004,84.18873586500082,250.0,40.70283373692565,1028.01,135,49,()
yj_m,,False,1789432163382,34.64171389111557,22.44990450547292,16.757522532680202,76042079.18339908,37576326.944737144,2235711.245943094,964156.491574793,0.98,3.88119393721e-08,0.00025548600789522205,32767,2047.9375,2046.788125,267.83812500000005,132.35267974448746,250.0,35.92632879718279,1028.01,135,49,()
yj_m,,False,1789432163487,86.26986968538301,44.22327603515775,23.90715549896357,191998260.51673135,53574164.63948247,2235711.245943094,964156.491574793,0.98,3.88119393721e-08,0.00025548600789522205,32767,2047.9375,2046.788125,676.2631249999994,188.70083458492405,250.0,35.92632879718279,1028.01,135,49,()
yj_m,,False,1789432163591,138.00577983220307,64.72986637162158,25.45342911711625,308034646.5907792,57015490.65683778,2235711.245943094,964156.491574793,0.98,3.88119393721e-08,0.00025548600789522205,32767,2047.9375,2046.788125,1084.9706249999995,200.8219958932459,250.0,35.92632879718279,1028.01,135,49,()
yj_m,,False,1789432163696,200.1798433821352,88.92642853862259,21.33938850786651,447346022.5545414,47782760.25840438,2235711.245943094,964156.491574793,0.98,3.88119393721e-08,0.00025548600789522205,32767,2047.9375,2046.788125,1575.6581249999995,168.30214339706689,250.0,35.92632879718279,1028.01,135,50,()
yj_m,,False,1789432163801,251.98009285351816,108.93797837419046,7.677629415301906,563354727.3463954,17164962.42597396,2235711.245943094,964156.491574793,0.98,3.88119393721e-08,0.00025548600789522205,32767,2047.9375,2046.788125,1984.2681249999994,60.45904321974395,250.0,35.92632879718279,1028.01,135,50,()
yj_m,,False,1789432163913,287.3276724077861,128.01666510205936,32.161658241735886,523977748.53749156,32072529.244272634,744329.475472235,320994.08944212226,0.98,3.88119393721e-08,8.50582858552147e-05,339,21.1875,20.038125,1845.5731249999994,112.96700707085618,250.0,40.70283373692565,1028.01,135,50,()
yj_m,,False,1789432164017,225.48545412058246,105.40522501219465,40.67442375899635,384913374.78407407,53316934.66742776,744329.475472235,320994.08944212226,0.98,3.88119393721e-08,8.50582858552147e-05,79,4.9375,3.788125,1355.7556249999998,187.79480999763246,250.0,40.70283373692565,1028.01,136,50,()
yj_m,,False,1789432164122,173.74859039542122,86.91720863085935,44.047294041352586,268876278.9335598,56354183.085187696,744329.475472235,320994.08944212226,0.98,3.88119393721e-08,8.50582858552147e-05,64,4.0,2.850625,947.0456249999999,198.49271476441362,250.0,40.70283373692565,1028.01,136,50,()
yj_m,,False,1789432164227,121.97262995827182,69.13053055796395,44.85713357164631,152810082.2479187,49316101.77165029,744329.475472235,320994.08944212226,0.98,3.88119393721e-08,8.50582858552147e-05,47,2.9375,1.788125,538.233125,173.70293359510904,250.0,40.70283373692565,1028.01,136,50,()
yj_m,,False,1789432164331,49.29928505492505,39.42677049946636,33.203366173650444,36694910.986088574,24714244.127945773,744329.475472235,320994.08944212226,0.98,3.88119393721e-08,8.50582858552147e-05,48,3.0,1.850625,129.24812500000004,87.04939264031009,250.0,40.70283373692565,1028.01,136,50,()
yj_m,,False,1789432164445,33.355948617350855,21.877273753129575,16.483064338398407,73170323.5999097,36959901.44923839,2235711.245943094,964156.491574793,0.98,3.88119393721e-08,0.00025548600789522205,32767,2047.9375,2046.788125,257.72312500000004,130.18148386597412,250.0,35.92632879718279,1028.01,136,50,()
yj_m,,False,1789432164549,84.97933651991244,43.71286695370783,23.82793588263268,189122956.05090943,53394174.350046806,2235711.245943094,964156.491574793,0.98,3.88119393721e-08,0.00025548600789522205,32767,2047.9375,2046.788125,666.1356249999994,188.06686636419212,250.0,35.92632879718279,1028.01,136,50,()
yj_m,,False,1789432164653,136.73241107687366,64.23601713592716,25.480399656689254,305172118.1013544,57077956.54486115,2235711.245943094,964156.491574793,0.98,3.88119393721e-08,0.00025548600789522205,32767,2047.9375,2046.788125,1074.8881249999995,201.04201547325093,250.0,35.92632879718279,1028.01,136,50,()
yj_m,,False,1789432164758,198.88549590329987,88.4301151462608,21.526927346326005,444467878.9828534,48195184.91483496,2235711.245943094,964156.491574793,0.98,3.88119393721e-08,0.00025548600789522205,32767,2047.9375,2046.788125,1565.5206249999994,169.75480024007243,250.0,35.92632879718279,1028.01,136,51,()
yj_m,,False,1789432164863,250.71909274445508,108.45426227680892,8.466556257101011,560535495.2214276,18928775.03841059,2235711.245943094,964156.491574793,0.98,3.88119393721e-08,0.00025548600789522205,32767,2047.9375,2046.788125,1974.3381249999993,66.67160694813703,250.0,35.92632879718279,1028.01,136,51,()
yj_m,,False,1789432164975,259.4040378431963,115.2175901252336,27.576972268798894,503193364.26875204,37316840.53222412,744329.475472235,320994.08944212226,0.98,3.88119393721e-08,8.50582858552147e-05,166,10.375,9.225625,1772.3656249999995,131.43870744208837,250.0,40.70283373692565,1028.01,136,51,()
yj_m,,False,1789432165080,207.83595748442272,96.00705052186878,34.407118953150345,387281898.8528096,53101372.61383961,744329.475472235,320994.08944212226,0.98,3.88119393721e-08,8.50582858552147e-05,85,5.3125,4.163125,1364.0981249999995,187.03554963975938,250.0,40.70283373692565,1028.01,137,51,()
yj_m,,False,1789432165185,156.12674753115553,77.00358710716989,37.36593032269911,271265386.5198239,56341781.62227533,744329.475472235,320994.08944212226,0.98,3.88119393721e-08,8.50582858552147e-05,68,4.25,3.100625,955.4606249999993,198.44903388917487,250.0,40.70283373692565,1028.01,137,51,()
yj_m,,False,1789432165289,104.3298083705003,58.47836268658276,37.35495803039495,155183574.75191963,49528340.89074291,744329.475472235,320994.08944212226,0.98,3.88119393721e-08,8.50582858552147e-05,55,3.4375,2.288125,546.5931249999993,174.45048979451698,250.0,40.70283373692565,1028.01,137,51,()
yj_m,,False,1789432165393,52.55003361998625,41.151561788493346,34.34922456580162,39114538.96041268,25567140.30394112,744329.475472235,320994.08944212226,0.98,3.88119393721e-08,8.50582858552147e-05,52,3.25,2.100625,137.77062500000002,90.05349398855589,250.0,40.70283373692565,1028.01,137,51,()
yj_m,,False,1789432165507,32.816631641644655,21.62083230267253,16.345455215602577,71880659.76026554,36657639.15402737,2235711.245943094,964156.491574793,0.98,3.88119393721e-08,0.00025548600789522205,32767,2047.9375,2046.788125,253.18062500000005,129.1168448230008,250.0,35.92632879718279,1028.01,137,51,()
yj_m,,False,1789432165611,84.42857660411215,43.4884876668947,23.781437189781478,187824774.89366722,53298937.52333376,2235711.245943094,964156.491574793,0.98,3.88119393721e-08,0.00025548600789522205,32767,2047.9375,2046.788125,661.5631249999996,187.73141981444365,250.0,35.92632879718279,1028.01,137,51,()
yj_m,,False,1789432165715,146.52063241670328,68.06718482312732,25.307942956049935,327075110.0813098,56696776.16622525,2235711.245943094,964156.491574793,0.98,3.88119393721e-08,0.00025548600789522205,32767,2047.9375,2046.788125,1152.0356249999995,199.6994083405028,250.0,35.92632879718279,1028.01,137,52,()
yj_m,,False,1789432165820,198.3242466257467,88.21221654700673,21.595819999724128,443161890.2844797,48367446.88361436,2235711.245943094,964156.491574793,0.98,3.88119393721e-08,0.00025548600789522205,32767,2047.9375,2046.788125,1560.9206249999997,170.36154749398966,250.0,35.92632879718279,1028.01,137,52,()
yj_m,,False,1789432165925,250.12827673162366,108.22745293549687,8.807377440609207,559214601.217257,19690752.79123551,2235711.245943094,964156.491574793,0.98,3.88119393721e-08,0.00025548600789522205,32767,2047.9375,2046.788125,1969.6856249999994,69.35547218170227,250.0,35.92632879718279,1028.01,137,52,()
yj_m,,False,1789432166037,263.7208869936896,117.26391605440914,28.569831318786342,506406522.3326315,36656736.580056176,744329.475472235,320994.08944212226,0.98,3.88119393721e-08,8.50582858552147e-05,182,11.375,10.225625,1783.6831249999993,129.11366574474945,250.0,40.70283373692565,1028.01,138,52,()
yj_m,,False,1789432166142,212.13659580311617,98.11771852532104,35.463742079753665,390482990.71675843,52925384.14447493,744329.475472235,320994.08944212226,0.98,3.88119393721e-08,8.50582858552147e-05,82,5.125,3.975625,1375.3731249999994,186.41567677249373,250.0,40.70283373692565,1028.01,138,52,()
yj_m,,False,1789432166247,160.367310414355,79.1930537788823,38.58232003421709,274421762.46638286,56448433.80177466,744329.475472235,320994.08944212226,0.98,3.88119393721e-08,8.50582858552147e-05,49,3.0625,1.913125,966.5781249999993,198.82468800188488,250.0,40.70283373692565,1028.01,138,52,()
yj_m,,False,1789432166351,108.59325713388796,60.81369529269277,38.79626769780505,158356985.33367476,49941795.02293719,744329.475472235,320994.08944212226,0.98,3.88119393721e-08,8.50582858552147e-05,58,3.625,2.475625,557.7706249999994,175.90677269379617,250.0,40.70283373692565,1028.01,138,52,()
yj_m,,False,1789432166455,25.574255926523094,23.59367928723865,20.857219277105102,19035672.499381635,15524643.08433703,744329.475472235,320994.08944212226,0.98,3.88119393721e-08,8.50582858552147e-05,50,3.125,1.975625,67.04812500000003,54.6814518968441,250.0,40.70283373692565,1028.01,138,52,()
yj_m,,False,1789432166569,31.252656083012102,20.85081211724289,15.909289348984455,68514899.7560869,35670301.45397476,2235711.245943094,964156.491574793,0.98,3.88119393721e-08,0.00025548600789522205,32767,2047.9375,2046.788125,241.32562500000003,125.63920874092959,250.0,35.92632879718279,1028.01,138,52,()
yj_m,,False,1789432166673,82.88844050400894,42.84341055443652,23.617601564384437,184476759.30115134,52918085.539075345,2235711.245943094,964156.491574793,0.98,3.88119393721e-08,0.00025548600789522205,32767,2047.9375,2046.788125,649.7706249999997,186.38996936409126,250.0,35.92632879718279,1028.01,138,53,()
yj_m,,False,1789432166777,145.02436092029404,67.46400595168686,25.295692925615693,323759744.20625323,56661496.186228916,2235711.245943094,964156.491574793,0.98,3.88119393721e-08,0.00025548600789522205,32767,2047.9375,2046.788125,1140.3581249999997,199.5751439359293,250.0,35.92632879718279,1028.01,138,53,()
yj_m,,False,1789432166883,196.82034650260812,87.61607287771251,21.727401126503118,439840846.19769096,48645654.212230235,2235711.245943094,964156.491574793,0.98,3.88119393721e-08,0.00025548600789522205,32767,2047.9375,2046.788125,1549.2231249999995,171.34145927517622,250.0,35.92632879718279,1028.01,138,53,()
yj_m,,False,1789432166987,248.66409432905587,107.64990829972463,9.41890354303486,555941112.1537244,21057948.57561628,2235711.245943094,964156.491574793,0.98,3.88119393721e-08,0.00025548600789522205,32767,2047.9375,2046.788125,1958.1556249999994,74.17105796432239,250.0,35.92632879718279,1028.01,139,53,()
yj_m,,False,1789432167099,267.1280224067034,118.93509446530298,29.57348060698017,508942553.6474629,36237144.79523899,744329.475472235,320994.08944212226,0.98,3.88119393721e-08,8.50582858552147e-05,187,11.6875,10.538125,1792.6156249999995,127.63576458636852,250.0,40.70283373692565,1028.01,139,53,()
yj_m,,False,1789432167204,215.55708131290626,99.85663442660831,36.46732125483928,393028958.9021209,52855639.43149296,744329.475472235,320994.08944212226,0.98,3.88119393721e-08,8.50582858552147e-05,77,4.8125,3.663125,1384.3406249999994,186.1700194554614,250.0,40.70283373692565,1028.01,139,53,()
yj_m,,False,1789432167309,163.836428419545,81.03352372741543,39.677663470450945,277003929.2515372,56585221.74213147,744329.475472235,320994.08944212226,0.98,3.88119393721e-08,8.50582858552147e-05,78,4.875,3.725625,975.6731249999995,199.3064873669367,250.0,40.70283373692565,1028.01,139,53,()
yj_m,,False,1789432167413,112.04234999391332,62.7702361207533,40.0676780269507,160924246.81303248,50336979.56338172,744329.475472235,320994.08944212226,0.98,3.88119393721e-08,8.50582858552147e-05,54,3.375,2.225625,566.8131249999996,177.29870578503068,250.0,40.70283373692565,1028.01,139,53,()
yj_m,,False,1789432167517,29.029070256595446,26.737771015463494,23.62596931799118,21607192.637538355,17585505.34998349,744329.475472235,320994.08944212226,0.98,3.88119393721e-08,8.50582858552147e-05,52,3.25,2.100625,76.10562500000002,61.94029451453128,250.0,40.70283373692565,1028.01,139,53,()
yj_m,,False,1789432167631,29.761541953745343,20.02050388246666,15.365217046977218,65115780.25798242,34456857.385597624,2235711.245943094,964156.491574793,0.98,3.88119393721e-08,0.00025548600789522205,32767,2047.9375,2046.788125,229.353125,121.36517273932779,250.0,35.92632879718279,1028.01,139,53,()
yj_m,,False,1789432167735,91.73249331700742,46.35120322977724,24.15470078820957,204275973.83437845,54124571.24287185,2235711.245943094,964156.491574793,0.98,3.88119393721e-08,0.00025548600789522205,32767,2047.9375,2046.788125,719.5081249999998,190.63949636564524,250.0,35.92632879718279,1028.01,139,54,()
yj_m,,False,1789432167840,143.47889282558043,66.82546962977563,25.239775282866717,320320167.44955784,56532042.9825331,2235711.245943094,964156.491574793,0.98,3.88119393721e-08,0.00025548600789522205,32767,2047.9375,2046.788125,1128.2431249999997,199.1191792420983,250.0,35.92632879718279,1028.01,139,54,()
yj_m,,False,1789432167945,195.27773914291794,86.99206773968503,21.80856578443364,436403398.77039504,48822266.977092676,2235711.245943094,964156.491574793,0.98,3.88119393721e-08,0.00025548600789522205,32767,2047.9375,2046.788125,1537.1156249999995,171.9635310583232,250.0,35.92632879718279,1028.01,139,54,()
yj_m,,False,1789432168049,247.12879812376156,107.03609282337734,9.924879063418304,552508633.161694,22189163.736709464,2235711.245943094,964156.491574793,0.98,3.88119393721e-08,0.00025548600789522205,32767,2047.9375,2046.788125,1946.0656249999995,78.15546437420019,250.0,35.92632879718279,1028.01,140,54,()
yj_m,,False,1789432168162,272.74650599289885,121.78360904874442,31.561941884415255,513124556.58812517,35731361.632525265,744329.475472235,320994.08944212226,0.98,3.88119393721e-08,8.50582858552147e-05,204,12.75,11.600625,1807.3456249999995,125.85427708086398,250.0,40.70283373692565,1028.01,140,54,()
yj_m,,False,1789432168266,221.18414710417235,102.82508829034511,38.39870355688516,397217349.83098173,52876232.61870175,744329.475472235,320994.08944212226,0.98,3.88119393721e-08,8.50582858552147e-05,82,5.125,3.975625,1399.0931249999994,186.2425535143536,250.0,40.70283373692565,1028.01,140,54,()
yj_m,,False,1789432168371,169.45109769237584,84.15758195109782,41.741603568682365,281183093.08633345,56948644.95390453,744329.475472235,320994.08944212226,0.98,3.88119393721e-08,8.50582858552147e-05,69,4.3125,3.163125,990.3931249999994,200.58654957286365,250.0,40.70283373692565,1028.01,140,54,()
yj_m,,False,1789432168475,107.38097418163166,62.65465905348662,42.20360759422328,141949082.75742066,48559013.19156336,744329.475472235,320994.08944212226,0.98,3.88119393721e-08,8.50582858552147e-05,66,4.125,2.975625,499.9781249999997,171.03628918024057,250.0,40.70283373692565,1028.01,140,54,()
yj_m,,False,1789432168580,34.74958672529656,31.79738496191554,28.04456999963294,25865141.66011693,20874400.07767116,744329.475472235,320994.08944212226,0.98,3.88119393721e-08,8.50582858552147e-05,49,3.0625,1.913125,91.10312500000002,73.5245568945973,250.0,40.70283373692565,1028.01,140,54,()
yj_m,,False,1789432168693,28.984809094162678,19.588667062663607,15.082156811697224,63229904.18647195,33833675.50130067,2235711.245943094,964156.491574793,0.98,3.88119393721e-08,0.00025548600789522205,32767,2047.9375,2046.788125,222.710625,119.17017926707535,250.0,35.92632879718279,1028.01,140,55,()
yj_m,,False,1789432168797,90.95289972240123,46.01303690244987,24.056231506370267,202387968.4334685,53925329.11889705,2235711.245943094,964156.491574793,0.98,3.88119393721e-08,0.00025548600789522205,32767,2047.9375,2046.788125,712.8581249999999,189.93771864626277,250.0,35.92632879718279,1028.01,140,55,()
yj_m,,False,1789432168902,142.68308839917427,66.49777573659492,25.213286633670613,318420095.84871703,56499360.277005754,2235711.245943094,964156.491574793,0.98,3.88119393721e-08,0.00025548600789522205,32767,2047.9375,2046.788125,1121.5506249999992,199.00406305034795,250.0,35.92632879718279,1028.01,140,55,()
yj_m,,False,1789432169007,194.422812859359,86.6517984418883,21.874404344703937,434459321.028631,48980523.86331796,2235711.245943094,964156.491574793,0.98,3.88119393721e-08,0.00025548600789522205,32767,2047.9375,2046.788125,1530.2681249999994,172.5209491106714,250.0,35.92632879718279,1028.01,141,55,()
yj_m,,False,1789432169112,246.25320942769005,106.69212833992412,10.26309557564939,550551069.6670663,22945318.196668148,2235711.245943094,964156.491574793,0.98,3.88119393721e-08,0.00025548600789522205,32767,2047.9375,2046.788125,1939.1706249999995,80.81881859781716,250.0,35.92632879718279,1028.01,141,55,()
yj_m,,False,1789432169224,276.6714344451699,123.75984419832801,32.86880068606441,516045996.5242701,35368100.68839874,744329.475472235,320994.08944212226,0.98,3.88119393721e-08,8.50582858552147e-05,200,12.5,11.350625,1817.6356249999994,124.57478641983246,250.0,40.70283373692565,1028.01,141,55,()
yj_m,,False,1789432169328,225.10430766473746,104.87540023581583,39.68547599341005,400135240.8847941,52889227.51430326,744329.475472235,320994.08944212226,0.98,3.88119393721e-08,8.50582858552147e-05,91,5.6875,4.538125,1409.3706249999993,186.28832459938778,250.0,40.70283373692565,1028.01,141,55,()
yj_m,,False,1789432169432,173.36649036123504,86.30699955679067,43.117606696469316,284097435.25781333,57198680.8127112,744329.475472235,320994.08944212226,0.98,3.88119393721e-08,8.50582858552147e-05,68,4.25,3.100625,1000.6581249999996,201.46723479773797,250.0,40.70283373692565,1028.01,141,55,()
yj_m,,False,1789432169541,111.22008058319705,64.95049755963369,43.79527102084822,144806642.8115799,49189785.61275341,744329.475472235,320994.08944212226,0.98,3.88119393721e-08,8.50582858552147e-05,58,3.625,2.475625,510.0431249999997,173.25801831242003,250.0,40.70283373692565,1028.01,141,55,()
yj_m,,False,1789432169646,38.57057513837962,34.963119412937665,30.752901164701527,28709215.961412534,22890290.793171763,744329.475472235,320994.08944212226,0.98,3.88119393721e-08,8.50582858552147e-05,48,3.0,1.850625,101.12062500000002,80.62499911346897,250.0,40.70283373692565,1028.01,141,55,()
yj_m,,False,1789432169759,35.67598417099014,22.853050127188233,16.89829781382052,78421249.89913225,37888367.32380664,2235711.245943094,964156.491574793,0.98,3.88119393721e-08,0.00025548600789522205,32767,2047.9375,2046.788125,276.218125,133.45175950337588,250.0,35.92632879718279,1028.01,141,56,()
yj_m,,False,1789432169863,87.32702584544576,44.610966745565044,23.913628559475693,194394465.86766073,53585499.05916654,2235711.245943094,964156.491574793,0.98,3.88119393721e-08,0.00025548600789522205,32767,2047.9375,2046.788125,684.7031249999994,188.74075708242472,250.0,35.92632879718279,1028.01,141,56,()
yj_m,,False,1789432169968,139.09249692084222,65.1273141131042,25.36700914897894,310452855.0121702,56825981.32204235,2235711.245943094,964156.491574793,0.98,3.88119393721e-08,0.00025548600789522205,32767,2047.9375,2046.788125,1093.4881249999992,200.15449935124335,250.0,35.92632879718279,1028.01,141,56,()
yj_m,,False,1789432170072,190.89420397320333,85.3074855025096,22.364827559127882,426538215.66240716,50084885.57203375,2235711.245943094,964156.491574793,0.98,3.88119393721e-08,0.00025548600789522205,32767,2047.9375,2046.788125,1502.3681249999995,176.41077133227117,250.0,35.92632879718279,1028.01,142,56,()
yj_m,,False,1789432170177,253.00330618471412,109.31859449909662,6.7765482825447325,565642336.8979491,15150405.203961613,2235711.245943094,964156.491574793,0.98,3.88119393721e-08,0.00025548600789522205,32767,2047.9375,2046.788125,1992.3256249999995,53.36329787922476,250.0,35.92632879718279,1028.01,142,56,()
yj_m,,False,1789432170289,281.79501087229625,125.72178925216062,32.21300157866696,519859625.47881496,33654783.059750676,744329.475472235,320994.08944212226,0.98,3.88119393721e-08,8.50582858552147e-05,259,16.1875,15.038125,1831.0681249999993,118.54007792534503,250.0,40.70283373692565,1028.01,142,56,()
yj_m,,False,1789432170394,230.24123418864033,106.82734305456701,39.410021580657514,403958806.70987004,52096601.0903869,744329.475472235,320994.08944212226,0.98,3.88119393721e-08,8.50582858552147e-05,97,6.0625,4.913125,1422.8381249999993,183.49650752275056,250.0,40.70283373692565,1028.01,142,56,()
yj_m,,False,1789432170499,168.16252847282558,84.57621662706869,43.51904487857067,264718408.39275876,56538349.22565997,744329.475472235,320994.08944212226,0.98,3.88119393721e-08,8.50582858552147e-05,61,3.8125,2.663125,932.4006249999998,199.14139131668955,250.0,40.70283373692565,1028.01,142,56,()
yj_m,,False,1789432170603,116.38561445733504,66.79800704596235,44.076933716844785,148651501.93065113,49135221.50116535,744329.475472235,320994.08944212226,0.98,3.88119393721e-08,8.50582858552147e-05,53,3.3125,2.163125,523.5856249999998,173.06583065136476,250.0,40.70283373692565,1028.01,142,56,()
yj_m,,False,1789432170708,43.72657322910589,36.82580612356644,31.63140709742418,32546977.315818653,23544188.653274473,744329.475472235,320994.08944212226,0.98,3.88119393721e-08,8.50582858552147e-05,45,2.8125,1.663125,114.638125,82.92818149186003,250.0,40.70283373692565,1028.01,142,57,()
yj_m,,False,1789432170821,34.581991929506714,22.419261287072434,16.739429355002628,75954066.90155216,37532333.97326385,2235711.245943094,964156.491574793,0.98,3.88119393721e-08,0.00025548600789522205,32767,2047.9375,2046.788125,267.52812500000005,132.19772613039484,250.0,35.92632879718279,1028.01,142,57,()
yj_m,,False,1789432170926,86.22254424220944,44.20109833294022,23.89789179608124,191919475.32894897,53549629.12785695,2235711.245943094,964156.491574793,0.98,3.88119393721e-08,0.00025548600789522205,32767,2047.9375,2046.788125,675.9856249999992,188.61441473028216,250.0,35.92632879718279,1028.01,142,57,()
yj_m,,False,1789432171030,137.9813402692177,64.71633260249277,25.443655147704984,307972896.038193,56995181.21039332,2235711.245943094,964156.491574793,0.98,3.88119393721e-08,0.00025548600789522205,32767,2047.9375,2046.788125,1084.7531249999993,200.7504612361996,250.0,35.92632879718279,1028.01,143,57,()
yj_m,,False,1789432171135,200.1287036255969,88.90529898973482,21.340555245970076,447264398.260893,47773162.02842151,2235711.245943094,964156.491574793,0.98,3.88119393721e-08,0.00025548600789522205,32767,2047.9375,2046.788125,1575.3706249999993,168.26833616889087,250.0,35.92632879718279,1028.01,143,57,()
yj_m,,False,1789432171240,251.94390100748765,108.92223060150798,7.675092966077738,563273812.8292136,17159291.657918736,2235711.245943094,964156.491574793,0.98,3.88119393721e-08,0.00025548600789522205,32767,2047.9375,2046.788125,1983.9831249999995,60.43906943812815,250.0,35.92632879718279,1028.01,143,57,()
yj_m,,False,1789432171351,285.37379038672117,127.18637508226661,32.10277928197206,522523416.5576177,32598024.110718694,744329.475472235,320994.08944212226,0.98,3.88119393721e-08,8.50582858552147e-05,306,19.125,17.975625,1840.4506249999995,114.81792384269487,250.0,40.70283373692565,1028.01,143,57,()
yj_m,,False,1789432171456,223.4867539174824,104.5500593295041,40.5185434333963,383425683.31027436,53493169.15780021,744329.475472235,320994.08944212226,0.98,3.88119393721e-08,8.50582858552147e-05,74,4.625,3.475625,1350.5156249999998,188.41554940887139,250.0,40.70283373692565,1028.01,143,57,()
yj_m,,False,1789432171561,171.74702945729757,86.05289765221423,43.80952211361027,267386458.1303605,56399049.40272173,744329.475472235,320994.08944212226,0.98,3.88119393721e-08,8.50582858552147e-05,65,4.0625,2.913125,941.7981249999998,198.65074450916836,250.0,40.70283373692565,1028.01,143,57,()
yj_m,,False,1789432171666,119.9710690201482,68.2626261267698,44.53067905931372,151320261.44471943,49227055.40900905,744329.475472235,320994.08944212226,0.98,3.88119393721e-08,8.50582858552147e-05,58,3.625,2.475625,532.985625,173.38929131883225,250.0,40.70283373692565,1028.01,143,57,()
yj_m,,False,1789432171770,47.34349587717777,38.44905467184335,32.58029323815535,35239159.45328166,24250472.576687768,744329.475472235,320994.08944212226,0.98,3.88119393721e-08,8.50582858552147e-05,65,4.0625,2.913125,124.12062500000003,85.4158799319358,250.0,40.70283373692565,1028.01,143,58,()
yj_m,,False,1789432171883,34.19281381810565,22.254931372265435,16.66868424266119,75031357.49509239,37377458.50975964,2235711.245943094,964156.491574793,0.98,3.88119393721e-08,0.00025548600789522205,32767,2047.9375,2046.788125,264.27812500000005,131.65221824582704,250.0,35.92632879718279,1028.01,143,58,()
yj_m,,False,1789432171988,85.84480907090246,44.05469258191207,23.880451005597777,191005283.24008736,53520011.8343773,2235711.245943094,964156.491574793,0.98,3.88119393721e-08,0.00025548600789522205,32767,2047.9375,2046.788125,672.7656249999994,188.51009564224105,250.0,35.92632879718279,1028.01,144,58,()
yj_m,,False,1789432172092,137.59120857947545,64.56837907850036,25.46067499152892,307049476.85526675,57043784.51729199,2235711.245943094,964156.491574793,0.98,3.88119393721e-08,0.00025548600789522205,32767,2047.9375,2046.788125,1081.5006249999994,200.92165353825573,250.0,35.92632879718279,1028.01,144,58,()
yj_m,,False,1789432172196,199.73475762248995,88.75653649185776,21.407618534952338,446338139.97210073,47939638.39044743,2235711.245943094,964156.491574793,0.98,3.88119393721e-08,0.00025548600789522205,32767,2047.9375,2046.788125,1572.1081249999995,168.85470515223105,250.0,35.92632879718279,1028.01,144,58,()
yj_m,,False,1789432172302,251.54007619914717,108.7701142440921,7.975311014419909,562370977.163816,17830492.52483242,2235711.245943094,964156.491574793,0.98,3.88119393721e-08,0.00025548600789522205,32767,2047.9375,2046.788125,1980.8031249999995,62.80319708459817,250.0,35.92632879718279,1028.01,144,58,()
yj_m,,False,1789432172413,288.0380882719605,128.32504503308576,32.20876004606298,524506532.00503963,31893704.418085385,744329.475472235,320994.08944212226,0.98,3.88119393721e-08,8.50582858552147e-05,339,21.1875,20.038125,1847.4356249999994,112.33714388636952,250.0,40.70283373692565,1028.01,144,58,()
yj_m,,False,1789432172518,226.1939628280745,105.71830725242341,40.75525778856485,385440738.69868916,53265222.79928177,744329.475472235,320994.08944212226,0.98,3.88119393721e-08,8.50582858552147e-05,83,5.1875,4.038125,1357.6131249999996,187.61266861021633,250.0,40.70283373692565,1028.01,144,58,()
yj_m,,False,1789432172623,174.4485168978427,87.23279493258256,44.15651832879937,269397254.85997635,56349935.7743898,744329.475472235,320994.08944212226,0.98,3.88119393721e-08,8.50582858552147e-05,56,3.5,2.350625,948.8806249999999,198.47775473474826,250.0,40.70283373692565,1028.01,144,58,()
yj_m,,False,1789432172728,122.6811386657639,69.45298453870095,44.995686283677045,153337446.1625338,49359482.36225451,744329.475472235,320994.08944212226,0.98,3.88119393721e-08,8.50582858552147e-05,49,3.0625,1.913125,540.090625,173.85573025945067,250.0,40.70283373692565,1028.01,144,59,()
yj_m,,False,1789432172832,50.0268653292406,39.80457402936857,33.450816609651525,37236470.43003381,24898428.78117984,744329.475472235,320994.08944212226,0.98,3.88119393721e-08,8.50582858552147e-05,52,3.25,2.100625,131.15562500000004,87.69813439889627,250.0,40.70283373692565,1028.01,144,59,()
yj_m,,False,1789432172945,33.08290847436955,21.758474742337956,16.42806353544387,72576950.47390941,36835136.62505844,2235711.245943094,964156.491574793,0.98,3.88119393721e-08,0.00025548600789522205,32767,2047.9375,2046.788125,255.63312500000004,129.74203274978728,250.0,35.92632879718279,1028.01,144,59,()
yj_m,,False,1789432173050,84.711064268637,43.607736392220026,23.81295494243537,188533131.8072417,53358993.42964598,2235711.245943094,964156.491574793,0.98,3.88119393721e-08,0.00025548600789522205,32767,2047.9375,2046.788125,664.0581249999994,187.94295087086104,250.0,35.92632879718279,1028.01,145,59,()
yj_m,,False,1789432173154,136.4727210306688,64.1355999136606,25.486368843294212,304588681.8458852,57091664.81289432,2235711.245943094,964156.491574793,0.98,3.88119393721e-08,0.00025548600789522205,32767,2047.9375,2046.788125,1072.8331249999994,201.0902992241219,250.0,35.92632879718279,1028.01,145,59,()
yj_m,,False,1789432173259,198.62866659211855,88.33146926990378,21.562907860628265,443886572.0567838,48278019.09923049,2235711.245943094,964156.491574793,0.98,3.88119393721e-08,0.00025548600789522205,32767,2047.9375,2046.788125,1563.4731249999995,170.04656176043926,250.0,35.92632879718279,1028.01,145,59,()
yj_m,,False,1789432173363,250.46098773723745,108.35547942322881,8.621089070469957,559958446.954157,19274265.787126783,2235711.245943094,964156.491574793,0.98,3.88119393721e-08,0.00025548600789522205,32767,2047.9375,2046.788125,1972.3056249999995,67.88850679273244,250.0,35.92632879718279,1028.01,145,59,()
yj_m,,False,1789432173475,260.84012682500384,115.88728677049335,27.86236872326943,504262287.62731236,37078210.341732524,744329.475472235,320994.08944212226,0.98,3.88119393721e-08,8.50582858552147e-05,168,10.5,9.350625,1776.1306249999993,130.5981956691855,250.0,40.70283373692565,1028.01,145,59,()
yj_m,,False,1789432173580,209.2491605860422,96.69074951999278,34.727170072621966,388333787.5761737,53032464.46513108,744329.475472235,320994.08944212226,0.98,3.88119393721e-08,8.50582858552147e-05,87,5.4375,4.288125,1367.8031249999995,186.79283889926526,250.0,40.70283373692565,1028.01,145,59,()
yj_m,,False,1789432173685,157.4884574023516,77.70193957297569,37.7469059595887,272278947.3139967,56370894.954662666,744329.475472235,320994.08944212226,0.98,3.88119393721e-08,8.50582858552147e-05,69,4.3125,3.163125,959.0306249999993,198.5515779074719,250.0,40.70283373692565,1028.01,145,60,()
yj_m,,False,1789432173790,105.70391476013165,59.224564187122745,37.80936219766716,156206362.64015695,49655168.40785963,744329.475472235,320994.08944212226,0.98,3.88119393721e-08,8.50582858552147e-05,65,4.0625,2.913125,550.1956249999993,174.89720620137666,250.0,40.70283373692565,1028.01,145,60,()
yj_m,,False,1789432173894,53.85166805568835,41.944758642877616,34.928836434376365,40083383.83719544,25998562.502054844,744329.475472235,320994.08944212226,0.98,3.88119393721e-08,8.50582858552147e-05,48,3.0,1.850625,141.18312500000005,91.57306465083974,250.0,40.70283373692565,1028.01,145,60,()
yj_m,,False,1789432174007,31.506573560193612,20.959032007303563,15.958272058356341,69156537.68180971,35774921.42297298,2235711.245943094,964156.491574793,0.98,3.88119393721e-08,0.00025548600789522205,32767,2047.9375,2046.788125,243.58562500000005,126.00770492928945,250.0,35.92632879718279,1028.01,146,60,()
yj_m,,False,1789432174112,83.15475449962572,42.94430706058035,23.626740524670723,185127624.32093868,52931186.25720828,2235711.245943094,964156.491574793,0.98,3.88119393721e-08,0.00025548600789522205,32767,2047.9375,2046.788125,652.0631249999996,186.43611318102208,250.0,35.92632879718279,1028.01,146,60,()
yj_m,,False,1789432174216,145.2811391324991,67.56088970874778,25.28023271641932,324403511.46137553,56611335.57786895,2235711.245943094,964156.491574793,0.98,3.88119393721e-08,0.00025548600789522205,32767,2047.9375,2046.788125,1142.6256249999997,199.39846645109108,250.0,35.92632879718279,1028.01,146,60,()
yj_m,,False,1789432174321,197.0952427032954,87.71878272775233,21.678322948273177,440498099.205677,48520768.75453971,2235711.245943094,964156.491574793,0.98,3.88119393721e-08,0.00025548600789522205,32767,2047.9375,2046.788125,1551.5381249999998,170.90158325933342,250.0,35.92632879718279,1028.01,146,60,()
yj_m,,False,1789432174426,248.963153267308,107.76098547734654,9.217679946600022,556609721.5851746,20608070.718117807,2235711.245943094,964156.491574793,0.98,3.88119393721e-08,0.00025548600789522205,32767,2047.9375,2046.788125,1960.5106249999994,72.58648211992973,250.0,35.92632879718279,1028.01,146,60,()
yj_m,,False,1789432174537,265.3782061506496,118.06840348760625,29.025417553852517,507640113.8314216,36436927.91743086,744329.475472235,320994.08944212226,0.98,3.88119393721e-08,8.50582858552147e-05,185,11.5625,10.413125,1788.0281249999994,128.3394478289777,250.0,40.70283373692565,1028.01,146,60,()
yj_m,,False,1789432174643,213.8139401052407,98.95807995423071,35.92236584340241,391731487.52134514,52877257.692726284,744329.475472235,320994.08944212226,0.98,3.88119393721e-08,8.50582858552147e-05,86,5.375,4.225625,1379.7706249999994,186.24616406666445,250.0,40.70283373692565,1028.01,146,60,()
yj_m,,False,1789432174747,162.06658701832654,80.08022113347606,39.089625536201005,275686584.12969923,56502803.33728965,744329.475472235,320994.08944212226,0.98,3.88119393721e-08,8.50582858552147e-05,71,4.4375,3.288125,971.0331249999992,199.0161903201518,250.0,40.70283373692565,1028.01,146,61,()
yj_m,,False,1789432174852,110.2543906042126,61.74699004042199,39.39448907309504,159593415.93833086,50124136.53399409,744329.475472235,320994.08944212226,0.98,3.88119393721e-08,8.50582858552147e-05,46,2.875,1.725625,562.1256249999994,176.54902247123005,250.0,40.70283373692565,1028.01,146,61,()
yj_m,,False,1789432174956,27.257321698694696,25.118926696493087,22.19876825350326,20288427.962767396,16523197.53025978,744329.475472235,320994.08944212226,0.98,3.88119393721e-08,8.50582858552147e-05,46,2.875,1.725625,71.46062500000002,58.19859600150914,250.0,40.70283373692565,1028.01,146,61,()
yj_m,,False,1789432175069,30.878071246893324,20.635866048630696,15.764403516772818,67637616.04348361,35348844.91125227,2235711.245943094,964156.491574793,0.98,3.88119393721e-08,0.00025548600789522205,32767,2047.9375,2046.788125,238.23562500000003,124.50696303438964,250.0,35.92632879718279,1028.01,147,61,()
yj_m,,False,1789432175174,82.4947841010667,42.66768160075487,23.555728154470593,183585280.0592179,52781053.31227124,2235711.245943094,964156.491574793,0.98,3.88119393721e-08,0.00025548600789522205,32767,2047.9375,2046.788125,646.6306249999997,185.90730956459697,250.0,35.92632879718279,1028.01,147,61,()
yj_m,,False,1789432175279,144.6211687339401,67.29651317256175,25.278841036945227,322861167.19965476,56622940.258393764,2235711.245943094,964156.491574793,0.98,3.88119393721e-08,0.00025548600789522205,32767,2047.9375,2046.788125,1137.1931249999998,199.43934087096974,250.0,35.92632879718279,1028.01,147,61,()
yj_m,,False,1789432175383,196.4362258830776,87.45857695193857,21.739365356354835,438956464.7204226,48681400.47390996,2235711.245943094,964156.491574793,0.98,3.88119393721e-08,0.00025548600789522205,32767,2047.9375,2046.788125,1546.1081249999995,171.46736603373506,250.0,35.92632879718279,1028.01,147,61,()
yj_m,,False,1789432175488,248.2628092993843,107.4889276711535,9.548218838481896,555043954.7000589,21347060.235919673,2235711.245943094,964156.491574793,0.98,3.88119393721e-08,0.00025548600789522205,32767,2047.9375,2046.788125,1954.9956249999993,75.18937737171969,250.0,35.92632879718279,1028.01,147,61,()
yj_m,,False,1789432175600,268.9636607134627,119.86195193602832,30.214322129195793,510308873.34548986,36061905.33457821,744329.475472235,320994.08944212226,0.98,3.88119393721e-08,8.50582858552147e-05,179,11.1875,10.038125,1797.4281249999995,127.0185299042895,250.0,40.70283373692565,1028.01,147,61,()
yj_m,,False,1789432175705,217.37841594454807,100.81730566505179,37.09446125268576,394384631.9531503,52858804.7899704,744329.475472235,320994.08944212226,0.98,3.88119393721e-08,8.50582858552147e-05,81,5.0625,3.913125,1389.1156249999995,186.1811685940522,250.0,40.70283373692565,1028.01,147,62,()
yj_m,,False,1789432175810,165.6463201110927,82.04362649412786,40.35018248771268,278351084.9849685,56700920.874911904,744329.475472235,320994.08944212226,0.98,3.88119393721e-08,8.50582858552147e-05,64,4.0,2.850625,980.4181249999995,199.71400698135042,250.0,40.70283373692565,1028.01,147,62,()
yj_m,,False,1789432175914,113.83412369697871,63.85025416363799,40.827710577337896,162257916.79360008,50592519.83756538,744329.475472235,320994.08944212226,0.98,3.88119393721e-08,8.50582858552147e-05,53,3.3125,2.163125,571.5106249999995,178.19877885818093,250.0,40.70283373692565,1028.01,147,62,()
yj_m,,False,1789432176019,30.77888651264921,28.422787071006397,25.133038339988726,22909632.453579642,18707261.244627375,744329.475472235,320994.08944212226,0.98,3.88119393721e-08,8.50582858552147e-05,48,3.0,1.850625,80.69312500000002,65.8913831585502,250.0,40.70283373692565,1028.01,148,62,()
yj_m,,False,1789432176131,28.95220277744382,19.616710183826186,15.130176148406113,63431480.70296008,33921107.58295815,2235711.245943094,964156.491574793,0.98,3.88119393721e-08,0.00025548600789522205,32767,2047.9375,2046.788125,223.420625,119.47813566526254,250.0,35.92632879718279,1028.01,148,62,()
yj_m,,False,1789432176236,90.92601487572941,46.020244537377366,24.088898141252983,202593803.60875568,53958808.67561137,2235711.245943094,964156.491574793,0.98,3.88119393721e-08,0.00025548600789522205,32767,2047.9375,2046.788125,713.5831249999999,190.05564153570097,250.0,35.92632879718279,1028.01,148,62,()
yj_m,,False,1789432176341,142.6991145778553,66.51317882445595,25.237036510644042,318657870.96499723,56507229.277339324,2235711.245943094,964156.491574793,0.98,3.88119393721e-08,0.00025548600789522205,32767,2047.9375,2046.788125,1122.3881249999997,199.03177952414248,250.0,35.92632879718279,1028.01,148,62,()
yj_m,,False,1789432176446,194.5322897154751,86.69566786235885,21.8672116026293,434766654.2386287,48942401.84103272,2235711.245943094,964156.491574793,0.98,3.88119393721e-08,0.00025548600789522205,32767,2047.9375,2046.788125,1531.3506249999994,172.3866743633245,250.0,35.92632879718279,1028.01,148,62,()
yj_m,,False,1789432176550,246.40115153514813,106.74849416569364,10.188569204961587,550881825.5004588,22778698.751602095,2235711.245943094,964156.491574793,0.98,3.88119393721e-08,0.00025548600789522205,32767,2047.9375,2046.788125,1940.3356249999995,80.23194564228683,250.0,35.92632879718279,1028.01,148,62,()
yj_m,,False,1789432176662,274.394289366447,122.6275665244374,32.16762229448839,514351050.3222502,35604599.67497906,744329.475472235,320994.08944212226,0.98,3.88119393721e-08,8.50582858552147e-05,197,12.3125,11.163125,1811.6656249999994,125.40779159026319,250.0,40.70283373692565,1028.01,148,62,()
yj_m,,False,1789432176767,222.80904459753236,103.69653969672231,38.99052135234823,398426808.92991054,52903369.88953326,744329.475472235,320994.08944212226,0.98,3.88119393721e-08,8.50582858552147e-05,82,5.125,3.975625,1403.3531249999994,186.33813737811934,250.0,40.70283373692565,1028.01,148,63,()
yj_m,,False,1789432176871,171.05310930554765,85.06929614180606,42.36977788941926,282375517.55006605,57075648.620878905,744329.475472235,320994.08944212226,0.98,3.88119393721e-08,8.50582858552147e-05,57,3.5625,2.413125,994.5931249999994,201.03388642103818,250.0,40.70283373692565,1028.01,148,63,()
yj_m,,False,1789432176976,108.89144227405082,63.62344073885933,42.92698687014869,143073368.68036857,48851992.711275674,744329.475472235,320994.08944212226,0.98,3.88119393721e-08,8.50582858552147e-05,43,2.6875,1.538125,503.93812499999973,172.0682321000796,250.0,40.70283373692565,1028.01,148,63,()
yj_m,,False,1789432177081,36.22763315411582,33.181839442754466,29.27367557399708,26965295.183203574,21789259.585137624,744329.475472235,320994.08944212226,0.98,3.88119393721e-08,8.50582858552147e-05,51,3.1875,2.038125,94.97812500000002,76.74690770022512,250.0,40.70283373692565,1028.01,149,63,()
yj_m,,False,1789432177193,28.16522021863699,19.214386859776,14.888230330552783,61633616.91329655,33381653.93943981,2235711.245943094,964156.491574793,0.98,3.88119393721e-08,0.00025548600789522205,32767,2047.9375,2046.788125,217.088125,117.5780527906755,250.0,35.92632879718279,1028.01,149,63,()
yj_m,,False,1789432177298,90.13712516024025,45.69408952300887,24.01930334967919,200794520.26615912,53807845.81749938,2235711.245943094,964156.491574793,0.98,3.88119393721e-08,0.00025548600789522205,32767,2047.9375,2046.788125,707.2456249999999,189.5239147694741,250.0,35.92632879718279,1028.01,149,63,()
yj_m,,False,1789432177403,141.91403917573075,66.199121561435,25.23458717595846,316861426.72826654,56510467.77933256,2235711.245943094,964156.491574793,0.98,3.88119393721e-08,0.00025548600789522205,32767,2047.9375,2046.788125,1116.0606249999992,199.04318629143492,250.0,35.92632879718279,1028.01,149,63,()
yj_m,,False,1789432177508,193.74149284330355,86.3843427854791,21.94071126548432,432965951.3430991,49117802.31411664,2235711.245943094,964156.491574793,0.98,3.88119393721e-08,0.00025548600789522205,32767,2047.9375,2046.788125,1525.0081249999994,173.00447616910634,250.0,35.92632879718279,1028.01,149,63,()
yj_m,,False,1789432177612,245.59000972279762,106.4327077238157,10.52172315946671,549068346.6285322,23523534.79431963,2235711.245943094,964156.491574793,0.98,3.88119393721e-08,0.00025548600789522205,32767,2047.9375,2046.788125,1933.9481249999994,82.85543373277866,250.0,35.92632879718279,1028.01,149,63,()
yj_m,,False,1789432177724,276.7791887977225,123.79923941235532,32.84843272070087,516126201.26498544,35329466.11193823,744329.475472235,320994.08944212226,0.98,3.88119393721e-08,8.50582858552147e-05,215,13.4375,12.288125,1817.9181249999995,124.43870633587797,250.0,40.70283373692565,1028.01,149,64,()
yj_m,,False,1789432177829,225.19585118549017,104.90906795025057,39.677872111915974,400203379.42557883,52874078.877926916,744329.475472235,320994.08944212226,0.98,3.88119393721e-08,8.50582858552147e-05,74,4.625,3.475625,1409.6106249999993,186.23496753173632,250.0,40.70283373692565,1028.01,149,64,()
yj_m,,False,1789432177933,173.4666160870583,86.34242230480682,43.113631846886335,284171961.7867966,57188938.87816251,744329.475472235,320994.08944212226,0.98,3.88119393721e-08,8.50582858552147e-05,69,4.3125,3.163125,1000.9206249999995,201.43292140821188,250.0,40.70283373692565,1028.01,149,64,()
yj_m,,False,1789432178038,111.33260282745553,64.98668999481121,43.795789753445796,144890396.4346278,49185817.20830758,744329.475472235,320994.08944212226,0.98,3.88119393721e-08,8.50582858552147e-05,63,3.9375,2.788125,510.3381249999997,173.24404065666116,250.0,40.70283373692565,1028.01,150,64,()
yj_m,,False,1789432178143,38.69167958770868,34.99761887874166,30.76384843289916,28799357.572658986,22898439.167567167,744329.475472235,320994.08944212226,0.98,3.88119393721e-08,8.50582858552147e-05,49,3.0625,1.913125,101.43812500000001,80.65369960855406,250.0,40.70283373692565,1028.01,150,64,()
yj_m,,False,1789432178256,37.40113928384122,23.544440989263983,17.151822908948596,82265399.24173695,38460053.26920484,2235711.245943094,964156.491574793,0.98,3.88119393721e-08,0.00025548600789522205,32767,2047.9375,2046.788125,289.758125,135.46537214191264,250.0,35.92632879718279,1028.01,150,64,()
yj_m,,False,1789432178361,89.06743821175563,45.261804301260824,23.942824695079,198249971.63372958,53658256.38471543,2235711.245943094,964156.491574793,0.98,3.88119393721e-08,0.00025548600789522205,32767,2047.9375,2046.788125,698.2831249999995,188.99702553095082,250.0,35.92632879718279,1028.01,150,64,()
yj_m,,False,1789432178466,140.81669845535214,65.77001621529587,25.25581198371778,314296294.57830846,56581802.539284386,2235711.245943094,964156.491574793,0.98,3.88119393721e-08,0.00025548600789522205,32767,2047.9375,2046.788125,1107.0256249999993,199.2944441286482,250.0,35.92632879718279,1028.01,150,64,()
yj_m,,False,1789432178570,192.61077688098382,85.94848759838118,22.08004524977091,430375977.0168132,49450035.40388206,2235711.245943094,964156.491574793,0.98,3.88119393721e-08,0.00025548600789522205,32767,2047.9375,2046.788125,1515.8856249999994,174.1746794142216,250.0,35.92632879718279,1028.01,150,64,()
yj_m,,False,1789432178674,244.42964834348598,105.98856204476753,11.050259782197266,546474113.6434472,24705190.065651108,2235711.245943094,964156.491574793,0.98,3.88119393721e-08,0.00025548600789522205,32767,2047.9375,2046.788125,1924.8106249999994,87.01750209898509,250.0,35.92632879718279,1028.01,150,65,()
yj_m,,False,1789432178787,279.3900862958561,124.77823562862291,32.43941772824422,518069569.230283,34426207.86992365,744329.475472235,320994.08944212226,0.98,3.88119393721e-08,8.50582858552147e-05,256,16.0,14.850625,1824.7631249999995,121.25721792143706,250.0,40.70283373692565,1028.01,150,65,()
yj_m,,False,1789432178891,227.82009878040023,105.88125053443568,39.473582005223975,402156684.26140755,52443924.10617557,744329.475472235,320994.08944212226,0.98,3.88119393721e-08,8.50582858552147e-05,81,5.0625,3.913125,1416.4906249999995,184.71986104381648,250.0,40.70283373692565,1028.01,150,65,()
yj_m,,False,1789432178996,165.7118321360091,83.63218685978461,43.44290550055121,262894282.87383443,56685810.80869112,744329.475472235,320994.08944212226,0.98,3.88119393721e-08,8.50582858552147e-05,52,3.25,2.100625,925.9756249999997,199.66078576687732,250.0,40.70283373692565,1028.01,151,65,()
yj_m,,False,1789432179101,113.91393939701277,65.87508512062304,43.88841685117685,146811761.32946366,49134621.07907164,744329.475472235,320994.08944212226,0.98,3.88119393721e-08,8.50582858552147e-05,50,3.125,1.975625,517.1056249999998,173.06371582323914,250.0,40.70283373692565,1028.01,151,65,()
yj_m,,False,1789432179206,41.26920184390123,35.865015259509384,31.137596854909315,30717883.361628793,23176631.134480566,744329.475472235,320994.08944212226,0.98,3.88119393721e-08,8.50582858552147e-05,41,2.5625,1.413125,108.195625,81.63355728220395,250.0,40.70283373692565,1028.01,151,65,()
yj_m,,False,1789432179318,36.027367977267886,22.993287723042084,16.949809362723972,79277950.09420684,37998669.00506622,2235711.245943094,964156.491574793,0.98,3.88119393721e-08,0.00025548600789522205,32767,2047.9375,2046.788125,279.235625,133.84026802142498,250.0,35.92632879718279,1028.01,151,65,()
yj_m,,False,1789432179423,87.70606342361755,44.75017466480885,23.915743860184097,195271749.58026397,53586456.03635412,2235711.245943094,964156.491574793,0.98,3.88119393721e-08,0.00025548600789522205,32767,2047.9375,2046.788125,687.7931249999992,188.74412778162628,250.0,35.92632879718279,1028.01,151,65,()
yj_m,,False,1789432179528,139.4896524874963,65.27231121943208,25.33408640274744,311343624.4776372,56752218.84433121,2235711.245943094,964156.491574793,0.98,3.88119393721e-08,0.00025548600789522205,32767,2047.9375,2046.788125,1096.6256249999992,199.89469051990068,250.0,35.92632879718279,1028.01,151,65,()
yj_m,,False,1789432179632,191.29135953985735,85.45338782667194,22.290597124315685,427428985.127874,49918390.328201175,2235711.245943094,964156.491574793,0.98,3.88119393721e-08,0.00025548600789522205,32767,2047.9375,2046.788125,1505.5056249999993,175.82433584275776,250.0,35.92632879718279,1028.01,151,65,()
yj_m,,False,1789432179737,253.37824101069688,109.45785156835711,6.409197149553124,566480582.9048945,14329114.144722342,2235711.245943094,964156.491574793,0.98,3.88119393721e-08,0.00025548600789522205,32767,2047.9375,2046.788125,1995.2781249999994,50.47051720110341,250.0,35.92632879718279,1028.01,151,66,()
yj_m,,False,1789432179849,281.5823629022144,125.63627136313897,32.225181557786385,519701345.3267838,33719519.7262944,744329.475472235,320994.08944212226,0.98,3.88119393721e-08,8.50582858552147e-05,263,16.4375,15.288125,1830.5106249999994,118.76809572249131,250.0,40.70283373692565,1028.01,151,66,()
yj_m,,False,1789432179953,230.02095759182916,106.73927444941346,39.410617275021146,403794848.34610695,52126121.84678845,744329.475472235,320994.08944212226,0.98,3.88119393721e-08,8.50582858552147e-05,84,5.25,4.100625,1422.2606249999997,183.60048658445012,250.0,40.70283373692565,1028.01,151,66,()
yj_m,,False,1789432180058,167.94606618937917,84.48968799990007,43.506425839210394,264557289.1348616,56548874.8794492,744329.475472235,320994.08944212226,0.98,3.88119393721e-08,8.50582858552147e-05,59,3.6875,2.538125,931.8331249999999,199.17846515009313,250.0,40.70283373692565,1028.01,152,66,()
yj_m,,False,1789432180163,116.16152354715922,66.71100080389425,44.055097827398335,148484704.4610219,49132793.663796455,744329.475472235,320994.08944212226,0.98,3.88119393721e-08,8.50582858552147e-05,62,3.875,2.725625,522.998125,173.05727923594222,250.0,40.70283373692565,1028.01,152,66,()
yj_m,,False,1789432180268,43.516785994047666,36.734999564964845,31.579581977698243,32390826.49318701,23505613.689092573,744329.475472235,320994.08944212226,0.98,3.88119393721e-08,8.50582858552147e-05,56,3.5,2.350625,114.08812500000003,82.79231137640062,250.0,40.70283373692565,1028.01,152,66,()
yj_m,,False,1789432180381,34.92265367954502,22.562349240209336,16.800038478848712,76698622.41491854,37669939.624242984,2235711.245943094,964156.491574793,0.98,3.88119393721e-08,0.00025548600789522205,32767,2047.9375,2046.788125,270.15062500000005,132.68240566498207,250.0,35.92632879718279,1028.01,152,66,()
yj_m,,False,1789432180485,86.5794168240477,44.336454792729135,23.908667127292315,192676097.04224604,53580021.707714275,2235711.245943094,964156.491574793,0.98,3.88119393721e-08,0.00025548600789522205,32767,2047.9375,2046.788125,678.6506249999994,188.72146455967027,250.0,35.92632879718279,1028.01,152,66,()
yj_m,,False,1789432180590,138.31723412755014,64.8439009771533,25.42925941733732,308713902.6692269,56965485.42189637,2235711.245943094,964156.491574793,0.98,3.88119393721e-08,0.00025548600789522205,32767,2047.9375,2046.788125,1087.3631249999994,200.6458656702073,250.0,35.92632879718279,1028.01,152,66,()
yj_m,,False,1789432180694,190.12466264995822,85.02426009564975,22.504978519640318,424803521.9782627,50402134.364512086,2235711.245943094,964156.491574793,0.98,3.88119393721e-08,0.00025548600789522205,32767,2047.9375,2046.788125,1496.2581249999994,177.52819635073993,250.0,35.92632879718279,1028.01,152,67,()
yj_m,,False,1789432180799,252.26423059209105,109.04406694664891,7.444817144890344,563989977.2839196,16644461.414821286,2235711.245943094,964156.491574793,0.98,3.88119393721e-08,0.00025548600789522205,32767,2047.9375,2046.788125,1986.5056249999993,58.62571598323447,250.0,35.92632879718279,1028.01,152,67,()
yj_m,,False,1789432180911,284.9427729765105,127.00417495577813,32.09348128504295,522202597.59475625,32714823.033547908,744329.475472235,320994.08944212226,0.98,3.88119393721e-08,8.50582858552147e-05,312,19.5,18.350625,1839.3206249999994,115.22931717686643,250.0,40.70283373692565,1028.01,152,67,()
yj_m,,False,1789432181016,223.0614579773189,104.36744491236352,40.48359198150531,383109123.006212,53529880.24366996,744329.475472235,320994.08944212226,0.98,3.88119393721e-08,8.50582858552147e-05,81,5.0625,3.913125,1349.4006249999998,188.54485450562382,250.0,40.70283373692565,1028.01,153,67,()
yj_m,,False,1789432181121,171.30933699869883,85.86473736082168,43.759015952731886,267060670.73223358,56409569.62859624,744329.475472235,320994.08944212226,0.98,3.88119393721e-08,8.50582858552147e-05,72,4.5,3.350625,940.6506249999999,198.68779922417698,250.0,40.70283373692565,1028.01,153,67,()
yj_m,,False,1789432181226,119.5381444532553,68.07511420137574,44.46009973378266,150998022.92892504,49207947.242324196,744329.475472235,320994.08944212226,0.98,3.88119393721e-08,8.50582858552147e-05,57,3.5625,2.413125,531.850625,173.3219878522251,250.0,40.70283373692565,1028.01,153,67,()
yj_m,,False,1789432181330,46.89626763516731,38.23280974398376,32.44582926112764,34906274.29048964,24150387.075196825,744329.475472235,320994.08944212226,0.98,3.88119393721e-08,8.50582858552147e-05,57,3.5625,2.413125,122.94812500000003,85.06335520685082,250.0,40.70283373692565,1028.01,153,67,()
yj_m,,False,1789432181443,33.980706297708686,22.161254432108603,16.62448610606628,74601232.95638885,37274904.73600408,2235711.245943094,964156.491574793,0.98,3.88119393721e-08,0.00025548600789522205,32767,2047.9375,2046.788125,262.76312500000006,131.2909996840868,250.0,35.92632879718279,1028.01,153,67,()
yj_m,,False,1789432181548,85.64795880396427,43.97545275226392,23.865849985369902,190586515.12484792,53484153.15940582,2235711.245943094,964156.491574793,0.98,3.88119393721e-08,0.00025548600789522205,32767,2047.9375,2046.788125,671.2906249999994,188.3837929375743,250.0,35.92632879718279,1028.01,153,67,()
yj_m,,False,1789432181652,137.40675483097252,64.49515085194538,25.46033279172177,306639935.8340919,57042249.454454236,2235711.245943094,964156.491574793,0.98,3.88119393721e-08,0.00025548600789522205,32767,2047.9375,2046.788125,1080.0581249999993,200.91624668514706,250.0,35.92632879718279,1028.01,153,67,()
yj_m,,False,1789432181756,199.5436288255988,88.68221687401756,21.431091168988644,445923630.51566035,47987230.203435645,2235711.245943094,964156.491574793,0.98,3.88119393721e-08,0.00025548600789522205,32767,2047.9375,2046.788125,1570.6481249999995,169.02233473433876,250.0,35.92632879718279,1028.01,153,68,()
yj_m,,False,1789432181862,251.3549898286578,108.69822293426053,8.07974225266748,561957177.4838421,18063970.618610255,2235711.245943094,964156.491574793,0.98,3.88119393721e-08,0.00025548600789522205,32767,2047.9375,2046.788125,1979.3456249999995,63.6255619585939,250.0,35.92632879718279,1028.01,153,68,()
yj_m,,False,1789432181973,288.23547898858345,128.40779352638725,32.21014103558613,524653455.7336067,31837283.993976735,744329.475472235,320994.08944212226,0.98,3.88119393721e-08,8.50582858552147e-05,354,22.125,20.975625,1847.9531249999993,112.13841785510833,250.0,40.70283373692565,1028.01,153,68,()
yj_m,,False,1789432182078,226.39707501474453,105.8036862768172,40.767071804527724,385591921.08605516,53245582.70466966,744329.475472235,320994.08944212226,0.98,3.88119393721e-08,8.50582858552147e-05,89,5.5625,4.413125,1358.1456249999994,187.54349156808098,250.0,40.70283373692565,1028.01,154,68,()
yj_m,,False,1789432182183,174.66497918128914,87.3225828210989,44.17484197179447,269558374.1178734,56341931.507423356,744329.475472235,320994.08944212226,0.98,3.88119393721e-08,8.50582858552147e-05,59,3.6875,2.538125,949.4481249999993,198.44956181999217,250.0,40.70283373692565,1028.01,154,68,()
yj_m,,False,1789432182288,122.87757580404568,69.53702721673258,45.02579084500074,153483660.11463413,49367342.044987075,744329.475472235,320994.08944212226,0.98,3.88119393721e-08,8.50582858552147e-05,65,4.0625,2.913125,540.6056249999992,173.88341391445843,250.0,40.70283373692565,1028.01,154,68,()
yj_m,,False,1789432182392,50.20137016567539,39.894803872451405,33.509633921353085,37366359.52340468,24942208.239947353,744329.475472235,320994.08944212226,0.98,3.88119393721e-08,8.50582858552147e-05,40,2.5,1.350625,131.61312500000003,87.852335970917,250.0,40.70283373692565,1028.01,154,68,()
yj_m,,False,1789432182505,33.0397055261713,21.737709129781585,16.416739353084367,72513070.59192373,36807343.68452203,2235711.245943094,964156.491574793,0.98,3.88119393721e-08,0.00025548600789522205,32767,2047.9375,2046.788125,255.40812500000004,129.6441394627882,250.0,35.92632879718279,1028.01,154,68,()
yj_m,,False,1789432182610,84.6773971038505,43.59263545328941,23.807574874747136,188476349.6899211,53344372.245368645,2235711.245943094,964156.491574793,0.98,3.88119393721e-08,0.00025548600789522205,32767,2047.9375,2046.788125,663.8581249999995,187.8914516138158,250.0,35.92632879718279,1028.01,154,68,()
yj_m,,False,1789432182714,136.42475019076468,64.11691219223727,25.487112854338456,304521253.081567,57084882.83587432,2235711.245943094,964156.491574793,0.98,3.88119393721e-08,0.00025548600789522205,32767,2047.9375,2046.788125,1072.5956249999995,201.06641150263482,250.0,35.92632879718279,1028.01,154,69,()
yj_m,,False,1789432182819,198.5921386923085,88.31673650335392,21.565133099732723,443827660.61006373,48274656.99669936,2235711.245943094,964156.491574793,0.98,3.88119393721e-08,0.00025548600789522205,32767,2047.9375,2046.788125,1563.2656249999998,170.03471964292137,250.0,35.92632879718279,1028.01,154,69,()
yj_m,,False,1789432182924,250.44384423122304,108.34746519977641,8.612985597247167,559920119.0249655,19256148.76091137,2235711.245943094,964156.491574793,0.98,3.88119393721e-08,0.00025548600789522205,32767,2047.9375,2046.788125,1972.1706249999995,67.82469435645741,250.0,35.92632879718279,1028.01,154,69,()
yj_m,,False,1789432183036,261.69548659703673,116.2908133399199,28.051332512769825,504898957.1177696,36943907.03723714,744329.475472235,320994.08944212226,0.98,3.88119393721e-08,8.50582858552147e-05,179,11.1875,10.038125,1778.3731249999994,130.12514777723356,250.0,40.70283373692565,1028.01,155,69,()
yj_m,,False,1789432183141,210.07972732120447,97.09986181916571,34.9354493587979,388952002.8785018,52999791.306253135,744329.475472235,320994.08944212226,0.98,3.88119393721e-08,8.50582858552147e-05,78,4.875,3.725625,1369.9806249999995,186.67775633306414,250.0,40.70283373692565,1028.01,155,69,()
yj_m,,False,1789432183246,158.33523496931383,78.1349690869233,37.98123362676288,272909228.81625533,56388747.186713345,744329.475472235,320994.08944212226,0.98,3.88119393721e-08,8.50582858552147e-05,53,3.3125,2.163125,961.2506249999992,198.61445767629024,250.0,40.70283373692565,1028.01,155,69,()
yj_m,,False,1789432183350,106.5583209538233,59.686400729139436,38.08853513651689,156842322.35414773,49733594.76820966,744329.475472235,320994.08944212226,0.98,3.88119393721e-08,8.50582858552147e-05,59,3.6875,2.538125,552.4356249999994,175.17344232658917,250.0,40.70283373692565,1028.01,155,69,()
yj_m,,False,1789432183454,23.543134059823085,21.683448517130117,19.159533395209383,17523848.62572063,14261005.442348972,744329.475472235,320994.08944212226,0.98,3.88119393721e-08,8.50582858552147e-05,46,2.875,1.725625,61.723125000000024,50.23062229902071,250.0,40.70283373692565,1028.01,155,69,()
yj_m,,False,1789432183568,31.84695732347092,21.175081176496672,16.117038907121927,69852118.61898707,36134875.89480729,2235711.245943094,964156.491574793,0.98,3.88119393721e-08,0.00025548600789522205,32767,2047.9375,2046.788125,246.03562500000004,127.27554941561584,250.0,35.92632879718279,1028.01,155,69,()
yj_m,,False,1789432183672,83.50562762465592,43.11270945510356,23.703157037561443,185831012.79924768,53113328.93680021,2235711.245943094,964156.491574793,0.98,3.88119393721e-08,0.00025548600789522205,32767,2047.9375,2046.788125,654.5406249999997,187.0776626271744,250.0,35.92632879718279,1028.01,155,70,()
yj_m,,False,1789432183777,145.62247647411758,67.71206408153947,25.319418660100336,325099802.17501944,56714242.26918289,2235711.245943094,964156.491574793,0.98,3.88119393721e-08,0.00025548600789522205,32767,2047.9375,2046.788125,1145.0781249999998,199.76092807164991,250.0,35.92632879718279,1028.01,155,70,()
yj_m,,False,1789432183882,197.41464774306692,87.85745627883215,21.699367641598894,441178065.06059104,48580196.60146873,2235711.245943094,964156.491574793,0.98,3.88119393721e-08,0.00025548600789522205,32767,2047.9375,2046.788125,1553.9331249999993,171.11090214257786,250.0,35.92632879718279,1028.01,155,70,()
yj_m,,False,1789432183986,249.26252967789378,107.8895536257127,9.216906132821514,557279040.793091,20606340.69395092,2235711.245943094,964156.491574793,0.98,3.88119393721e-08,0.00025548600789522205,32767,2047.9375,2046.788125,1962.8681249999995,72.58038856707005,250.0,35.92632879718279,1028.01,156,70,()
yj_m,,False,1789432184098,265.74533381200143,118.24938322549121,29.137253579026247,507913377.771027,36393324.97436724,744329.475472235,320994.08944212226,0.98,3.88119393721e-08,8.50582858552147e-05,189,11.8125,10.663125,1788.9906249999995,128.1858679868685,250.0,40.70283373692565,1028.01,156,70,()
yj_m,,False,1789432184203,214.16771766981623,99.14185324167981,36.03696329589256,391994814.5904195,52874128.246127136,744329.475472235,320994.08944212226,0.98,3.88119393721e-08,8.50582858552147e-05,82,5.125,3.975625,1380.6981249999994,186.23514141817293,250.0,40.70283373692565,1028.01,156,70,()
yj_m,,False,1789432184308,162.42608605294907,80.27561541111073,39.21270339345647,275954169.8575726,56520676.21281718,744329.475472235,320994.08944212226,0.98,3.88119393721e-08,8.50582858552147e-05,62,3.875,2.725625,971.9756249999995,199.07914280016098,250.0,40.70283373692565,1028.01,156,70,()
yj_m,,False,1789432184412,110.64154341072911,61.96354053406225,39.53239611058062,159881585.18373293,50166444.09296595,744329.475472235,320994.08944212226,0.98,3.88119393721e-08,8.50582858552147e-05,53,3.3125,2.163125,563.1406249999995,176.69803966526308,250.0,40.70283373692565,1028.01,156,70,()
yj_m,,False,1789432184517,27.63589230014066,25.461709226103736,22.500192246108927,20570209.21997088,16747556.292570708,744329.475472235,320994.08944212226,0.98,3.88119393721e-08,8.50582858552147e-05,58,3.625,2.475625,72.45312500000001,58.98884044077216,250.0,40.70283373692565,1028.01,156,70,()
yj_m,,False,1789432184630,30.11456422066742,20.212455073165803,15.488108737386808,65913569.00633686,34731513.71423312,2235711.245943094,964156.491574793,0.98,3.88119393721e-08,0.00025548600789522205,32767,2047.9375,2046.788125,232.163125,122.33257706165955,250.0,35.92632879718279,1028.01,156,70,()
yj_m,,False,1789432184734,81.73985927991136,42.3312559822614,23.43789805143309,181867621.01026976,52521198.95293646,2235711.245943094,964156.491574793,0.98,3.88119393721e-08,0.00025548600789522205,32767,2047.9375,2046.788125,640.5806249999998,184.99204126677148,250.0,35.92632879718279,1028.01,156,71,()
yj_m,,False,1789432184839,143.85194023766712,66.9770844926095,25.246742428108405,321132861.5037089,56552676.71936376,2235711.245943094,964156.491574793,0.98,3.88119393721e-08,0.00025548600789522205,32767,2047.9375,2046.788125,1131.1056249999997,199.19185612631577,250.0,35.92632879718279,1028.01,156,71,()
yj_m,,False,1789432184944,195.65078655500466,87.14096674988117,21.781174688978385,437216092.82454616,48768842.385569654,2235711.245943094,964156.491574793,0.98,3.88119393721e-08,0.00025548600789522205,32767,2047.9375,2046.788125,1539.9781249999994,171.77535705550687,250.0,35.92632879718279,1028.01,156,71,()
yj_m,,False,1789432185049,247.48912922239867,107.17920028332944,9.798607924039839,553314229.4511801,21906857.93036298,2235711.245943094,964156.491574793,0.98,3.88119393721e-08,0.00025548600789522205,32767,2047.9375,2046.788125,1948.9031249999994,77.16111678848922,250.0,35.92632879718279,1028.01,157,71,()
yj_m,,False,1789432185161,271.0996761976918,120.93787534153871,30.942611920569753,511898772.6304667,35856570.900769964,744329.475472235,320994.08944212226,0.98,3.88119393721e-08,8.50582858552147e-05,200,12.5,11.350625,1803.0281249999994,126.29529363379648,250.0,40.70283373692565,1028.01,157,71,()
yj_m,,False,1789432185266,219.50870995873012,101.93465364811489,37.80811246178379,395970272.57932806,52859860.37106147,744329.475472235,320994.08944212226,0.98,3.88119393721e-08,8.50582858552147e-05,85,5.3125,4.163125,1394.7006249999995,186.18488659944148,250.0,40.70283373692565,1028.01,157,71,()
yj_m,,False,1789432185370,167.79282495707469,83.22452706108842,41.111945354263206,279948791.8110769,56829180.52953106,744329.475472235,320994.08944212226,0.98,3.88119393721e-08,8.50582858552147e-05,66,4.125,2.975625,986.0456249999994,200.1657677140296,250.0,40.70283373692565,1028.01,157,71,()
yj_m,,False,1789432185474,105.6750225292719,61.62795603663381,41.486620057742094,140679292.65883872,48280782.02482731,744329.475472235,320994.08944212226,0.98,3.88119393721e-08,8.50582858552147e-05,48,3.0,1.850625,495.5056249999997,170.0562934355764,250.0,40.70283373692565,1028.01,157,71,()
yj_m,,False,1789432185579,33.025517084454485,30.32278882896265,26.76989325314137,24581865.808671344,19925620.603558436,744329.475472235,320994.08944212226,0.98,3.88119393721e-08,8.50582858552147e-05,53,3.3125,2.163125,86.58312500000002,70.18273197195215,250.0,40.70283373692565,1028.01,157,71,()
yj_m,,False,1789432185692,29.519032576446804,19.8914407754944,15.284383712062617,64525246.23784816,34279323.15185317,2235711.245943094,964156.491574793,0.98,3.88119393721e-08,0.00025548600789522205,32767,2047.9375,2046.788125,227.273125,120.73985532560025,250.0,35.92632879718279,1028.01,157,72,()
yj_m,,False,1789432185796,91.48712320468535,46.24737269494623,24.12873788893976,203683310.48484468,54072872.902063206,2235711.245943094,964156.491574793,0.98,3.88119393721e-08,0.00025548600789522205,32767,2047.9375,2046.788125,717.4206249999999,190.45740262469948,250.0,35.92632879718279,1028.01,157,72,()
yj_m,,False,1789432185901,143.22684766487015,66.72362457003233,25.236566618558648,319722535.6647584,56532353.56791022,2235711.245943094,964156.491574793,0.98,3.88119393721e-08,0.00025548600789522205,32767,2047.9375,2046.788125,1126.1381249999993,199.1202731969974,250.0,35.92632879718279,1028.01,157,72,()
yj_m,,False,1789432186006,195.0094831504077,86.88660734605742,21.83455147402556,435793700.7856651,48883727.595846675,2235711.245943094,964156.491574793,0.98,3.88119393721e-08,0.00025548600789522205,32767,2047.9375,2046.788125,1534.9681249999994,172.1800098430328,250.0,35.92632879718279,1028.01,158,72,()
yj_m,,False,1789432186110,246.85386708286313,106.92916056931139,10.043975660214546,551893966.7416985,22455429.337520376,2235711.245943094,964156.491574793,0.98,3.88119393721e-08,0.00025548600789522205,32767,2047.9375,2046.788125,1943.9006249999993,79.0933145755498,250.0,35.92632879718279,1028.01,158,72,()
yj_m,,False,1789432186223,274.9101752490221,122.88633067664757,32.33548697036273,514735039.3906307,35555028.52514796,744329.475472235,320994.08944212226,0.98,3.88119393721e-08,8.50582858552147e-05,217,13.5625,12.413125,1813.0181249999994,125.2331903172912,250.0,40.70283373692565,1028.01,158,72,()
yj_m,,False,1789432186327,223.35353783034253,103.97404825871264,39.14985063987334,398832091.29228634,52897289.56475753,744329.475472235,320994.08944212226,0.98,3.88119393721e-08,8.50582858552147e-05,98,6.125,4.975625,1404.7806249999994,186.3167210412068,250.0,40.70283373692565,1028.01,158,72,()
yj_m,,False,1789432186432,171.62048841854602,85.36589882111137,42.539281997164146,282797834.5476381,57099604.57715571,744329.475472235,320994.08944212226,0.98,3.88119393721e-08,8.50582858552147e-05,54,3.375,2.225625,996.0806249999996,201.11826494514833,250.0,40.70283373692565,1028.01,158,72,()
yj_m,,False,1789432186536,109.47312506216677,63.94258749868562,43.125580009697565,143506332.32493815,48926852.819379605,744329.475472235,320994.08944212226,0.98,3.88119393721e-08,8.50582858552147e-05,57,3.5625,2.413125,505.4631249999997,172.3319070443627,250.0,40.70283373692565,1028.01,158,72,()
yj_m,,False,1789432186641,36.77975501365538,33.60189469675688,29.6226994357717,27376255.75731142,22049048.33309962,744329.475472235,320994.08944212226,0.98,3.88119393721e-08,8.50582858552147e-05,44,2.75,1.600625,96.425625,77.66194489933197,250.0,40.70283373692565,1028.01,158,72,()
yj_m,,False,1789432186754,27.682797858955283,18.97147490113446,14.744297367298993,60474551.94348978,33064533.273839556,2235711.245943094,964156.491574793,0.98,3.88119393721e-08,0.00025548600789522205,32767,2047.9375,2046.788125,213.005625,116.46107906526916,250.0,35.92632879718279,1028.01,158,73,()
yj_m,,False,1789432186859,89.62800260700567,45.48893077777171,23.984186210670206,199615581.55529,53734829.204755105,2235711.245943094,964156.491574793,0.98,3.88119393721e-08,0.00025548600789522205,32767,2047.9375,2046.788125,703.0931249999994,189.26673305033526,250.0,35.92632879718279,1028.01,158,73,()
yj_m,,False,1789432186963,141.3867986340139,65.99371693878204,25.24699200999985,315669002.264534,56540844.05168168,2235711.245943094,964156.491574793,0.98,3.88119393721e-08,0.00025548600789522205,32767,2047.9375,2046.788125,1111.8606249999993,199.15017868193564,250.0,35.92632879718279,1028.01,158,73,()
yj_m,,False,1789432187068,193.1923199997397,86.17357638273283,22.01237630802391,431757202.02063686,49271000.149401516,2235711.245943094,964156.491574793,0.98,3.88119393721e-08,0.00025548600789522205,32767,2047.9375,2046.788125,1520.7506249999994,173.54407505169078,250.0,35.92632879718279,1028.01,159,73,()
yj_m,,False,1789432187172,245.06554542768876,106.23091665825082,10.754126207075755,547895795.9058617,24043120.90145061,2235711.245943094,964156.491574793,0.98,3.88119393721e-08,0.00025548600789522205,32767,2047.9375,2046.788125,1929.8181249999993,84.68553846169293,250.0,35.92632879718279,1028.01,159,73,()
yj_m,,False,1789432187285,276.77728164104013,123.79811072554868,32.84716751518266,516124781.7120524,35329312.80821968,744329.475472235,320994.08944212226,0.98,3.88119393721e-08,8.50582858552147e-05,218,13.625,12.475625,1817.9131249999994,124.43816636404955,250.0,40.70283373692565,1028.01,159,73,()
yj_m,,False,1789432187389,225.20061907719602,104.90996385141104,39.675208048012415,400206928.3079114,52872346.85709451,744329.475472235,320994.08944212226,0.98,3.88119393721e-08,8.50582858552147e-05,93,5.8125,4.663125,1409.6231249999994,186.2288669461501,250.0,40.70283373692565,1028.01,159,73,()
yj_m,,False,1789432187494,173.46375535203478,86.34085105720759,43.11262578878105,284169832.45739716,57188749.61168563,744329.475472235,320994.08944212226,0.98,3.88119393721e-08,8.50582858552147e-05,71,4.4375,3.288125,1000.9131249999997,201.4322547670727,250.0,40.70283373692565,1028.01,159,73,()
yj_m,,False,1789432187598,111.36597806939662,64.99408935988446,43.79098840148915,144915238.6109556,49182195.6155691,744329.475472235,320994.08944212226,0.98,3.88119393721e-08,8.50582858552147e-05,62,3.875,2.725625,510.42562499999985,173.23128455347455,250.0,40.70283373692565,1028.01,159,73,()
yj_m,,False,1789432187703,38.72219409462624,35.0007823530056,30.76030690085755,28822070.41958722,22895803.100880265,744329.475472235,320994.08944212226,0.98,3.88119393721e-08,8.50582858552147e-05,63,3.9375,2.788125,101.518125,80.64441476039661,250.0,40.70283373692565,1028.01,159,74,()
yj_m,,False,1789432187816,37.739613567755434,23.687811346335263,17.21123741951603,82962399.73184735,38598504.9617405,2235711.245943094,964156.491574793,0.98,3.88119393721e-08,0.00025548600789522205,32767,2047.9375,2046.788125,292.21312500000005,135.95303163426283,250.0,35.92632879718279,1028.01,159,74,()
yj_m,,False,1789432187921,89.40591249566987,45.39282424333919,23.956245265218577,198946972.12383988,53697394.39234223,2235711.245943094,964156.491574793,0.98,3.88119393721e-08,0.00025548600789522205,32767,2047.9375,2046.788125,700.7381249999993,189.13487881812512,250.0,35.92632879718279,1028.01,159,74,()
yj_m,,False,1789432188026,141.13991548580756,65.89428052409684,25.24417486868143,314981938.6449547,56564270.01978924,2235711.245943094,964156.491574793,0.98,3.88119393721e-08,0.00025548600789522205,32767,2047.9375,2046.788125,1109.4406249999993,199.23269046280248,250.0,35.92632879718279,1028.01,160,74,()
yj_m,,False,1789432188130,192.91969023632166,86.06732483029663,22.04134821630605,431050974.4364619,49369237.36274563,2235711.245943094,964156.491574793,0.98,3.88119393721e-08,0.00025548600789522205,32767,2047.9375,2046.788125,1518.2631249999995,173.89008967030546,250.0,35.92632879718279,1028.01,160,74,()
yj_m,,False,1789432188234,254.88940931863758,110.03218127951818,4.928607586458811,569859118.8854703,11018943.40788641,2235711.245943094,964156.491574793,0.98,3.88119393721e-08,0.00025548600789522205,32767,2047.9375,2046.788125,2007.1781249999995,38.81131570234221,250.0,35.92632879718279,1028.01,160,74,()
yj_m,,False,1789432188347,279.1288058303745,124.67941485751997,32.477748348972625,517875090.47845995,34516187.291594714,744329.475472235,320994.08944212226,0.98,3.88119393721e-08,8.50582858552147e-05,234,14.625,13.475625,1824.0781249999993,121.57414665152659,250.0,40.70283373692565,1028.01,160,74,()
yj_m,,False,1789432188451,227.58551850847152,105.79177015938915,39.48532721762874,401982079.25064677,52479784.611218564,744329.475472235,320994.08944212226,0.98,3.88119393721e-08,8.50582858552147e-05,94,5.875,4.725625,1415.8756249999997,184.8461701944264,250.0,40.70283373692565,1028.01,160,74,()
yj_m,,False,1789432188556,165.49823058758622,83.55041020812412,43.43698712051749,262735292.9453368,56698952.70468071,744329.475472235,320994.08944212226,0.98,3.88119393721e-08,8.50582858552147e-05,57,3.5625,2.413125,925.4156249999999,199.70707462192436,250.0,40.70283373692565,1028.01,160,74,()
yj_m,,False,1789432188661,113.68317343844873,65.79144828054316,43.874239385991665,146639995.4245689,49136278.90789982,744329.475472235,320994.08944212226,0.98,3.88119393721e-08,8.50582858552147e-05,50,3.125,1.975625,516.500625,173.06955508710038,250.0,40.70283373692565,1028.01,160,74,()
yj_m,,False,1789432188766,41.01268927012549,35.775285662227596,31.097379568659683,30526953.49213828,23146696.222901456,744329.475472235,320994.08944212226,0.98,3.88119393721e-08,8.50582858552147e-05,52,3.25,2.100625,107.52312500000004,81.52811946835813,250.0,40.70283373692565,1028.01,160,75,()
yj_m,,False,1789432188878,36.32136245560724,23.105417914335092,16.985561503534854,79916748.9140636,38080636.75006335,2235711.245943094,964156.491574793,0.98,3.88119393721e-08,0.00025548600789522205,32767,2047.9375,2046.788125,281.485625,134.1289777380223,250.0,35.92632879718279,1028.01,160,75,()
yj_m,,False,1789432188983,87.97812560010989,44.851045933625755,23.91885775375462,195894223.54139113,53591703.068749614,2235711.245943094,964156.491574793,0.98,3.88119393721e-08,0.00025548600789522205,32767,2047.9375,2046.788125,689.9856249999995,188.7626090663796,250.0,35.92632879718279,1028.01,160,75,()
yj_m,,False,1789432189088,139.72357153034173,65.36104675892963,25.32312900441791,311937707.380104,56712461.03460246,2235711.245943094,964156.491574793,0.98,3.88119393721e-08,0.00025548600789522205,32767,2047.9375,2046.788125,1098.7181249999994,199.75465414364413,250.0,35.92632879718279,1028.01,161,75,()
yj_m,,False,1789432189192,191.5624681380086,85.5540372040468,22.24362469073543,428050749.31253463,49808341.79374145,2235711.245943094,964156.491574793,0.98,3.88119393721e-08,0.00025548600789522205,32767,2047.9375,2046.788125,1507.6956249999994,175.43671896740113,250.0,35.92632879718279,1028.01,161,75,()
yj_m,,False,1789432189296,253.63602854558093,109.55434856786187,6.156624391417138,567056921.3956985,13764434.388938855,2235711.245943094,964156.491574793,0.98,3.88119393721e-08,0.00025548600789522205,32767,2047.9375,2046.788125,1997.3081249999993,48.48158201365624,250.0,35.92632879718279,1028.01,161,75,()
yj_m,,False,1789432189409,281.36113272706217,125.54895625331257,32.24425355409635,519536677.1865541,33790123.64109784,744329.475472235,320994.08944212226,0.98,3.88119393721e-08,8.50582858552147e-05,258,16.125,14.975625,1829.9306249999995,119.01677935084142,250.0,40.70283373692565,1028.01,161,75,()
yj_m,,False,1789432189513,229.80163457335922,106.65270464431234,39.414202550017116,403631599.75881016,52156750.907825716,744329.475472235,320994.08944212226,0.98,3.88119393721e-08,8.50582858552147e-05,80,5.0,3.850625,1421.6856249999996,183.70836935628947,250.0,40.70283373692565,1028.01,161,75,()
yj_m,,False,1789432189618,167.72674317090917,84.40384495566022,43.49715695998728,264394040.54756483,56561037.62596674,744329.475472235,320994.08944212226,0.98,3.88119393721e-08,8.50582858552147e-05,62,3.875,2.725625,931.2581249999998,199.221305209927,250.0,40.70283373692565,1028.01,161,75,()
yj_m,,False,1789432189723,115.9402933720069,66.62664880506703,44.03582606471828,148320036.3207922,49131536.79577374,744329.475472235,320994.08944212226,0.98,3.88119393721e-08,8.50582858552147e-05,55,3.4375,2.288125,522.418125,173.052852250539,250.0,40.70283373692565,1028.01,161,76,()
yj_m,,False,1789432189827,43.30699875898946,36.64765624787378,31.531698808191173,32234675.670555357,23469972.834649432,744329.475472235,320994.08944212226,0.98,3.88119393721e-08,8.50582858552147e-05,55,3.4375,2.288125,113.53812500000004,82.66677588697212,250.0,40.70283373692565,1028.01,161,76,()
yj_m,,False,1789432189940,35.706491709865475,22.86242385971675,16.89899366041841,78452480.06365861,37892964.582750075,2235711.245943094,964156.491574793,0.98,3.88119393721e-08,0.00025548600789522205,32767,2047.9375,2046.788125,276.32812500000006,133.467952132888,250.0,35.92632879718279,1028.01,161,76,()
yj_m,,False,1789432190045,87.35753338432109,44.62092565504408,23.911486053779548,194425696.03218707,53586046.58989414,2235711.245943094,964156.491574793,0.98,3.88119393721e-08,0.00025548600789522205,32767,2047.9375,2046.788125,684.8131249999994,188.7426856146931,250.0,35.92632879718279,1028.01,162,76,()
yj_m,,False,1789432190149,139.11537583298818,65.13529122061605,25.36415776232661,310478406.9649645,56825183.61052317,2235711.245943094,964156.491574793,0.98,3.88119393721e-08,0.00025548600789522205,32767,2047.9375,2046.788125,1093.5781249999993,200.15168962326268,250.0,35.92632879718279,1028.01,162,76,()
yj_m,,False,1789432190254,190.91231499364338,85.31404539411298,22.361098901001085,426560218.73286885,50082819.845932,2235711.245943094,964156.491574793,0.98,3.88119393721e-08,0.00025548600789522205,32767,2047.9375,2046.788125,1502.4456249999994,176.40349535807638,250.0,35.92632879718279,1028.01,162,76,()
yj_m,,False,1789432190359,253.0191798013942,109.32446394935467,6.760995718032336,565677825.7212745,15115634.160578,2235711.245943094,964156.491574793,0.98,3.88119393721e-08,0.00025548600789522205,32767,2047.9375,2046.788125,1992.4506249999995,53.240826069350916,250.0,35.92632879718279,1028.01,162,76,()
yj_m,,False,1789432190471,283.71742480810235,126.49837352957937,32.1148085552612,521290534.8352941,33070312.96866276,744329.475472235,320994.08944212226,0.98,3.88119393721e-08,8.50582858552147e-05,292,18.25,17.100625,1836.1081249999995,116.4814365126344,250.0,40.70283373692565,1028.01,162,76,()
yj_m,,False,1789432190575,221.8313419172048,103.85648273802789,40.42656665261088,382193511.3644172,53654380.67355541,744329.475472235,320994.08944212226,0.98,3.88119393721e-08,8.50582858552147e-05,81,5.0625,3.913125,1346.1756249999994,188.98337436279118,250.0,40.70283373692565,1028.01,162,76,()
yj_m,,False,1789432190680,170.06396368512597,85.34744305621568,43.650325691261656,266133702.6669746,56454624.88788605,744329.475472235,320994.08944212226,0.98,3.88119393721e-08,8.50582858552147e-05,55,3.4375,2.288125,937.3856249999993,198.84649446632662,250.0,40.70283373692565,1028.01,162,77,()
yj_m,,False,1789432190785,118.24032433091793,67.54749119407401,44.30050529965939,150032017.1580081,49176895.08367235,744329.475472235,320994.08944212226,0.98,3.88119393721e-08,8.50582858552147e-05,35,2.1875,1.038125,528.4481249999993,173.2126148308687,250.0,40.70283373692565,1028.01,162,77,()
yj_m,,False,1789432190889,45.54027923401828,37.642230133685594,32.11281231630825,33896972.155115955,23902512.74733604,744329.475472235,320994.08944212226,0.98,3.88119393721e-08,8.50582858552147e-05,38,2.375,1.225625,119.39312500000004,84.19028340341227,250.0,40.70283373692565,1028.01,162,77,()
yj_m,,False,1789432191002,33.91483738906471,22.151020203775648,16.635858021618553,74640270.66204675,37285598.20699935,2235711.245943094,964156.491574793,0.98,3.88119393721e-08,0.00025548600789522205,32767,2047.9375,2046.788125,262.90062500000005,131.32866460924237,250.0,35.92632879718279,1028.01,163,77,()
yj_m,,False,1789432191107,85.5849506303438,43.95980905716336,23.879064111293644,190627682.15990543,53487916.88396523,2235711.245943094,964156.491574793,0.98,3.88119393721e-08,0.00025548600789522205,32767,2047.9375,2046.788125,671.4356249999996,188.39704966253285,250.0,35.92632879718279,1028.01,163,77,()
yj_m,,False,1789432191211,137.34660739237557,64.4779933421693,25.477227501506224,306683232.1985489,57041971.39121385,2235711.245943094,964156.491574793,0.98,3.88119393721e-08,0.00025548600789522205,32767,2047.9375,2046.788125,1080.2106249999995,200.9152672808786,250.0,35.92632879718279,1028.01,163,77,()
yj_m,,False,1789432191316,199.566442702684,88.6908657802075,21.42737426671659,446028677.4327035,47958938.93507923,2235711.245943094,964156.491574793,0.98,3.88119393721e-08,0.00025548600789522205,32767,2047.9375,2046.788125,1571.0181249999996,168.9226862193083,250.0,35.92632879718279,1028.01,163,77,()
yj_m,,False,1789432191421,251.41181737637237,108.71835739390076,8.0216081097841,562084227.471347,17933999.461592633,2235711.245943094,964156.491574793,0.98,3.88119393721e-08,0.00025548600789522205,32767,2047.9375,2046.788125,1979.7931249999995,63.16777291108873,250.0,35.92632879718279,1028.01,163,77,()
yj_m,,False,1789432191533,287.16747124646895,127.94792704710851,32.154226471946835,523858506.0911183,32114491.938492768,744329.475472235,320994.08944212226,0.98,3.88119393721e-08,8.50582858552147e-05,335,20.9375,19.788125,1845.1531249999994,113.1148095699536,250.0,40.70283373692565,1028.01,163,77,()
yj_m,,False,1789432191637,225.3138100191712,105.33187822113288,40.66131272309513,384785615.0201027,53332198.68627918,744329.475472235,320994.08944212226,0.98,3.88119393721e-08,8.50582858552147e-05,86,5.375,4.225625,1355.3056249999995,187.84857346955525,250.0,40.70283373692565,1028.01,163,77,()
yj_m,,False,1789432191742,173.5998321741981,86.8498662435028,44.02353830881247,268765553.8047845,56354866.341955,744329.475472235,320994.08944212226,0.98,3.88119393721e-08,8.50582858552147e-05,75,4.6875,3.538125,946.6556249999993,198.4951213557827,250.0,40.70283373692565,1028.01,163,78,()
yj_m,,False,1789432191847,121.82863962875459,69.06335180820854,44.82641557620934,152702906.00147593,49306017.81096453,744329.475472235,320994.08944212226,0.98,3.88119393721e-08,8.50582858552147e-05,54,3.375,2.225625,537.8556249999995,173.66741550891712,250.0,40.70283373692565,1028.01,163,78,()
yj_m,,False,1789432191951,49.18104134061953,39.35241989450737,33.14772856933617,36606898.70424163,24672831.419110004,744329.475472235,320994.08944212226,0.98,3.88119393721e-08,8.50582858552147e-05,52,3.25,2.100625,128.938125,86.90352731936072,250.0,40.70283373692565,1028.01,163,78,()
yj_m,,False,1789432192065,33.06679171113964,21.69751017718658,16.35329544564532,72449900.48640455,36675310.86524595,2235711.245943094,964156.491574793,0.98,3.88119393721e-08,0.00025548600789522205,32767,2047.9375,2046.788125,255.185625,129.17908875490212,250.0,35.92632879718279,1028.01,164,78,()
yj_m,,False,1789432192169,84.70066897545415,43.5761920190926,23.76203243151848,188410340.47853595,53259252.885406025,2235711.245943094,964156.491574793,0.98,3.88119393721e-08,0.00025548600789522205,32767,2047.9375,2046.788125,663.6256249999997,187.59164116651593,250.0,35.92632879718279,1028.01,164,78,()
yj_m,,False,1789432192273,136.41560039876842,64.09837745479146,25.44957305419854,304431111.47032064,57015862.50312052,2235711.245943094,964156.491574793,0.98,3.88119393721e-08,0.00025548600789522205,32767,2047.9375,2046.788125,1072.2781249999998,200.82330562349298,250.0,35.92632879718279,1028.01,164,78,()
yj_m,,False,1789432192378,198.56582449017114,88.29669859284216,21.52811294964899,443724743.02242005,48208138.362383224,2235711.245943094,964156.491574793,0.98,3.88119393721e-08,0.00025548600789522205,32767,2047.9375,2046.788125,1562.9031249999994,169.80042533529434,250.0,35.92632879718279,1028.01,164,78,()
yj_m,,False,1789432192483,250.3790798751684,108.3163085520701,8.571191125378157,559775324.625798,19162708.390135583,2235711.245943094,964156.491574793,0.98,3.88119393721e-08,0.00025548600789522205,32767,2047.9375,2046.788125,1971.6606249999995,67.49557534792095,250.0,35.92632879718279,1028.01,164,78,()
yj_m,,False,1789432192595,259.85126608520676,115.42450952727177,27.659079163623122,503526249.43154407,37239773.43440639,744329.475472235,320994.08944212226,0.98,3.88119393721e-08,8.50582858552147e-05,174,10.875,9.725625,1773.5381249999994,131.16725895987489,250.0,40.70283373692565,1028.01,164,78,()
yj_m,,False,1789432192700,208.23550680937453,96.20518868782966,34.51111539908395,387579295.19227624,53086656.15721943,744329.475472235,320994.08944212226,0.98,3.88119393721e-08,8.50582858552147e-05,74,4.625,3.475625,1365.1456249999994,186.98371481106818,250.0,40.70283373692565,1028.01,164,79,()
yj_m,,False,1789432192805,156.47575720402503,77.1964402913529,37.49213487615795,271525164.70656574,56359631.60812612,744329.475472235,320994.08944212226,0.98,3.88119393721e-08,8.50582858552147e-05,58,3.625,2.475625,956.3756249999994,198.51190574634782,250.0,40.70283373692565,1028.01,164,79,()
yj_m,,False,1789432192909,104.69121456180513,58.69036341400278,37.49911495356491,155452580.03272605,49571831.42077647,744329.475472235,320994.08944212226,0.98,3.88119393721e-08,8.50582858552147e-05,57,3.5625,2.413125,547.5406249999995,174.60367369144004,250.0,40.70283373692565,1028.01,164,79,()
yj_m,,False,1789432193013,52.870435942620595,41.37862874589278,34.530092754024025,39353023.853159204,25701765.827610336,744329.475472235,320994.08944212226,0.98,3.88119393721e-08,8.50582858552147e-05,54,3.375,2.225625,138.61062500000003,90.52767681238086,250.0,40.70283373692565,1028.01,165,79,()
yj_m,,False,1789432193127,32.4583974245827,21.47793752452941,16.290003087013165,71233343.62281069,36521512.19656685,2235711.245943094,964156.491574793,0.98,3.88119393721e-08,0.00025548600789522205,32767,2047.9375,2046.788125,250.90062500000005,128.6373735954947,250.0,35.92632879718279,1028.01,165,79,()
yj_m,,False,1789432193231,84.12564993083826,43.371157215012126,23.76681458385061,187218625.79126993,53256050.08542218,2235711.245943094,964156.491574793,0.98,3.88119393721e-08,0.00025548600789522205,32767,2047.9375,2046.788125,659.4281249999999,187.58036015011507,250.0,35.92632879718279,1028.01,165,79,()
yj_m,,False,1789432193335,146.2548952987352,67.96359599258348,25.315412513445285,326496642.2611062,56709665.41374472,2235711.245943094,964156.491574793,0.98,3.88119393721e-08,0.00025548600789522205,32767,2047.9375,2046.788125,1149.9981249999996,199.74480730809216,250.0,35.92632879718279,1028.01,165,79,()
yj_m,,False,1789432193440,198.04515941100217,88.10511773355874,21.634910494031484,442573485.5937449,48441666.90779799,2235711.245943094,964156.491574793,0.98,3.88119393721e-08,0.00025548600789522205,32767,2047.9375,2046.788125,1558.8481249999995,170.62296791184613,250.0,35.92632879718279,1028.01,165,79,()
yj_m,,False,1789432193545,249.87556875407728,108.12956828663998,8.938188901700604,558649619.1499171,19983209.445895772,2235711.245943094,964156.491574793,0.98,3.88119393721e-08,0.00025548600789522205,32767,2047.9375,2046.788125,1967.6956249999994,70.38557344759556,250.0,35.92632879718279,1028.01,165,79,()
yj_m,,False,1789432193657,263.60264327938404,117.20456887086331,28.529221888889587,506318510.05078465,36668994.67833964,744329.475472235,320994.08944212226,0.98,3.88119393721e-08,8.50582858552147e-05,176,11.0,9.850625,1783.3731249999994,129.15684165597605,250.0,40.70283373692565,1028.01,165,79,()
yj_m,,False,1789432193762,212.0440987040223,98.06401359596262,35.418046921018174,390414142.39950716,52920533.434833854,744329.475472235,320994.08944212226,0.98,3.88119393721e-08,8.50582858552147e-05,84,5.25,4.100625,1375.1306249999993,186.3985914298895,250.0,40.70283373692565,1028.01,165,80,()
yj_m,,False,1789432193866,160.34728526919037,79.15681222346284,38.52338246364266,274406857.16058624,56427766.576129705,744329.475472235,320994.08944212226,0.98,3.88119393721e-08,8.50582858552147e-05,85,5.3125,4.163125,966.5256249999994,198.7518931621706,250.0,40.70283373692565,1028.01,165,80,()
yj_m,,False,1789432193971,108.57037125369979,60.76823724599769,38.73690516278454,158339950.69847864,49917317.6364218,744329.475472235,320994.08944212226,0.98,3.88119393721e-08,8.50582858552147e-05,63,3.9375,2.788125,557.7106249999996,175.82055756949148,250.0,40.70283373692565,1028.01,165,80,()
yj_m,,False,1789432194075,25.55995225140549,23.489449242584975,20.742520234058667,19025025.85238402,15439269.205789104,744329.475472235,320994.08944212226,0.98,3.88119393721e-08,8.50582858552147e-05,62,3.875,2.725625,67.01062500000002,54.38074497510009,250.0,40.70283373692565,1028.01,166,80,()
yj_m,,False,1789432194190,31.161022712638502,20.759747327637612,15.823396495985824,68167819.06396472,35488805.230666965,2235711.245943094,964156.491574793,0.98,3.88119393721e-08,0.00025548600789522205,32767,2047.9375,2046.788125,240.103125,124.99993626617125,250.0,35.92632879718279,1028.01,166,80,()
yj_m,,False,1789432194294,93.12243829248884,46.94295699605525,24.30785190703996,207320914.8756957,54477417.39578733,2235711.245943094,964156.491574793,0.98,3.88119393721e-08,0.00025548600789522205,32767,2047.9375,2046.788125,730.2331249999999,191.8823036774024,250.0,35.92632879718279,1028.01,166,80,()
yj_m,,False,1789432194399,144.8306946674149,67.3812468031192,25.28146264393136,323336717.4322146,56627343.66254481,2235711.245943094,964156.491574793,0.98,3.88119393721e-08,0.00025548600789522205,32767,2047.9375,2046.788125,1138.8681249999993,199.45485069821407,250.0,35.92632879718279,1028.01,166,80,()
yj_m,,False,1789432194504,196.6428910815289,87.54096028333848,21.723464559277755,439429885.6235831,48641910.9086783,2235711.245943094,964156.491574793,0.98,3.88119393721e-08,0.00025548600789522205,32767,2047.9375,2046.788125,1547.7756249999993,171.32827447781898,250.0,35.92632879718279,1028.01,166,80,()
yj_m,,False,1789432194609,248.4717060948937,107.57126064652192,9.464496664844566,555510987.6150209,21159881.630783908,2235711.245943094,964156.491574793,0.98,3.88119393721e-08,0.00025548600789522205,32767,2047.9375,2046.788125,1956.6406249999993,74.53009020890072,250.0,35.92632879718279,1028.01,166,80,()
yj_m,,False,1789432194721,270.4645930224701,120.61551312748662,30.717142099984866,511426061.5037727,35912655.39746333,744329.475472235,320994.08944212226,0.98,3.88119393721e-08,8.50582858552147e-05,185,11.5625,10.413125,1801.3631249999994,126.49283644952735,250.0,40.70283373692565,1028.01,166,81,()
yj_m,,False,1789432194826,218.91176991715545,101.61110223847895,37.58016129362646,395525952.51129436,52848001.86756005,744329.475472235,320994.08944212226,0.98,3.88119393721e-08,8.50582858552147e-05,83,5.1875,4.038125,1393.1356249999994,186.14311815521648,250.0,40.70283373692565,1028.01,166,81,()
yj_m,,False,1789432194930,167.20255996388818,82.88427918780037,40.87112198522974,279509440.1783088,56780870.812782094,744329.475472235,320994.08944212226,0.98,3.88119393721e-08,8.50582858552147e-05,76,4.75,3.600625,984.4981249999996,199.9956095056761,250.0,40.70283373692565,1028.01,166,81,()
yj_m,,False,1789432195034,115.42946026176232,64.7555496057813,41.41625215696573,163445372.8220672,50784399.97455212,744329.475472235,320994.08944212226,0.98,3.88119393721e-08,8.50582858552147e-05,56,3.5,2.350625,575.6931249999997,178.87462592426814,250.0,40.70283373692565,1028.01,167,81,()
yj_m,,False,1789432195139,32.43143777790326,29.768125796424606,26.27791975148769,24139675.07003716,19559430.22512632,744329.475472235,320994.08944212226,0.98,3.88119393721e-08,8.50582858552147e-05,66,4.125,2.975625,85.025625,68.89292315286728,250.0,40.70283373692565,1028.01,167,81,()
yj_m,,False,1789432195252,29.189533457060854,19.701679773773396,15.155751681396023,63743072.571756884,33994524.44717463,2235711.245943094,964156.491574793,0.98,3.88119393721e-08,0.00025548600789522205,32767,2047.9375,2046.788125,224.518125,119.7367271644205,250.0,35.92632879718279,1028.01,167,81,()
yj_m,,False,1789432195356,91.14522756686414,46.09785658751345,24.08322317124526,202891909.72468868,53974876.0680512,2235711.245943094,964156.491574793,0.98,3.88119393721e-08,0.00025548600789522205,32767,2047.9375,2046.788125,714.6331249999994,190.11223467874672,250.0,35.92632879718279,1028.01,167,81,()
yj_m,,False,1789432195461,142.874462665296,66.5780125592336,25.223480311964995,318923327.3634709,56505433.088541396,2235711.245943094,964156.491574793,0.98,3.88119393721e-08,0.00025548600789522205,32767,2047.9375,2046.788125,1123.3231249999992,199.02545292385815,250.0,35.92632879718279,1028.01,167,81,()
yj_m,,False,1789432195566,194.67712329599826,86.75070289047295,21.84575082785607,435009397.79017425,48923196.64871193,2235711.245943094,964156.491574793,0.98,3.88119393721e-08,0.00025548600789522205,32767,2047.9375,2046.788125,1532.2056249999994,172.3190291495599,250.0,35.92632879718279,1028.01,167,81,()
yj_m,,False,1789432195670,246.49290103955877,106.78555985683198,10.164214020664495,551086950.8992795,22724247.59217207,2235711.245943094,964156.491574793,0.98,3.88119393721e-08,0.00025548600789522205,32767,2047.9375,2046.788125,1941.0581249999993,80.04015582535351,250.0,35.92632879718279,1028.01,167,82,()
yj_m,,False,1789432195783,274.7185060024461,122.79333241261814,32.285108597139974,514592374.3208627,35579429.38461887,744329.475472235,320994.08944212226,0.98,3.88119393721e-08,8.50582858552147e-05,204,12.75,11.600625,1812.5156249999993,125.3191358953088,250.0,40.70283373692565,1028.01,167,82,()
yj_m,,False,1789432195888,223.15614711371958,103.87621519250673,39.099460004158104,398685167.5637193,52902480.676839806,744329.475472235,320994.08944212226,0.98,3.88119393721e-08,8.50582858552147e-05,83,5.1875,4.038125,1404.2631249999995,186.33500536143728,250.0,40.70283373692565,1028.01,167,82,()
yj_m,,False,1789432195992,171.42977275031126,85.26615938844746,42.482225079901916,282655879.2543366,57091488.879456796,744329.475472235,320994.08944212226,0.98,3.88119393721e-08,8.50582858552147e-05,70,4.375,3.225625,995.5806249999997,201.08967954508975,250.0,40.70283373692565,1028.01,168,82,()
yj_m,,False,1789432196096,109.30910958748491,63.84316984827461,43.055604707107655,143384250.77269888,48898891.424063146,744329.475472235,320994.08944212226,0.98,3.88119393721e-08,8.50582858552147e-05,73,4.5625,3.413125,505.03312499999987,172.2334204199257,250.0,40.70283373692565,1028.01,168,82,()
yj_m,,False,1789432196201,36.67295423944393,33.47356719587288,29.501790856988038,27296760.793062575,21959052.51407348,744329.475472235,320994.08944212226,0.98,3.88119393721e-08,8.50582858552147e-05,56,3.5,2.350625,96.145625,77.34495841389322,250.0,40.70283373692565,1028.01,168,82,()
yj_m,,False,1789432196314,28.367033193031723,19.290512833457644,14.915388128375964,61903331.97056942,33455805.812882055,2235711.245943094,964156.491574793,0.98,3.88119393721e-08,0.00025548600789522205,32767,2047.9375,2046.788125,218.03812500000004,117.83923316555855,250.0,35.92632879718279,1028.01,168,82,()
yj_m,,False,1789432196419,90.33893813463496,45.766063654592706,24.01532633837766,201064235.3234318,53825995.89575071,2235711.245943094,964156.491574793,0.98,3.88119393721e-08,0.00025548600789522205,32767,2047.9375,2046.788125,708.1956249999993,189.58784362280954,250.0,35.92632879718279,1028.01,168,82,()
