channel,laser,autolevel,t_ms,tp,tp_err,tp_rms_err,pd_flux_ph_s,pd_flux_err_ph_s,laser_flux_ph_s,laser_flux_err_ph_s,pd_route_tx,laser_route_tx,atten_tx,pd_raw,pd_mv,pd_net_mv,pd_mean_net_mv,pd_mean_net_err_mv,laser_current_ma,atten_db,wavelength_nm,pd_ontime_s,laser_current_ontime_s,flags
yj_m,,False,1789407327475,nan,nan,nan,0.0,117007.58933383708,225063.5436586137,79283.46725470439,1.0,1.0,9.98209975943223e-13,-19,-1.1875,0.6125,-0.12499999999999996,0.42053908855182526,250.0,120.00778094181933,1028.01,15,0,()
yj_m,,False,1789407328554,-0.03091498433170614,0.20797139272333026,0.19542166692865953,0.0,117509.00686836502,674993.9735185122,237781.12495088493,1.0,1.0,2.9937577055560916e-12,-41,-2.5625,-0.7625,-0.11999999999999997,0.4223412423621448,250.0,115.23783351420506,1028.01,15,0,()
yj_m,,False,1789407328661,-0.058869918511504374,0.1463364485267946,0.136329284538133,0.0,117538.4838317247,2009447.3297185123,707870.9815724234,1.0,1.0,8.912373537048951e-12,-38,-2.375,-0.575,-0.08499999999999996,0.4224471860481496,250.0,110.50006619558195,1028.01,15,0,()
yj_m,,False,1789407328768,-0.04408798233411159,0.10090762411710487,0.09420485478912462,0.0,117724.8902742879,6073483.168815583,2139514.894812061,1.0,1.0,2.6937332405247334e-11,-38,-2.375,-0.575,-0.12500000000000003,0.4231171528075882,250.0,105.6964541451664,1028.01,15,0,()
yj_m,,False,1789407328875,-0.033910681108025933,0.07844312995617059,0.0732975806959895,0.0,117897.37803983151,18123294.394785844,6384319.709618944,1.0,1.0,8.038109134757129e-11,-33,-2.0625,-0.26249999999999996,-0.1375,0.42373709419874955,250.0,100.94846101614866,1028.01,15,0,()
yj_m,,False,1789407328982,-0.03471272758565114,0.05235492229415192,0.04863884243496231,0.0,117502.74823745764,54050929.05462649,19040600.68604016,1.0,1.0,2.3972863714066296e-10,-21,-1.3125,0.48750000000000004,-0.25000000000000006,0.42231874810384623,250.0,96.20280083574605,1028.01,16,0,()
yj_m,,False,1789407329089,-0.007315159819165867,0.016194089580812757,0.015667369051200676,0.0,117164.61606461385,161077228.118457,56742913.28310145,1.0,1.0,7.1441555300941e-10,-31,-1.9375,-0.13749999999999996,-0.15000000000000008,0.42110346115889374,250.0,91.46049099314585,1028.01,16,0,()
yj_m,,False,1789407329197,-0.0025336172759016814,0.005606366789461462,0.005404998879078472,0.0,117106.78860785042,486298295.7466536,171309019.5777372,1.0,1.0,2.1568478048795667e-09,-30,-1.875,-0.07499999999999996,-0.13750000000000004,0.42089562245288314,250.0,86.66180499233553,1028.01,16,0,()
yj_m,,False,1789407329303,-0.0009359768338958961,0.0017960613124030325,0.0017263645921678518,0.0,116891.25374802433,1449782709.900295,510717098.5504808,1.0,1.0,6.4301287558487576e-09,-29,-1.8125,-0.012499999999999956,-0.115,0.4201209647232568,250.0,81.91780330746886,1028.01,16,0,()
yj_m,,False,1789407329411,-0.00028995243035947213,0.0006582057654272938,0.0006197713699516739,0.0,116882.31279759783,4366248029.984558,1538104648.5088947,1.0,1.0,1.9365341317046412e-08,-24,-1.5,0.30000000000000004,-0.09499999999999996,0.42008882989196455,250.0,77.12974844105034,1028.01,16,0,()
yj_m,,False,1789407329517,-3.7099807250866926e-05,0.00019995388176576525,0.00019716887246618662,5564.647497418918,116436.05205309948,13049331483.89589,4596907293.739959,1.0,1.0,5.7876867372057505e-08,-22,-1.375,0.42500000000000004,0.020000000000000046,0.4184849160961479,250.0,72.37494983424583,1028.01,16,1,()
yj_m,,False,1789407329624,7.0492185152008626e-06,6.29869580924793e-05,6.23032640308099e-05,16693.942492256727,116176.3021129195,39151263713.008255,13791873548.738497,1.0,1.0,1.7364510206232605e-07,-26,-1.625,0.17500000000000004,0.060000000000000046,0.4175513441482376,250.0,67.60337462150535,1028.01,16,1,()
yj_m,,False,1789407329731,-2.931423974689018e-06,2.187641163121326e-05,2.13958554928641e-05,37561.370607577584,117374.53764502553,117449591136.85532,41374141105.24204,1.0,1.0,5.209166781853197e-07,-21,-1.3125,0.48750000000000004,0.13499999999999993,0.4218579440996696,250.0,62.832317375415826,1028.01,16,1,()
yj_m,,False,1789407329838,1.7270270540900892e-06,7.726078561443169e-06,7.4222457224278595e-06,299099.80298626627,168684.47245225802,352120421186.5963,124041981340.19635,1.0,1.0,1.561737238506053e-06,62,3.875,5.675,1.0750000000000004,0.6062719068206937,250.0,58.06392034137532,1028.01,16,1,()
yj_m,,False,1789407329944,7.820004201149224e-06,4.3822662402228695e-06,3.2854911875738975e-06,6301963.290826905,2565109.025851203,1056907462535.1431,372318354341.1283,1.0,1.0,4.687634236985587e-06,1831,114.4375,116.2375,22.64999999999998,9.219304644331913,250.0,53.29046282454119,1028.01,17,1,()
yj_m,,False,1789407330051,1.3611822017748228e-05,5.971046338719942e-06,3.404748545481707e-06,28171723.536620386,9390276.521493731,3204095837292.098,1128711577483.2434,1.0,1.0,1.4210921843097523e-05,8747,546.6875,548.4875,101.25250000000001,33.749762319533446,250.0,48.47377749068657,1028.01,17,1,()
yj_m,,False,1789407330155,2.333856864938559e-05,9.10888678333491e-06,3.921550398253169e-06,59160549.86880908,13112729.117336454,3204095837292.098,1128711577483.2434,1.0,1.0,1.4210921843097523e-05,9065,566.5625,568.3625,212.63,47.128696376252535,250.0,48.47377749068657,1028.01,17,1,()
yj_m,,False,1789407330260,3.321156301008068e-05,1.2267857989534816e-05,3.690847816558253e-06,91688696.81497133,13703506.068230515,3204095837292.098,1128711577483.2434,1.0,1.0,1.4210921843097523e-05,9322,582.625,584.425,329.54000000000013,49.25201847767257,250.0,48.47377749068657,1028.01,17,1,()
yj_m,,False,1789407330364,4.341287606775682e-05,1.541783719394158e-05,1.957101060309612e-06,127601540.60143854,9795915.741035715,3204095837292.098,1128711577483.2434,1.0,1.0,1.4210921843097523e-05,7791,486.9375,488.7375,458.61499999999995,35.207677559376165,250.0,48.47377749068657,1028.01,17,1,()
yj_m,,False,1789407330469,4.665680162133556e-05,1.6468027384617837e-05,1.0287935161068208e-06,149492863.85628444,3296353.0223909672,3204095837292.098,1128711577483.2434,1.0,1.0,1.4210921843097523e-05,8111,506.9375,508.7375,537.2949999999997,11.847481889625323,250.0,48.47377749068657,1028.01,17,2,()
yj_m,,False,1789407330574,4.781107541050466e-05,1.6850972679919e-05,5.349838668960814e-07,153191267.69925648,1714139.5809401665,3204095837292.098,1128711577483.2434,1.0,1.0,1.4210921843097523e-05,8758,547.375,549.175,550.5874999999997,6.1608200042689125,250.0,48.47377749068657,1028.01,17,2,()
yj_m,,False,1789407330678,4.763675119521356e-05,1.6789901496998865e-05,5.445394866941591e-07,152632716.2067031,1744756.7025579314,3204095837292.098,1128711577483.2434,1.0,1.0,1.4210921843097523e-05,8209,513.0625,514.8625,548.5799999999998,6.270861553646357,250.0,48.47377749068657,1028.01,17,2,()
yj_m,,False,1789407330783,4.636372853211641e-05,1.633993731302322e-05,4.889802435084333e-07,148553829.591095,1566739.5627434494,3204095837292.098,1128711577483.2434,1.0,1.0,1.4210921843097523e-05,8792,549.5,551.3,533.9199999999997,5.631046938625179,250.0,48.47377749068657,1028.01,17,2,()
yj_m,,False,1789407330887,4.693185614284718e-05,1.653854107701883e-05,4.374639049857953e-07,150374164.90368816,1401676.2769305336,3204095837292.098,1128711577483.2434,1.0,1.0,1.4210921843097523e-05,8304,519.0,520.8,540.4624999999997,5.03779000405932,250.0,48.47377749068657,1028.01,17,2,()
yj_m,,False,1789407330992,4.6844802580790225e-05,1.650935790723133e-05,4.898926210904688e-07,150095236.94788006,1569662.9079560877,3204095837292.098,1128711577483.2434,1.0,1.0,1.4210921843097523e-05,8821,551.3125,553.1125,539.4599999999998,5.641553786413811,250.0,48.47377749068657,1028.01,18,2,()
yj_m,,False,1789407331097,4.639846312046831e-05,1.6353501720595368e-05,5.317208641359935e-07,148665122.5410434,1703684.6073794956,3204095837292.098,1128711577483.2434,1.0,1.0,1.4210921843097523e-05,8293,518.3125,520.1125,534.3199999999998,6.123243595105456,250.0,48.47377749068657,1028.01,18,2,()
yj_m,,False,1789407331201,4.5630177444359724e-05,1.6083095435511654e-05,5.345367184854436e-07,146203461.6043727,1712706.8745789896,3204095837292.098,1128711577483.2434,1.0,1.0,1.4210921843097523e-05,7540,471.25,473.05,525.4724999999997,6.155670688479039,250.0,48.47377749068657,1028.01,18,2,()
yj_m,,False,1789407331306,4.43825544489949e-05,1.5646229443775383e-05,6.00332714660848e-07,142205957.95841444,1923523.5520350903,3204095837292.098,1128711577483.2434,1.0,1.0,1.4210921843097523e-05,7686,480.375,482.175,511.10499999999985,6.913370713696757,250.0,48.47377749068657,1028.01,18,2,()
yj_m,,False,1789407331411,4.425859538681406e-05,1.559996238075407e-05,5.27515098036698e-07,141808781.24328613,1690208.929728118,3204095837292.098,1128711577483.2434,1.0,1.0,1.4210921843097523e-05,8467,529.1875,530.9875,509.67749999999984,6.074810418852591,250.0,48.47377749068657,1028.01,18,2,()
yj_m,,False,1789407331515,4.42110524190074e-05,1.5582562297305994e-05,5.075939697564877e-07,141656449.01804432,1626379.7255313369,3204095837292.098,1128711577483.2434,1.0,1.0,1.4210921843097523e-05,8829,551.8125,553.6125,509.1299999999999,5.845400724073587,250.0,48.47377749068657,1028.01,18,3,()
yj_m,,False,1789407331619,4.484539283878398e-05,1.580821394295854e-05,5.750073589759198e-07,143688936.51647654,1842378.6853070718,3204095837292.098,1128711577483.2434,1.0,1.0,1.4210921843097523e-05,8942,558.875,560.675,516.4349999999998,6.621726483704986,250.0,48.47377749068657,1028.01,18,3,()
yj_m,,False,1789407331724,4.623933528758116e-05,1.6298009883858023e-05,5.478624580530695e-07,148155261.71409237,1755403.8212564588,3204095837292.098,1128711577483.2434,1.0,1.0,1.4210921843097523e-05,8435,527.1875,528.9875,532.4874999999997,6.309128555117577,250.0,48.47377749068657,1028.01,18,3,()
yj_m,,False,1789407331829,4.757878785090132e-05,1.676319518686213e-05,2.921071704180022e-07,152446996.09647673,935939.3687794945,3204095837292.098,1128711577483.2434,1.0,1.0,1.4210921843097523e-05,8914,557.125,558.925,547.9124999999998,3.3638765769570087,250.0,48.47377749068657,1028.01,18,3,()
yj_m,,False,1789407331934,4.7312416976477676e-05,1.667180400848314e-05,4.0782861681841925e-07,151593518.2865601,1306721.9734764916,3204095837292.098,1128711577483.2434,1.0,1.0,1.4210921843097523e-05,7690,480.625,482.425,544.8449999999998,4.696513028300891,250.0,48.47377749068657,1028.01,19,3,()
yj_m,,False,1789407332038,4.649072687077805e-05,1.6386023079796048e-05,5.328482464603674e-07,148960744.43934378,1707296.8483920589,3204095837292.098,1128711577483.2434,1.0,1.0,1.4210921843097523e-05,8221,513.8125,515.6125,535.3824999999998,6.136226415721636,250.0,48.47377749068657,1028.01,19,3,()
yj_m,,False,1789407332142,4.642234314996024e-05,1.6361579049408328e-05,5.214524445693028e-07,148741636.44413292,1670783.6069902931,3204095837292.098,1128711577483.2434,1.0,1.0,1.4210921843097523e-05,8822,551.375,553.175,534.5949999999998,6.004993515816649,250.0,48.47377749068657,1028.01,19,3,()
yj_m,,False,1789407332247,4.691144957219044e-05,1.6535407416581957e-05,5.704182059373855e-07,150308780.2955935,1827674.599159605,3204095837292.098,1128711577483.2434,1.0,1.0,1.4210921843097523e-05,9325,582.8125,584.6125,540.2274999999997,6.568878262306283,250.0,48.47377749068657,1028.01,19,3,()
yj_m,,False,1789407332352,4.7242947799773886e-05,1.6653141191536606e-05,5.996072595716689e-07,151370932.38666332,1921199.1244037095,3204095837292.098,1128711577483.2434,1.0,1.0,1.4210921843097523e-05,9062,566.375,568.175,544.0449999999997,6.905016446396056,250.0,48.47377749068657,1028.01,19,3,()
yj_m,,False,1789407332456,4.7845158725324944e-05,1.6863225024468583e-05,5.428631800311957e-07,153300473.90639335,1739385.6553571085,3204095837292.098,1128711577483.2434,1.0,1.0,1.4210921843097523e-05,7941,496.3125,498.1125,550.9799999999998,6.251557375966408,250.0,48.47377749068657,1028.01,19,4,()
yj_m,,False,1789407332561,4.868247939578294e-05,1.7153803662378633e-05,3.864964322578408e-07,155983329.58108646,1238371.609725597,3204095837292.098,1128711577483.2434,1.0,1.0,1.4210921843097523e-05,9277,579.8125,581.6125,560.6224999999998,4.45085375237156,250.0,48.47377749068657,1028.01,19,4,()
yj_m,,False,1789407332665,4.7544053262549425e-05,1.675894639423463e-05,5.940665257178774e-07,152335703.14652836,1903446.0821272305,3204095837292.098,1128711577483.2434,1.0,1.0,1.4210921843097523e-05,7874,492.125,493.925,547.5124999999998,6.841209916747184,250.0,48.47377749068657,1028.01,19,4,()
yj_m,,False,1789407332770,4.646141956185614e-05,1.6377731309606093e-05,5.918741758006069e-07,148866841.0128248,1896421.5828834188,3204095837292.098,1128711577483.2434,1.0,1.0,1.4210921843097523e-05,8703,543.9375,545.7375,535.0449999999997,6.815963037238392,250.0,48.47377749068657,1028.01,19,4,()
yj_m,,False,1789407332874,4.625084111997274e-05,1.630205324321348e-05,5.47638436804499e-07,148192127.50376278,1754686.0357064502,3204095837292.098,1128711577483.2434,1.0,1.0,1.4210921843097523e-05,8926,557.875,559.675,532.6199999999998,6.306548749117857,250.0,48.47377749068657,1028.01,19,4,()
yj_m,,False,1789407332979,4.642212605878304e-05,1.6362351709708727e-05,5.474471312422199e-07,148740940.86319572,1754073.0743507007,3204095837292.098,1128711577483.2434,1.0,1.0,1.4210921843097523e-05,9084,567.75,569.55,534.5924999999997,6.3043456936465665,250.0,48.47377749068657,1028.01,20,4,()
yj_m,,False,1789407333083,4.629360808188101e-05,1.6316048952886505e-05,5.150454437165287e-07,148329156.94838673,1650254.9622283934,3204095837292.098,1128711577483.2434,1.0,1.0,1.4210921843097523e-05,9093,568.3125,570.1125,533.1124999999997,5.931211143181467,250.0,48.47377749068657,1028.01,20,4,()
yj_m,,False,1789407333188,4.683004038074067e-05,1.6503745485342874e-05,4.757267652229923e-07,150047937.44415197,1524274.1481394265,3204095837292.098,1128711577483.2434,1.0,1.0,1.4210921843097523e-05,9124,570.25,572.05,539.2899999999997,5.478421225590454,250.0,48.47377749068657,1028.01,20,4,()
yj_m,,False,1789407333293,4.791896972557274e-05,1.688889653447762e-05,5.329241635549001e-07,153536971.42503366,1707540.0940386294,3204095837292.098,1128711577483.2434,1.0,1.0,1.4210921843097523e-05,9405,587.8125,589.6125,551.8299999999998,6.137100669290019,250.0,48.47377749068657,1028.01,20,4,()
yj_m,,False,1789407333397,4.7137441487654993e-05,1.6616546945823794e-05,6.146183924499893e-07,151032880.05119514,1969296.2327721724,3204095837292.098,1128711577483.2434,1.0,1.0,1.4210921843097523e-05,8969,560.5625,562.3625,542.8299999999998,7.077883131629117,250.0,48.47377749068657,1028.01,20,4,()
yj_m,,False,1789407333502,4.704930246971204e-05,1.6584872536108275e-05,5.969087253879389e-07,150750474.19070116,1912552.7622588272,3204095837292.098,1128711577483.2434,1.0,1.0,1.4210921843097523e-05,8551,534.4375,536.2375,541.8149999999998,6.873940400163503,250.0,48.47377749068657,1028.01,20,5,()
yj_m,,False,1789407333607,4.669978567442104e-05,1.6461873861835033e-05,5.981692754172812e-07,149630588.88184556,1916591.6853605418,3204095837292.098,1128711577483.2434,1.0,1.0,1.4210921843097523e-05,8344,521.5,523.3,537.7899999999997,6.888456766576966,250.0,48.47377749068657,1028.01,20,5,()
yj_m,,False,1789407333711,4.699937149895618e-05,1.656446272765581e-05,5.123204350957875e-07,150590490.57515034,1641523.773450092,3204095837292.098,1128711577483.2434,1.0,1.0,1.4210921843097523e-05,8975,560.9375,562.7375,541.2399999999998,5.8998302200148105,250.0,48.47377749068657,1028.01,20,5,()
yj_m,,False,1789407333816,4.6507225800245194e-05,1.6388632150474263e-05,4.2312068776469245e-07,149013608.59056926,1355719.2343390223,3204095837292.098,1128711577483.2434,1.0,1.0,1.4210921843097523e-05,8781,548.8125,550.6125,535.5724999999998,4.872614967858635,250.0,48.47377749068657,1028.01,20,5,()
yj_m,,False,1789407333920,4.717955717603166e-05,1.6623928059754924e-05,3.607955478217791e-07,151167822.75300756,1156023.512889284,3204095837292.098,1128711577483.2434,1.0,1.0,1.4210921843097523e-05,8436,527.25,529.05,543.3149999999998,4.154884971331937,250.0,48.47377749068657,1028.01,21,5,()
yj_m,,False,1789407334024,4.6432329344111416e-05,1.6365714983038236e-05,5.405566240713553e-07,148773633.16724306,1731995.2290076986,3204095837292.098,1128711577483.2434,1.0,1.0,1.4210921843097523e-05,7726,482.875,484.675,534.7099999999998,6.224995311243215,250.0,48.47377749068657,1028.01,21,5,()
yj_m,,False,1789407334129,4.583055260091474e-05,1.6157417703575556e-05,6.385077769164081e-07,146845482.80938742,2045840.110096494,3204095837292.098,1128711577483.2434,1.0,1.0,1.4210921843097523e-05,8095,505.9375,507.7375,527.7799999999997,7.352990862567422,250.0,48.47377749068657,1028.01,21,5,()
yj_m,,False,1789407334234,4.555224171174514e-05,1.6058008266775835e-05,6.010544149494471e-07,145953748.04792604,1925835.948925562,3204095837292.098,1128711577483.2434,1.0,1.0,1.4210921843097523e-05,8928,558.0,559.8,524.5749999999998,6.921681741094429,250.0,48.47377749068657,1028.01,21,5,()
yj_m,,False,1789407334338,4.531756614919262e-05,1.5976403174187684e-05,6.272286661828133e-07,145201825.05483732,2009700.7583466263,3204095837292.098,1128711577483.2434,1.0,1.0,1.4210921843097523e-05,7728,483.0,484.8,521.8724999999998,7.223101766208199,250.0,48.47377749068657,1028.01,21,5,()
yj_m,,False,1789407334443,4.501320431875909e-05,1.586830266426073e-05,6.023003042932379e-07,144226620.58091465,1929827.897785727,3204095837292.098,1128711577483.2434,1.0,1.0,1.4210921843097523e-05,9110,569.375,571.175,518.3674999999998,6.936029276538557,250.0,48.47377749068657,1028.01,21,6,()
yj_m,,False,1789407334548,4.580037692728404e-05,1.6143476313395556e-05,5.481780117995828e-07,146748797.05911976,1756414.8857021006,3204095837292.098,1128711577483.2434,1.0,1.0,1.4210921843097523e-05,8115,507.1875,508.9875,527.4324999999998,6.312762440089125,250.0,48.47377749068657,1028.01,21,6,()
yj_m,,False,1789407334653,4.6235210555214384e-05,1.6293324072538215e-05,4.4132799927857187e-07,148142045.67628604,1414057.2053689228,3204095837292.098,1128711577483.2434,1.0,1.0,1.4210921843097523e-05,8321,520.0625,521.8625,532.4399999999998,5.082288522407992,250.0,48.47377749068657,1028.01,21,6,()
yj_m,,False,1789407334757,4.593584182185643e-05,1.6187670461991806e-05,4.326789100074921e-07,147182839.56391844,1386344.6944390885,3204095837292.098,1128711577483.2434,1.0,1.0,1.4210921843097523e-05,8903,556.4375,558.2375,528.9924999999998,4.982686486725809,250.0,48.47377749068657,1028.01,21,6,()
yj_m,,False,1789407334861,4.6768820668770445e-05,1.647973314818021e-05,3.812910146055325e-07,149851783.61986798,1221692.9526944668,3204095837292.098,1128711577483.2434,1.0,1.0,1.4210921843097523e-05,9117,569.8125,571.6125,538.5849999999998,4.390908690123263,250.0,48.47377749068657,1028.01,21,6,()
yj_m,,False,1789407334966,4.701500206371454e-05,1.6565915449874294e-05,3.5811151210915433e-07,150640572.40262708,1147423.6052353198,3204095837292.098,1128711577483.2434,1.0,1.0,1.4210921843097523e-05,8920,557.5,559.3,541.4199999999997,4.123975888023594,250.0,48.47377749068657,1028.01,22,6,()
yj_m,,False,1789407335071,4.7626547909885175e-05,1.6781256837223307e-05,3.56275691765807e-07,152600023.90265572,1141541.460915185,3204095837292.098,1128711577483.2434,1.0,1.0,1.4210921843097523e-05,8259,516.1875,517.9875,548.4624999999997,4.102834766962959,250.0,48.47377749068657,1028.01,22,6,()
yj_m,,False,1789407335175,4.717022225541209e-05,1.6623813244581628e-05,4.854406652223547e-07,151137912.77270892,1555398.4146912547,3204095837292.098,1128711577483.2434,1.0,1.0,1.4210921843097523e-05,8093,505.8125,507.6125,543.2074999999998,5.590285513728256,250.0,48.47377749068657,1028.01,22,6,()
yj_m,,False,1789407335280,4.772944912787768e-05,1.682119330479114e-05,5.012411350132082e-07,152929729.26687783,1606024.6341753888,3204095837292.098,1128711577483.2434,1.0,1.0,1.4210921843097523e-05,8927,557.9375,559.7375,549.6474999999998,5.772242122866989,250.0,48.47377749068657,1028.01,22,6,()
yj_m,,False,1789407335384,4.68183174571719e-05,1.6502630689244833e-05,5.70750662284167e-07,150010376.0735444,1828739.8211564089,3204095837292.098,1128711577483.2434,1.0,1.0,1.4210921843097523e-05,7827,489.1875,490.9875,539.1549999999997,6.572706795909887,250.0,48.47377749068657,1028.01,22,6,()
yj_m,,False,1789407335489,4.668676020378909e-05,1.6457151785056446e-05,5.943989994332461e-07,149588854.02561492,1904511.3597746529,3204095837292.098,1128711577483.2434,1.0,1.0,1.4210921843097523e-05,9069,566.8125,568.6125,537.6399999999998,6.84503865036568,250.0,48.47377749068657,1028.01,22,7,()
yj_m,,False,1789407335594,4.702759335199211e-05,1.6576275864568658e-05,5.69795944466453e-07,150680916.0969834,1825680.8137708828,3204095837292.098,1128711577483.2434,1.0,1.0,1.4210921843097523e-05,8924,557.75,559.55,541.5649999999998,6.561712362257278,250.0,48.47377749068657,1028.01,22,7,()
yj_m,,False,1789407335698,4.773444222495327e-05,1.6822922667522357e-05,5.002742059649368e-07,152945727.6284329,1602926.5008368657,3204095837292.098,1128711577483.2434,1.0,1.0,1.4210921843097523e-05,8699,543.6875,545.4875,549.7049999999998,5.761107065920578,250.0,48.47377749068657,1028.01,22,7,()
yj_m,,False,1789407335803,4.722232413793994e-05,1.6643119268620574e-05,5.173016797745291e-07,151304852.19763148,1657484.1587897802,3204095837292.098,1128711577483.2434,1.0,1.0,1.4210921843097523e-05,9151,571.9375,573.7375,543.8074999999998,5.957193729013687,250.0,48.47377749068657,1028.01,22,7,()
yj_m,,False,1789407335908,4.8239179211941806e-05,1.6996945328709238e-05,3.5263043770836434e-07,154562953.30737028,1129861.7175638597,3204095837292.098,1128711577483.2434,1.0,1.0,1.4210921843097523e-05,8882,555.125,556.925,555.5174999999998,4.060856390590536,250.0,48.47377749068657,1028.01,22,7,()
yj_m,,False,1789407336012,4.8459960939153585e-05,1.707515425403997e-05,3.7380767478075655e-07,155270359.12047964,1197715.6147128607,3204095837292.098,1128711577483.2434,1.0,1.0,1.4210921843097523e-05,9200,575.0,576.8,558.0599999999998,4.304731306945882,250.0,48.47377749068657,1028.01,23,7,()
yj_m,,False,1789407336117,4.8543541042375336e-05,1.7104808361484498e-05,3.8366507593276673e-07,155538157.78129292,1229299.672710534,3204095837292.098,1128711577483.2434,1.0,1.0,1.4210921843097523e-05,9292,580.75,582.55,559.0224999999998,4.418248139817409,250.0,48.47377749068657,1028.01,23,7,()
yj_m,,False,1789407336221,4.8431087812586064e-05,1.706558362973012e-05,4.001827140003248e-07,155177846.85583502,1282223.7680846958,3204095837292.098,1128711577483.2434,1.0,1.0,1.4210921843097523e-05,9191,574.4375,576.2375,557.7274999999997,4.6084635861640475,250.0,48.47377749068657,1028.01,23,7,()
yj_m,,False,1789407336326,4.787728821955045e-05,1.6873251803164012e-05,5.013104182186166e-07,153403419.8850956,1606246.6242054298,3204095837292.098,1128711577483.2434,1.0,1.0,1.4210921843097523e-05,8010,500.625,502.425,551.3499999999998,5.7730399812403865,250.0,48.47377749068657,1028.01,23,7,()
yj_m,,False,1789407336431,4.756272310378857e-05,1.6763541941131167e-05,5.353711335695954e-07,152395523.10712558,1715380.420476694,3204095837292.098,1128711577483.2434,1.0,1.0,1.4210921843097523e-05,8887,555.4375,557.2375,547.7274999999997,6.1652797280415434,250.0,48.47377749068657,1028.01,23,7,()
yj_m,,False,1789407336535,4.678597087176919e-05,1.6489034548323933e-05,5.029212918353314e-07,149906734.513905,1611408.01765515,3204095837292.098,1128711577483.2434,1.0,1.0,1.4210921843097523e-05,7992,499.5,501.3,538.7824999999998,5.791590638589713,250.0,48.47377749068657,1028.01,23,8,()
yj_m,,False,1789407336640,4.6167912290282563e-05,1.626948219496677e-05,4.360121517236599e-07,147926415.585761,1397024.72034655,3204095837292.098,1128711577483.2434,1.0,1.0,1.4210921843097523e-05,8627,539.1875,540.9875,531.6649999999997,5.021071760590561,250.0,48.47377749068657,1028.01,23,8,()
yj_m,,False,1789407336744,4.656974805927861e-05,1.641125949599546e-05,4.461481520705374e-07,149213935.90047634,1429501.4368647726,3204095837292.098,1128711577483.2434,1.0,1.0,1.4210921843097523e-05,8891,555.6875,557.4875,536.2924999999998,5.137796913561298,250.0,48.47377749068657,1028.01,23,8,()
yj_m,,False,1789407336849,4.774377714557284e-05,1.682312232985482e-05,3.826073256545605e-07,152975637.6087315,1225910.5394472394,3204095837292.098,1128711577483.2434,1.0,1.0,1.4210921843097523e-05,9416,588.5,590.3,549.8124999999998,4.406067194789475,250.0,48.47377749068657,1028.01,23,8,()
yj_m,,False,1789407336954,4.804987570542396e-05,1.693108682736199e-05,3.897283368990439e-07,153956406.7301516,1248726.9419330005,3204095837292.098,1128711577483.2434,1.0,1.0,1.4210921843097523e-05,8754,547.125,548.925,553.3374999999997,4.488072038748933,250.0,48.47377749068657,1028.01,24,8,()
yj_m,,False,1789407337058,4.867596666046696e-05,1.714989292000484e-05,3.0644997347587423e-07,155962462.15297112,981895.0843523239,3204095837292.098,1128711577483.2434,1.0,1.0,1.4210921843097523e-05,9102,568.875,570.675,560.5474999999998,3.529046843695901,250.0,48.47377749068657,1028.01,24,8,()
yj_m,,False,1789407337163,4.904219947640232e-05,1.7277273990458652e-05,1.9547860019619404e-07,157135907.1939893,626332.1691683115,3204095837292.098,1128711577483.2434,1.0,1.0,1.4210921843097523e-05,8843,552.6875,554.4875,564.7649999999998,2.2511117531122258,250.0,48.47377749068657,1028.01,24,8,()
yj_m,,False,1789407337268,4.906911878237503e-05,1.728675564663077e-05,1.9542191576652387e-07,157222159.23019934,626150.5468231668,3204095837292.098,1128711577483.2434,1.0,1.0,1.4210921843097523e-05,9048,565.5,567.3,565.0749999999998,2.250458980963661,250.0,48.47377749068657,1028.01,24,8,()
yj_m,,False,1789407337373,4.8671190654568585e-05,1.7146101120252174e-05,1.4684582883019295e-07,155947159.37235323,470508.1088785296,3204095837292.098,1128711577483.2434,1.0,1.0,1.4210921843097523e-05,8888,555.5,557.3,560.4924999999998,1.6910616857465604,250.0,48.47377749068657,1028.01,24,8,()
yj_m,,False,1789407337477,4.853225230116097e-05,1.709719311563925e-05,1.5077677588661046e-07,155501987.5725597,483103.23997861054,3204095837292.098,1128711577483.2434,1.0,1.0,1.4210921843097523e-05,8968,560.5,562.3,558.8924999999998,1.7363300737475005,250.0,48.47377749068657,1028.01,24,9,()
yj_m,,False,1789407337582,4.842978526552287e-05,1.706109641007074e-05,1.5056184831509194e-07,155173673.370212,482414.5914413899,3204095837292.098,1128711577483.2434,1.0,1.0,1.4210921843097523e-05,9055,565.9375,567.7375,557.7124999999997,1.7338549896112994,250.0,48.47377749068657,1028.01,24,9,()
yj_m,,False,1789407337686,4.8705925242920476e-05,1.715862638975439e-05,1.7749865592091295e-07,156058452.3223016,568722.7045611392,3204095837292.098,1128711577483.2434,1.0,1.0,1.4210921843097523e-05,9090,568.125,569.925,560.8924999999998,2.0440565366447183,250.0,48.47377749068657,1028.01,24,9,()
yj_m,,False,1789407337791,4.8676183751644156e-05,1.7148350104337034e-05,1.958904166492469e-07,155963157.73390827,627651.6685512679,3204095837292.098,1128711577483.2434,1.0,1.0,1.4210921843097523e-05,8661,541.3125,543.1125,560.5499999999997,2.2558541896585425,250.0,48.47377749068657,1028.01,24,9,()
yj_m,,False,1789407337896,4.881620756093776e-05,1.7198595679335516e-05,2.647637179640163e-07,156411807.4383877,848328.3265944842,3204095837292.098,1128711577483.2434,1.0,1.0,1.4210921843097523e-05,8296,518.5,520.3,562.1624999999998,3.04899214905516,250.0,48.47377749068657,1028.01,24,9,()
yj_m,,False,1789407338000,4.8043797152462374e-05,1.6931223194996862e-05,4.78530253268695e-07,153936930.46391064,1533256.792516561,3204095837292.098,1128711577483.2434,1.0,1.0,1.4210921843097523e-05,8604,537.75,539.55,553.2674999999998,5.510705909863091,250.0,48.47377749068657,1028.01,25,9,()
yj_m,,False,1789407338104,4.668502347437148e-05,1.6457415124041484e-05,6.181434501510124e-07,149583289.3781175,1980590.855478238,3204095837292.098,1128711577483.2434,1.0,1.0,1.4210921843097523e-05,8192,512.0,513.8,537.6199999999998,7.118477338939839,250.0,48.47377749068657,1028.01,25,9,()
yj_m,,False,1789407338209,4.564537382676367e-05,1.609047279326432e-05,5.924172276806265e-07,146252152.26997513,1898161.5731516234,3204095837292.098,1128711577483.2434,1.0,1.0,1.4210921843097523e-05,8916,557.25,559.05,525.6474999999998,6.8222167676643055,250.0,48.47377749068657,1028.01,25,9,()
yj_m,,False,1789407338314,4.5725914653504635e-05,1.611922622129502e-05,6.032131600164528e-07,146510212.79766795,1932752.7750085306,3204095837292.098,1128711577483.2434,1.0,1.0,1.4210921843097523e-05,8791,549.4375,551.2375,526.5749999999998,6.946541630552573,250.0,48.47377749068657,1028.01,25,9,()
yj_m,,False,1789407338418,4.566838549154681e-05,1.6098210869942788e-05,5.824755126026559e-07,146325883.84931594,1866307.3652547512,3204095837292.098,1128711577483.2434,1.0,1.0,1.4210921843097523e-05,7862,491.375,493.175,525.9124999999998,6.707728984164461,250.0,48.47377749068657,1028.01,25,9,()
yj_m,,False,1789407338523,4.590392941880812e-05,1.6183343928291212e-05,6.409823708837458e-07,147080589.16615337,2053768.9463262314,3204095837292.098,1128711577483.2434,1.0,1.0,1.4210921843097523e-05,9232,577.0,578.8,528.6249999999998,7.381488035958603,250.0,48.47377749068657,1028.01,25,10,()
yj_m,,False,1789407338628,4.734997375013316e-05,1.6692181405637723e-05,6.364042674213209e-07,151713853.7886918,2039100.2640795822,3204095837292.098,1128711577483.2434,1.0,1.0,1.4210921843097523e-05,9256,578.5,580.3,545.2774999999998,7.32876706035879,250.0,48.47377749068657,1028.01,25,10,()
yj_m,,False,1789407338733,4.8225502467778255e-05,1.6998000619368647e-05,5.691611287847135e-07,154519131.7083281,1823646.803487574,3204095837292.098,1128711577483.2434,1.0,1.0,1.4210921843097523e-05,9213,575.8125,577.6125,555.3599999999998,6.5544018891886715,250.0,48.47377749068657,1028.01,25,10,()
yj_m,,False,1789407338837,4.8292583641532874e-05,1.7021780710397367e-05,5.7400155019579e-07,154734066.2179159,1839155.9775815443,3204095837292.098,1128711577483.2434,1.0,1.0,1.4210921843097523e-05,8570,535.625,537.425,556.1324999999998,6.610143691705952,250.0,48.47377749068657,1028.01,25,10,()
yj_m,,False,1789407338941,4.866033609570861e-05,1.7146594161620777e-05,4.117970913231232e-07,155912380.32549435,1319437.3461174138,3204095837292.098,1128711577483.2434,1.0,1.0,1.4210921843097523e-05,9191,574.4375,576.2375,560.3674999999998,4.742213578593861,250.0,48.47377749068657,1028.01,26,10,()
yj_m,,False,1789407339046,4.805899353486634e-05,1.693729407509488e-05,5.033611600007811e-07,153985621.12951306,1612817.3974130256,3204095837292.098,1128711577483.2434,1.0,1.0,1.4210921843097523e-05,8932,558.25,560.05,553.4424999999998,5.796656115813668,250.0,48.47377749068657,1028.01,26,10,()
yj_m,,False,1789407339151,4.785992092537451e-05,1.68668485897417e-05,4.915279130375002e-07,153347773.41012138,1574902.5400763282,3204095837292.098,1128711577483.2434,1.0,1.0,1.4210921843097523e-05,8697,543.5625,545.3625,551.1499999999997,5.660385642780888,250.0,48.47377749068657,1028.01,26,10,()
yj_m,,False,1789407339255,4.756793329204135e-05,1.676338397893488e-05,4.6884821730122716e-07,152412217.04961786,1502234.6213766835,3204095837292.098,1128711577483.2434,1.0,1.0,1.4210921843097523e-05,8720,545.0,546.8,547.7874999999998,5.399208564687977,250.0,48.47377749068657,1028.01,26,10,()
yj_m,,False,1789407339360,4.7139612399426976e-05,1.6613659809393603e-05,5.063767530694545e-07,151039835.8605669,1622479.6466113285,3204095837292.098,1128711577483.2434,1.0,1.0,1.4210921843097523e-05,8998,562.375,564.175,542.8549999999998,5.831383380039423,250.0,48.47377749068657,1028.01,26,10,()
yj_m,,False,1789407339464,4.747024226230163e-05,1.673047160708766e-05,5.192331073616468e-07,152099205.62788805,1663672.637881695,3204095837292.098,1128711577483.2434,1.0,1.0,1.4210921843097523e-05,8850,553.125,554.925,546.6624999999998,5.9794358534062395,250.0,48.47377749068657,1028.01,26,11,()
yj_m,,False,1789407339569,4.822485119424666e-05,1.69929568491737e-05,4.003709801933753e-07,154517044.96551654,1282826.991010153,3204095837292.098,1128711577483.2434,1.0,1.0,1.4210921843097523e-05,8886,555.375,557.175,555.3524999999997,4.6106316405672665,250.0,48.47377749068657,1028.01,26,11,()
yj_m,,False,1789407339674,4.7601582424507244e-05,1.677557591643704e-05,4.809621837491747e-07,152520032.09488034,1541048.9308456487,3204095837292.098,1128711577483.2434,1.0,1.0,1.4210921843097523e-05,7879,492.4375,494.2375,548.1749999999997,5.538711774862454,250.0,48.47377749068657,1028.01,26,11,()
yj_m,,False,1789407339778,4.685934768966258e-05,1.6516129885016068e-05,5.426865664479251e-07,150141840.87067094,1738819.7685101407,3204095837292.098,1128711577483.2434,1.0,1.0,1.4210921843097523e-05,8794,549.625,551.425,539.6274999999998,6.249523511836721,250.0,48.47377749068657,1028.01,26,11,()
yj_m,,False,1789407339882,4.639737766458231e-05,1.6354196370860954e-05,5.638679590281402e-07,148661644.63635752,1806686.9803044575,3204095837292.098,1128711577483.2434,1.0,1.0,1.4210921843097523e-05,7682,480.125,481.925,534.3074999999998,6.493446282599096,250.0,48.47377749068657,1028.01,26,11,()
yj_m,,False,1789407339987,4.549058781742051e-05,1.6034987448151752e-05,5.648218263871871e-07,145756203.06176767,1809743.2627389077,3204095837292.098,1128711577483.2434,1.0,1.0,1.4210921843097523e-05,8339,521.1875,522.9875,523.8649999999998,6.504430922455863,250.0,48.47377749068657,1028.01,27,11,()
yj_m,,False,1789407340092,4.509786987786684e-05,1.5894000045312608e-05,4.818854939953423e-07,144497897.1464138,1544007.3053619245,3204095837292.098,1128711577483.2434,1.0,1.0,1.4210921843097523e-05,8936,558.5,560.3,519.3424999999997,5.549344522103489,250.0,48.47377749068657,1028.01,27,11,()
yj_m,,False,1789407340196,4.6182891581509325e-05,1.6278226822332634e-05,5.505062647064392e-07,147974410.67042628,1763874.8311491252,3204095837292.098,1128711577483.2434,1.0,1.0,1.4210921843097523e-05,9096,568.5,570.3,531.8374999999997,6.339574364655721,250.0,48.47377749068657,1028.01,27,11,()
yj_m,,False,1789407340301,4.717478117013327e-05,1.6630645029746228e-05,6.398947317107788e-07,151152519.97238964,2050284.046179654,3204095837292.098,1128711577483.2434,1.0,1.0,1.4210921843097523e-05,9190,574.375,576.175,543.2599999999998,7.368962893447083,250.0,48.47377749068657,1028.01,27,11,()
yj_m,,False,1789407340406,4.8210523176551494e-05,1.6990383415648126e-05,4.942760651121564e-07,154471136.62366283,1583707.882698981,3204095837292.098,1128711577483.2434,1.0,1.0,1.4210921843097523e-05,8970,560.625,562.425,555.1874999999998,5.692033083617839,250.0,48.47377749068657,1028.01,27,11,()
yj_m,,False,1789407340510,4.902092454103677e-05,1.727141504257118e-05,3.07719123570586e-07,157067740.26214594,985961.5628876886,3204095837292.098,1128711577483.2434,1.0,1.0,1.4210921843097523e-05,9263,578.9375,580.7375,564.5199999999998,3.5436622475907598,250.0,48.47377749068657,1028.01,27,12,()
yj_m,,False,1789407340615,4.936240896277139e-05,1.7391399583535344e-05,2.907648154058709e-07,158161889.07632592,931638.3346729573,3204095837292.098,1128711577483.2434,1.0,1.0,1.4210921843097523e-05,8119,507.4375,509.2375,568.4524999999998,3.3484181526505914,250.0,48.47377749068657,1028.01,27,12,()
yj_m,,False,1789407340719,4.799842509642771e-05,1.6918490385446083e-05,5.820228282953229e-07,153791554.04804057,1864856.9213500181,3204095837292.098,1128711577483.2434,1.0,1.0,1.4210921843097523e-05,8056,503.5,505.3,552.7449999999998,6.70251591754917,250.0,48.47377749068657,1028.01,27,12,()
yj_m,,False,1789407340824,4.738514252083947e-05,1.6703093960923514e-05,5.966473321989442e-07,151826537.9005145,1911715.2334300757,3204095837292.098,1128711577483.2434,1.0,1.0,1.4210921843097523e-05,8901,556.3125,558.1125,545.6824999999998,6.870930222684553,250.0,48.47377749068657,1028.01,27,12,()
yj_m,,False,1789407340929,4.722710014383834e-05,1.664733498923597e-05,5.932672718997556e-07,151320154.97824937,1900885.1962956495,3204095837292.098,1128711577483.2434,1.0,1.0,1.4210921843097523e-05,8577,536.0625,537.8625,543.8624999999997,6.832005790761598,250.0,48.47377749068657,1028.01,28,12,()
yj_m,,False,1789407341034,4.657126769751901e-05,1.6415234118986948e-05,5.585307470916541e-07,149218804.9670366,1789586.0417560167,3204095837292.098,1128711577483.2434,1.0,1.0,1.4210921843097523e-05,8800,550.0,551.8,536.3099999999998,6.43198349072819,250.0,48.47377749068657,1028.01,28,12,()
yj_m,,False,1789407341138,4.674754573340491e-05,1.6475928098196214e-05,5.16603398022062e-07,149783616.6880246,1655246.7971334443,3204095837292.098,1128711577483.2434,1.0,1.0,1.4210921843097523e-05,8166,510.375,512.175,538.3399999999998,5.949152387105242,250.0,48.47377749068657,1028.01,28,12,()
yj_m,,False,1789407341242,4.725705872629184e-05,1.6653098678975508e-05,4.3890106359781884e-07,151416145.14757985,1406281.0708568466,3204095837292.098,1128711577483.2434,1.0,1.0,1.4210921843097523e-05,9089,568.0625,569.8625,544.2074999999998,5.054340177016184,250.0,48.47377749068657,1028.01,28,12,()
yj_m,,False,1789407341347,4.7018475522549725e-05,1.6569162322767237e-05,4.419243069770358e-07,150651701.69762194,1415967.8323833174,3204095837292.098,1128711577483.2434,1.0,1.0,1.4210921843097523e-05,8142,508.875,510.675,541.4599999999998,5.089155541443001,250.0,48.47377749068657,1028.01,28,12,()
yj_m,,False,1789407341452,4.610104820770516e-05,1.6249928486729514e-05,5.655389227925225e-07,147712176.6571104,1812040.90834618,3204095837292.098,1128711577483.2434,1.0,1.0,1.4210921843097523e-05,7723,482.6875,484.4875,530.8949999999998,6.51268893200036,250.0,48.47377749068657,1028.01,28,13,()
yj_m,,False,1789407341556,4.570398844460751e-05,1.611200080512029e-05,6.162443573462997e-07,146439959.12301302,1974505.9801280254,3204095837292.098,1128711577483.2434,1.0,1.0,1.4210921843097523e-05,9166,572.875,574.675,526.3224999999998,7.096607578625156,250.0,48.47377749068657,1028.01,28,13,()
yj_m,,False,1789407341661,4.571961900936587e-05,1.6116574775002685e-05,5.91470442521108e-07,146490040.9504898,1895127.9827631977,3204095837292.098,1128711577483.2434,1.0,1.0,1.4210921843097523e-05,8988,561.75,563.55,526.5024999999998,6.811313685699697,250.0,48.47377749068657,1028.01,28,13,()
yj_m,,False,1789407341765,4.6014645919179807e-05,1.6221726358534422e-05,6.258905615163017e-07,147435335.44411382,2005413.3427547968,3204095837292.098,1128711577483.2434,1.0,1.0,1.4210921843097523e-05,7905,494.0625,495.8625,529.8999999999997,7.207692288451277,250.0,48.47377749068657,1028.01,28,13,()
yj_m,,False,1789407341870,4.589850213937814e-05,1.617897768126615e-05,5.756608223525338e-07,147063199.64272392,1844472.4445918992,3204095837292.098,1128711577483.2434,1.0,1.0,1.4210921843097523e-05,8449,528.0625,529.8625,528.5624999999998,6.629251701738289,250.0,48.47377749068657,1028.01,28,13,()
yj_m,,False,1789407341974,4.6549341488621876e-05,1.6406360733950525e-05,5.235391794854314e-07,149148551.29238167,1677469.7056485917,3204095837292.098,1128711577483.2434,1.0,1.0,1.4210921843097523e-05,9252,578.25,580.05,536.0574999999998,6.029024143673668,250.0,48.47377749068657,1028.01,29,13,()
yj_m,,False,1789407342079,4.7212555034965974e-05,1.663917207690837e-05,5.007122204939953e-07,151273551.05545852,1604329.9413660944,3204095837292.098,1128711577483.2434,1.0,1.0,1.4210921843097523e-05,8611,538.1875,539.9875,543.6949999999998,5.766151196855663,250.0,48.47377749068657,1028.01,29,13,()
yj_m,,False,1789407342183,4.625388039645352e-05,1.6300925995408214e-05,4.777731431930787e-07,148201865.63688326,1530830.9392749066,3204095837292.098,1128711577483.2434,1.0,1.0,1.4210921843097523e-05,8072,504.5,506.3,532.6549999999997,5.501987106945999,250.0,48.47377749068657,1028.01,29,13,()
yj_m,,False,1789407342288,4.633615795261209e-05,1.6329118063402895e-05,4.503423362684082e-07,148465490.81207347,1442940.004994006,3204095837292.098,1128711577483.2434,1.0,1.0,1.4210921843097523e-05,8928,558.0,559.8,533.6024999999997,5.18609671381088,250.0,48.47377749068657,1028.01,29,13,()
yj_m,,False,1789407342393,4.632769139670131e-05,1.632791162401817e-05,5.106540818173449e-07,148438363.15552357,1636184.6178471746,3204095837292.098,1128711577483.2434,1.0,1.0,1.4210921843097523e-05,7869,491.8125,493.6125,533.5049999999998,5.880640664502466,250.0,48.47377749068657,1028.01,29,13,()
yj_m,,False,1789407342497,4.562475016492973e-05,1.6079510034376827e-05,4.81532751527687e-07,146186072.08094326,1542877.0846896733,3204095837292.098,1128711577483.2434,1.0,1.0,1.4210921843097523e-05,7853,490.8125,492.6125,525.4099999999997,5.545282375587378,250.0,48.47377749068657,1028.01,29,14,()
yj_m,,False,1789407342602,4.491942093020895e-05,1.5830298831375243e-05,4.524812663556904e-07,143926129.61605403,1449793.341982926,3204095837292.098,1128711577483.2434,1.0,1.0,1.4210921843097523e-05,8957,559.8125,561.6125,517.2874999999998,5.210728415970267,250.0,48.47377749068657,1028.01,29,14,()
yj_m,,False,1789407342707,4.634809796735805e-05,1.6340460665527615e-05,6.603303222002096e-07,148503747.76361826,2115761.6365994415,3204095837292.098,1128711577483.2434,1.0,1.0,1.4210921843097523e-05,9477,592.3125,594.1125,533.7399999999998,7.604297082899904,250.0,48.47377749068657,1028.01,29,14,()
yj_m,,False,1789407342812,4.675145337459449e-05,1.6484708715047135e-05,7.148106788428705e-07,149796137.1448938,2290321.9205323826,3204095837292.098,1128711577483.2434,1.0,1.0,1.4210921843097523e-05,8244,515.25,517.05,538.3849999999998,8.231687349808666,250.0,48.47377749068657,1028.01,29,14,()
yj_m,,False,1789407342916,4.643797371471859e-05,1.6374810250596027e-05,7.245241843410765e-07,148791718.27160966,2321444.9230647,3204095837292.098,1128711577483.2434,1.0,1.0,1.4210921843097523e-05,8111,506.9375,508.7375,534.7749999999997,8.34354709491113,250.0,48.47377749068657,1028.01,30,14,()
yj_m,,False,1789407343020,4.710639744931547e-05,1.6608373500294397e-05,6.850256648786693e-07,150933411.97717875,2194887.8812759994,3204095837292.098,1128711577483.2434,1.0,1.0,1.4210921843097523e-05,8609,538.0625,539.8625,542.4724999999997,7.888686146944877,250.0,48.47377749068657,1028.01,30,14,()
yj_m,,False,1789407343125,4.791918681674994e-05,1.6892142044731778e-05,6.253502970062055e-07,153537667.0059708,2003682.283486963,3204095837292.098,1128711577483.2434,1.0,1.0,1.4210921843097523e-05,8992,562.0,563.8,551.8324999999998,7.201470657094981,250.0,48.47377749068657,1028.01,30,14,()
yj_m,,False,1789407343230,4.749846411533754e-05,1.674140712006965e-05,5.504871734515758e-07,152189631.1497211,1763813.6609388876,3204095837292.098,1128711577483.2434,1.0,1.0,1.4210921843097523e-05,8927,557.9375,559.7375,546.9874999999997,6.339354511699121,250.0,48.47377749068657,1028.01,30,14,()
yj_m,,False,1789407343334,4.807744628492829e-05,1.6944969359396977e-05,5.415587304278686e-07,154044745.50917313,1735206.0738131278,3204095837292.098,1128711577483.2434,1.0,1.0,1.4210921843097523e-05,9368,585.5,587.3,553.6549999999997,6.236535466507025,250.0,48.47377749068657,1028.01,30,14,()
yj_m,,False,1789407343439,4.910255082366374e-05,1.73006806302916e-05,3.3545333461336983e-07,157329278.69452465,1074824.6330404524,3204095837292.098,1128711577483.2434,1.0,1.0,1.4210921843097523e-05,9019,563.6875,565.4875,565.4599999999998,3.8630466118078353,250.0,48.47377749068657,1028.01,30,14,()
yj_m,,False,1789407343543,4.956756012522481e-05,1.7461963270620425e-05,1.5918469587712526e-07,158819213.06195855,510043.02142050565,3204095837292.098,1128711577483.2434,1.0,1.0,1.4210921843097523e-05,9129,570.5625,572.3625,570.8149999999998,1.8331548284310302,250.0,48.47377749068657,1028.01,30,15,()
yj_m,,False,1789407343648,4.9302708889041567e-05,1.7369513111173558e-05,2.3390208391855475e-07,157970604.31860214,749444.6934173878,3204095837292.098,1128711577483.2434,1.0,1.0,1.4210921843097523e-05,8460,528.75,530.55,567.7649999999998,2.693592698423427,250.0,48.47377749068657,1028.01,30,15,()
yj_m,,False,1789407343753,4.933440420091267e-05,1.738083073010234e-05,2.4502714284234454e-07,158072159.13543004,785090.4484047324,3204095837292.098,1128711577483.2434,1.0,1.0,1.4210921843097523e-05,9235,577.1875,578.9875,568.1299999999998,2.8217077497501406,250.0,48.47377749068657,1028.01,30,15,()
yj_m,,False,1789407343857,4.8994222326241244e-05,1.7260368696106788e-05,1.950015985806832e-07,156982183.8068731,624803.8102776726,3204095837292.098,1128711577483.2434,1.0,1.0,1.4210921843097523e-05,9102,568.875,570.675,564.2124999999997,2.2456186508398974,250.0,48.47377749068657,1028.01,30,15,()
yj_m,,False,1789407343962,4.920979386520024e-05,1.7336658780016125e-05,2.2436937047388998e-07,157672895.67749026,718900.9659512399,3204095837292.098,1128711577483.2434,1.0,1.0,1.4210921843097523e-05,9291,580.6875,582.4875,566.6949999999998,2.58381493629091,250.0,48.47377749068657,1028.01,31,15,()
yj_m,,False,1789407344066,4.833621896814995e-05,1.7032855348636573e-05,4.2823116723412e-07,154873877.98628855,1372093.7003335797,3204095837292.098,1128711577483.2434,1.0,1.0,1.4210921843097523e-05,8027,501.6875,503.4875,556.6349999999998,4.931466731612412,250.0,48.47377749068657,1028.01,31,15,()
yj_m,,False,1789407344171,4.843933727731965e-05,1.7069952582924103e-05,4.5838267482575677e-07,155204278.93144777,1468702.020296025,3204095837292.098,1128711577483.2434,1.0,1.0,1.4210921843097523e-05,8950,559.375,561.175,557.8224999999998,5.278688437955019,250.0,48.47377749068657,1028.01,31,15,()
yj_m,,False,1789407344276,4.8413286336055715e-05,1.7060683427950397e-05,4.5481573911929246e-07,155120809.2189865,1457273.2164470567,3204095837292.098,1128711577483.2434,1.0,1.0,1.4210921843097523e-05,9146,571.625,573.425,557.5224999999998,5.237611967776918,250.0,48.47377749068657,1028.01,31,15,()
yj_m,,False,1789407344380,4.812303543214015e-05,1.695902662243471e-05,4.7501495910516603e-07,154190817.50598037,1521993.4531203387,3204095837292.098,1128711577483.2434,1.0,1.0,1.4210921843097523e-05,8245,515.3125,517.1125,554.1799999999998,5.470224138460872,250.0,48.47377749068657,1028.01,31,15,()
yj_m,,False,1789407344484,4.745982188579606e-05,1.672467918368538e-05,4.456146964781697e-07,152065817.74290353,1427792.1940218848,3204095837292.098,1128711577483.2434,1.0,1.0,1.4210921843097523e-05,8248,515.5,517.3,546.5424999999998,5.131653693011639,250.0,48.47377749068657,1028.01,31,16,()
yj_m,,False,1789407344589,4.735236175308237e-05,1.6687697841668045e-05,4.767446978236035e-07,151721505.17900074,1527535.701747688,3204095837292.098,1128711577483.2434,1.0,1.0,1.4210921843097523e-05,7979,498.6875,500.4875,545.3049999999998,5.490143634277705,250.0,48.47377749068657,1028.01,31,16,()
yj_m,,False,1789407344694,4.665245979779158e-05,1.6440791127106776e-05,4.60844899008246e-07,149478952.2375409,1476591.2225496222,3204095837292.098,1128711577483.2434,1.0,1.0,1.4210921843097523e-05,8691,543.1875,544.9875,537.2449999999998,5.307043162157249,250.0,48.47377749068657,1028.01,31,16,()
yj_m,,False,1789407344798,4.6285358617147434e-05,1.630944907317669e-05,3.8042382604522195e-07,148302724.872774,1218914.3974382312,3204095837292.098,1128711577483.2434,1.0,1.0,1.4210921843097523e-05,9026,564.125,565.925,533.0174999999998,4.380922234530076,250.0,48.47377749068657,1028.01,31,16,()
yj_m,,False,1789407344903,4.6770774489365233e-05,1.648222779966942e-05,4.5269399845476215e-07,149858043.84830257,1450474.9560160208,3204095837292.098,1128711577483.2434,1.0,1.0,1.4210921843097523e-05,8948,559.25,561.05,538.6074999999997,5.213178217268233,250.0,48.47377749068657,1028.01,31,16,()
yj_m,,False,1789407345008,4.719128009960043e-05,1.6629927700203823e-05,4.386317699622762e-07,151205384.12361515,1405418.2282401966,3204095837292.098,1128711577483.2434,1.0,1.0,1.4210921843097523e-05,8720,545.0,546.8,543.4499999999998,5.05123901879529,250.0,48.47377749068657,1028.01,32,16,()
yj_m,,False,1789407345113,4.822137773541146e-05,1.6988956818157434e-05,2.567885359698199e-07,154505915.6705217,822775.0791652333,3204095837292.098,1128711577483.2434,1.0,1.0,1.4210921843097523e-05,9104,569.0,570.8,555.3124999999998,2.957150761290334,250.0,48.47377749068657,1028.01,32,16,()
yj_m,,False,1789407345217,4.844954056264801e-05,1.7069234796709618e-05,2.5086133087581986e-07,155236971.23549515,803783.7459967707,3204095837292.098,1128711577483.2434,1.0,1.0,1.4210921843097523e-05,8274,517.125,518.925,557.9399999999998,2.888893667998184,250.0,48.47377749068657,1028.01,32,16,()
yj_m,,False,1789407345321,4.799733964054172e-05,1.6911049014854205e-05,3.161377057986768e-07,153788076.14335465,1012935.5071606158,3204095837292.098,1128711577483.2434,1.0,1.0,1.4210921843097523e-05,8975,560.9375,562.7375,552.7324999999997,3.6406097875218646,250.0,48.47377749068657,1028.01,32,16,()
yj_m,,False,1789407345426,4.781150959285904e-05,1.6845445110402674e-05,3.078900884311787e-07,153192658.86113083,986509.3506858358,3204095837292.098,1128711577483.2434,1.0,1.0,1.4210921843097523e-05,9084,567.75,569.55,550.5924999999997,3.5456310616024336,250.0,48.47377749068657,1028.01,32,16,()
yj_m,,False,1789407345531,4.8103063043837806e-05,1.6948699769791972e-05,3.375993614604809e-07,154126824.05976006,1081700.7087279975,3204095837292.098,1128711577483.2434,1.0,1.0,1.4210921843097523e-05,9231,576.9375,578.7375,553.9499999999998,3.8877600395343332,250.0,48.47377749068657,1028.01,32,17,()
yj_m,,False,1789407345635,4.767061741885665e-05,1.6797961899304574e-05,4.0830479174295154e-07,152741226.83290276,1308247.6835700085,3204095837292.098,1128711577483.2434,1.0,1.0,1.4210921843097523e-05,9157,572.3125,574.1125,548.9699999999998,4.701996610483678,250.0,48.47377749068657,1028.01,32,17,()
yj_m,,False,1789407345740,4.844780383323041e-05,1.7071936621226588e-05,4.1959284449396294e-07,155231406.5879977,1344415.6864006582,3204095837292.098,1128711577483.2434,1.0,1.0,1.4210921843097523e-05,9317,582.3125,584.1125,557.9199999999997,4.831988682209428,250.0,48.47377749068657,1028.01,32,17,()
yj_m,,False,1789407345844,4.893061461132184e-05,1.7241249866768314e-05,3.8904514530452166e-07,156778378.59228015,1246537.9305889185,3204095837292.098,1128711577483.2434,1.0,1.0,1.4210921843097523e-05,8904,556.5,558.3,563.4799999999998,4.480204473570375,250.0,48.47377749068657,1028.01,32,17,()
yj_m,,False,1789407345949,4.941537921000805e-05,1.741216402913563e-05,3.973909886915303e-07,158331610.82499722,1273278.812643924,3204095837292.098,1128711577483.2434,1.0,1.0,1.4210921843097523e-05,9378,586.125,587.925,569.0624999999998,4.5763143603777925,250.0,48.47377749068657,1028.01,33,17,()
yj_m,,False,1789407346054,4.873740346361439e-05,1.717639504213516e-05,5.108330019751286e-07,156159311.5581923,1636757.8951799385,3204095837292.098,1128711577483.2434,1.0,1.0,1.4210921843097523e-05,7990,499.375,501.175,561.2549999999998,5.882701090910535,250.0,48.47377749068657,1028.01,33,17,()
yj_m,,False,1789407346158,4.813779763218971e-05,1.6967095677418698e-05,5.683739935360114e-07,154238117.00970843,1821124.7467138192,3204095837292.098,1128711577483.2434,1.0,1.0,1.4210921843097523e-05,8020,501.25,503.05,554.3499999999998,6.545337319420597,250.0,48.47377749068657,1028.01,33,17,()
yj_m,,False,1789407346262,4.674038172455733e-05,1.6477007682821886e-05,6.20940499666418e-07,149760662.51709774,1989552.8701872462,3204095837292.098,1128711577483.2434,1.0,1.0,1.4210921843097523e-05,9101,568.8125,570.6125,538.2574999999998,7.150687877749944,250.0,48.47377749068657,1028.01,33,17,()
yj_m,,False,1789407346367,4.6530020373851135e-05,1.6402587156030125e-05,6.111125761383432e-07,149086644.5889729,1958063.2613217176,3204095837292.098,1128711577483.2434,1.0,1.0,1.4210921843097523e-05,8382,523.875,525.675,535.8349999999998,7.0375105062088545,250.0,48.47377749068657,1028.01,33,17,()
yj_m,,False,1789407346472,4.589611413642896e-05,1.61749912723111e-05,4.791780660582976e-07,147055548.25241497,1535332.4467790704,3204095837292.098,1128711577483.2434,1.0,1.0,1.4210921843097523e-05,8514,532.125,533.925,528.5349999999997,5.518166056308925,250.0,48.47377749068657,1028.01,33,18,()
yj_m,,False,1789407346577,4.642060642054264e-05,1.6360646365394607e-05,5.112755098736221e-07,148736071.7966355,1638175.732895469,3204095837292.098,1128711577483.2434,1.0,1.0,1.4210921843097523e-05,8736,546.0,547.8,534.5749999999998,5.887796967032745,250.0,48.47377749068657,1028.01,33,18,()
yj_m,,False,1789407346681,4.620199560510288e-05,1.6285364987667308e-05,5.625681992226191e-07,148035621.79289788,1802522.4253221056,3204095837292.098,1128711577483.2434,1.0,1.0,1.4210921843097523e-05,8049,503.0625,504.8625,532.0574999999998,6.478478380376059,250.0,48.47377749068657,1028.01,33,18,()
yj_m,,False,1789407346786,4.7031500993181684e-05,1.6576420393888912e-05,5.327737480457981e-07,150693436.5538526,1707058.1483320529,3204095837292.098,1128711577483.2434,1.0,1.0,1.4210921843097523e-05,8669,541.8125,543.6125,541.6099999999998,6.135368499527963,250.0,48.47377749068657,1028.01,33,18,()
yj_m,,False,1789407346891,4.659840409466893e-05,1.6423947963082894e-05,5.332575047498167e-07,149305752.58418375,1708608.1511736605,3204095837292.098,1128711577483.2434,1.0,1.0,1.4210921843097523e-05,8226,514.125,515.925,536.6224999999998,6.140939392715093,250.0,48.47377749068657,1028.01,33,18,()
yj_m,,False,1789407346995,4.6345709964408854e-05,1.6335231160991324e-05,5.409503767709745e-07,148496096.37330928,1733256.850393473,3204095837292.098,1128711577483.2434,1.0,1.0,1.4210921843097523e-05,9011,563.1875,564.9875,533.7124999999997,6.22952972743529,250.0,48.47377749068657,1028.01,34,18,()
yj_m,,False,1789407347099,4.5599350497197395e-05,1.6073117986384646e-05,5.602578779601492e-07,146104689.11129352,1795119.934582221,3204095837292.098,1128711577483.2434,1.0,1.0,1.4210921843097523e-05,7840,490.0,491.8,525.1174999999998,6.451872954809325,250.0,48.47377749068657,1028.01,34,18,()
yj_m,,False,1789407347204,4.6351571426193246e-05,1.6336515296194645e-05,5.168715235071448e-07,148514877.05861306,1656105.8968840681,3204095837292.098,1128711577483.2434,1.0,1.0,1.4210921843097523e-05,8626,539.125,540.925,533.7799999999997,5.952240093023801,250.0,48.47377749068657,1028.01,34,18,()
yj_m,,False,1789407347308,4.6163570466738584e-05,1.6269535341637888e-05,4.915120424263648e-07,147912503.9670175,1574851.6891172524,3204095837292.098,1128711577483.2434,1.0,1.0,1.4210921843097523e-05,9206,575.375,577.175,531.6149999999998,5.660202878431126,250.0,48.47377749068657,1028.01,34,18,()
yj_m,,False,1789407347413,4.73384679177416e-05,1.668635328617274e-05,5.879406546398568e-07,151676987.99902138,1883818.204106358,3204095837292.098,1128711577483.2434,1.0,1.0,1.4210921843097523e-05,9075,567.1875,568.9875,545.1449999999998,6.770665006112767,250.0,48.47377749068657,1028.01,34,18,()
yj_m,,False,1789407347518,4.771099637781573e-05,1.681682807591181e-05,5.682902963212732e-07,152870604.88721776,1820856.572816487,3204095837292.098,1128711577483.2434,1.0,1.0,1.4210921843097523e-05,9025,564.0625,565.8625,549.4349999999998,6.544373470776251,250.0,48.47377749068657,1028.01,34,19,()
yj_m,,False,1789407347622,4.895883646435775e-05,1.7249620277557995e-05,3.118185358404243e-07,156868804.11411324,999096.4726768206,3204095837292.098,1128711577483.2434,1.0,1.0,1.4210921843097523e-05,8662,541.375,543.175,563.8049999999998,3.5908706639198242,250.0,48.47377749068657,1028.01,34,19,()
yj_m,,False,1789407347727,4.824873122373859e-05,1.7003312657513875e-05,4.758847104229904e-07,154593558.86860606,1524780.2196972608,3204095837292.098,1128711577483.2434,1.0,1.0,1.4210921843097523e-05,8739,546.1875,547.9875,555.6274999999998,5.4802401065099335,250.0,48.47377749068657,1028.01,34,19,()
yj_m,,False,1789407347832,4.743138294158294e-05,1.671684018989514e-05,5.208729132441663e-07,151974696.6401333,1668926.733083844,3204095837292.098,1128711577483.2434,1.0,1.0,1.4210921843097523e-05,8149,509.3125,511.1125,546.2149999999998,5.99831969179703,250.0,48.47377749068657,1028.01,34,19,()
yj_m,,False,1789407347936,4.705885448150881e-05,1.6584023283148104e-05,4.6538082803504185e-07,150781079.7519369,1491124.7738626292,3204095837292.098,1128711577483.2434,1.0,1.0,1.4210921843097523e-05,8774,548.375,550.175,541.9249999999997,5.359278461229645,250.0,48.47377749068657,1028.01,35,19,()
yj_m,,False,1789407348041,4.7064498852116e-05,1.6586504299599184e-05,4.826471247135571e-07,150799164.85630354,1546447.6431757112,3204095837292.098,1128711577483.2434,1.0,1.0,1.4210921843097523e-05,9325,582.8125,584.6125,541.9899999999998,5.558115384282697,250.0,48.47377749068657,1028.01,35,19,()
yj_m,,False,1789407348145,4.7829093978212194e-05,1.6857094425480386e-05,5.27926926654972e-07,153249000.9170422,1691528.4680896057,3204095837292.098,1128711577483.2434,1.0,1.0,1.4210921843097523e-05,9228,576.75,578.55,550.7949999999997,6.07955299549235,250.0,48.47377749068657,1028.01,35,19,()
yj_m,,False,1789407348250,4.867878884577056e-05,1.71550955174861e-05,4.881506794325416e-07,155971504.70515442,1564081.559941118,3204095837292.098,1128711577483.2434,1.0,1.0,1.4210921843097523e-05,8391,524.4375,526.2375,560.5799999999998,5.621493762782273,250.0,48.47377749068657,1028.01,35,19,()
yj_m,,False,1789407348354,4.862690405441991e-05,1.7138098532382236e-05,5.309687330770292e-07,155805260.861169,1701274.7073843696,3204095837292.098,1128711577483.2434,1.0,1.0,1.4210921843097523e-05,8859,553.6875,555.4875,559.9824999999997,6.114582130039632,250.0,48.47377749068657,1028.01,35,19,()
yj_m,,False,1789407348459,4.864448843977306e-05,1.714457032416761e-05,5.399430669332451e-07,155861602.9170804,1730029.3331355408,3204095837292.098,1128711577483.2434,1.0,1.0,1.4210921843097523e-05,8971,560.6875,562.4875,560.1849999999998,6.217929649409039,250.0,48.47377749068657,1028.01,35,20,()
yj_m,,False,1789407348563,4.757791948619252e-05,1.677323748236159e-05,6.575434905323386e-07,152444213.77272803,2106832.3608531835,3204095837292.098,1128711577483.2434,1.0,1.0,1.4210921843097523e-05,7726,482.875,484.675,547.9024999999998,7.572204211786685,250.0,48.47377749068657,1028.01,35,20,()
yj_m,,False,1789407348668,4.672040933625498e-05,1.647021422150227e-05,6.272016310213685e-07,149696669.07087743,2009614.135098383,3204095837292.098,1128711577483.2434,1.0,1.0,1.4210921843097523e-05,8978,561.125,562.925,538.0274999999998,7.222790432028331,250.0,48.47377749068657,1028.01,35,20,()
yj_m,,False,1789407348773,4.625214366703593e-05,1.630381325754557e-05,5.851004041849584e-07,148196300.98938584,1874717.7694469506,3204095837292.098,1128711577483.2434,1.0,1.0,1.4210921843097523e-05,8991,561.9375,563.7375,532.6349999999998,6.737956969660759,250.0,48.47377749068657,1028.01,35,20,()
yj_m,,False,1789407348877,4.687649789266133e-05,1.6522999834166244e-05,5.674432202776403e-07,150196791.76470795,1818142.4599912132,3204095837292.098,1128711577483.2434,1.0,1.0,1.4210921843097523e-05,8983,561.4375,563.2375,539.8249999999998,6.534618628887228,250.0,48.47377749068657,1028.01,35,20,()
yj_m,,False,1789407348982,4.694965761937752e-05,1.654902827708534e-05,5.753078045219524e-07,150431202.54053673,1843341.3416304467,3204095837292.098,1128711577483.2434,1.0,1.0,1.4210921843097523e-05,8894,555.875,557.675,540.6674999999998,6.625186384170637,250.0,48.47377749068657,1028.01,36,20,()
yj_m,,False,1789407349087,4.757509730088892e-05,1.6764509431206313e-05,4.158950901024847e-07,152435171.2205447,1332567.7269475942,3204095837292.098,1128711577483.2434,1.0,1.0,1.4210921843097523e-05,8296,518.5,520.3,547.8699999999998,4.78940571730982,250.0,48.47377749068657,1028.01,36,20,()
yj_m,,False,1789407349192,4.706080830210361e-05,1.658360217312371e-05,4.240187094223563e-07,150787339.98037153,1358596.5817941397,3204095837292.098,1128711577483.2434,1.0,1.0,1.4210921843097523e-05,8266,516.625,518.425,541.9474999999998,4.882956494276802,250.0,48.47377749068657,1028.01,36,20,()
yj_m,,False,1789407349296,4.704995374324364e-05,1.6578286947831615e-05,3.609653974943841e-07,150752560.93351266,1156567.727518245,3204095837292.098,1128711577483.2434,1.0,1.0,1.4210921843097523e-05,8839,552.4375,554.2375,541.8224999999998,4.156840942951751,250.0,48.47377749068657,1028.01,36,20,()
yj_m,,False,1789407349400,4.7201049202574406e-05,1.6632285806497957e-05,3.9547688097442554e-07,151236685.2657881,1267145.8280754196,3204095837292.098,1128711577483.2434,1.0,1.0,1.4210921843097523e-05,9029,564.3125,566.1125,543.5624999999998,4.554271689853383,250.0,48.47377749068657,1028.01,36,20,()
yj_m,,False,1789407349505,4.7410542188571805e-05,1.670678316413839e-05,4.2479415601961333e-07,151907920.87016428,1361081.1870084528,3204095837292.098,1128711577483.2434,1.0,1.0,1.4210921843097523e-05,9079,567.4375,569.2375,545.9749999999998,4.89188645871917,250.0,48.47377749068657,1028.01,36,21,()
yj_m,,False,1789407349610,4.805769098780314e-05,1.6934163328364272e-05,4.0356633596668726e-07,153981447.64389,1293065.2171420879,3204095837292.098,1128711577483.2434,1.0,1.0,1.4210921843097523e-05,9238,577.375,579.175,553.4274999999998,4.6474290338852935,250.0,48.47377749068657,1028.01,36,21,()
yj_m,,False,1789407349715,4.887721018173079e-05,1.7220108489260992e-05,2.664409695506659e-07,156607265.68173453,853702.4014213588,3204095837292.098,1128711577483.2434,1.0,1.0,1.4210921843097523e-05,8976,561.0,562.8,562.8649999999998,3.0683072083805434,250.0,48.47377749068657,1028.01,36,21,()
yj_m,,False,1789407349819,4.9475296374915064e-05,1.7429638059864274e-05,1.7734543003544936e-07,158523591.16365817,568231.7541393616,3204095837292.098,1128711577483.2434,1.0,1.0,1.4210921843097523e-05,9385,586.5625,588.3625,569.7524999999998,2.0422920028732423,250.0,48.47377749068657,1028.01,36,21,()
yj_m,,False,1789407349923,4.9661777696129335e-05,1.7495646969206023e-05,2.0653604393198094e-07,159121095.18869352,661761.2786132381,3204095837292.098,1128711577483.2434,1.0,1.0,1.4210921843097523e-05,8955,559.6875,561.4875,571.8999999999997,2.378448154784964,250.0,48.47377749068657,1028.01,37,21,()
yj_m,,False,1789407350028,4.962877983719502e-05,1.7484016475500757e-05,2.059341530650338e-07,159015366.88624254,659832.7625919484,3204095837292.098,1128711577483.2434,1.0,1.0,1.4210921843097523e-05,9038,564.875,566.675,571.5199999999998,2.3715168405474163,250.0,48.47377749068657,1028.01,37,21,()
yj_m,,False,1789407350133,4.9695209737418044e-05,1.7507229875508508e-05,1.8943155945007153e-07,159228214.65301883,606956.8710857241,3204095837292.098,1128711577483.2434,1.0,1.0,1.4210921843097523e-05,8806,550.375,552.175,572.2849999999997,2.1814746445925057,250.0,48.47377749068657,1028.01,37,21,()
yj_m,,False,1789407350237,4.937044133632778e-05,1.7394793542321964e-05,3.2278825255434453e-07,158187625.57100147,1034244.4963361657,3204095837292.098,1128711577483.2434,1.0,1.0,1.4210921843097523e-05,9196,574.75,576.55,568.5449999999997,3.7171968100976303,250.0,48.47377749068657,1028.01,37,21,()
yj_m,,False,1789407350342,4.8359013541755874e-05,1.704146414613249e-05,4.507763641639842e-07,154946913.98469216,1444330.6719674892,3204095837292.098,1128711577483.2434,1.0,1.0,1.4210921843097523e-05,7830,489.375,491.175,556.8974999999998,5.191094935078726,250.0,48.47377749068657,1028.01,37,21,()
yj_m,,False,1789407350447,4.7548395086093405e-05,1.6759058649550795e-05,5.526679415249786e-07,152349614.76527187,1770801.0508449785,3204095837292.098,1128711577483.2434,1.0,1.0,1.4210921843097523e-05,9326,582.875,584.675,547.5624999999998,6.364468015867469,250.0,48.47377749068657,1028.01,37,22,()
yj_m,,False,1789407350552,4.788575477546123e-05,1.6879952553409938e-05,6.138970876047853e-07,153430547.5416455,1966985.1029202365,3204095837292.098,1128711577483.2434,1.0,1.0,1.4210921843097523e-05,9518,594.875,596.675,551.4474999999998,7.069576658117515,250.0,48.47377749068657,1028.01,37,22,()
yj_m,,False,1789407350656,4.84940442539739e-05,1.7096006927550378e-05,6.649947010692401e-07,155379565.32761648,2130706.7535172594,3204095837292.098,1128711577483.2434,1.0,1.0,1.4210921843097523e-05,9351,584.4375,586.2375,558.4524999999998,7.658011597340396,250.0,48.47377749068657,1028.01,37,22,()
yj_m,,False,1789407350760,4.7613522439253215e-05,1.6790343975810583e-05,7.654724336040066e-07,152558289.0464251,2452647.038072451,3204095837292.098,1128711577483.2434,1.0,1.0,1.4210921843097523e-05,7648,478.0,479.8,548.3124999999998,8.815102984367229,250.0,48.47377749068657,1028.01,37,22,()
yj_m,,False,1789407350865,4.712050837583344e-05,1.661852465530576e-05,8.009687839473288e-07,150978624.7380953,2566380.7464465536,3204095837292.098,1128711577483.2434,1.0,1.0,1.4210921843097523e-05,7779,486.1875,487.9875,542.6349999999998,9.223875358275393,250.0,48.47377749068657,1028.01,37,22,()
yj_m,,False,1789407350970,4.7170222255412083e-05,1.663462043876278e-05,7.714162238560244e-07,151137912.77270892,2471691.5116766775,3204095837292.098,1128711577483.2434,1.0,1.0,1.4210921843097523e-05,8627,539.1875,540.9875,543.2074999999998,8.883551070658624,250.0,48.47377749068657,1028.01,38,22,()
yj_m,,False,1789407351074,4.6674603097865906e-05,1.6456950857615277e-05,6.982444873300912e-07,149549901.493133,2237242.2552664997,3204095837292.098,1128711577483.2434,1.0,1.0,1.4210921843097523e-05,9152,572.0,573.8,537.4999999999998,8.040912766906503,250.0,48.47377749068657,1028.01,38,22,()
yj_m,,False,1789407351179,4.4935702768498915e-05,1.5841365408718752e-05,6.112970886189512e-07,143978298.18634236,1958654.4569927626,3204095837292.098,1128711577483.2434,1.0,1.0,1.4210921843097523e-05,7574,473.375,475.175,517.4749999999999,7.039635333239926,250.0,48.47377749068657,1028.01,38,22,()
yj_m,,False,1789407351283,4.5813619489093185e-05,1.615275308718308e-05,6.704857637388437e-07,146791227.49628758,2148300.644559243,3204095837292.098,1128711577483.2434,1.0,1.0,1.4210921843097523e-05,9044,565.25,567.05,527.5849999999998,7.721246118665043,250.0,48.47377749068657,1028.01,38,22,()
yj_m,,False,1789407351388,4.696593945766748e-05,1.655635098549309e-05,6.193898960770972e-07,150483371.11082503,1984584.587681413,3204095837292.098,1128711577483.2434,1.0,1.0,1.4210921843097523e-05,8813,550.8125,552.6125,540.8549999999998,7.132831283929265,250.0,48.47377749068657,1028.01,38,22,()
yj_m,,False,1789407351493,4.583880206564832e-05,1.616212684618402e-05,6.826755245287813e-07,146871914.88500014,2187357.8063638685,3204095837292.098,1128711577483.2434,1.0,1.0,1.4210921843097523e-05,7746,484.125,485.925,527.8749999999998,7.861622168802062,250.0,48.47377749068657,1028.01,38,23,()
yj_m,,False,1789407351597,4.520163946056815e-05,1.5936253851758337e-05,6.436991174813762e-07,144830384.8343846,2062473.6627906752,3204095837292.098,1128711577483.2434,1.0,1.0,1.4210921843097523e-05,8678,542.375,544.175,520.5374999999998,7.412773814504257,250.0,48.47377749068657,1028.01,38,23,()
yj_m,,False,1789407351702,4.557807556183187e-05,1.60660836937261e-05,5.7317661674757e-07,146036522.17945015,1836512.8117540574,3204095837292.098,1128711577483.2434,1.0,1.0,1.4210921843097523e-05,7836,489.75,491.55,524.8724999999998,6.60064384170211,250.0,48.47377749068657,1028.01,38,23,()
yj_m,,False,1789407351807,4.5033176707061426e-05,1.587337676592446e-05,5.483140009838356e-07,144290614.02713495,1756850.6080812835,3204095837292.098,1128711577483.2434,1.0,1.0,1.4210921843097523e-05,9350,584.375,586.175,518.5974999999997,6.314328477755968,250.0,48.47377749068657,1028.01,38,23,()
yj_m,,False,1789407351912,4.5459977961435405e-05,1.6027758155745724e-05,6.578082801643125e-07,145658126.14962566,2107680.7722107484,3204095837292.098,1128711577483.2434,1.0,1.0,1.4210921843097523e-05,8417,526.0625,527.8625,523.5124999999998,7.5752535023588505,250.0,48.47377749068657,1028.01,38,23,()
yj_m,,False,1789407352016,4.642907297645342e-05,1.6367337208871426e-05,6.187302483034898e-07,148763199.4531854,1982471.012995918,3204095837292.098,1128711577483.2434,1.0,1.0,1.4210921843097523e-05,9328,583.0,584.8,534.6724999999998,7.1252348470068,250.0,48.47377749068657,1028.01,39,23,()
yj_m,,False,1789407352120,4.695291398703552e-05,1.6554087964084395e-05,6.786195453084623e-07,150441636.2545944,2174362.0602279003,3204095837292.098,1128711577483.2434,1.0,1.0,1.4210921843097523e-05,7819,488.6875,490.4875,540.7049999999998,7.814913923070427,250.0,48.47377749068657,1028.01,39,23,()
yj_m,,False,1789407352225,4.791310826378836e-05,1.6889030224446542e-05,5.985233480347229e-07,153518190.73972988,1917726.1679601858,3204095837292.098,1128711577483.2434,1.0,1.0,1.4210921843097523e-05,8825,551.5625,553.3625,551.7624999999998,6.892534230963237,250.0,48.47377749068657,1028.01,39,23,()
yj_m,,False,1789407352330,4.769210944539939e-05,1.6809151112407026e-05,5.370401322167776e-07,152810089.3456833,1720728.0520945764,3204095837292.098,1128711577483.2434,1.0,1.0,1.4210921843097523e-05,8697,543.5625,545.3625,549.2174999999997,6.1844997473522465,250.0,48.47377749068657,1028.01,39,23,()
yj_m,,False,1789407352434,4.718129390544926e-05,1.6627593108387668e-05,4.813577049794787e-07,151173387.40050498,1542316.2187732253,3204095837292.098,1128711577483.2434,1.0,1.0,1.4210921843097523e-05,8312,519.5,521.3,543.3349999999998,5.5432665572746895,250.0,48.47377749068657,1028.01,39,23,()
yj_m,,False,1789407352539,4.682721819543708e-05,1.6501491881230876e-05,4.298090591568778e-07,150038894.8919687,1377149.417274986,3204095837292.098,1128711577483.2434,1.0,1.0,1.4210921843097523e-05,8296,518.5,520.3,539.2574999999998,4.949637575115981,250.0,48.47377749068657,1028.01,39,24,()
yj_m,,False,1789407352643,4.6613600477072893e-05,1.6427038622716672e-05,4.58383867477307e-07,149354443.24978617,1468705.8416658924,3204095837292.098,1128711577483.2434,1.0,1.0,1.4210921843097523e-05,9405,587.8125,589.6125,536.7974999999998,5.278702172409426,250.0,48.47377749068657,1028.01,39,24,()
yj_m,,False,1789407352748,4.677989231880761e-05,1.648624157718293e-05,4.810502670014941e-07,149887258.247664,1541331.1580277393,3204095837292.098,1128711577483.2434,1.0,1.0,1.4210921843097523e-05,9114,569.625,571.425,538.7124999999997,5.53972613267118,250.0,48.47377749068657,1028.01,39,24,()
yj_m,,False,1789407352853,4.714634222592016e-05,1.6617630199818078e-05,5.564321358559176e-07,151061398.8696194,1782861.8902314992,3204095837292.098,1128711577483.2434,1.0,1.0,1.4210921843097523e-05,8428,526.75,528.55,542.9324999999998,6.407816096377923,250.0,48.47377749068657,1028.01,39,24,()
yj_m,,False,1789407352957,4.811673978800137e-05,1.6960446242093418e-05,5.907454359551862e-07,154170645.6588022,1892804.9922433193,3204095837292.098,1128711577483.2434,1.0,1.0,1.4210921843097523e-05,9521,595.0625,596.8625,554.1074999999997,6.802964583547383,250.0,48.47377749068657,1028.01,40,24,()
yj_m,,False,1789407353062,4.945250180130914e-05,1.7428586555781488e-05,5.240559191520686e-07,158450555.16525453,1679125.3890634289,3204095837292.098,1128711577483.2434,1.0,1.0,1.4210921843097523e-05,9276,579.75,581.55,569.4899999999998,6.034974865316342,250.0,48.47377749068657,1028.01,40,24,()
yj_m,,False,1789407353166,4.9741667249338705e-05,1.7526978473625516e-05,3.930545890009633e-07,159377068.9735748,1259384.5724465435,3204095837292.098,1128711577483.2434,1.0,1.0,1.4210921843097523e-05,9361,585.0625,586.8625,572.8199999999998,4.526376820924215,250.0,48.47377749068657,1028.01,40,24,()
yj_m,,False,1789407353271,5.0268981718755985e-05,1.771332192469586e-05,4.205652158632814e-07,161066635.06997862,1347531.257457392,3204095837292.098,1128711577483.2434,1.0,1.0,1.4210921843097523e-05,9587,599.1875,600.9875,578.8924999999998,4.843186412373572,250.0,48.47377749068657,1028.01,40,24,()
yj_m,,False,1789407353376,5.056205480797515e-05,1.7815436150745523e-05,3.71142287941621e-07,162005669.33516806,1189175.4598368118,3204095837292.098,1128711577483.2434,1.0,1.0,1.4210921843097523e-05,8396,524.75,526.55,582.2674999999998,4.2740369821750495,250.0,48.47377749068657,1028.01,40,24,()
yj_m,,False,1789407353480,4.895102118197858e-05,1.7257669294694293e-05,6.855197747132909e-07,156843763.20037484,2196471.0565402727,3204095837292.098,1128711577483.2434,1.0,1.0,1.4210921843097523e-05,7816,488.5,490.3,563.7149999999998,7.894376265734998,250.0,48.47377749068657,1028.01,40,25,()
yj_m,,False,1789407353584,4.713657312294619e-05,1.6623206673017167e-05,7.805654467212328e-07,151030097.72744644,2501006.4985735486,3204095837292.098,1128711577483.2434,1.0,1.0,1.4210921843097523e-05,8379,523.6875,525.4875,542.8199999999998,8.988912594135067,250.0,48.47377749068657,1028.01,40,25,()
yj_m,,False,1789407353689,4.71667487965769e-05,1.663374380880861e-05,7.78833686561561e-07,151126783.4777141,2495457.7730547604,3204095837292.098,1128711577483.2434,1.0,1.0,1.4210921843097523e-05,8855,553.4375,555.2375,543.1674999999998,8.96896981960582,250.0,48.47377749068657,1028.01,40,25,()
yj_m,,False,1789407353794,4.653457928857232e-05,1.640552147063335e-05,6.458154390803059e-07,149101251.7886536,2069254.5600161795,3204095837292.098,1128711577483.2434,1.0,1.0,1.4210921843097523e-05,8876,554.75,556.55,535.8874999999998,7.437145159602575,250.0,48.47377749068657,1028.01,40,25,()
yj_m,,False,1789407353898,4.596015603370277e-05,1.620131185880132e-05,5.930989230551898e-07,147260744.62888232,1900345.7904635638,3204095837292.098,1128711577483.2434,1.0,1.0,1.4210921843097523e-05,8369,523.0625,524.8625,529.2724999999998,6.830067102525422,250.0,48.47377749068657,1028.01,40,25,()
yj_m,,False,1789407354003,4.7628501730479976e-05,1.67871174121068e-05,5.482397507855887e-07,152606284.13109034,1756612.703330164,3204095837292.098,1128711577483.2434,1.0,1.0,1.4210921843097523e-05,9295,580.9375,582.7375,548.4849999999998,6.313473419996318,250.0,48.47377749068657,1028.01,41,25,()
yj_m,,False,1789407354108,4.732153480592005e-05,1.6680625842513155e-05,5.945397122504891e-07,151622732.68592155,1904962.2171266354,3204095837292.098,1128711577483.2434,1.0,1.0,1.4210921843097523e-05,7911,494.4375,496.2375,544.9499999999998,6.846659084911414,250.0,48.47377749068657,1028.01,41,25,()
yj_m,,False,1789407354213,4.649528578549924e-05,1.638838036509264e-05,5.554997941134836e-07,148975351.63902453,1779874.5779356307,3204095837292.098,1128711577483.2434,1.0,1.0,1.4210921843097523e-05,8365,522.8125,524.6125,535.4349999999998,6.397079343340991,250.0,48.47377749068657,1028.01,41,25,()
yj_m,,False,1789407354317,4.547625979972535e-05,1.6029433159238e-05,5.501555820104361e-07,145710294.71991396,1762751.2101826528,3204095837292.098,1128711577483.2434,1.0,1.0,1.4210921843097523e-05,7985,499.0625,500.8625,523.6999999999998,6.335535938261261,250.0,48.47377749068657,1028.01,41,25,()
yj_m,,False,1789407354421,4.62614785876555e-05,1.6309398352600552e-05,6.460037550508808e-07,148226210.96968448,2069857.942433593,3204095837292.098,1128711577483.2434,1.0,1.0,1.4210921843097523e-05,8922,557.625,559.425,532.7424999999998,7.439313787238714,250.0,48.47377749068657,1028.01,41,25,()
yj_m,,False,1789407354526,4.608845691942759e-05,1.624629750377567e-05,5.88123138141361e-07,147671832.96275413,1884402.8987339018,3204095837292.098,1128711577483.2434,1.0,1.0,1.4210921843097523e-05,8908,556.75,558.55,530.7499999999998,6.772766467626061,250.0,48.47377749068657,1028.01,41,26,()
yj_m,,False,1789407354631,4.73397704648048e-05,1.6684757232837498e-05,5.264108344914941e-07,151681161.48464444,1686670.763499656,3204095837292.098,1128711577483.2434,1.0,1.0,1.4210921843097523e-05,9011,563.1875,564.9875,545.1599999999997,6.062093831754835,250.0,48.47377749068657,1028.01,41,26,()
yj_m,,False,1789407354735,4.8040974967158786e-05,1.6931309030760865e-05,5.153140725361185e-07,153927887.91172734,1651115.6747110144,3204095837292.098,1128711577483.2434,1.0,1.0,1.4210921843097523e-05,9203,575.1875,576.9875,553.2349999999998,5.9343046454492026,250.0,48.47377749068657,1028.01,41,26,()
yj_m,,False,1789407354840,4.916463890034275e-05,1.7321348142306263e-05,2.66360568143509e-07,157528214.84255734,853444.7876073758,3204095837292.098,1128711577483.2434,1.0,1.0,1.4210921843097523e-05,9257,578.5625,580.3625,566.1749999999997,3.0673813139223496,250.0,48.47377749068657,1028.01,41,26,()
yj_m,,False,1789407354944,4.9273618671296844e-05,1.7359585972781837e-05,2.5652648927520784e-07,157877396.4730204,821935.4564418496,3204095837292.098,1128711577483.2434,1.0,1.0,1.4210921843097523e-05,9254,578.375,580.175,567.4299999999998,2.9541330581068954,250.0,48.47377749068657,1028.01,42,26,()
yj_m,,False,1789407355049,4.87684475019539e-05,1.7184375325099996e-05,3.994069708796926e-07,156258779.63220865,1279738.2127810705,3204095837292.098,1128711577483.2434,1.0,1.0,1.4210921843097523e-05,7948,496.75,498.55,561.6124999999997,4.599530206988535,250.0,48.47377749068657,1028.01,42,26,()
yj_m,,False,1789407355154,4.852183192465541e-05,1.709857813165967e-05,4.4226437052123407e-07,155468599.6875752,1417057.4285696964,3204095837292.098,1128711577483.2434,1.0,1.0,1.4210921843097523e-05,8997,562.3125,564.1125,558.7724999999998,5.093071678761257,250.0,48.47377749068657,1028.01,42,26,()
yj_m,,False,1789407355258,4.8661638642771805e-05,1.714733931360961e-05,4.2355628857836553e-07,155916553.8111174,1357114.9410928332,3204095837292.098,1128711577483.2434,1.0,1.0,1.4210921843097523e-05,8561,535.0625,536.8625,560.3824999999998,4.8776313026919125,250.0,48.47377749068657,1028.01,42,26,()
yj_m,,False,1789407355363,4.837073646532464e-05,1.7046482055678516e-05,4.832505944459007e-07,154984475.35529974,1548381.2180330444,3204095837292.098,1128711577483.2434,1.0,1.0,1.4210921843097523e-05,9362,585.125,586.925,557.0324999999998,5.56506488057417,250.0,48.47377749068657,1028.01,42,26,()
yj_m,,False,1789407355468,4.7851454369463725e-05,1.6863952727696927e-05,4.944491384649723e-07,153320645.75357148,1584262.4263082845,3204095837292.098,1128711577483.2434,1.0,1.0,1.4210921843097523e-05,8077,504.8125,506.6125,551.0524999999998,5.694026178812317,250.0,48.47377749068657,1028.01,42,27,()
yj_m,,False,1789407355572,4.775311206619241e-05,1.6829499641967663e-05,5.003761070912993e-07,153005547.58903012,1603253.0018116597,3204095837292.098,1128711577483.2434,1.0,1.0,1.4210921843097523e-05,8171,510.6875,512.4875,549.9199999999997,5.762280548966703,250.0,48.47377749068657,1028.01,42,27,()
yj_m,,False,1789407355677,4.723513251739469e-05,1.6646810948341898e-05,4.902658421724531e-07,151345891.47292498,1570858.7440712631,3204095837292.098,1128711577483.2434,1.0,1.0,1.4210921843097523e-05,8538,533.625,535.425,543.9549999999998,5.645851762577547,250.0,48.47377749068657,1028.01,42,27,()
yj_m,,False,1789407355781,4.663465832126122e-05,1.6434797850330872e-05,4.705571257846634e-07,149421914.60069236,1507710.1279347744,3204095837292.098,1128711577483.2434,1.0,1.0,1.4210921843097523e-05,8212,513.25,515.05,537.0399999999997,5.418888181629143,250.0,48.47377749068657,1028.01,42,27,()
yj_m,,False,1789407355886,4.581383658027038e-05,1.6141889674926998e-05,3.102461930486049e-07,146791923.07722476,994058.5356827556,3204095837292.098,1128711577483.2434,1.0,1.0,1.4210921843097523e-05,8293,518.3125,520.1125,527.5874999999997,3.5727637236458833,250.0,48.47377749068657,1028.01,42,27,()
yj_m,,False,1789407355991,4.5621493797271724e-05,1.6072639194407955e-05,2.1871005338278481e-07,146175638.36688563,700767.9716177133,3204095837292.098,1128711577483.2434,1.0,1.0,1.4210921843097523e-05,8388,524.25,526.05,525.3724999999998,2.5186428140965127,250.0,48.47377749068657,1028.01,43,27,()
yj_m,,False,1789407356095,4.618723340505331e-05,1.6273549407959385e-05,3.178522142746586e-07,147988322.28916982,1018428.9566315087,3204095837292.098,1128711577483.2434,1.0,1.0,1.4210921843097523e-05,8054,503.375,505.175,531.8874999999998,3.6603538934097615,250.0,48.47377749068657,1028.01,43,27,()
yj_m,,False,1789407356200,4.5615849426664555e-05,1.6073303282747972e-05,3.6481235032746643e-07,146157553.262519,1168893.7330769824,3204095837292.098,1128711577483.2434,1.0,1.0,1.4210921843097523e-05,8620,538.75,540.55,525.3074999999998,4.20114206198743,250.0,48.47377749068657,1028.01,43,27,()
yj_m,,False,1789407356304,4.5888298854049775e-05,1.6169685379762134e-05,3.8341927734667597e-07,147030507.3386766,1228512.110484029,3204095837292.098,1128711577483.2434,1.0,1.0,1.4210921843097523e-05,8396,524.75,526.55,528.4449999999998,4.4154175482053795,250.0,48.47377749068657,1028.01,43,27,()
yj_m,,False,1789407356409,4.6644210333057994e-05,1.6438378528784005e-05,4.780830040279651e-07,149452520.16192818,1531823.7630861052,3204095837292.098,1128711577483.2434,1.0,1.0,1.4210921843097523e-05,8682,542.625,544.425,537.1499999999997,5.505555432924092,250.0,48.47377749068657,1028.01,43,27,()
yj_m,,False,1789407356514,4.727225510869581e-05,1.66600719346587e-05,4.966610576050512e-07,151464835.8131823,1591349.627217435,3204095837292.098,1128711577483.2434,1.0,1.0,1.4210921843097523e-05,8669,541.8125,543.6125,544.3824999999998,5.719498415508129,250.0,48.47377749068657,1028.01,43,28,()
yj_m,,False,1789407356618,4.73082922441109e-05,1.667028233191331e-05,4.0499483298561657e-07,151580302.24875373,1297642.2584940228,3204095837292.098,1128711577483.2434,1.0,1.0,1.4210921843097523e-05,8862,553.875,555.675,544.7974999999998,4.663879460813712,250.0,48.47377749068657,1028.01,43,28,()
yj_m,,False,1789407356722,4.757314348029413e-05,1.6761693474348015e-05,3.1879460993679044e-07,152428910.9921101,1021448.4826496285,3204095837292.098,1128711577483.2434,1.0,1.0,1.4210921843097523e-05,8806,550.375,552.175,547.8474999999997,3.6712064263672235,250.0,48.47377749068657,1028.01,43,28,()
yj_m,,False,1789407356827,4.7874900216601264e-05,1.686695233671733e-05,2.591177828856223e-07,153395768.49478665,830238.2095121795,3204095837292.098,1128711577483.2434,1.0,1.0,1.4210921843097523e-05,8620,538.75,540.55,551.3224999999998,2.9839741327632185,250.0,48.47377749068657,1028.01,43,28,()
yj_m,,False,1789407356932,4.768928726009581e-05,1.680115961269451e-05,2.3069406791115214e-07,152801046.7935,739165.9026821022,3204095837292.098,1128711577483.2434,1.0,1.0,1.4210921843097523e-05,9121,570.0625,571.8625,549.1849999999998,2.656649511132396,250.0,48.47377749068657,1028.01,44,28,()
yj_m,,False,1789407357036,4.7757019707382004e-05,1.6824908884937747e-05,2.2262594480888664e-07,153018068.04589933,713314.8630353737,3204095837292.098,1128711577483.2434,1.0,1.0,1.4210921843097523e-05,8641,540.0625,541.8625,549.9649999999998,2.563737822984246,250.0,48.47377749068657,1028.01,44,28,()
yj_m,,False,1789407357141,4.7768091357419175e-05,1.6830094307245105e-05,3.0468357623856117e-07,153053542.67369536,976235.3783172437,3204095837292.098,1128711577483.2434,1.0,1.0,1.4210921843097523e-05,8041,502.5625,504.3625,550.0924999999997,3.5087051920900967,250.0,48.47377749068657,1028.01,44,28,()
yj_m,,False,1789407357245,4.75136604977415e-05,1.6741407498976895e-05,3.519589998982056e-07,152238321.8153235,1127710.3664713302,3204095837292.098,1128711577483.2434,1.0,1.0,1.4210921843097523e-05,8600,537.5,539.3,547.1624999999998,4.053124180801768,250.0,48.47377749068657,1028.01,44,28,()
yj_m,,False,1789407357350,4.67162846038882e-05,1.646425521419945e-05,4.949258512832197e-07,149683453.03307107,1585789.8598648156,3204095837292.098,1128711577483.2434,1.0,1.0,1.4210921843097523e-05,8396,524.75,526.55,537.9799999999998,5.699515955324628,250.0,48.47377749068657,1028.01,44,28,()
yj_m,,False,1789407357454,4.673061262158336e-05,1.6469366064797433e-05,4.971099161331909e-07,149729361.37492475,1592787.8129589828,3204095837292.098,1128711577483.2434,1.0,1.0,1.4210921843097523e-05,8790,549.375,551.175,538.1449999999998,5.724667424837884,250.0,48.47377749068657,1028.01,44,29,()
yj_m,,False,1789407357559,4.670108822148424e-05,1.6458673800492666e-05,4.871975047405003e-07,149634762.36746866,1561027.4968781355,3204095837292.098,1128711577483.2434,1.0,1.0,1.4210921843097523e-05,8848,553.0,554.8,537.8049999999998,5.610517099608554,250.0,48.47377749068657,1028.01,44,29,()
yj_m,,False,1789407357663,4.730156241761771e-05,1.666880535461382e-05,4.4021827599673966e-07,151558739.23970124,1410501.5456210587,3204095837292.098,1128711577483.2434,1.0,1.0,1.4210921843097523e-05,9081,567.5625,569.3625,544.7199999999998,5.069509061536433,250.0,48.47377749068657,1028.01,44,29,()
yj_m,,False,1789407357768,4.784580999885655e-05,1.686025408373422e-05,4.3217616597167936e-07,153302560.64920485,1384733.854366718,3204095837292.098,1128711577483.2434,1.0,1.0,1.4210921843097523e-05,8935,558.4375,560.2375,550.9874999999997,4.9768969373496175,250.0,48.47377749068657,1028.01,44,29,()
yj_m,,False,1789407357873,4.871981907826124e-05,1.7163143666028138e-05,1.3626919887668619e-07,156102969.50228095,436619.57287191885,3204095837292.098,1128711577483.2434,1.0,1.0,1.4210921843097523e-05,8808,550.5,552.3,561.0524999999998,1.5692622868724015,250.0,48.47377749068657,1028.01,44,29,()
yj_m,,False,1789407357977,4.8705491060566086e-05,1.715874855131419e-05,2.0235255998327169e-07,156057061.16042724,648356.9951077999,3204095837292.098,1128711577483.2434,1.0,1.0,1.4210921843097523e-05,9290,580.625,582.425,560.8874999999998,2.330271577520526,250.0,48.47377749068657,1028.01,45,29,()
yj_m,,False,1789407358082,4.904111402051632e-05,1.7277105785277552e-05,2.135684104729097e-07,157132429.28930345,684293.65497334,3204095837292.098,1128711577483.2434,1.0,1.0,1.4210921843097523e-05,9178,573.625,575.425,564.7524999999998,2.459432175320149,250.0,48.47377749068657,1028.01,45,29,()
yj_m,,False,1789407358186,4.9050448941135894e-05,1.728056766907171e-05,2.2718936153701608e-07,157162339.26960206,727936.4875778026,3204095837292.098,1128711577483.2434,1.0,1.0,1.4210921843097523e-05,8727,545.4375,547.2375,564.8599999999998,2.616289667640034,250.0,48.47377749068657,1028.01,45,29,()
yj_m,,False,1789407358291,4.885680361107404e-05,1.721290173696078e-05,2.652132410028173e-07,156541881.07363984,849768.6414918726,3204095837292.098,1128711577483.2434,1.0,1.0,1.4210921843097523e-05,8552,534.5,536.3,562.6299999999998,3.054168810822348,250.0,48.47377749068657,1028.01,45,29,()
yj_m,,False,1789407358396,4.8242869761954214e-05,1.6998766971141127e-05,3.7694754940218464e-07,154574778.18330228,1207776.0739169968,3204095837292.098,1128711577483.2434,1.0,1.0,1.4210921843097523e-05,8591,536.9375,538.7375,555.5599999999998,4.340889784940409,250.0,48.47377749068657,1028.01,45,29,()
yj_m,,False,1789407358500,4.748022845645279e-05,1.67306153934723e-05,3.9591409434752203e-07,152131202.3509982,1268546.7016241648,3204095837292.098,1128711577483.2434,1.0,1.0,1.4210921843097523e-05,8243,515.1875,516.9875,546.7774999999998,4.559306594757584,250.0,48.47377749068657,1028.01,45,30,()
yj_m,,False,1789407358604,4.601377755447101e-05,1.6215035248911435e-05,4.296720142362692e-07,147432553.1203651,1376710.3122153427,3204095837292.098,1128711577483.2434,1.0,1.0,1.4210921843097523e-05,7721,482.5625,484.3625,529.8899999999998,4.948059379696246,250.0,48.47377749068657,1028.01,45,30,()
yj_m,,False,1789407358709,4.537227312584686e-05,1.5987809698564498e-05,3.772725542184854e-07,145377111.45100603,1208817.4204960065,3204095837292.098,1128711577483.2434,1.0,1.0,1.4210921843097523e-05,8235,514.6875,516.4875,522.5024999999998,4.344632507474021,250.0,48.47377749068657,1028.01,45,30,()
yj_m,,False,1789407358814,4.47296832413367e-05,1.5759763976776335e-05,2.95592566575081e-07,143318191.876961,947106.9120977062,3204095837292.098,1128711577483.2434,1.0,1.0,1.4210921843097523e-05,8377,523.5625,525.3625,515.1024999999997,3.404014045946344,250.0,48.47377749068657,1028.01,45,30,()
yj_m,,False,1789407358918,4.5463017237916195e-05,1.60228382524339e-05,4.906459181479601e-07,145667864.28274614,1572076.5439222394,3204095837292.098,1128711577483.2434,1.0,1.0,1.4210921843097523e-05,9320,582.5,584.3,523.5474999999998,5.650228679000524,250.0,48.47377749068657,1028.01,46,30,()
yj_m,,False,1789407359023,4.5589798485400636e-05,1.606894848288357e-05,5.36623040738735e-07,146074083.55005774,1719391.6510260107,3204095837292.098,1128711577483.2434,1.0,1.0,1.4210921843097523e-05,8824,551.5,553.3,525.0074999999998,6.1796965641526445,250.0,48.47377749068657,1028.01,46,30,()
yj_m,,False,1789407359128,4.6418435508770657e-05,1.6358461736175277e-05,4.6361011547804147e-07,148729115.9872637,1485451.2411297027,3204095837292.098,1128711577483.2434,1.0,1.0,1.4210921843097523e-05,8375,523.4375,525.2375,534.5499999999997,5.3388871148395705,250.0,48.47377749068657,1028.01,46,30,()
yj_m,,False,1789407359232,4.652719818854754e-05,1.6399027207431817e-05,5.378447588993508e-07,149077602.03678957,1723306.1530987846,3204095837292.098,1128711577483.2434,1.0,1.0,1.4210921843097523e-05,9410,588.125,589.925,535.8024999999998,6.193765746700468,250.0,48.47377749068657,1028.01,46,30,()
yj_m,,False,1789407359337,4.7514745953627514e-05,1.6746001096730913e-05,5.146868072395153e-07,152241799.7200094,1649105.8565852912,3204095837292.098,1128711577483.2434,1.0,1.0,1.4210921843097523e-05,8937,558.5625,560.3625,547.1749999999997,5.927081121850788,250.0,48.47377749068657,1028.01,46,30,()
yj_m,,False,1789407359441,4.689364809566008e-05,1.652694300000423e-05,5.027386710444465e-07,150251742.65874496,1610822.883139273,3204095837292.098,1128711577483.2434,1.0,1.0,1.4210921843097523e-05,8006,500.375,502.175,540.0224999999998,5.78948759606582,250.0,48.47377749068657,1028.01,46,31,()
yj_m,,False,1789407359546,4.700262786661418e-05,1.6565424270767476e-05,5.063021574041599e-07,150600924.289208,1622240.6349506776,3204095837292.098,1128711577483.2434,1.0,1.0,1.4210921843097523e-05,7942,496.375,498.175,541.2774999999998,5.830524343916248,250.0,48.47377749068657,1028.01,46,31,()
yj_m,,False,1789407359651,4.6785102507060396e-05,1.6489570445064494e-05,5.297982267226819e-07,149903952.19015628,1697524.292846882,3204095837292.098,1128711577483.2434,1.0,1.0,1.4210921843097523e-05,8842,552.625,554.425,538.7724999999998,6.101102697463796,250.0,48.47377749068657,1028.01,46,31,()
yj_m,,False,1789407359755,4.6887569542698505e-05,1.652372014187849e-05,4.657999004713048e-07,150232266.39250398,1492467.522111183,3204095837292.098,1128711577483.2434,1.0,1.0,1.4210921843097523e-05,8823,551.4375,553.2375,539.9524999999998,5.364104456943396,250.0,48.47377749068657,1028.01,46,31,()
yj_m,,False,1789407359859,4.7123981834668624e-05,1.660878611487215e-05,5.266330608710604e-07,150989754.0330901,1687382.7981173622,3204095837292.098,1128711577483.2434,1.0,1.0,1.4210921843097523e-05,9482,592.625,594.425,542.6749999999997,6.0646529682249755,250.0,48.47377749068657,1028.01,46,31,()
yj_m,,False,1789407359964,4.7904858799054766e-05,1.6884894852213643e-05,5.627193909468159e-07,153491758.66411713,1803006.8580962417,3204095837292.098,1128711577483.2434,1.0,1.0,1.4210921843097523e-05,8360,522.5,524.3,551.6674999999998,6.480219488952517,250.0,48.47377749068657,1028.01,47,31,()
yj_m,,False,1789407360069,4.881078028150777e-05,1.720146248440373e-05,4.842208122948192e-07,156394417.91495827,1551489.88900403,3204095837292.098,1128711577483.2434,1.0,1.0,1.4210921843097523e-05,8987,561.6875,563.4875,562.0999999999998,5.576237811015595,250.0,48.47377749068657,1028.01,47,31,()
yj_m,,False,1789407360174,4.908605189419658e-05,1.7296267665803867e-05,4.011095837911753e-07,157276414.54329914,1285193.5477232714,3204095837292.098,1128711577483.2434,1.0,1.0,1.4210921843097523e-05,8466,529.125,530.925,565.2699999999998,4.6191373247609775,250.0,48.47377749068657,1028.01,47,31,()
yj_m,,False,1789407360278,4.8530298480566175e-05,1.7104035137829814e-05,5.294081226026239e-07,155495727.3441251,1696274.3618596927,3204095837292.098,1128711577483.2434,1.0,1.0,1.4210921843097523e-05,8680,542.5,544.3,558.8699999999998,6.096610297944261,250.0,48.47377749068657,1028.01,47,31,()
yj_m,,False,1789407360382,4.699329294599459e-05,1.6564647556639196e-05,5.826627846043819e-07,150571014.30890936,1866907.4026959238,3204095837292.098,1128711577483.2434,1.0,1.0,1.4210921843097523e-05,9066,566.625,568.425,541.1699999999997,6.709885589561123,250.0,48.47377749068657,1028.01,47,31,()
yj_m,,False,1789407360487,4.6893648095660085e-05,1.6528670367609217e-05,5.566375544803143e-07,150251742.65874496,1783520.0711908315,3204095837292.098,1128711577483.2434,1.0,1.0,1.4210921843097523e-05,8806,550.375,552.175,540.0224999999998,6.410181676442564,250.0,48.47377749068657,1028.01,47,32,()
yj_m,,False,1789407360592,4.616834647263698e-05,1.627385449130937e-05,5.722068122591203e-07,147927806.74763536,1833405.465229631,3204095837292.098,1128711577483.2434,1.0,1.0,1.4210921843097523e-05,7695,480.9375,482.7375,531.6699999999997,6.589475671477966,250.0,48.47377749068657,1028.01,47,32,()
yj_m,,False,1789407360696,4.596297821900635e-05,1.6201190172402636e-05,5.618096673288835e-07,147269787.18106562,1800092.0164389366,3204095837292.098,1128711577483.2434,1.0,1.0,1.4210921843097523e-05,8781,548.8125,550.6125,529.3049999999998,6.469743203945579,250.0,48.47377749068657,1028.01,47,32,()
yj_m,,False,1789407360801,4.673842790396253e-05,1.6473463587624085e-05,5.398632656840405e-07,149754402.28866315,1729773.6422851535,3204095837292.098,1128711577483.2434,1.0,1.0,1.4210921843097523e-05,8760,547.5,549.3,538.2349999999998,6.21701066630901,250.0,48.47377749068657,1028.01,47,32,()
yj_m,,False,1789407360905,4.701630461077774e-05,1.6570142363131502e-05,5.030982932139094e-07,150644745.88825017,1611975.1470354472,3204095837292.098,1128711577483.2434,1.0,1.0,1.4210921843097523e-05,9009,563.0625,564.8625,541.4349999999998,5.793628968530864,250.0,48.47377749068657,1028.01,47,32,()
yj_m,,False,1789407361010,4.672453406862178e-05,1.6466528001106315e-05,4.734333281865066e-07,149709885.1086838,1516925.7560777294,3204095837292.098,1128711577483.2434,1.0,1.0,1.4210921843097523e-05,8817,551.0625,552.8625,538.0749999999998,5.452010237059355,250.0,48.47377749068657,1028.01,48,32,()
yj_m,,False,1789407361114,4.688670117798971e-05,1.6521834184944285e-05,4.058967353990862e-07,150229484.06875527,1300532.0402626642,3204095837292.098,1128711577483.2434,1.0,1.0,1.4210921843097523e-05,8715,544.6875,546.4875,539.9424999999998,4.674265677622529,250.0,48.47377749068657,1028.01,48,32,()
yj_m,,False,1789407361219,4.726856455868341e-05,1.6657705394189024e-05,4.594802466807198e-07,151453010.9372503,1472218.7457076423,3204095837292.098,1128711577483.2434,1.0,1.0,1.4210921843097523e-05,8720,545.0,546.8,544.3399999999998,5.291327964225994,250.0,48.47377749068657,1028.01,48,32,()
yj_m,,False,1789407361323,4.6807462898311934e-05,1.649725955924627e-05,5.240452389042226e-07,149975597.02668554,1679091.168525764,3204095837292.098,1128711577483.2434,1.0,1.0,1.4210921843097523e-05,9195,574.6875,576.4875,539.0299999999997,6.0348518726643166,250.0,48.47377749068657,1028.01,48,32,()
yj_m,,False,1789407361428,4.709033270220272e-05,1.6596662859190305e-05,5.178750187660418e-07,150881938.98782766,1659321.1918658428,3204095837292.098,1128711577483.2434,1.0,1.0,1.4210921843097523e-05,9070,566.875,568.675,542.2874999999998,5.96379624274673,250.0,48.47377749068657,1028.01,48,32,()
yj_m,,False,1789407361533,4.732196898827445e-05,1.667832759641429e-05,5.212590509358516e-07,151624123.8477959,1670163.955254393,3204095837292.098,1128711577483.2434,1.0,1.0,1.4210921843097523e-05,9100,568.75,570.55,544.9549999999998,6.0027664143293125,250.0,48.47377749068657,1028.01,48,33,()
yj_m,,False,1789407361637,4.802946913476722e-05,1.6925940774352075e-05,4.700695196391441e-07,153891022.1220569,1506147.7911136784,3204095837292.098,1128711577483.2434,1.0,1.0,1.4210921843097523e-05,8951,559.4375,561.2375,553.1024999999997,5.4132729586637325,250.0,48.47377749068657,1028.01,48,33,()
yj_m,,False,1789407361742,4.8204444623589914e-05,1.698540667361813e-05,3.846397646280497e-07,154451660.3574219,1232422.6687017453,3204095837292.098,1128711577483.2434,1.0,1.0,1.4210921843097523e-05,8859,553.6875,555.4875,555.1174999999998,4.429472556072563,250.0,48.47377749068657,1028.01,48,33,()
yj_m,,False,1789407361847,4.877951915199106e-05,1.718470821910328e-05,1.9220373803180584e-07,156294254.26000473,615839.1969396896,3204095837292.098,1128711577483.2434,1.0,1.0,1.4210921843097523e-05,9138,571.125,572.925,561.7399999999998,2.213398772250495,250.0,48.47377749068657,1028.01,48,33,()
yj_m,,False,1789407361952,4.878624897848425e-05,1.718690730548309e-05,1.7620283197247882e-07,156315817.2690572,564570.7604420979,3204095837292.098,1128711577483.2434,1.0,1.0,1.4210921843097523e-05,9041,565.0625,566.8625,561.8174999999998,2.029133959353103,250.0,48.47377749068657,1028.01,49,33,()
yj_m,,False,1789407362056,4.876671077253631e-05,1.7179873159631007e-05,1.6072694497779352e-07,156253214.98471123,514984.5353440239,3204095837292.098,1128711577483.2434,1.0,1.0,1.4210921843097523e-05,8799,549.9375,551.7375,561.5924999999997,1.8509152128068969,250.0,48.47377749068657,1028.01,49,33,()
yj_m,,False,1789407362160,4.882228611389934e-05,1.719942311635634e-05,1.5783354821134945e-07,156431283.70462865,505713.8148090264,3204095837292.098,1128711577483.2434,1.0,1.0,1.4210921843097523e-05,9165,572.8125,574.6125,562.2324999999997,1.8175951488161495,250.0,48.47377749068657,1028.01,49,33,()
yj_m,,False,1789407362265,4.900442561156962e-05,1.7263438508991502e-05,1.4115046307101294e-07,157014876.11092046,452259.61115768435,3204095837292.098,1128711577483.2434,1.0,1.0,1.4210921843097523e-05,8871,554.4375,556.2375,564.3299999999998,1.6254744307432216,250.0,48.47377749068657,1028.01,49,33,()
yj_m,,False,1789407362369,4.882337156978533e-05,1.7199622866663028e-05,1.364909981539595e-07,156434761.60931453,437330.2390129447,3204095837292.098,1128711577483.2434,1.0,1.0,1.4210921843097523e-05,9084,567.75,569.55,562.2449999999998,1.571816504875808,250.0,48.47377749068657,1028.01,49,33,()
yj_m,,False,1789407362474,4.907606570004541e-05,1.7288720848817423e-05,1.4672632664405056e-07,157244417.82018897,470125.21242136334,3204095837292.098,1128711577483.2434,1.0,1.0,1.4210921843097523e-05,9172,573.25,575.05,565.1549999999997,1.6896855106794286,250.0,48.47377749068657,1028.01,49,34,()
yj_m,,False,1789407362579,4.90819271618298e-05,1.729108820866619e-05,1.7886693438269534e-07,157263198.50549278,573106.7998847929,3204095837292.098,1128711577483.2434,1.0,1.0,1.4210921843097523e-05,8989,561.8125,563.6125,565.2224999999997,2.059813492770644,250.0,48.47377749068657,1028.01,49,34,()
yj_m,,False,1789407362683,4.912143775608008e-05,1.730506817480171e-05,1.847918381627688e-07,157389794.23605907,592090.7594228832,3204095837292.098,1128711577483.2434,1.0,1.0,1.4210921843097523e-05,9242,577.625,579.425,565.6774999999998,2.128044084364795,250.0,48.47377749068657,1028.01,49,34,()
yj_m,,False,1789407362788,4.9453370166017923e-05,1.742218482178404e-05,2.0216615148198015e-07,158453337.48900324,647759.7244047767,3204095837292.098,1128711577483.2434,1.0,1.0,1.4210921843097523e-05,9316,582.25,584.05,569.4999999999998,2.328124916107381,250.0,48.47377749068657,1028.01,49,34,()
yj_m,,False,1789407362893,4.981309024663729e-05,1.754912256051535e-05,2.2100081655707285e-07,159605915.10190615,708107.7963686745,3204095837292.098,1128711577483.2434,1.0,1.0,1.4210921843097523e-05,9075,567.1875,568.9875,573.6424999999998,2.5450230107014753,250.0,48.47377749068657,1028.01,49,34,()
yj_m,,False,1789407362997,4.870397142232568e-05,1.716523331959767e-05,5.309416962105785e-07,156052192.093867,1701188.078673121,3204095837292.098,1128711577483.2434,1.0,1.0,1.4210921843097523e-05,8052,503.25,505.05,560.8699999999998,6.114270776225077,250.0,48.47377749068657,1028.01,50,34,()
yj_m,,False,1789407363101,4.757162384205374e-05,1.6771725832594717e-05,6.752715457691774e-07,152424041.92554986,2163634.748840824,3204095837292.098,1128711577483.2434,1.0,1.0,1.4210921843097523e-05,8239,514.9375,516.7375,547.8299999999998,7.776358699609992,250.0,48.47377749068657,1028.01,50,34,()
yj_m,,False,1789407363206,4.7334343185374823e-05,1.6686915883051606e-05,6.425800221876479e-07,151663771.961215,2058887.974218507,3204095837292.098,1128711577483.2434,1.0,1.0,1.4210921843097523e-05,8949,559.3125,561.1125,545.0974999999997,7.399886426493314,250.0,48.47377749068657,1028.01,50,34,()
yj_m,,False,1789407363311,4.7045177737345256e-05,1.6583456313586702e-05,5.97904208419215e-07,150737258.15289477,1915742.385295433,3204095837292.098,1128711577483.2434,1.0,1.0,1.4210921843097523e-05,9173,573.3125,575.1125,541.7674999999998,6.885404281884979,250.0,48.47377749068657,1028.01,50,34,()
yj_m,,False,1789407363416,4.690385138098846e-05,1.653256237873574e-05,5.654694146927009e-07,150284434.96279228,1811818.1977328819,3204095837292.098,1128711577483.2434,1.0,1.0,1.4210921843097523e-05,8904,556.5,558.3,540.1399999999998,6.511888483765673,250.0,48.47377749068657,1028.01,50,34,()
yj_m,,False,1789407363520,4.7997556731718914e-05,1.69140965723945e-05,4.4770640681958523e-07,153788771.72429186,1434494.2344196371,3204095837292.098,1128711577483.2434,1.0,1.0,1.4210921843097523e-05,8913,557.0625,558.8625,552.7349999999998,5.155741617362143,250.0,48.47377749068657,1028.01,50,35,()
yj_m,,False,1789407363624,4.9040245655807516e-05,1.7276007821663163e-05,1.350653202139824e-07,157129646.96555474,432762.230260146,3204095837292.098,1128711577483.2434,1.0,1.0,1.4210921843097523e-05,9096,568.5,570.3,564.7424999999998,1.555398542174963,250.0,48.47377749068657,1028.01,50,35,()
yj_m,,False,1789407363729,4.8061815720169925e-05,1.6936869726962838e-05,4.531386373015752e-07,153994663.68169636,1451899.6214941924,3204095837292.098,1128711577483.2434,1.0,1.0,1.4210921843097523e-05,7840,490.0,491.8,553.4749999999998,5.218298633175376,250.0,48.47377749068657,1028.01,50,35,()
yj_m,,False,1789407363834,4.662119866827487e-05,1.643606634698531e-05,6.47212345347901e-07,149378788.58258736,2073730.3815732691,3204095837292.098,1128711577483.2434,1.0,1.0,1.4210921843097523e-05,8116,507.25,509.05,536.8849999999998,7.453231790639548,250.0,48.47377749068657,1028.01,50,35,()
yj_m,,False,1789407363938,4.6633355774198044e-05,1.6440621809698056e-05,6.541902956739046e-07,149417741.1150693,2096088.4031656496,3204095837292.098,1128711577483.2434,1.0,1.0,1.4210921843097523e-05,9026,564.125,565.925,537.0249999999997,7.533589159557349,250.0,48.47377749068657,1028.01,51,35,()
yj_m,,False,1789407364043,4.649398323843604e-05,1.6392404827053534e-05,6.749339331044684e-07,148971178.15340143,2162553.005507214,3204095837292.098,1128711577483.2434,1.0,1.0,1.4210921843097523e-05,7985,499.0625,500.8625,535.4199999999997,7.772470786371602,250.0,48.47377749068657,1028.01,51,35,()
yj_m,,False,1789407364148,4.517102960458303e-05,1.592763504948687e-05,6.949847735863172e-07,144732307.9222426,2226797.8200293127,3204095837292.098,1128711577483.2434,1.0,1.0,1.4210921843097523e-05,7781,486.3125,488.1125,520.1849999999998,8.003374233721674,250.0,48.47377749068657,1028.01,51,35,()
yj_m,,False,1789407364252,4.4879693244781474e-05,1.5826871286708482e-05,7.341279848567429e-07,143798838.3045506,2352216.42031913,3204095837292.098,1128711577483.2434,1.0,1.0,1.4210921843097523e-05,7498,468.625,470.425,516.8299999999998,8.454143488550452,250.0,48.47377749068657,1028.01,51,35,()
yj_m,,False,1789407364357,4.4505862237644146e-05,1.569640476891045e-05,7.568779362917062e-07,142601047.93073118,2425109.4450104893,3204095837292.098,1128711577483.2434,1.0,1.0,1.4210921843097523e-05,7690,480.625,482.425,512.5249999999999,8.716129624150847,250.0,48.47377749068657,1028.01,51,35,()
yj_m,,False,1789407364461,4.307262628577386e-05,1.5183776454488097e-05,5.650814011342371e-07,138008822.58348623,1810574.9651053958,3204095837292.098,1128711577483.2434,1.0,1.0,1.4210921843097523e-05,8327,520.4375,522.2375,496.01999999999987,6.507420158941637,250.0,48.47377749068657,1028.01,51,36,()
yj_m,,False,1789407364566,4.2216201591722316e-05,1.4873758597048869e-05,2.555123075532337e-07,135264755.78632152,818685.9210082133,3204095837292.098,1128711577483.2434,1.0,1.0,1.4210921843097523e-05,7979,498.6875,500.4875,486.15749999999986,2.942453844157967,250.0,48.47377749068657,1028.01,51,36,()
yj_m,,False,1789407364671,4.3520051201981785e-05,1.5341233522477713e-05,5.637250309847706e-07,139442414.89500874,1806229.0251556654,3204095837292.098,1128711577483.2434,1.0,1.0,1.4210921843097523e-05,8875,554.6875,556.4875,501.17249999999984,6.491800337733749,250.0,48.47377749068657,1028.01,51,36,()
yj_m,,False,1789407364775,4.480197460334409e-05,1.5793555630319054e-05,5.919665156592184e-07,143549820.3290411,1896717.44864001,3204095837292.098,1128711577483.2434,1.0,1.0,1.4210921843097523e-05,8948,559.25,561.05,515.9349999999998,6.817026413693877,250.0,48.47377749068657,1028.01,51,36,()
yj_m,,False,1789407364880,4.6293825173058205e-05,1.631669722818551e-05,5.328531782161417e-07,148329852.5293239,1707312.6502102045,3204095837292.098,1128711577483.2434,1.0,1.0,1.4210921843097523e-05,9057,566.0625,567.8625,533.1149999999998,6.136283209321421,250.0,48.47377749068657,1028.01,51,36,()
yj_m,,False,1789407364984,4.727637984106258e-05,1.6659243567843423e-05,4.131294919836909e-07,151478051.85098866,1323706.485527544,3204095837292.098,1128711577483.2434,1.0,1.0,1.4210921843097523e-05,8607,537.9375,539.7375,544.4299999999998,4.757557369596293,250.0,48.47377749068657,1028.01,52,36,()
yj_m,,False,1789407365089,4.805009279660116e-05,1.6927790307904577e-05,1.9412057812847298e-07,153957102.31108877,621980.9363141763,3204095837292.098,1128711577483.2434,1.0,1.0,1.4210921843097523e-05,8593,537.0625,538.8625,553.3399999999998,2.2354729085810905,250.0,48.47377749068657,1028.01,52,36,()
yj_m,,False,1789407365194,4.795131631097545e-05,1.68928431886386e-05,1.802895710237039e-07,153640612.98467308,577665.0640242284,3204095837292.098,1128711577483.2434,1.0,1.0,1.4210921843097523e-05,8844,552.75,554.55,552.2024999999998,2.0761964321807316,250.0,48.47377749068657,1028.01,52,36,()
yj_m,,False,1789407365298,4.7625896636353576e-05,1.6781355346839147e-05,3.713985771397382e-07,152597937.15984422,1189996.6349896444,3204095837292.098,1128711577483.2434,1.0,1.0,1.4210921843097523e-05,7561,472.5625,474.3625,548.4549999999998,4.276988382612233,250.0,48.47377749068657,1028.01,52,36,()
yj_m,,False,1789407365402,4.599641026029507e-05,1.6213243641823868e-05,5.699293422232036e-07,147376906.64539093,1826108.232967993,3204095837292.098,1128711577483.2434,1.0,1.0,1.4210921843097523e-05,7546,471.625,473.425,529.6899999999998,6.563248557307579,250.0,48.47377749068657,1028.01,52,36,()
yj_m,,False,1789407365507,4.538660114354202e-05,1.6000771986805166e-05,6.289730170430241e-07,145423019.79285973,2015289.8256766074,3204095837292.098,1128711577483.2434,1.0,1.0,1.4210921843097523e-05,8687,542.9375,544.7375,522.6674999999999,7.243189533969135,250.0,48.47377749068657,1028.01,52,37,()
yj_m,,False,1789407365612,4.5340360722798545e-05,1.5984336596672076e-05,6.249240284788519e-07,145274861.05324095,2002316.4782728993,3204095837292.098,1128711577483.2434,1.0,1.0,1.4210921843097523e-05,8441,527.5625,529.3625,522.1349999999999,7.196561791925364,250.0,48.47377749068657,1028.01,52,37,()
yj_m,,False,1789407365716,4.494829405677648e-05,1.5845256083170116e-05,5.97093847942743e-07,144018641.88069865,1913145.9126660647,3204095837292.098,1128711577483.2434,1.0,1.0,1.4210921843097523e-05,9183,573.9375,575.7375,517.6199999999999,6.876072252747203,250.0,48.47377749068657,1028.01,52,37,()
yj_m,,False,1789407365821,4.5850959171571483e-05,1.6163315082125817e-05,6.050862970237911e-07,146910867.41748208,1938754.485496421,3204095837292.098,1128711577483.2434,1.0,1.0,1.4210921843097523e-05,9097,568.5625,570.3625,528.0149999999998,6.968112486534643,250.0,48.47377749068657,1028.01,52,37,()
yj_m,,False,1789407365926,4.752169287129788e-05,1.6746794133022883e-05,4.5774947743806933e-07,152264058.30999908,1466673.1951819516,3204095837292.098,1128711577483.2434,1.0,1.0,1.4210921843097523e-05,8509,531.8125,533.6125,547.2549999999998,5.271396600996741,250.0,48.47377749068657,1028.01,53,37,()
yj_m,,False,1789407366030,4.7760927348571594e-05,1.6829616308164992e-05,4.020819448846336e-07,153030588.50276852,1288309.0858551653,3204095837292.098,1128711577483.2434,1.0,1.0,1.4210921843097523e-05,7925,495.3125,497.1125,550.0099999999998,4.63033493658936,250.0,48.47377749068657,1028.01,53,37,()
yj_m,,False,1789407366135,4.750953576537472e-05,1.674340661215822e-05,4.893399567764888e-07,152225105.77751714,1567892.1185282439,3204095837292.098,1128711577483.2434,1.0,1.0,1.4210921843097523e-05,9198,574.875,576.675,547.1149999999998,5.63518936017238,250.0,48.47377749068657,1028.01,53,37,()
yj_m,,False,1789407366239,4.8041192058335994e-05,1.693060582779074e-05,4.8902795766251e-07,153928583.4926645,1566892.4434659043,3204095837292.098,1128711577483.2434,1.0,1.0,1.4210921843097523e-05,8852,553.25,555.05,553.2374999999997,5.631596409988912,250.0,48.47377749068657,1028.01,53,37,()
yj_m,,False,1789407366343,4.6888872089761695e-05,1.652717736092068e-05,5.622061288334052e-07,150236439.87812704,1801362.317095219,3204095837292.098,1128711577483.2434,1.0,1.0,1.4210921843097523e-05,7879,492.4375,494.2375,539.9674999999997,6.474308814460429,250.0,48.47377749068657,1028.01,53,37,()
yj_m,,False,1789407366448,4.649984470022042e-05,1.6390825991928657e-05,5.797712633734886e-07,148989958.8387052,1857642.6915565757,3204095837292.098,1128711577483.2434,1.0,1.0,1.4210921843097523e-05,9286,580.375,582.175,535.4874999999997,6.676587124047735,250.0,48.47377749068657,1028.01,53,38,()
yj_m,,False,1789407366553,4.714395422297096e-05,1.6617005093792786e-05,5.628352408125638e-07,151053747.47931045,1803378.0521688312,3204095837292.098,1128711577483.2434,1.0,1.0,1.4210921843097523e-05,8943,558.9375,560.7375,542.9049999999997,6.481553604268039,250.0,48.47377749068657,1028.01,53,38,()
yj_m,,False,1789407366658,4.756120346554817e-05,1.676287783221706e-05,5.313148856955052e-07,152390654.04056537,1702383.8135482976,3204095837292.098,1128711577483.2434,1.0,1.0,1.4210921843097523e-05,9178,573.625,575.425,547.7099999999998,6.118568388520308,250.0,48.47377749068657,1028.01,53,38,()
yj_m,,False,1789407366762,4.7125718564086224e-05,1.660910470682291e-05,5.1731292196397e-07,150995318.68058756,1657520.1798421696,3204095837292.098,1128711577483.2434,1.0,1.0,1.4210921843097523e-05,8781,548.8125,550.6125,542.6949999999998,5.95732319292818,250.0,48.47377749068657,1028.01,53,38,()
yj_m,,False,1789407366867,4.8274999256179706e-05,1.7010294349577744e-05,3.8638950715801063e-07,154677724.16200453,1238029.011458327,3204095837292.098,1128711577483.2434,1.0,1.0,1.4210921843097523e-05,9027,564.1875,565.9875,555.9299999999998,4.4496224137560265,250.0,48.47377749068657,1028.01,53,38,()
yj_m,,False,1789407366972,4.822007518834827e-05,1.6990565209214292e-05,3.690277655072777e-07,154501742.18489864,1182400.3273070727,3204095837292.098,1128711577483.2434,1.0,1.0,1.4210921843097523e-05,8119,507.4375,509.2375,555.2974999999998,4.249686356073822,250.0,48.47377749068657,1028.01,54,38,()
yj_m,,False,1789407367076,4.759181332153328e-05,1.6770923644308864e-05,4.3664632185575795e-07,152488730.95270735,1399056.66222694,3204095837292.098,1128711577483.2434,1.0,1.0,1.4210921843097523e-05,8565,535.3125,537.1125,548.0624999999998,5.028374799574909,250.0,48.47377749068657,1028.01,54,38,()
yj_m,,False,1789407367181,4.66785107390555e-05,1.644929163461228e-05,4.3616553048152945e-07,149562421.9500022,1397516.160586169,3204095837292.098,1128711577483.2434,1.0,1.0,1.4210921843097523e-05,8513,532.0625,533.8625,537.5449999999997,5.02283805482518,250.0,48.47377749068657,1028.01,54,38,()
yj_m,,False,1789407367285,4.67141136921162e-05,1.646255236946965e-05,4.626580600293248e-07,149676497.2236993,1482400.7642295982,3204095837292.098,1128711577483.2434,1.0,1.0,1.4210921843097523e-05,9000,562.5,564.3,537.9549999999998,5.3279233407585735,250.0,48.47377749068657,1028.01,54,38,()
yj_m,,False,1789407367390,4.6847624766093814e-05,1.651078857774831e-05,5.044034125743436e-07,150104279.5000634,1616156.8745453844,3204095837292.098,1128711577483.2434,1.0,1.0,1.4210921843097523e-05,9451,590.6875,592.4875,539.4924999999998,5.808658590845223,250.0,48.47377749068657,1028.01,54,38,()
yj_m,,False,1789407367494,4.78312648899842e-05,1.6858633055627457e-05,5.520978182032482e-07,153255956.726414,1768974.3210830763,3204095837292.098,1128711577483.2434,1.0,1.0,1.4210921843097523e-05,9321,582.5625,584.3625,550.8199999999998,6.357902533461801,250.0,48.47377749068657,1028.01,54,39,()
yj_m,,False,1789407367599,4.8355105900566284e-05,1.704212921104459e-05,5.22269752438613e-07,154934393.52782297,1673402.3397321345,3204095837292.098,1128711577483.2434,1.0,1.0,1.4210921843097523e-05,8926,557.875,559.675,556.8524999999997,6.014405550426409,250.0,48.47377749068657,1028.01,54,39,()
yj_m,,False,1789407367703,4.968522354326686e-05,1.7505281528046676e-05,3.0136996775279586e-07,159196217.92990866,965618.2591615884,3204095837292.098,1128711577483.2434,1.0,1.0,1.4210921843097523e-05,9153,572.0625,573.8625,572.1699999999997,3.470546012517339,250.0,48.47377749068657,1028.01,54,39,()
yj_m,,False,1789407367808,4.970172247273401e-05,1.7510404303027198e-05,2.582880961352675e-07,159249082.08113414,827579.813649112,3204095837292.098,1128711577483.2434,1.0,1.0,1.4210921843097523e-05,8680,542.5,544.3,572.3599999999998,2.974419544213627,250.0,48.47377749068657,1028.01,54,39,()
yj_m,,False,1789407367913,4.957950013997076e-05,1.746732896271538e-05,2.566194632197199e-07,158857470.01350328,822233.3538704369,3204095837292.098,1128711577483.2434,1.0,1.0,1.4210921843097523e-05,9008,563.0,564.8,570.9524999999998,2.955203736631368,250.0,48.47377749068657,1028.01,54,39,()
yj_m,,False,1789407368017,4.9267323027158056e-05,1.7356842829803665e-05,2.1808192837604023e-07,157857224.62584224,698755.3988983051,3204095837292.098,1128711577483.2434,1.0,1.0,1.4210921843097523e-05,8962,560.125,561.925,567.3574999999997,2.5114093901632204,250.0,48.47377749068657,1028.01,55,39,()
yj_m,,False,1789407368122,4.9267974300689655e-05,1.7357118581921406e-05,2.217398508351628e-07,157859311.36865377,710475.7330227172,3204095837292.098,1128711577483.2434,1.0,1.0,1.4210921843097523e-05,9185,574.0625,575.8625,567.3649999999998,2.5535336545657668,250.0,48.47377749068657,1028.01,55,39,()
yj_m,,False,1789407368227,4.9028522732238746e-05,1.7272570519678514e-05,2.0531711150479473e-07,157092085.59494713,657855.7022973507,3204095837292.098,1128711577483.2434,1.0,1.0,1.4210921843097523e-05,8673,542.0625,543.8625,564.6074999999997,2.364411052461056,250.0,48.47377749068657,1028.01,55,39,()
yj_m,,False,1789407368332,4.828585381503969e-05,1.7016484617099784e-05,4.79441740733655e-07,154712503.2088634,1536177.2857087832,3204095837292.098,1128711577483.2434,1.0,1.0,1.4210921843097523e-05,8719,544.9375,546.7375,556.0549999999998,5.521202507153673,250.0,48.47377749068657,1028.01,55,39,()
yj_m,,False,1789407368436,4.8295405826836455e-05,1.7019767107347693e-05,4.765549336584007e-07,154743108.7700992,1526927.6791758952,3204095837292.098,1128711577483.2434,1.0,1.0,1.4210921843097523e-05,9149,571.8125,573.6125,556.1649999999997,5.4879583293789675,250.0,48.47377749068657,1028.01,55,39,()
yj_m,,False,1789407368541,4.839461649481657e-05,1.7055108853519062e-05,4.908813710730864e-07,155060989.25838923,1572830.9576595163,3204095837292.098,1128711577483.2434,1.0,1.0,1.4210921843097523e-05,8852,553.25,555.05,557.3074999999998,5.652940131029163,250.0,48.47377749068657,1028.01,55,40,()
yj_m,,False,1789407368645,4.74092396415086e-05,1.671039804608915e-05,5.626507742046389e-07,151903747.3845412,1802787.0034782612,3204095837292.098,1128711577483.2434,1.0,1.0,1.4210921843097523e-05,8636,539.75,541.55,545.9599999999998,6.479429305502145,250.0,48.47377749068657,1028.01,55,40,()
yj_m,,False,1789407368750,4.774269168968685e-05,1.6827865069088496e-05,5.64666483641515e-07,152972159.70404562,1809245.5296941444,3204095837292.098,1128711577483.2434,1.0,1.0,1.4210921843097523e-05,8952,559.5,561.3,549.7999999999997,6.502642011136703,250.0,48.47377749068657,1028.01,55,40,()
yj_m,,False,1789407368855,4.8138883088075707e-05,1.6963946815275864e-05,4.508174420001887e-07,154241594.9143943,1444462.2892914766,3204095837292.098,1128711577483.2434,1.0,1.0,1.4210921843097523e-05,8809,550.5625,552.3625,554.3624999999997,5.1915679832782695,250.0,48.47377749068657,1028.01,55,40,()
yj_m,,False,1789407368959,4.7767222992710375e-05,1.6832218006032583e-05,4.1787027675118187e-07,153050760.34994668,1338896.41426656,3204095837292.098,1128711577483.2434,1.0,1.0,1.4210921843097523e-05,9201,575.0625,576.8625,550.0824999999998,4.812151766621663,250.0,48.47377749068657,1028.01,56,40,()
yj_m,,False,1789407369063,4.7834087075287786e-05,1.685583947421394e-05,4.2086101325307756e-07,153264999.2785973,1348479.0206427204,3204095837292.098,1128711577483.2434,1.0,1.0,1.4210921843097523e-05,8393,524.5625,526.3625,550.8524999999997,4.846592785142981,250.0,48.47377749068657,1028.01,56,40,()
yj_m,,False,1789407369168,4.795913159335462e-05,1.6898351233867762e-05,3.544151027112156e-07,153665653.89841145,1135579.9552704582,3204095837292.098,1128711577483.2434,1.0,1.0,1.4210921843097523e-05,8351,521.9375,523.7375,552.2924999999998,4.081408411933311,250.0,48.47377749068657,1028.01,56,40,()
yj_m,,False,1789407369273,4.7350190841310364e-05,1.668329692926957e-05,3.2547737752556996e-07,151714549.36962894,1042860.7104624277,3204095837292.098,1128711577483.2434,1.0,1.0,1.4210921843097523e-05,8283,517.6875,519.4875,545.2799999999997,3.7481645007923547,250.0,48.47377749068657,1028.01,56,40,()
yj_m,,False,1789407369377,4.692729722812599e-05,1.653489267696121e-05,3.5186556027090986e-07,150359557.70400745,1127410.976950474,3204095837292.098,1128711577483.2434,1.0,1.0,1.4210921843097523e-05,8328,520.5,522.3,540.4099999999997,4.052048139521543,250.0,48.47377749068657,1028.01,56,40,()
yj_m,,False,1789407369482,4.6086068916478405e-05,1.6236466707290495e-05,2.321041831409766e-07,147664181.57244515,743684.047020086,3204095837292.098,1128711577483.2434,1.0,1.0,1.4210921843097523e-05,8333,520.8125,522.6125,530.7224999999997,2.6728882552400126,250.0,48.47377749068657,1028.01,56,41,()
yj_m,,False,1789407369587,4.626842550532587e-05,1.6301855042224383e-05,3.025821360269056e-07,148248469.55967414,969502.1624827586,3204095837292.098,1128711577483.2434,1.0,1.0,1.4210921843097523e-05,9356,584.75,586.55,532.8224999999998,3.4845052195397845,250.0,48.47377749068657,1028.01,56,41,()
yj_m,,False,1789407369692,4.715133532299575e-05,1.661647999593746e-05,4.61478117982569e-07,151077397.2311745,1478620.1168293413,3204095837292.098,1128711577483.2434,1.0,1.0,1.4210921843097523e-05,9393,587.0625,588.8625,542.9899999999998,5.314335247705022,250.0,48.47377749068657,1028.01,56,41,()
yj_m,,False,1789407369796,4.8075926646687886e-05,1.6943516409605548e-05,5.12035325242769e-07,154039876.4426129,1640610.2541568617,3204095837292.098,1128711577483.2434,1.0,1.0,1.4210921843097523e-05,9348,584.25,586.05,553.6374999999998,5.896546923836017,250.0,48.47377749068657,1028.01,56,41,()
yj_m,,False,1789407369900,4.867032228985978e-05,1.715113089552061e-05,4.5228373538065996e-07,155944377.0486045,1449160.4338080934,3204095837292.098,1128711577483.2434,1.0,1.0,1.4210921843097523e-05,8664,541.5,543.3,560.4824999999997,5.208453669276515,250.0,48.47377749068657,1028.01,56,41,()
yj_m,,False,1789407370005,4.8205530079475916e-05,1.6992627705553594e-05,6.16699124260859e-07,154455138.26210776,1975963.0969059032,3204095837292.098,1128711577483.2434,1.0,1.0,1.4210921843097523e-05,7778,486.125,487.925,555.1299999999998,7.101844628334248,250.0,48.47377749068657,1028.01,57,41,()
yj_m,,False,1789407370110,4.7230139420319114e-05,1.6651537088201787e-05,6.754744677424444e-07,151329893.11136988,2164284.9302906636,3204095837292.098,1128711577483.2434,1.0,1.0,1.4210921843097523e-05,7823,488.9375,490.7375,543.8974999999998,7.778695528493193,250.0,48.47377749068657,1028.01,57,41,()
yj_m,,False,1789407370214,4.580667257142281e-05,1.61483557717003e-05,6.216887743417252e-07,146768968.9062979,1991950.4139595493,3204095837292.098,1128711577483.2434,1.0,1.0,1.4210921843097523e-05,8303,518.9375,520.7375,527.5049999999998,7.159304933092318,250.0,48.47377749068657,1028.01,57,41,()
yj_m,,False,1789407370319,4.473489342958949e-05,1.5764635021888043e-05,4.278873435797798e-07,143334885.81945327,1370992.056393949,3204095837292.098,1128711577483.2434,1.0,1.0,1.4210921843097523e-05,8585,536.5625,538.3625,515.1624999999998,4.92750729324676,250.0,48.47377749068657,1028.01,57,41,()
yj_m,,False,1789407370423,4.5054451642426975e-05,1.5880079718965333e-05,5.250221619149558e-07,144358780.95897833,1682221.3234778096,3204095837292.098,1128711577483.2434,1.0,1.0,1.4210921843097523e-05,9076,567.25,569.05,518.8424999999997,6.046102019069807,250.0,48.47377749068657,1028.01,57,41,()
yj_m,,False,1789407370528,4.6350920152661634e-05,1.6336398728573678e-05,5.204226892602181e-07,148512790.31580156,1667484.172291027,3204095837292.098,1128711577483.2434,1.0,1.0,1.4210921843097523e-05,9056,566.0,567.8,533.7724999999998,5.993134958016548,250.0,48.47377749068657,1028.01,57,42,()
yj_m,,False,1789407370633,4.744527677692369e-05,1.6720835018564445e-05,4.912270397575728e-07,152019213.82011265,1573938.5132525598,3204095837292.098,1128711577483.2434,1.0,1.0,1.4210921843097523e-05,9137,571.0625,572.8625,546.3749999999998,5.656920816575039,250.0,48.47377749068657,1028.01,57,42,()
yj_m,,False,1789407370737,4.8466039492115165e-05,1.707797231323872e-05,4.035648224917582e-07,155289835.3867206,1293060.367823366,3204095837292.098,1128711577483.2434,1.0,1.0,1.4210921843097523e-05,9050,565.625,567.425,558.1299999999998,4.6474116048613565,250.0,48.47377749068657,1028.01,57,42,()
yj_m,,False,1789407370841,4.9521319704481336e-05,1.744631585778087e-05,2.1842323674196397e-07,158671054.32233977,699848.9836127919,3204095837292.098,1128711577483.2434,1.0,1.0,1.4210921843097523e-05,9159,572.4375,574.2375,570.2824999999998,2.5153398627223322,250.0,48.47377749068657,1028.01,57,42,()
yj_m,,False,1789407370946,4.889783384356474e-05,1.722938188417139e-05,3.744584225324281e-07,156673345.87076637,1199800.6728751177,3204095837292.098,1128711577483.2434,1.0,1.0,1.4210921843097523e-05,8842,552.625,554.425,563.1024999999997,4.312225252117519,250.0,48.47377749068657,1028.01,58,42,()
yj_m,,False,1789407371051,4.874087692244958e-05,1.7174978547303624e-05,4.1264369458456653e-07,156170440.85318714,1322149.9441032403,3204095837292.098,1128711577483.2434,1.0,1.0,1.4210921843097523e-05,8290,518.125,519.925,561.2949999999997,4.751962975971088,250.0,48.47377749068657,1028.01,58,42,()
yj_m,,False,1789407371156,4.834012660933954e-05,1.7034992922784767e-05,4.5751966058308485e-07,154886398.44315773,1465936.8399535546,3204095837292.098,1128711577483.2434,1.0,1.0,1.4210921843097523e-05,9073,567.0625,568.8625,556.6799999999998,5.268750053380782,250.0,48.47377749068657,1028.01,58,42,()
yj_m,,False,1789407371260,4.857762435719564e-05,1.7119916265448456e-05,5.034693970378232e-07,155647363.98842975,1613164.1992528522,3204095837292.098,1128711577483.2434,1.0,1.0,1.4210921843097523e-05,9542,596.375,598.175,559.4149999999997,5.797902562565191,250.0,48.47377749068657,1028.01,58,42,()
yj_m,,False,1789407371364,4.887851272879398e-05,1.7226441115565483e-05,5.22806558717613e-07,156611439.1673576,1675122.3184961125,3204095837292.098,1128711577483.2434,1.0,1.0,1.4210921843097523e-05,9446,590.375,592.175,562.8799999999998,6.020587357143819,250.0,48.47377749068657,1028.01,58,42,()
yj_m,,False,1789407371469,5.0019761047331095e-05,1.7626632975670224e-05,4.636057523977916e-07,160268108.15409896,1485437.2614024382,3204095837292.098,1128711577483.2434,1.0,1.0,1.4210921843097523e-05,9569,598.0625,599.8625,576.0224999999997,5.338836870049506,250.0,48.47377749068657,1028.01,58,43,()
yj_m,,False,1789407371574,5.065909456418326e-05,1.7848479819997302e-05,3.119153961604598e-07,162316594.0140863,999406.8224250466,3204095837292.098,1128711577483.2434,1.0,1.0,1.4210921843097523e-05,8916,557.25,559.05,583.3849999999998,3.591986097551047,250.0,48.47377749068657,1028.01,58,43,()
yj_m,,False,1789407371678,5.081670275883002e-05,1.7903296526467807e-05,2.69034615321545e-07,162821585.77447706,862012.6910392427,3204095837292.098,1128711577483.2434,1.0,1.0,1.4210921843097523e-05,9437,589.8125,591.6125,585.1999999999997,3.098175370278448,250.0,48.47377749068657,1028.01,58,43,()
yj_m,,False,1789407371783,5.084427333833433e-05,1.7912798151584505e-05,2.546964114326365e-07,162909924.5534986,816071.7116445474,3204095837292.098,1128711577483.2434,1.0,1.0,1.4210921843097523e-05,9440,590.0,591.8,585.5174999999997,2.9330580671033433,250.0,48.47377749068657,1028.01,58,43,()
yj_m,,False,1789407371888,5.050539401072612e-05,1.7793776306327507e-05,2.776606730855856e-07,161824122.71056476,889651.4068132461,3204095837292.098,1128711577483.2434,1.0,1.0,1.4210921843097523e-05,9146,571.625,573.425,581.6149999999998,3.19751217745922,250.0,48.47377749068657,1028.01,58,43,()
yj_m,,False,1789407371993,5.004993672096181e-05,1.763270972542827e-05,2.3337928984486857e-07,160364793.90436664,747769.6111021315,3204095837292.098,1128711577483.2434,1.0,1.0,1.4210921843097523e-05,9067,566.6875,568.4875,576.3699999999998,2.687572254842649,250.0,48.47377749068657,1028.01,59,43,()
yj_m,,False,1789407372097,4.963051656661262e-05,1.74862568397721e-05,3.152184719864062e-07,159020931.53373995,1009990.1939292205,3204095837292.098,1128711577483.2434,1.0,1.0,1.4210921843097523e-05,8435,527.1875,528.9875,571.5399999999997,3.630023984080546,250.0,48.47377749068657,1028.01,59,43,()
yj_m,,False,1789407372201,4.872741726946322e-05,1.7169322786398414e-05,3.726000995997447e-07,156127314.83508214,1193846.4281021622,3204095837292.098,1128711577483.2434,1.0,1.0,1.4210921843097523e-05,8697,543.5625,545.3625,561.1399999999998,4.290824993518147,250.0,48.47377749068657,1028.01,59,43,()
yj_m,,False,1789407372306,4.8327101138707564e-05,1.7026715981212356e-05,2.8922345868692926e-07,154844663.5869271,926699.6800260132,3204095837292.098,1128711577483.2434,1.0,1.0,1.4210921843097523e-05,8994,562.125,563.925,556.5299999999997,3.3306680448522634,250.0,48.47377749068657,1028.01,59,43,()
yj_m,,False,1789407372411,4.814626418810048e-05,1.696273922848831e-05,2.721648339497887e-07,154265244.66625834,872042.211515813,3204095837292.098,1128711577483.2434,1.0,1.0,1.4210921843097523e-05,8921,557.5625,559.3625,554.4474999999998,3.1342226508338555,250.0,48.47377749068657,1028.01,59,43,()
yj_m,,False,1789407372515,4.7929390102078314e-05,1.6886235231457753e-05,2.6491319778979534e-07,153570359.31001818,848807.274282021,3204095837292.098,1128711577483.2434,1.0,1.0,1.4210921843097523e-05,8468,529.25,531.05,551.9499999999998,3.050713543582878,250.0,48.47377749068657,1028.01,59,44,()
yj_m,,False,1789407372620,4.810979287033099e-05,1.694982918337434e-05,2.6815605034767627e-07,154148387.06881255,859197.6846636796,3204095837292.098,1128711577483.2434,1.0,1.0,1.4210921843097523e-05,8529,533.0625,534.8625,554.0274999999998,3.0880579050594243,250.0,48.47377749068657,1028.01,59,44,()
yj_m,,False,1789407372724,4.740598327385061e-05,1.6706699861183115e-05,4.809449845671814e-07,151893313.67048353,1540993.823018219,3204095837292.098,1128711577483.2434,1.0,1.0,1.4210921843097523e-05,8997,562.3125,564.1125,545.9224999999998,5.538513710825315,250.0,48.47377749068657,1028.01,59,44,()
yj_m,,False,1789407372829,4.700696969015816e-05,1.6566508368305518e-05,4.915361664732298e-07,150614835.90795153,1574928.9848753924,3204095837292.098,1128711577483.2434,1.0,1.0,1.4210921843097523e-05,7953,497.0625,498.8625,541.3274999999998,5.660480688510474,250.0,48.47377749068657,1028.01,59,44,()
yj_m,,False,1789407372934,4.636459689682521e-05,1.6342639410716246e-05,5.634011002830498e-07,148556611.91484374,1805191.120142709,3204095837292.098,1128711577483.2434,1.0,1.0,1.4210921843097523e-05,9077,567.3125,569.1125,533.9299999999998,6.488069984594802,250.0,48.47377749068657,1028.01,60,44,()
yj_m,,False,1789407373038,4.622435599635441e-05,1.629236511471113e-05,5.367168781405185e-07,148107266.62942716,1719692.3150544472,3204095837292.098,1128711577483.2434,1.0,1.0,1.4210921843097523e-05,8908,556.75,558.55,532.3149999999998,6.180777186163565,250.0,48.47377749068657,1028.01,60,44,()
yj_m,,False,1789407373143,4.681810036599469e-05,1.6500632539686843e-05,5.121849520683185e-07,150009680.49260724,1641089.6728457515,3204095837292.098,1128711577483.2434,1.0,1.0,1.4210921843097523e-05,9092,568.25,570.05,539.1524999999998,5.898270011198199,250.0,48.47377749068657,1028.01,60,44,()
yj_m,,False,1789407373247,4.7147427681806156e-05,1.661484139828649e-05,4.519254325493395e-07,151064876.7743053,1448012.3971977707,3204095837292.098,1128711577483.2434,1.0,1.0,1.4210921843097523e-05,8903,556.4375,558.2375,542.9449999999998,5.204327490175843,250.0,48.47377749068657,1028.01,60,44,()
yj_m,,False,1789407373352,4.7846244181210945e-05,1.6859184389981222e-05,3.8151131470935656e-07,153303951.81107923,1222398.8153400852,3204095837292.098,1128711577483.2434,1.0,1.0,1.4210921843097523e-05,8876,554.75,556.55,550.9924999999998,4.393445643797133,250.0,48.47377749068657,1028.01,60,44,()
yj_m,,False,1789407373457,4.831841749161959e-05,1.7023355138655228e-05,2.70847527280266e-07,154816840.34944,867821.4346995582,3204095837292.098,1128711577483.2434,1.0,1.0,1.4210921843097523e-05,9151,571.9375,573.7375,556.4299999999998,3.119052680702908,250.0,48.47377749068657,1028.01,60,45,()
yj_m,,False,1789407373561,4.858153199838524e-05,1.7115523711556392e-05,2.366137142222048e-07,155659884.44529897,758133.0167855881,3204095837292.098,1128711577483.2434,1.0,1.0,1.4210921843097523e-05,8686,542.875,544.675,559.4599999999998,2.724819558246013,250.0,48.47377749068657,1028.01,60,45,()
yj_m,,False,1789407373666,4.886157961697243e-05,1.72142416668768e-05,2.4197593208393775e-07,156557183.85425776,775314.0767150203,3204095837292.098,1128711577483.2434,1.0,1.0,1.4210921843097523e-05,9087,567.9375,569.7375,562.6849999999998,2.7865703158183535,250.0,48.47377749068657,1028.01,60,45,()
yj_m,,False,1789407373771,4.8441074006737234e-05,1.7069833873667777e-05,4.303281579130397e-07,155209843.5789452,1378812.6594387474,3204095837292.098,1128711577483.2434,1.0,1.0,1.4210921843097523e-05,7592,474.5,476.3,557.8424999999997,4.955615463794583,250.0,48.47377749068657,1028.01,60,45,()
yj_m,,False,1789407373875,4.690254883392525e-05,1.6537119578278632e-05,6.968670240014774e-07,150280261.47716925,2232828.7307492676,3204095837292.098,1128711577483.2434,1.0,1.0,1.4210921843097523e-05,7576,473.5,475.3,540.1249999999998,8.025050038784805,250.0,48.47377749068657,1028.01,60,45,()
yj_m,,False,1789407373979,4.5660136026813226e-05,1.6101531729171355e-05,7.34644996934604e-07,146299451.77370322,2353872.976565631,3204095837292.098,1128711577483.2434,1.0,1.0,1.4210921843097523e-05,8953,559.5625,561.3625,525.8174999999999,8.460097347253162,250.0,48.47377749068657,1028.01,61,45,()
yj_m,,False,1789407374084,4.5751531412414164e-05,1.6134320534735983e-05,7.482727321607864e-07,146592291.3482549,2397537.5462755626,3204095837292.098,1128711577483.2434,1.0,1.0,1.4210921843097523e-05,8770,548.125,549.925,526.8699999999999,8.617032965296119,250.0,48.47377749068657,1028.01,61,45,()
yj_m,,False,1789407374189,4.5848571168622285e-05,1.6169462124562857e-05,7.694508372040736e-07,146903216.02717316,2465394.2244864944,3204095837292.098,1128711577483.2434,1.0,1.0,1.4210921843097523e-05,9262,578.875,580.675,527.9874999999998,8.860917877116343,250.0,48.47377749068657,1028.01,61,45,()
yj_m,,False,1789407374294,4.7070143222723186e-05,1.6599153976460534e-05,7.660290469740419e-07,150817249.96067017,2454430.4806543635,3204095837292.098,1128711577483.2434,1.0,1.0,1.4210921843097523e-05,9077,567.3125,569.1125,542.0549999999998,8.821512887538058,250.0,48.47377749068657,1028.01,61,45,()
yj_m,,False,1789407374398,4.853811376294536e-05,1.710633167756018e-05,5.144877999347481e-07,155520768.2578635,1648468.2181084983,3204095837292.098,1128711577483.2434,1.0,1.0,1.4210921843097523e-05,9153,572.0625,573.8625,558.9599999999998,5.924789373893389,250.0,48.47377749068657,1028.01,61,45,()
yj_m,,False,1789407374502,4.920957677402303e-05,1.7336368008913227e-05,2.071499824803783e-07,157672200.09655306,663728.3965605118,3204095837292.098,1128711577483.2434,1.0,1.0,1.4210921843097523e-05,9091,568.1875,569.9875,566.6924999999998,2.38551820890137,250.0,48.47377749068657,1028.01,61,46,()
yj_m,,False,1789407374607,4.914835706205281e-05,1.7314750435165994e-05,2.0265813129704271e-07,157476046.27226904,649336.0748822504,3204095837292.098,1128711577483.2434,1.0,1.0,1.4210921843097523e-05,9004,562.75,564.55,565.9874999999997,2.3337905058080937,250.0,48.47377749068657,1028.01,61,46,()
yj_m,,False,1789407374712,4.900898452629081e-05,1.726540599264687e-05,1.800231698977848e-07,157029483.3106012,576811.489285621,3204095837292.098,1128711577483.2434,1.0,1.0,1.4210921843097523e-05,9004,562.75,564.55,564.3824999999998,2.073128583807575,250.0,48.47377749068657,1028.01,61,46,()
yj_m,,False,1789407374816,4.851010900108665e-05,1.709011516575137e-05,2.177568977452984e-07,155431038.3169676,697713.9696073524,3204095837292.098,1128711577483.2434,1.0,1.0,1.4210921843097523e-05,8647,540.4375,542.2375,558.6374999999998,2.507666370353122,250.0,48.47377749068657,1028.01,61,46,()
yj_m,,False,1789407374921,4.843912018614244e-05,1.706498696748265e-05,2.0790285369197544e-07,155203583.35051063,666140.6680756062,3204095837292.098,1128711577483.2434,1.0,1.0,1.4210921843097523e-05,8822,551.375,553.175,557.8199999999998,2.3941881974899135,250.0,48.47377749068657,1028.01,62,46,()
yj_m,,False,1789407375026,4.8532686483515374e-05,1.7097974736172618e-05,2.103126911145345e-07,155503378.73443407,673862.0181297788,3204095837292.098,1128711577483.2434,1.0,1.0,1.4210921843097523e-05,9225,576.5625,578.3625,558.8974999999998,2.421939641072832,250.0,48.47377749068657,1028.01,62,46,()
yj_m,,False,1789407375130,4.8751731481309546e-05,1.7175365802764873e-05,2.2859302439717896e-07,156205219.900046,732433.9579050123,3204095837292.098,1128711577483.2434,1.0,1.0,1.4210921843097523e-05,9056,566.0,567.8,561.4199999999997,2.6324541069124074,250.0,48.47377749068657,1028.01,62,46,()
yj_m,,False,1789407375235,4.873848891950038e-05,1.717062423680745e-05,2.227339333702203e-07,156162789.4628782,713660.8687352173,3204095837292.098,1128711577483.2434,1.0,1.0,1.4210921843097523e-05,9138,571.125,572.925,561.2674999999998,2.564981408314688,250.0,48.47377749068657,1028.01,62,46,()
yj_m,,False,1789407375339,4.902222708809997e-05,1.7269861151800693e-05,1.586505917390487e-07,157071913.747769,508331.7005750141,3204095837292.098,1128711577483.2434,1.0,1.0,1.4210921843097523e-05,8794,549.625,551.425,564.5349999999997,1.827004139294709,250.0,48.47377749068657,1028.01,62,46,()
yj_m,,False,1789407375443,4.89078200377159e-05,1.7229597123774563e-05,1.6257765923903545e-07,156705342.59387654,520914.4012044869,3204095837292.098,1128711577483.2434,1.0,1.0,1.4210921843097523e-05,8845,552.8125,554.6125,563.2174999999997,1.872227850716894,250.0,48.47377749068657,1028.01,62,47,()
yj_m,,False,1789407375548,4.881012900797618e-05,1.719508398983215e-05,1.5152994337317687e-07,156392331.1721467,485516.46078710235,3204095837292.098,1128711577483.2434,1.0,1.0,1.4210921843097523e-05,9177,573.5625,575.3625,562.0924999999997,1.745003474208576,250.0,48.47377749068657,1028.01,62,47,()
yj_m,,False,1789407375653,4.886244798168123e-05,1.721380023311683e-05,1.8117373295152178e-07,156559966.17800647,580498.0035766418,3204095837292.098,1128711577483.2434,1.0,1.0,1.4210921843097523e-05,8745,546.5625,548.3625,562.6949999999998,2.086378351354327,250.0,48.47377749068657,1028.01,62,47,()
yj_m,,False,1789407375757,4.749325392708476e-05,1.6739196093123046e-05,5.389131593255145e-07,152172937.20722884,1726729.4104568174,3204095837292.098,1128711577483.2434,1.0,1.0,1.4210921843097523e-05,7888,493.0,494.8,546.9274999999998,6.206069337753164,250.0,48.47377749068657,1028.01,62,47,()
yj_m,,False,1789407375862,4.628275352302104e-05,1.631640996593131e-05,6.338397125853132e-07,148294377.90152788,2030883.1846050252,3204095837292.098,1128711577483.2434,1.0,1.0,1.4210921843097523e-05,7741,483.8125,485.6125,532.9874999999998,7.299233906719253,250.0,48.47377749068657,1028.01,62,47,()
yj_m,,False,1789407375967,4.5636907270852896e-05,1.608887467193714e-05,6.288387801616211e-07,146225024.61342523,2014859.717843692,3204095837292.098,1128711577483.2434,1.0,1.0,1.4210921843097523e-05,8330,520.625,522.425,525.5499999999998,7.2416436756443625,250.0,48.47377749068657,1028.01,63,47,()
yj_m,,False,1789407376072,4.521987511945289e-05,1.593941356021902e-05,5.571770930298085e-07,144888813.6331075,1785248.804411322,3204095837292.098,1128711577483.2434,1.0,1.0,1.4210921843097523e-05,8946,559.125,560.925,520.7474999999998,6.416394947710123,250.0,48.47377749068657,1028.01,63,47,()
yj_m,,False,1789407376176,4.520554710175772e-05,1.5932913594485663e-05,5.138648931414325e-07,144842905.2912538,1646472.3650450124,3204095837292.098,1128711577483.2434,1.0,1.0,1.4210921843097523e-05,9283,580.1875,581.9875,520.5824999999999,5.9176160423772,250.0,48.47377749068657,1028.01,63,47,()
yj_m,,False,1789407376280,4.6644427424235195e-05,1.6439671029441115e-05,5.182133403563549e-07,149453215.74286535,1660405.2066650302,3204095837292.098,1128711577483.2434,1.0,1.0,1.4210921843097523e-05,9035,564.6875,566.4875,537.1524999999998,5.967692319900548,250.0,48.47377749068657,1028.01,63,47,()
yj_m,,False,1789407376385,4.756055219201657e-05,1.675788132263459e-05,3.4999492238242525e-07,152388567.2977538,1121417.2738788996,3204095837292.098,1128711577483.2434,1.0,1.0,1.4210921843097523e-05,8990,561.875,563.675,547.7024999999998,4.03050606313897,250.0,48.47377749068657,1028.01,63,47,()
yj_m,,False,1789407376490,4.879840608440741e-05,1.719498308636698e-05,4.018558086743369e-07,156354769.80153912,1287584.5237650925,3204095837292.098,1128711577483.2434,1.0,1.0,1.4210921843097523e-05,9516,594.75,596.55,561.9574999999998,4.627730774904693,250.0,48.47377749068657,1028.01,63,48,()
yj_m,,False,1789407376594,4.847993332745592e-05,1.7085431583469564e-05,5.00548133304468e-07,155334352.56669995,1603804.1902851781,3204095837292.098,1128711577483.2434,1.0,1.0,1.4210921843097523e-05,7885,492.8125,494.6125,558.2899999999997,5.764261585407103,250.0,48.47377749068657,1028.01,63,48,()
yj_m,,False,1789407376699,4.805400043779076e-05,1.6937514857296744e-05,5.660431815760872e-07,153969622.76795796,1813656.6018155147,3204095837292.098,1128711577483.2434,1.0,1.0,1.4210921843097523e-05,9108,569.25,571.05,553.3849999999998,6.518495925058174,250.0,48.47377749068657,1028.01,63,48,()
yj_m,,False,1789407376803,4.839027467127258e-05,1.7056511789213897e-05,5.839251455065952e-07,155047077.63964573,1870952.1280078664,3204095837292.098,1128711577483.2434,1.0,1.0,1.4210921843097523e-05,9076,567.25,569.05,557.2574999999998,6.724422809803084,250.0,48.47377749068657,1028.01,63,48,()
yj_m,,False,1789407376908,4.74452767769237e-05,1.672890952882992e-05,7.151183890197776e-07,152019213.82011265,2291307.853429303,3204095837292.098,1128711577483.2434,1.0,1.0,1.4210921843097523e-05,7838,489.875,491.675,546.3749999999998,8.235230909027386,250.0,48.47377749068657,1028.01,63,48,()
yj_m,,False,1789407377013,4.6589286265226554e-05,1.6422728492654926e-05,5.913948879630027e-07,149276538.18482232,1894885.8987180856,3204095837292.098,1128711577483.2434,1.0,1.0,1.4210921843097523e-05,8967,560.4375,562.2375,536.5174999999998,6.81044360706408,250.0,48.47377749068657,1028.01,64,48,()
yj_m,,False,1789407377117,4.7929173010901105e-05,1.6895303914468468e-05,6.157235576812724e-07,153569663.72908098,1972837.288089247,3204095837292.098,1128711577483.2434,1.0,1.0,1.4210921843097523e-05,9440,590.0,591.8,551.9474999999998,7.0906101024523975,250.0,48.47377749068657,1028.01,64,48,()
yj_m,,False,1789407377222,4.750866740066592e-05,1.6748495882799195e-05,6.481836932936824e-07,152222323.45376843,2076842.673482907,3204095837292.098,1128711577483.2434,1.0,1.0,1.4210921843097523e-05,9195,574.6875,576.4875,547.1049999999998,7.464417735161933,250.0,48.47377749068657,1028.01,64,48,()
yj_m,,False,1789407377326,4.686065023672578e-05,1.652035039222721e-05,6.471402691886808e-07,150146014.356294,2073499.4426515414,3204095837292.098,1128711577483.2434,1.0,1.0,1.4210921843097523e-05,7960,497.5,499.3,539.6424999999998,7.452401768893032,250.0,48.47377749068657,1028.01,64,48,()
yj_m,,False,1789407377431,4.763067264225197e-05,1.6788185634396495e-05,5.574674131045586e-07,152613239.9404621,1786179.017754313,3204095837292.098,1128711577483.2434,1.0,1.0,1.4210921843097523e-05,8502,531.375,533.175,548.5099999999998,6.419738244274452,250.0,48.47377749068657,1028.01,64,48,()
yj_m,,False,1789407377536,4.7065801399179186e-05,1.659002295501322e-05,5.783336479929267e-07,150803338.3419266,1853036.4341000912,3204095837292.098,1128711577483.2434,1.0,1.0,1.4210921843097523e-05,8200,512.5,514.3,542.0049999999998,6.660031690990669,250.0,48.47377749068657,1028.01,64,49,()
yj_m,,False,1789407377640,4.578843691253806e-05,1.6136933641080557e-05,4.743479648773795e-07,146710540.107575,1519856.3396915917,3204095837292.098,1128711577483.2434,1.0,1.0,1.4210921843097523e-05,7972,498.25,500.05,527.2949999999997,5.462543100516462,250.0,48.47377749068657,1028.01,64,49,()
yj_m,,False,1789407377744,4.593888109833723e-05,1.6188766540429613e-05,4.336435395133604e-07,147192577.69703892,1389435.4598233707,3204095837292.098,1128711577483.2434,1.0,1.0,1.4210921843097523e-05,9101,568.8125,570.6125,529.0274999999998,4.9937950623749074,250.0,48.47377749068657,1028.01,64,49,()
yj_m,,False,1789407377849,4.722102159087675e-05,1.6643453404526228e-05,5.422075925868891e-07,151300678.71200842,1737285.090355821,3204095837292.098,1128711577483.2434,1.0,1.0,1.4210921843097523e-05,9433,589.5625,591.3625,543.7924999999998,6.244007697384749,250.0,48.47377749068657,1028.01,64,49,()
yj_m,,False,1789407377954,4.764022465404874e-05,1.6792102004797917e-05,5.738924711284371e-07,152643845.5016979,1838806.4777959036,3204095837292.098,1128711577483.2434,1.0,1.0,1.4210921843097523e-05,8898,556.125,557.925,548.6199999999998,6.608887548218686,250.0,48.47377749068657,1028.01,65,49,()
yj_m,,False,1789407378058,4.8452796930306004e-05,1.7075576875106337e-05,4.902267700988898e-07,155247404.94955277,1570733.553403006,3204095837292.098,1128711577483.2434,1.0,1.0,1.4210921843097523e-05,9083,567.6875,569.4875,557.9774999999997,5.645401812537351,250.0,48.47377749068657,1028.01,65,49,()
yj_m,,False,1789407378163,4.98434830114452e-05,1.7559643313739135e-05,2.0578552828456238e-07,159703296.43311098,659356.5545515211,3204095837292.098,1128711577483.2434,1.0,1.0,1.4210921843097523e-05,9286,580.375,582.175,573.9924999999998,2.369805292634819,250.0,48.47377749068657,1028.01,65,49,()
yj_m,,False,1789407378268,4.982133971137087e-05,1.7551915024586254e-05,2.1180674009662147e-07,159632347.17751887,678649.0942539935,3204095837292.098,1128711577483.2434,1.0,1.0,1.4210921843097523e-05,8995,562.1875,563.9875,573.7374999999997,2.439144957766963,250.0,48.47377749068657,1028.01,65,49,()
yj_m,,False,1789407378372,4.8811431555039375e-05,1.7199939137532378e-05,4.1734243566964794e-07,156396504.65776977,1337205.1608544653,3204095837292.098,1128711577483.2434,1.0,1.0,1.4210921843097523e-05,9294,580.875,582.675,562.1074999999997,4.806073202209887,250.0,48.47377749068657,1028.01,65,49,()
yj_m,,False,1789407378477,4.844476455674963e-05,1.707161041064139e-05,4.4884755943173813e-07,155221668.45487723,1438150.5967539507,3204095837292.098,1128711577483.2434,1.0,1.0,1.4210921843097523e-05,9154,572.125,573.925,557.8849999999998,5.1688830152171175,250.0,48.47377749068657,1028.01,65,50,()
yj_m,,False,1789407378581,4.8713523434122454e-05,1.716684765908301e-05,4.7100747090672364e-07,156082797.6551028,1509153.0768657133,3204095837292.098,1128711577483.2434,1.0,1.0,1.4210921843097523e-05,9208,575.5,577.3,560.9799999999998,5.424074310423854,250.0,48.47377749068657,1028.01,65,50,()
yj_m,,False,1789407378686,4.8335133512263945e-05,1.7033429364273012e-05,4.647129547002109e-07,154870400.08160266,1488984.8436906573,3204095837292.098,1128711577483.2434,1.0,1.0,1.4210921843097523e-05,9199,574.9375,576.7375,556.6224999999998,5.351587299577575,250.0,48.47377749068657,1028.01,65,50,()
yj_m,,False,1789407378791,4.784971764004614e-05,1.686453132028072e-05,5.334983564217896e-07,153315081.10607406,1709379.8630132335,3204095837292.098,1128711577483.2434,1.0,1.0,1.4210921843097523e-05,7750,484.375,486.175,551.0324999999998,6.143713016165387,250.0,48.47377749068657,1028.01,65,50,()
yj_m,,False,1789407378895,4.725510490569704e-05,1.6657263042513403e-05,5.952024820748621e-07,151409884.9191453,1907085.7951619907,3204095837292.098,1128711577483.2434,1.0,1.0,1.4210921843097523e-05,8810,550.625,552.425,544.1849999999998,6.854291475054151,250.0,48.47377749068657,1028.01,65,50,()
yj_m,,False,1789407378999,4.7493253927084763e-05,1.6740682639189224e-05,5.832638985227095e-07,152172937.20722884,1868833.4292993764,3204095837292.098,1128711577483.2434,1.0,1.0,1.4210921843097523e-05,8833,552.0625,553.8625,546.9274999999998,6.716807956537094,250.0,48.47377749068657,1028.01,66,50,()
yj_m,,False,1789407379104,4.6923389586936406e-05,1.653970094503805e-05,5.730191206900121e-07,150347037.24713826,1836008.1792916474,3204095837292.098,1128711577483.2434,1.0,1.0,1.4210921843097523e-05,8586,536.625,538.425,540.3649999999998,6.598830133061466,250.0,48.47377749068657,1028.01,66,50,()
yj_m,,False,1789407379209,4.717478117013326e-05,1.662961094655713e-05,6.124307275937442e-07,151152519.97238964,1962286.744912887,3204095837292.098,1128711577483.2434,1.0,1.0,1.4210921843097523e-05,9366,585.375,587.175,543.2599999999998,7.052690204808374,250.0,48.47377749068657,1028.01,66,50,()
yj_m,,False,1789407379314,4.810566813796421e-05,1.6954074930730065e-05,5.148823875402179e-07,154135171.0310062,1649732.514612629,3204095837292.098,1128711577483.2434,1.0,1.0,1.4210921843097523e-05,9155,572.1875,573.9875,553.9799999999998,5.929333404776629,250.0,48.47377749068657,1028.01,66,50,()
yj_m,,False,1789407379418,4.89753353938249e-05,1.725688478976827e-05,3.8391352586712635e-07,156921668.2653387,1230095.7301109924,3204095837292.098,1128711577483.2434,1.0,1.0,1.4210921843097523e-05,9200,575.0,576.8,563.9949999999998,4.421109264087465,250.0,48.47377749068657,1028.01,66,50,()
yj_m,,False,1789407379522,4.817991332056639e-05,1.698143401927635e-05,5.535558824347261e-07,154373059.71152085,1773646.0986176594,3204095837292.098,1128711577483.2434,1.0,1.0,1.4210921843097523e-05,8818,551.125,552.925,554.8349999999998,6.374693453414054,250.0,48.47377749068657,1028.01,66,51,()
yj_m,,False,1789407379627,4.742248220331777e-05,1.671898935442196e-05,6.692813080338271e-07,151946177.821709,2144441.453048595,3204095837292.098,1128711577483.2434,1.0,1.0,1.4210921843097523e-05,7840,490.0,491.8,546.1124999999997,7.707375728806789,250.0,48.47377749068657,1028.01,66,51,()
yj_m,,False,1789407379732,4.630272591132338e-05,1.6322799351405777e-05,6.171112151210222e-07,148358371.34774816,1977283.4755155358,3204095837292.098,1128711577483.2434,1.0,1.0,1.4210921843097523e-05,8852,553.25,555.05,533.2174999999997,7.1065902249250295,250.0,48.47377749068657,1028.01,66,51,()
yj_m,,False,1789407379836,4.641018604403707e-05,1.6361321144589388e-05,6.352353727755219e-07,148702683.911651,2035355.0136107444,3204095837292.098,1128711577483.2434,1.0,1.0,1.4210921843097523e-05,8564,535.25,537.05,534.4549999999998,7.315306188055288,250.0,48.47377749068657,1028.01,66,51,()
yj_m,,False,1789407379941,4.6260610222946705e-05,1.630765609569119e-05,6.08657319793595e-07,148223428.64593574,1950196.384688023,3204095837292.098,1128711577483.2434,1.0,1.0,1.4210921843097523e-05,8979,561.1875,562.9875,532.7324999999997,7.009236022920044,250.0,48.47377749068657,1028.01,67,51,()
yj_m,,False,1789407380046,4.6215455258089226e-05,1.6292751717205792e-05,6.346383672526414e-07,148078747.81100288,2033442.150700045,3204095837292.098,1128711577483.2434,1.0,1.0,1.4210921843097523e-05,7755,484.6875,486.4875,532.2124999999997,7.308431132945017,250.0,48.47377749068657,1028.01,67,51,()
yj_m,,False,1789407380150,4.672149479214098e-05,1.6469015524003077e-05,5.842183686759322e-07,149700146.9755633,1871891.643144136,3204095837292.098,1128711577483.2434,1.0,1.0,1.4210921843097523e-05,9021,563.8125,565.6125,538.0399999999997,6.727799538110512,250.0,48.47377749068657,1028.01,67,51,()
yj_m,,False,1789407380255,4.743767858572172e-05,1.6722109037804444e-05,6.110450097194804e-07,151994868.48731142,1957846.772040299,3204095837292.098,1128711577483.2434,1.0,1.0,1.4210921843097523e-05,9072,567.0,568.8,546.2874999999998,7.036732418175357,250.0,48.47377749068657,1028.01,67,51,()
yj_m,,False,1789407380359,4.6531540012091534e-05,1.6404779902242848e-05,6.541003591635572e-07,149091513.6555331,2095800.2379672194,3204095837292.098,1128711577483.2434,1.0,1.0,1.4210921843097523e-05,8907,556.6875,558.4875,535.8524999999997,7.5325534598169295,250.0,48.47377749068657,1028.01,67,51,()
yj_m,,False,1789407380463,4.599011461615628e-05,1.6213983342747912e-05,6.485917223002718e-07,147356734.7982128,2078150.0375244142,3204095837292.098,1128711577483.2434,1.0,1.0,1.4210921843097523e-05,8288,518.0,519.8,529.6174999999998,7.469116555858531,250.0,48.47377749068657,1028.01,67,52,()
yj_m,,False,1789407380568,4.717261025836128e-05,1.6628764152220417e-05,6.101848515947864e-07,151145564.16301787,1955090.7429735528,3204095837292.098,1128711577483.2434,1.0,1.0,1.4210921843097523e-05,9021,563.8125,565.6125,543.2349999999998,7.026826924366362,250.0,48.47377749068657,1028.01,67,52,()
yj_m,,False,1789407380673,4.75859518597489e-05,1.6771984863688228e-05,5.435869069884349e-07,152469950.26740357,1741704.5458881315,3204095837292.098,1128711577483.2434,1.0,1.0,1.4210921843097523e-05,8936,558.5,560.3,547.9949999999998,6.259891742274782,250.0,48.47377749068657,1028.01,67,52,()
yj_m,,False,1789407380778,4.7665624321781066e-05,1.6799653931279504e-05,5.316326021038683e-07,152725228.47134766,1703401.8073697733,3204095837292.098,1128711577483.2434,1.0,1.0,1.4210921843097523e-05,9196,574.75,576.55,548.9124999999998,6.122227178486601,250.0,48.47377749068657,1028.01,67,52,()
yj_m,,False,1789407380882,4.861670076909153e-05,1.7130736900578664e-05,3.9087213463002577e-07,155772568.5571217,1252391.7794815435,3204095837292.098,1128711577483.2434,1.0,1.0,1.4210921843097523e-05,9175,573.4375,575.2375,559.8649999999998,4.501243897524328,250.0,48.47377749068657,1028.01,67,52,()
yj_m,,False,1789407380987,4.9311609627306734e-05,1.7372203087991678e-05,1.9809404453641114e-07,157999123.13702646,634712.3034914696,3204095837292.098,1128711577483.2434,1.0,1.0,1.4210921843097523e-05,8956,559.75,561.55,567.8674999999998,2.2812309451258983,250.0,48.47377749068657,1028.01,68,52,()
yj_m,,False,1789407381092,4.937955916577013e-05,1.7395898365781853e-05,1.7577341879939312e-07,158216839.97036293,563194.8794817362,3204095837292.098,1128711577483.2434,1.0,1.0,1.4210921843097523e-05,8939,558.6875,560.4875,568.6499999999997,2.024188880761872,250.0,48.47377749068657,1028.01,68,52,()
yj_m,,False,1789407381196,4.9403222104084874e-05,1.740436562847535e-05,1.8838229470610374e-07,158292658.29251528,603594.9262873607,3204095837292.098,1128711577483.2434,1.0,1.0,1.4210921843097523e-05,8625,539.0625,540.8625,568.9224999999998,2.169391418117072,250.0,48.47377749068657,1028.01,68,52,()
yj_m,,False,1789407381300,4.86329826073815e-05,1.7135120494780967e-05,3.263370335498312e-07,155824737.12741,1045615.1307512687,3204095837292.098,1128711577483.2434,1.0,1.0,1.4210921843097523e-05,8665,541.5625,543.3625,560.0524999999998,3.758064212463646,250.0,48.47377749068657,1028.01,68,52,()
yj_m,,False,1789407381405,4.831516112396161e-05,1.702251439686873e-05,2.894549812662235e-07,154806406.63538235,927441.5005585718,3204095837292.098,1128711577483.2434,1.0,1.0,1.4210921843097523e-05,8844,552.75,554.55,556.3924999999998,3.333334235416545,250.0,48.47377749068657,1028.01,68,52,()
yj_m,,False,1789407381510,4.786339438420969e-05,1.6865784837234687e-05,4.055317264951201e-07,153358902.70511624,1299362.5167528924,3204095837292.098,1128711577483.2434,1.0,1.0,1.4210921843097523e-05,8519,532.4375,534.2375,551.1899999999998,4.670062272068757,250.0,48.47377749068657,1028.01,68,53,()
yj_m,,False,1789407381614,4.70566835697368e-05,1.6582603348170133e-05,4.4140634489041274e-07,150774123.94256514,1414308.232217694,3204095837292.098,1128711577483.2434,1.0,1.0,1.4210921843097523e-05,7764,485.25,487.05,541.8999999999997,5.0831907425356375,250.0,48.47377749068657,1028.01,68,53,()
yj_m,,False,1789407381719,4.731393661471809e-05,1.6674735874023453e-05,4.962329420230262e-07,151598387.35312033,1589977.9038631876,3204095837292.098,1128711577483.2434,1.0,1.0,1.4210921843097523e-05,9328,583.0,584.8,544.8624999999997,5.714568279844069,250.0,48.47377749068657,1028.01,68,53,()
yj_m,,False,1789407381823,4.7778077551570345e-05,1.6838271016575756e-05,4.997239316491667e-07,153085539.39680552,1601163.3691923372,3204095837292.098,1128711577483.2434,1.0,1.0,1.4210921843097523e-05,9348,584.25,586.05,550.2074999999998,5.754770162656368,250.0,48.47377749068657,1028.01,68,53,()
yj_m,,False,1789407381928,4.825459268552296e-05,1.7008197697530608e-05,5.678198062041499e-07,154612339.55390987,1819349.0773907253,3204095837292.098,1128711577483.2434,1.0,1.0,1.4210921843097523e-05,9101,568.8125,570.6125,555.6949999999998,6.538955354259578,250.0,48.47377749068657,1028.01,69,53,()
yj_m,,False,1789407382033,4.875194857248675e-05,1.7180363404191435e-05,4.7045112998234657e-07,156205915.4809832,1507370.5072258015,3204095837292.098,1128711577483.2434,1.0,1.0,1.4210921843097523e-05,9011,563.1875,564.9875,561.4224999999998,5.417667544709624,250.0,48.47377749068657,1028.01,69,53,()
yj_m,,False,1789407382137,4.968934827563364e-05,1.7505654600233918e-05,2.3025995915990845e-07,159209433.96771502,737774.9766393107,3204095837292.098,1128711577483.2434,1.0,1.0,1.4210921843097523e-05,9130,570.625,572.425,572.2174999999997,2.651650358738874,250.0,48.47377749068657,1028.01,69,53,()
yj_m,,False,1789407382242,4.9638331848991796e-05,1.7487258012008362e-05,1.9519835498720519e-07,159045972.44747835,625434.2366607694,3204095837292.098,1128711577483.2434,1.0,1.0,1.4210921843097523e-05,8792,549.5,551.3,571.6299999999998,2.2478844776811817,250.0,48.47377749068657,1028.01,69,53,()
yj_m,,False,1789407382347,4.875281693719554e-05,1.7178345831742093e-05,3.7615951137546003e-07,156208697.8047319,1205251.1245559405,3204095837292.098,1128711577483.2434,1.0,1.0,1.4210921843097523e-05,8245,515.3125,517.1125,561.4324999999998,4.331814818872109,250.0,48.47377749068657,1028.01,69,53,()
yj_m,,False,1789407382451,4.8302352744506835e-05,1.701912000677259e-05,3.4900302671717034e-07,154765367.36008886,1118239.145106826,3204095837292.098,1128711577483.2434,1.0,1.0,1.4210921843097523e-05,9091,568.1875,569.9875,556.2449999999998,4.019083493161095,250.0,48.47377749068657,1028.01,69,54,()
yj_m,,False,1789407382556,4.800406946703489e-05,1.6914710469575103e-05,3.78972298115562e-07,153809639.1524072,1214263.5628410906,3204095837292.098,1128711577483.2434,1.0,1.0,1.4210921843097523e-05,8639,539.9375,541.7375,552.8099999999998,4.36420658596726,250.0,48.47377749068657,1028.01,69,54,()
yj_m,,False,1789407382660,4.785514491947613e-05,1.6861846769873007e-05,3.6003218836485767e-07,153332470.62950352,1153577.6360310058,3204095837292.098,1128711577483.2434,1.0,1.0,1.4210921843097523e-05,8914,557.125,558.925,551.0949999999998,4.1460942011729545,250.0,48.47377749068657,1028.01,69,54,()
yj_m,,False,1789407382764,4.761070025394962e-05,1.6778246419002832e-05,4.6173532438026775e-07,152549246.49424177,1479444.2307775333,3204095837292.098,1128711577483.2434,1.0,1.0,1.4210921843097523e-05,7686,480.375,482.175,548.2799999999997,5.317297210519645,250.0,48.47377749068657,1028.01,69,54,()
yj_m,,False,1789407382869,4.771598947489132e-05,1.68173483335208e-05,5.303997453726089e-07,152886603.24877283,1699451.6162491664,3204095837292.098,1128711577483.2434,1.0,1.0,1.4210921843097523e-05,9155,572.1875,573.9875,549.4924999999998,6.108029725287852,250.0,48.47377749068657,1028.01,69,54,()
yj_m,,False,1789407382974,4.7929173010901105e-05,1.689310502490468e-05,5.521037218583692e-07,153569663.72908098,1768993.236959877,3204095837292.098,1128711577483.2434,1.0,1.0,1.4210921843097523e-05,9136,571.0,572.8,551.9474999999998,6.357970519356,250.0,48.47377749068657,1028.01,70,54,()
yj_m,,False,1789407383079,4.8451277292065605e-05,1.7076828030562286e-05,5.489320587089206e-07,155242535.88299254,1758830.924265436,3204095837292.098,1128711577483.2434,1.0,1.0,1.4210921843097523e-05,9072,567.0,568.8,557.9599999999998,6.321445967893738,250.0,48.47377749068657,1028.01,70,54,()
yj_m,,False,1789407383183,4.8586525095460825e-05,1.7124683373016097e-05,5.562441427351652e-07,155675882.80685404,1782259.5422558545,3204095837292.098,1128711577483.2434,1.0,1.0,1.4210921843097523e-05,9128,570.5,572.3,559.5174999999998,6.405651186647615,250.0,48.47377749068657,1028.01,70,54,()
yj_m,,False,1789407383288,4.891715495833546e-05,1.723700683141849e-05,4.1048345268364393e-07,156735252.57417518,1315228.3220209512,3204095837292.098,1128711577483.2434,1.0,1.0,1.4210921843097523e-05,8072,504.5,506.3,563.3249999999998,4.7270858491252294,250.0,48.47377749068657,1028.01,70,54,()
yj_m,,False,1789407383393,4.8152342741062076e-05,1.6972762199998666e-05,5.844385096457004e-07,154284720.93249932,1872596.9959089889,3204095837292.098,1128711577483.2434,1.0,1.0,1.4210921843097523e-05,8942,558.875,560.675,554.5174999999998,6.73033465921272,250.0,48.47377749068657,1028.01,70,54,()
yj_m,,False,1789407383497,4.768820180420979e-05,1.6809086186078474e-05,5.766117993085519e-07,152797568.88881412,1847519.4658980372,3204095837292.098,1128711577483.2434,1.0,1.0,1.4210921843097523e-05,8254,515.875,517.675,549.1724999999998,6.640203056006646,250.0,48.47377749068657,1028.01,70,55,()
yj_m,,False,1789407383601,4.694466452230192e-05,1.654715730744149e-05,5.720453220611643e-07,150415204.17898163,1832888.0351585955,3204095837292.098,1128711577483.2434,1.0,1.0,1.4210921843097523e-05,9098,568.625,570.425,540.6099999999998,6.587615966721194,250.0,48.47377749068657,1028.01,70,55,()
yj_m,,False,1789407383706,4.674884828046811e-05,1.6477216897201075e-05,5.424355353269604e-07,149787790.17364767,1738015.440740426,3204095837292.098,1128711577483.2434,1.0,1.0,1.4210921843097523e-05,8690,543.125,544.925,538.3549999999998,6.24663266288326,250.0,48.47377749068657,1028.01,70,55,()
yj_m,,False,1789407383811,4.631010701134817e-05,1.632304490395573e-05,5.513737029556355e-07,148382021.0996122,1766654.186432483,3204095837292.098,1128711577483.2434,1.0,1.0,1.4210921843097523e-05,8530,533.125,534.925,533.3024999999998,6.349563695640827,250.0,48.47377749068657,1028.01,70,55,()
yj_m,,False,1789407383916,4.682309346307029e-05,1.6501117191093726e-05,4.693675251432132e-07,150025678.85416234,1503898.5334714649,3204095837292.098,1128711577483.2434,1.0,1.0,1.4210921843097523e-05,8406,525.375,527.175,539.2099999999998,5.4051888611777485,250.0,48.47377749068657,1028.01,71,55,()
yj_m,,False,1789407384020,4.707491922862156e-05,1.6589970767101077e-05,4.7562588503025467e-07,150832552.74128807,1523950.91833381,3204095837292.098,1128711577483.2434,1.0,1.0,1.4210921843097523e-05,9003,562.6875,564.4875,542.1099999999998,5.477259499512508,250.0,48.47377749068657,1028.01,71,55,()
yj_m,,False,1789407384124,4.710379235518908e-05,1.6600863386976605e-05,5.003111708355294e-07,150925065.00593266,1603044.9398248566,3204095837292.098,1128711577483.2434,1.0,1.0,1.4210921843097523e-05,8146,509.125,510.925,542.4424999999998,5.761532749624877,250.0,48.47377749068657,1028.01,71,55,()
yj_m,,False,1789407384229,4.6435585711769394e-05,1.636533442212629e-05,4.921558904951735e-07,148784066.88130075,1576914.640034371,3204095837292.098,1128711577483.2434,1.0,1.0,1.4210921843097523e-05,8592,537.0,538.8,534.7474999999998,5.6676173675540245,250.0,48.47377749068657,1028.01,71,55,()
yj_m,,False,1789407384334,4.6371760905672794e-05,1.6344079473029365e-05,5.310812754399222e-07,148579566.08577058,1701635.303900834,3204095837292.098,1128711577483.2434,1.0,1.0,1.4210921843097523e-05,7705,481.5625,483.3625,534.0124999999998,6.1158781564874225,250.0,48.47377749068657,1028.01,71,55,()
yj_m,,False,1789407384438,4.5458675414372215e-05,1.602486363899014e-05,5.955089910198994e-07,145653952.6640026,1908067.8791968792,3204095837292.098,1128711577483.2434,1.0,1.0,1.4210921843097523e-05,8084,505.25,507.05,523.4974999999998,6.857821201008379,250.0,48.47377749068657,1028.01,71,55,()
yj_m,,False,1789407384543,4.5141505204483926e-05,1.5910846005761636e-05,5.285418779790269e-07,144637708.91478646,1693498.8310671502,3204095837292.098,1128711577483.2434,1.0,1.0,1.4210921843097523e-05,8329,520.5625,522.3625,519.8449999999998,6.086634712630619,250.0,48.47377749068657,1028.01,71,56,()
yj_m,,False,1789407384648,4.511762517499199e-05,1.5901801097345827e-05,5.090065469061762e-07,144561195.01169696,1630905.7580965047,3204095837292.098,1128711577483.2434,1.0,1.0,1.4210921843097523e-05,8513,532.0625,533.8625,519.5699999999998,5.861667819400891,250.0,48.47377749068657,1028.01,71,56,()
yj_m,,False,1789407384752,4.504859018064259e-05,1.5876310269089174e-05,4.7062005087385667e-07,144340000.27367458,1507911.745951121,3204095837292.098,1128711577483.2434,1.0,1.0,1.4210921843097523e-05,8397,524.8125,526.6125,518.7749999999999,5.4196128205804515,250.0,48.47377749068657,1028.01,71,56,()
yj_m,,False,1789407384857,4.6327908487878505e-05,1.6327403403515367e-05,4.916048732480383e-07,148439058.73646078,1575149.1279665506,3204095837292.098,1128711577483.2434,1.0,1.0,1.4210921843097523e-05,9000,562.5,564.3,533.5074999999998,5.6612719087675,250.0,48.47377749068657,1028.01,71,56,()
yj_m,,False,1789407384961,4.717347862307008e-05,1.662227222594664e-05,3.824860160917871e-07,151148346.48676658,1225521.8519821323,3204095837292.098,1128711577483.2434,1.0,1.0,1.4210921843097523e-05,9117,569.8125,571.6125,543.2449999999998,4.404670206156188,250.0,48.47377749068657,1028.01,72,56,()
yj_m,,False,1789407385066,4.729570095583333e-05,1.666479513170663e-05,3.590613426962491e-07,151539958.55439743,1150466.9534655616,3204095837292.098,1128711577483.2434,1.0,1.0,1.4210921843097523e-05,8732,545.75,547.55,544.6524999999998,4.134914040823581,250.0,48.47377749068657,1028.01,72,56,()
yj_m,,False,1789407385171,4.792266027558513e-05,1.688447824609105e-05,3.014865679956511e-07,153548796.30096567,965991.8575143471,3204095837292.098,1128711577483.2434,1.0,1.0,1.4210921843097523e-05,9057,566.0625,567.8625,551.8724999999998,3.471888769099609,250.0,48.47377749068657,1028.01,72,56,()
yj_m,,False,1789407385275,4.8630377513255106e-05,1.7132434184162956e-05,2.142097796289882e-07,155816390.15616387,686348.6632164984,3204095837292.098,1128711577483.2434,1.0,1.0,1.4210921843097523e-05,9168,573.0,574.8,560.0224999999998,2.466818117535219,250.0,48.47377749068657,1028.01,72,56,()
yj_m,,False,1789407385380,4.766367050118628e-05,1.679770325626971e-05,4.901114314462893e-07,152718968.24291307,1570363.9973063287,3204095837292.098,1128711577483.2434,1.0,1.0,1.4210921843097523e-05,7483,467.6875,469.4875,548.8899999999998,5.6440735843006165,250.0,48.47377749068657,1028.01,72,56,()
yj_m,,False,1789407385484,4.642212605878303e-05,1.6366793561104353e-05,6.671404358186594e-07,148740940.86319572,2137581.893295804,3204095837292.098,1128711577483.2434,1.0,1.0,1.4210921843097523e-05,9185,574.0625,575.8625,534.5924999999997,7.682721661299465,250.0,48.47377749068657,1028.01,72,57,()
yj_m,,False,1789407385589,4.692729722812598e-05,1.654753085527218e-05,7.361460045834693e-07,150359557.70400745,2358682.348925105,3204095837292.098,1128711577483.2434,1.0,1.0,1.4210921843097523e-05,8963,560.1875,561.9875,540.4099999999997,8.477382799248835,250.0,48.47377749068657,1028.01,72,57,()
yj_m,,False,1789407385694,4.66437761507036e-05,1.6447221145578307e-05,7.241439540395715e-07,149451129.00005382,2320226.628738432,3204095837292.098,1128711577483.2434,1.0,1.0,1.4210921843097523e-05,9008,563.0,564.8,537.1449999999998,8.339168401285585,250.0,48.47377749068657,1028.01,72,57,()
yj_m,,False,1789407385798,4.684284876019544e-05,1.651897556801851e-05,7.618172826486227e-07,150088976.71944547,2440935.5841116323,3204095837292.098,1128711577483.2434,1.0,1.0,1.4210921843097523e-05,8874,554.625,556.425,539.4374999999998,8.77301063632092,250.0,48.47377749068657,1028.01,72,57,()
yj_m,,False,1789407385902,4.86310287867867e-05,1.7140211668234632e-05,5.518877859266637e-07,155818476.8989754,1768301.357539976,3204095837292.098,1128711577483.2434,1.0,1.0,1.4210921843097523e-05,9445,590.3125,592.1125,560.0299999999997,6.355483823046048,250.0,48.47377749068657,1028.01,72,57,()
yj_m,,False,1789407386007,4.8415891430182115e-05,1.7063908993331237e-05,5.344394789074473e-07,155129156.19023263,1712395.3096519106,3204095837292.098,1128711577483.2434,1.0,1.0,1.4210921843097523e-05,7873,492.0625,493.8625,557.5524999999998,6.1545508873515695,250.0,48.47377749068657,1028.01,73,57,()
yj_m,,False,1789407386112,4.825936869142136e-05,1.7010044264110198e-05,5.727429145367494e-07,154627642.33452776,1835123.1883057435,3204095837292.098,1128711577483.2434,1.0,1.0,1.4210921843097523e-05,9350,584.375,586.175,555.7499999999998,6.595649370986908,250.0,48.47377749068657,1028.01,73,57,()
yj_m,,False,1789407386216,4.849512970985988e-05,1.709268249678948e-05,5.616899443365684e-07,155383043.23230237,1799708.41249763,3204095837292.098,1128711577483.2434,1.0,1.0,1.4210921843097523e-05,8812,550.75,552.55,558.4649999999998,6.46836448609693,250.0,48.47377749068657,1028.01,73,57,()
yj_m,,False,1789407386321,4.806832845548591e-05,1.6943700253873178e-05,5.992198830579703e-07,154015531.10981166,1919957.9329287014,3204095837292.098,1128711577483.2434,1.0,1.0,1.4210921843097523e-05,7750,484.375,486.175,553.5499999999997,6.90055545771498,250.0,48.47377749068657,1028.01,73,57,()
yj_m,,False,1789407386425,4.6304679731918175e-05,1.632617114110874e-05,6.844400238390267e-07,148364631.57618278,2193011.4312587297,3204095837292.098,1128711577483.2434,1.0,1.0,1.4210921843097523e-05,7657,478.5625,480.3625,533.2399999999998,7.881941964072053,250.0,48.47377749068657,1028.01,73,57,()
yj_m,,False,1789407386530,4.672996134805176e-05,1.647507479230793e-05,6.65389044284206e-07,149727274.63211325,2131970.266970793,3204095837292.098,1128711577483.2434,1.0,1.0,1.4210921843097523e-05,9140,571.25,573.05,538.1374999999998,7.662552813847353,250.0,48.47377749068657,1028.01,73,58,()
yj_m,,False,1789407386634,4.7022166072562127e-05,1.6579784778563835e-05,7.101771823582149e-07,150663526.57355398,2275475.75373379,3204095837292.098,1128711577483.2434,1.0,1.0,1.4210921843097523e-05,9449,590.5625,592.3625,541.5024999999998,8.178328473777512,250.0,48.47377749068657,1028.01,73,58,()
yj_m,,False,1789407386739,4.6858696416130985e-05,1.6523444678129863e-05,7.374012790276621e-07,150139754.1278594,2362704.3685464025,3204095837292.098,1128711577483.2434,1.0,1.0,1.4210921843097523e-05,8207,512.9375,514.7375,539.6199999999998,8.49183841255826,250.0,48.47377749068657,1028.01,73,58,()
yj_m,,False,1789407386843,4.699980568131058e-05,1.6572002123061682e-05,7.122053557111325e-07,150591881.7370247,2281974.2155311788,3204095837292.098,1128711577483.2434,1.0,1.0,1.4210921843097523e-05,9112,569.5,571.3,541.2449999999998,8.201684712606307,250.0,48.47377749068657,1028.01,73,58,()
yj_m,,False,1789407386948,4.847667695979793e-05,1.708651583738986e-05,5.716464178089474e-07,155323918.8526423,1831609.9077045876,3204095837292.098,1128711577483.2434,1.0,1.0,1.4210921843097523e-05,9154,572.125,573.925,558.2524999999998,6.583022225771383,250.0,48.47377749068657,1028.01,74,58,()
yj_m,,False,1789407387053,4.905913258822385e-05,1.7289684645840943e-05,5.109485479510568e-07,157190162.50708917,1637128.115560421,3204095837292.098,1128711577483.2434,1.0,1.0,1.4210921843097523e-05,9241,577.5625,579.3625,564.9599999999998,5.884031706661683,250.0,48.47377749068657,1028.01,74,58,()
yj_m,,False,1789407387157,4.8548968321805324e-05,1.7109086137868477e-05,4.776678172579373e-07,155555547.30472237,1530493.4648845603,3204095837292.098,1128711577483.2434,1.0,1.0,1.4210921843097523e-05,8371,523.1875,524.9875,559.0849999999998,5.500774184148992,250.0,48.47377749068657,1028.01,74,58,()
yj_m,,False,1789407387262,4.7738349866142855e-05,1.6829533556784388e-05,6.530316414041593e-07,152958248.08530208,2092375.9638430933,3204095837292.098,1128711577483.2434,1.0,1.0,1.4210921843097523e-05,7668,479.25,481.05,549.7499999999998,7.520246214386866,250.0,48.47377749068657,1028.01,74,58,()
yj_m,,False,1789407387367,4.646228792656493e-05,1.638529766278721e-05,7.669408322748248e-07,148869623.33657357,2457351.928141105,3204095837292.098,1128711577483.2434,1.0,1.0,1.4210921843097523e-05,7686,480.375,482.175,535.0549999999998,8.832012914675794,250.0,48.47377749068657,1028.01,74,58,()
yj_m,,False,1789407387472,4.594322292188121e-05,1.6202074188847325e-05,7.547096221829176e-07,147206489.3157825,2418161.9588005794,3204095837292.098,1128711577483.2434,1.0,1.0,1.4210921843097523e-05,9475,592.1875,593.9875,529.0774999999999,8.691159538577116,250.0,48.47377749068657,1028.01,74,59,()
yj_m,,False,1789407387576,4.615206463434701e-05,1.6278017537740942e-05,8.058962628349008e-07,147875638.1773471,2582168.8610385647,3204095837292.098,1128711577483.2434,1.0,1.0,1.4210921843097523e-05,9258,578.625,580.425,531.4824999999998,9.28061970587094,250.0,48.47377749068657,1028.01,74,59,()
yj_m,,False,1789407387680,4.525048497543802e-05,1.5961032226173887e-05,8.102076719321472e-07,144986890.54524952,2595983.028979916,3204095837292.098,1128711577483.2434,1.0,1.0,1.4210921843097523e-05,7589,474.3125,476.1125,521.0999999999999,9.330269456183997,250.0,48.47377749068657,1028.01,74,59,()
yj_m,,False,1789407387785,4.5221177666516095e-05,1.5950824676871227e-05,8.122380593692201e-07,144892987.11873057,2602488.5849151313,3204095837292.098,1128711577483.2434,1.0,1.0,1.4210921843097523e-05,7826,489.125,490.925,520.7624999999998,9.353651192181587,250.0,48.47377749068657,1028.01,74,59,()
yj_m,,False,1789407387889,4.618202321680052e-05,1.6287711552977945e-05,7.885997299028049e-07,147971628.34667757,2526749.111871248,3204095837292.098,1128711577483.2434,1.0,1.0,1.4210921843097523e-05,8996,562.25,564.05,531.8274999999998,9.081434585185317,250.0,48.47377749068657,1028.01,74,59,()
yj_m,,False,1789407387994,4.6020073198609795e-05,1.6228373995350708e-05,7.385595157005893e-07,147452724.96754324,2366415.469848726,3204095837292.098,1128711577483.2434,1.0,1.0,1.4210921843097523e-05,9089,568.0625,569.8625,529.9624999999997,8.505176548726077,250.0,48.47377749068657,1028.01,75,59,()
yj_m,,False,1789407388099,4.5713757547581476e-05,1.6117250331738715e-05,6.619061882267322e-07,146471260.265186,2120810.8623751528,3204095837292.098,1128711577483.2434,1.0,1.0,1.4210921843097523e-05,8735,545.9375,547.7375,526.4349999999998,7.622444596387697,250.0,48.47377749068657,1028.01,75,59,()
yj_m,,False,1789407388203,4.694401324877034e-05,1.6545101488744822e-05,5.165193521578748e-07,150413117.4361701,1654977.5061298592,3204095837292.098,1128711577483.2434,1.0,1.0,1.4210921843097523e-05,8707,544.1875,545.9875,540.6024999999997,5.948184523449152,250.0,48.47377749068657,1028.01,75,59,()
yj_m,,False,1789407388308,4.814604709692328e-05,1.696274890882706e-05,2.7748192591991565e-07,154264549.0853212,889078.6837637961,3204095837292.098,1128711577483.2434,1.0,1.0,1.4210921843097523e-05,8720,545.0,546.8,554.4449999999998,3.195453743210813,250.0,48.47377749068657,1028.01,75,59,()
yj_m,,False,1789407388413,4.808265647318107e-05,1.6939616905484014e-05,2.230402678339158e-07,154061439.45166537,714642.3937151633,3204095837292.098,1128711577483.2434,1.0,1.0,1.4210921843097523e-05,8706,544.125,545.925,553.7149999999998,2.5685091249594576,250.0,48.47377749068657,1028.01,75,59,()
yj_m,,False,1789407388517,4.779696448398668e-05,1.6838762122370882e-05,2.0556350844788793e-07,153146054.93833995,658645.1817170368,3204095837292.098,1128711577483.2434,1.0,1.0,1.4210921843097523e-05,8678,542.375,544.175,550.4249999999997,2.3672485346916994,250.0,48.47377749068657,1028.01,75,60,()
yj_m,,False,1789407388621,4.820118825593192e-05,1.6981676971070814e-05,2.453937767852206e-07,154441226.64336422,786265.1786949104,3204095837292.098,1128711577483.2434,1.0,1.0,1.4210921843097523e-05,9331,583.1875,584.9875,555.0799999999998,2.8259298690873416,250.0,48.47377749068657,1028.01,75,60,()
yj_m,,False,1789407388726,4.84195819801945e-05,1.7058653289391596e-05,2.488750847614525e-07,155140981.06616464,797419.6230898879,3204095837292.098,1128711577483.2434,1.0,1.0,1.4210921843097523e-05,8890,555.625,557.425,557.5949999999998,2.8660202590002744,250.0,48.47377749068657,1028.01,75,60,()
yj_m,,False,1789407388831,4.8130850714519325e-05,1.695746533259082e-05,2.8166463308373246e-07,154215858.41971874,902480.4783759931,3204095837292.098,1128711577483.2434,1.0,1.0,1.4210921843097523e-05,8456,528.5,530.3,554.2699999999998,3.243621375099134,250.0,48.47377749068657,1028.01,75,60,()
yj_m,,False,1789407388936,4.7895523878435195e-05,1.6875139258378802e-05,3.134978399831161e-07,153461848.68381852,1004477.1240899654,3204095837292.098,1128711577483.2434,1.0,1.0,1.4210921843097523e-05,8657,541.0625,542.8625,551.5599999999998,3.610209360272614,250.0,48.47377749068657,1028.01,76,60,()
yj_m,,False,1789407389040,4.815711874696046e-05,1.6967391134814345e-05,3.1967634199174427e-07,154300023.7131172,1024273.6366565148,3204095837292.098,1128711577483.2434,1.0,1.0,1.4210921843097523e-05,9087,567.9375,569.7375,554.5724999999998,3.681360363371128,250.0,48.47377749068657,1028.01,76,60,()
yj_m,,False,1789407389144,4.794936249038065e-05,1.6893635339368842e-05,2.872635851410574e-07,153634352.7562385,920420.0573560675,3204095837292.098,1128711577483.2434,1.0,1.0,1.4210921843097523e-05,9303,581.4375,583.2375,552.1799999999998,3.308098339680971,250.0,48.47377749068657,1028.01,76,60,()
yj_m,,False,1789407389249,4.826805233850933e-05,1.700692623766849e-05,3.4343964889073445e-07,154655465.57201484,1100413.5493718616,3204095837292.098,1128711577483.2434,1.0,1.0,1.4210921843097523e-05,9379,586.1875,587.9875,555.8499999999998,3.9550161978176526,250.0,48.47377749068657,1028.01,76,60,()
yj_m,,False,1789407389354,4.8711352522350465e-05,1.7162267149137264e-05,3.014123753343401e-07,156075841.84573102,965754.1371170831,3204095837292.098,1128711577483.2434,1.0,1.0,1.4210921843097523e-05,8759,547.4375,549.2375,560.9549999999998,3.4710343739294776,250.0,48.47377749068657,1028.01,76,60,()
yj_m,,False,1789407389458,4.8875690543490386e-05,1.7219799180675524e-05,2.8066430818647926e-07,156602396.61517426,899275.3415367657,3204095837292.098,1128711577483.2434,1.0,1.0,1.4210921843097523e-05,8516,532.25,534.05,562.8474999999997,3.232101734939666,250.0,48.47377749068657,1028.01,76,61,()
yj_m,,False,1789407389563,4.8903912396526315e-05,1.722982167418027e-05,2.8565746532218523e-07,156692822.13700736,915273.8955302258,3204095837292.098,1128711577483.2434,1.0,1.0,1.4210921843097523e-05,8622,538.875,540.675,563.1724999999998,3.289602426585924,250.0,48.47377749068657,1028.01,76,61,()
yj_m,,False,1789407389668,4.8516621736402624e-05,1.70936774390018e-05,3.0128583546634886e-07,155451905.7450829,965348.6912527999,3204095837292.098,1128711577483.2434,1.0,1.0,1.4210921843097523e-05,9084,567.75,569.55,558.7124999999997,3.4695771536312603,250.0,48.47377749068657,1028.01,76,61,()
yj_m,,False,1789407389773,4.81753544058452e-05,1.6972418433083832e-05,2.3414141846075372e-07,154358452.5118401,750211.5442277683,3204095837292.098,1128711577483.2434,1.0,1.0,1.4210921843097523e-05,9098,568.625,570.425,554.7824999999998,2.696348850760969,250.0,48.47377749068657,1028.01,76,61,()
yj_m,,False,1789407389877,4.776678881035598e-05,1.6829226231663842e-05,2.811680801320551e-07,153049369.18807232,900889.4751305284,3204095837292.098,1128711577483.2434,1.0,1.0,1.4210921843097523e-05,8417,526.0625,527.8625,550.0774999999998,3.2379031216205347,250.0,48.47377749068657,1028.01,76,61,()
yj_m,,False,1789407389981,4.76193839010376e-05,1.6777460736449818e-05,2.9019914651786135e-07,152577069.73172888,929825.8773435989,3204095837292.098,1128711577483.2434,1.0,1.0,1.4210921843097523e-05,8925,557.8125,559.6125,548.3799999999998,3.3419039670523154,250.0,48.47377749068657,1028.01,77,61,()
yj_m,,False,1789407390086,4.807788046728268e-05,1.6940053268544327e-05,3.4860172851967547e-07,154046136.67104748,1116953.3472227212,3204095837292.098,1128711577483.2434,1.0,1.0,1.4210921843097523e-05,9186,574.125,575.925,553.6599999999997,4.014462183780039,250.0,48.47377749068657,1028.01,77,61,()
yj_m,,False,1789407390191,4.752104159776628e-05,1.6747862672215757e-05,5.029972996129848e-07,152261971.56718755,1611651.5538591323,3204095837292.098,1128711577483.2434,1.0,1.0,1.4210921843097523e-05,7579,473.6875,475.4875,547.2474999999998,5.792465936455733,250.0,48.47377749068657,1028.01,77,61,()
yj_m,,False,1789407390295,4.684523676314463e-05,1.651362244054579e-05,6.130043768103253e-07,150096628.1097544,1964124.7719798018,3204095837292.098,1128711577483.2434,1.0,1.0,1.4210921843097523e-05,9364,585.25,587.05,539.4649999999998,7.059296291061878,250.0,48.47377749068657,1028.01,77,61,()
yj_m,,False,1789407390400,4.722623177912953e-05,1.6647719200878195e-05,6.123207360282407e-07,151317372.65450066,1961934.3213957208,3204095837292.098,1128711577483.2434,1.0,1.0,1.4210921843097523e-05,8888,555.5,557.3,543.8524999999997,7.051423553084866,250.0,48.47377749068657,1028.01,77,61,()
yj_m,,False,1789407390504,4.750085211828674e-05,1.674447299410315e-05,6.144489812055498e-07,152197282.54003003,1968753.422909074,3204095837292.098,1128711577483.2434,1.0,1.0,1.4210921843097523e-05,8999,562.4375,564.2375,547.0149999999998,7.075932208903643,250.0,48.47377749068657,1028.01,77,62,()
yj_m,,False,1789407390609,4.722319250264875e-05,1.664521913476593e-05,5.721229277922652e-07,151307634.5213802,1833136.691358567,3204095837292.098,1128711577483.2434,1.0,1.0,1.4210921843097523e-05,9184,574.0,575.8,543.8174999999998,6.588509666457203,250.0,48.47377749068657,1028.01,77,62,()
yj_m,,False,1789407390714,4.811652269682417e-05,1.6953865657221586e-05,3.5832482981478195e-07,154169950.07786506,1148107.0956079424,3204095837292.098,1128711577483.2434,1.0,1.0,1.4210921843097523e-05,8900,556.25,558.05,554.1049999999998,4.12643243310732,250.0,48.47377749068657,1028.01,77,62,()
yj_m,,False,1789407390818,4.8595860016080396e-05,1.7119843832532257e-05,1.763572216241085e-07,155705792.78715268,565065.4396822063,3204095837292.098,1128711577483.2434,1.0,1.0,1.4210921843097523e-05,9126,570.375,572.175,559.6249999999998,2.0309118949378377,250.0,48.47377749068657,1028.01,77,62,()
yj_m,,False,1789407390923,4.896600047320533e-05,1.7249939395750523e-05,1.45544456564977e-07,156891758.28504008,466338.38742078305,3204095837292.098,1128711577483.2434,1.0,1.0,1.4210921843097523e-05,8874,554.625,556.425,563.8874999999998,1.6760752146010633,250.0,48.47377749068657,1028.01,78,62,()
yj_m,,False,1789407391028,4.907215805885582e-05,1.728744929155497e-05,1.5860965173254093e-07,157231897.3633198,508200.5248705834,3204095837292.098,1128711577483.2434,1.0,1.0,1.4210921843097523e-05,9076,567.25,569.05,565.1099999999998,1.8265326783279845,250.0,48.47377749068657,1028.01,78,62,()
yj_m,,False,1789407391133,4.8969039749686125e-05,1.725104127083795e-05,1.4920395016288724e-07,156901496.41816056,478063.75562444434,3204095837292.098,1128711577483.2434,1.0,1.0,1.4210921843097523e-05,9000,562.5,564.3,563.9224999999998,1.7182175720786932,250.0,48.47377749068657,1028.01,78,62,()
yj_m,,False,1789407391237,4.9230417527034175e-05,1.7342921106274744e-05,1.2481461596505045e-07,157738975.8665221,399917.9914468304,3204095837292.098,1128711577483.2434,1.0,1.0,1.4210921843097523e-05,8894,555.875,557.675,566.9324999999998,1.4373524706904708,250.0,48.47377749068657,1028.01,78,62,()
yj_m,,False,1789407391341,4.907584860886822e-05,1.7288679618471462e-05,1.5082170452510358e-07,157243722.23925182,483247.1956421837,3204095837292.098,1128711577483.2434,1.0,1.0,1.4210921843097523e-05,9172,573.25,575.05,565.1524999999998,1.7368474673960288,250.0,48.47377749068657,1028.01,78,62,()
yj_m,,False,1789407391446,4.930032088609236e-05,1.7367787455270934e-05,1.54872684532308e-07,157962952.9282932,496226.9238202217,3204095837292.098,1128711577483.2434,1.0,1.0,1.4210921843097523e-05,9155,572.1875,573.9875,567.7374999999997,1.783498142695977,250.0,48.47377749068657,1028.01,78,63,()
yj_m,,False,1789407391551,4.9196768394568264e-05,1.7331260279041755e-05,1.491677600694561e-07,157631160.8212596,477947.799096732,3204095837292.098,1128711577483.2434,1.0,1.0,1.4210921843097523e-05,8999,562.4375,564.2375,566.5449999999997,1.7178008106296845,250.0,48.47377749068657,1028.01,78,63,()
yj_m,,False,1789407391655,4.921066222990903e-05,1.733611924653949e-05,1.450128017279077e-07,157675678.00123897,464634.91437045333,3204095837292.098,1128711577483.2434,1.0,1.0,1.4210921843097523e-05,8897,556.0625,557.8625,566.7049999999998,1.6699527313669686,250.0,48.47377749068657,1028.01,78,63,()
yj_m,,False,1789407391760,4.934330493917785e-05,1.7383031655471717e-05,1.6600483248058167e-07,158100677.95385432,531895.3927214041,3204095837292.098,1128711577483.2434,1.0,1.0,1.4210921843097523e-05,9497,593.5625,595.3625,568.2324999999997,1.9116948305103512,250.0,48.47377749068657,1028.01,78,63,()
yj_m,,False,1789407391864,4.934113402740585e-05,1.7382369028952494e-05,1.7637088207783667e-07,158093722.14448255,565109.2090851321,3204095837292.098,1128711577483.2434,1.0,1.0,1.4210921843097523e-05,9064,566.5,568.3,568.2074999999998,2.031069207338834,250.0,48.47377749068657,1028.01,78,63,()
yj_m,,False,1789407391969,4.928099977132162e-05,1.7361139634534182e-05,1.7169190164704086e-07,157901046.22488442,550117.3073640481,3204095837292.098,1128711577483.2434,1.0,1.0,1.4210921843097523e-05,9039,564.9375,566.7375,567.5149999999998,1.9771865427925612,250.0,48.47377749068657,1028.01,79,63,()
yj_m,,False,1789407392074,4.917896691803792e-05,1.732535628488934e-05,1.8697112459198753e-07,157574123.18441108,599073.4019990097,3204095837292.098,1128711577483.2434,1.0,1.0,1.4210921843097523e-05,9019,563.6875,565.4875,566.3399999999998,2.1531405260688397,250.0,48.47377749068657,1028.01,79,63,()
yj_m,,False,1789407392178,4.9271447759524855e-05,1.7358190170668267e-05,2.0951063825335572e-07,157870440.6636486,671292.1638959879,3204095837292.098,1128711577483.2434,1.0,1.0,1.4210921843097523e-05,9331,583.1875,584.9875,567.4049999999997,2.412703281591004,250.0,48.47377749068657,1028.01,79,63,()
yj_m,,False,1789407392282,4.938390098931414e-05,1.7397801352470136e-05,2.095102513458855e-07,158230751.5891065,671290.9242073721,3204095837292.098,1128711577483.2434,1.0,1.0,1.4210921843097523e-05,9324,582.75,584.55,568.6999999999998,2.4126988260037763,250.0,48.47377749068657,1028.01,79,63,()
yj_m,,False,1789407392387,4.965960678435734e-05,1.7494975818564217e-05,2.1431358222685902e-07,159114139.37932175,686681.2566882363,3204095837292.098,1128711577483.2434,1.0,1.0,1.4210921843097523e-05,9353,584.5625,586.3625,571.8749999999998,2.468013497734565,250.0,48.47377749068657,1028.01,79,63,()
yj_m,,False,1789407392492,5.0054061453328604e-05,1.763428961055902e-05,2.42784929127745e-07,160378009.942173,777906.1807754639,3204095837292.098,1128711577483.2434,1.0,1.0,1.4210921843097523e-05,9388,586.75,588.55,576.4174999999998,2.795886643803714,250.0,48.47377749068657,1028.01,79,64,()
yj_m,,False,1789407392596,5.006925783573256e-05,1.763967471126432e-05,2.451244861352754e-07,160426700.60777542,785402.3456444005,3204095837292.098,1128711577483.2434,1.0,1.0,1.4210921843097523e-05,9031,564.4375,566.2375,576.5924999999997,2.822828745248284,250.0,48.47377749068657,1028.01,79,64,()
yj_m,,False,1789407392701,4.975143635231267e-05,1.7528841312391456e-05,3.149283831582373e-07,159408370.11574778,1009060.7215224373,3204095837292.098,1128711577483.2434,1.0,1.0,1.4210921843097523e-05,8775,548.4375,550.2375,572.9324999999998,3.6266833505284137,250.0,48.47377749068657,1028.01,79,64,()
yj_m,,False,1789407392806,4.954259463984687e-05,1.745501577894985e-05,2.996784876866352e-07,158739221.25418314,960198.5949227378,3204095837292.098,1128711577483.2434,1.0,1.0,1.4210921843097523e-05,9158,572.375,574.175,570.5274999999998,3.451067099463585,250.0,48.47377749068657,1028.01,79,64,()
yj_m,,False,1789407392910,4.8904780761235095e-05,1.7231047306452428e-05,3.365957321185253e-07,156695604.46075606,1078484.9841312522,3204095837292.098,1128711577483.2434,1.0,1.0,1.4210921843097523e-05,8467,529.1875,530.9875,563.1824999999998,3.876202345724485,250.0,48.47377749068657,1028.01,79,64,()
yj_m,,False,1789407393015,4.8408510330157325e-05,1.7054731938139932e-05,2.473946080989765e-07,155105506.4383686,792676.0339784406,3204095837292.098,1128711577483.2434,1.0,1.0,1.4210921843097523e-05,8968,560.5,562.3,557.4674999999997,2.848971239763575,250.0,48.47377749068657,1028.01,80,64,()
yj_m,,False,1789407393119,4.838636703008299e-05,1.7046888324305607e-05,2.443452094371777e-07,155034557.1827765,782905.4684199267,3204095837292.098,1128711577483.2434,1.0,1.0,1.4210921843097523e-05,8806,550.375,552.175,557.2124999999997,2.813854673752715,250.0,48.47377749068657,1028.01,80,64,()
yj_m,,False,1789407393223,4.825285595610537e-05,1.6999549486841164e-05,2.2161325139913285e-07,154606774.90641242,710070.0962967282,3204095837292.098,1128711577483.2434,1.0,1.0,1.4210921843097523e-05,8874,554.625,556.425,555.6749999999997,2.552075748288048,250.0,48.47377749068657,1028.01,80,64,()
yj_m,,False,1789407393328,4.773661313672525e-05,1.6818512888287888e-05,2.760490930582549e-07,152952683.43780467,884487.7499562125,3204095837292.098,1128711577483.2434,1.0,1.0,1.4210921843097523e-05,8286,517.875,519.675,549.7299999999998,3.1789533851568192,250.0,48.47377749068657,1028.01,80,64,()
yj_m,,False,1789407393433,4.713744148765499e-05,1.6611997373573376e-05,4.76004312144983e-07,151032880.05119514,1525163.4350768293,3204095837292.098,1128711577483.2434,1.0,1.0,1.4210921843097523e-05,9085,567.8125,569.6125,542.8299999999998,5.481617427821828,250.0,48.47377749068657,1028.01,80,64,()
yj_m,,False,1789407393538,4.754427035372662e-05,1.675751914933634e-05,5.500155959251802e-07,152336398.7274655,1762302.6813496042,3204095837292.098,1128711577483.2434,1.0,1.0,1.4210921843097523e-05,9332,583.25,585.05,547.5149999999998,6.333923872687452,250.0,48.47377749068657,1028.01,80,65,()
yj_m,,False,1789407393642,4.7186504093702034e-05,1.663491650790008e-05,6.436501434150142e-07,151190081.34299722,2062316.745188509,3204095837292.098,1128711577483.2434,1.0,1.0,1.4210921843097523e-05,7657,478.5625,480.3625,543.3949999999998,7.412209834118298,250.0,48.47377749068657,1028.01,80,65,()
yj_m,,False,1789407393747,4.658016843578419e-05,1.6423571111828163e-05,6.948698437805218e-07,149247323.78546086,2226429.5739169833,3204095837292.098,1128711577483.2434,1.0,1.0,1.4210921843097523e-05,9015,563.4375,565.2375,536.4124999999998,8.002050713723326,250.0,48.47377749068657,1028.01,80,65,()
yj_m,,False,1789407393852,4.72366521556351e-05,1.6654353808538223e-05,6.882813055689505e-07,151350760.5394852,2205319.2660594466,3204095837292.098,1128711577483.2434,1.0,1.0,1.4210921843097523e-05,9066,566.625,568.425,543.9724999999997,7.926177775258389,250.0,48.47377749068657,1028.01,80,65,()
yj_m,,False,1789407393956,4.787120966658887e-05,1.68735481133406e-05,5.775262653131605e-07,153383943.6188546,1850449.50261675,3204095837292.098,1128711577483.2434,1.0,1.0,1.4210921843097523e-05,9076,567.25,569.05,551.2799999999997,6.650733953858026,250.0,48.47377749068657,1028.01,81,65,()
yj_m,,False,1789407394061,4.698547766361541e-05,1.656146539285483e-05,5.702871901811367e-07,150545973.395171,1827254.8121203892,3204095837292.098,1128711577483.2434,1.0,1.0,1.4210921843097523e-05,7890,493.125,494.925,541.0799999999998,6.567369498132414,250.0,48.47377749068657,1028.01,81,65,()
yj_m,,False,1789407394165,4.7705134916031355e-05,1.681167583744159e-05,4.6807638522622313e-07,152851824.20191395,1499761.597438075,3204095837292.098,1128711577483.2434,1.0,1.0,1.4210921843097523e-05,9215,575.9375,577.7375,549.3674999999998,5.3903202247176365,250.0,48.47377749068657,1028.01,81,65,()
yj_m,,False,1789407394270,4.808851793496544e-05,1.6945599723259458e-05,4.272272482972175e-07,154080220.13696918,1368877.0478468735,3204095837292.098,1128711577483.2434,1.0,1.0,1.4210921843097523e-05,8385,524.0625,525.8625,553.7824999999998,4.919905702856509,250.0,48.47377749068657,1028.01,81,65,()
yj_m,,False,1789407394374,4.71324483905794e-05,1.6611064211318345e-05,5.039732594639003e-07,151016881.68964007,1614778.6227548157,3204095837292.098,1128711577483.2434,1.0,1.0,1.4210921843097523e-05,8074,504.625,506.425,542.7724999999998,5.803704991210356,250.0,48.47377749068657,1028.01,81,65,()
yj_m,,False,1789407394479,4.592694108359126e-05,1.6188314155357275e-05,5.563427521675018e-07,147154320.74549416,1782575.4963275257,3204095837292.098,1128711577483.2434,1.0,1.0,1.4210921843097523e-05,7886,492.875,494.675,528.8899999999998,6.406786762878878,250.0,48.47377749068657,1028.01,81,66,()
yj_m,,False,1789407394583,4.528652211085311e-05,1.5963482526307182e-05,5.742616304766238e-07,145102356.98082092,1839989.299726728,3204095837292.098,1128711577483.2434,1.0,1.0,1.4210921843097523e-05,8118,507.375,509.175,521.5149999999998,6.61313874986757,250.0,48.47377749068657,1028.01,81,66,()
yj_m,,False,1789407394688,4.496305625682603e-05,1.584695082804486e-05,4.955007968662675e-07,144065941.38442665,1587632.040614129,3204095837292.098,1128711577483.2434,1.0,1.0,1.4210921843097523e-05,8637,539.8125,541.6125,517.7899999999997,5.706136970403007,250.0,48.47377749068657,1028.01,81,66,()
yj_m,,False,1789407394793,4.471861159129954e-05,1.5759334571433634e-05,4.4355040064103585e-07,143282717.24916497,1421177.9923231862,3204095837292.098,1128711577483.2434,1.0,1.0,1.4210921843097523e-05,8761,547.5625,549.3625,514.9749999999998,5.107881471314697,250.0,48.47377749068657,1028.01,81,66,()
yj_m,,False,1789407394897,4.550122528510329e-05,1.603687747914504e-05,5.094369312997235e-07,145790286.52768934,1632284.7509403056,3204095837292.098,1128711577483.2434,1.0,1.0,1.4210921843097523e-05,8398,524.875,526.675,523.9874999999997,5.866624082468554,250.0,48.47377749068657,1028.01,81,66,()
yj_m,,False,1789407395002,4.638261546453274e-05,1.6346582657230646e-05,4.888129045504986e-07,148614345.13262945,1566203.3926849146,3204095837292.098,1128711577483.2434,1.0,1.0,1.4210921843097523e-05,7712,482.0,483.8,534.1374999999998,5.629119880141121,250.0,48.47377749068657,1028.01,82,66,()
yj_m,,False,1789407395107,4.6902765925102455e-05,1.6529823374400226e-05,4.91765573401358e-07,150280957.05810642,1575664.0266588544,3204095837292.098,1128711577483.2434,1.0,1.0,1.4210921843097523e-05,9397,587.3125,589.1125,540.1274999999998,5.663122515450286,250.0,48.47377749068657,1028.01,82,66,()
yj_m,,False,1789407395211,4.73428097412856e-05,1.6687229267977875e-05,5.691174266893901e-07,151690899.61776495,1823506.7777858665,3204095837292.098,1128711577483.2434,1.0,1.0,1.4210921843097523e-05,8468,529.25,531.05,545.1949999999998,6.553898620287011,250.0,48.47377749068657,1028.01,82,66,()
yj_m,,False,1789407395316,4.698960239598221e-05,1.6565583135458928e-05,6.43066173991654e-07,150559189.43297738,2060445.6511900164,3204095837292.098,1128711577483.2434,1.0,1.0,1.4210921843097523e-05,8968,560.5,562.3,541.1274999999998,7.405484901409225,250.0,48.47377749068657,1028.01,82,66,()
yj_m,,False,1789407395420,4.728788567345415e-05,1.667101222803307e-05,6.541466373191107e-07,151514917.64065906,2095948.5176127881,3204095837292.098,1128711577483.2434,1.0,1.0,1.4210921843097523e-05,9205,575.3125,577.1125,544.5624999999998,7.533086394367186,250.0,48.47377749068657,1028.01,82,66,()
yj_m,,False,1789407395524,4.7998208005250526e-05,1.691810244214399e-05,5.728961857942876e-07,153790858.4671034,1835614.284103999,3204095837292.098,1128711577483.2434,1.0,1.0,1.4210921843097523e-05,9193,574.5625,576.3625,552.7424999999998,6.597414427258606,250.0,48.47377749068657,1028.01,82,67,()
yj_m,,False,1789407395629,4.71005359875311e-05,1.660426332839357e-05,6.334624555178026e-07,150914631.29187497,2029674.416805422,3204095837292.098,1128711577483.2434,1.0,1.0,1.4210921843097523e-05,7659,478.6875,480.4875,542.4049999999997,7.294889452555124,250.0,48.47377749068657,1028.01,82,67,()
yj_m,,False,1789407395734,4.6059583792860076e-05,1.623832001139699e-05,6.456864292058998e-07,147579320.69810954,2068841.2000146233,3204095837292.098,1128711577483.2434,1.0,1.0,1.4210921843097523e-05,8754,547.125,548.925,530.4174999999998,7.435659494960753,250.0,48.47377749068657,1028.01,82,67,()
yj_m,,False,1789407395838,4.6230868731670384e-05,1.6297589448481937e-05,6.193573870827949e-07,148128134.05754247,1984480.4257480947,3204095837292.098,1128711577483.2434,1.0,1.0,1.4210921843097523e-05,8357,522.3125,524.1125,532.3899999999998,7.132456913644835,250.0,48.47377749068657,1028.01,82,67,()
yj_m,,False,1789407395943,4.53896404200228e-05,1.5997597414378532e-05,5.096947944313052e-07,145432757.92598018,1633110.9691267977,3204095837292.098,1128711577483.2434,1.0,1.0,1.4210921843097523e-05,8602,537.625,539.425,522.7024999999998,5.869593608164028,250.0,48.47377749068657,1028.01,83,67,()
yj_m,,False,1789407396048,4.542589464661509e-05,1.601161945024274e-05,5.477648411786008e-07,145548919.94248882,1755091.0474353232,3204095837292.098,1128711577483.2434,1.0,1.0,1.4210921843097523e-05,9160,572.5,574.3,523.1199999999998,6.308004409082161,250.0,48.47377749068657,1028.01,83,67,()
yj_m,,False,1789407396153,4.653718438269872e-05,1.6400752839451764e-05,4.801545068019143e-07,149109598.75989974,1538461.0565010554,3204095837292.098,1128711577483.2434,1.0,1.0,1.4210921843097523e-05,8455,528.4375,530.2375,535.9174999999998,5.529410648975167,250.0,48.47377749068657,1028.01,83,67,()
yj_m,,False,1789407396257,4.624346001994797e-05,1.6296228213160156e-05,4.412968160512407e-07,148168477.75189874,1413957.2913200422,3204095837292.098,1128711577483.2434,1.0,1.0,1.4210921843097523e-05,7847,490.4375,492.2375,532.5349999999997,5.081929419521684,250.0,48.47377749068657,1028.01,83,67,()
yj_m,,False,1789407396361,4.689647028096367e-05,1.652886151108034e-05,5.322752647892346e-07,150260785.2109283,1705460.9602047366,3204095837292.098,1128711577483.2434,1.0,1.0,1.4210921843097523e-05,9211,575.6875,577.4875,540.0549999999998,6.129628016853877,250.0,48.47377749068657,1028.01,83,67,()
yj_m,,False,1789407396466,4.7584649312685695e-05,1.6771968770270777e-05,5.570729292494264e-07,152465776.7817805,1784915.0536762036,3204095837292.098,1128711577483.2434,1.0,1.0,1.4210921843097523e-05,8951,559.4375,561.2375,547.9799999999998,6.415195408169574,250.0,48.47377749068657,1028.01,83,68,()
yj_m,,False,1789407396571,4.7609614798063625e-05,1.6780489812968877e-05,5.489181534518912e-07,152545768.58955592,1758786.3704892704,3204095837292.098,1128711577483.2434,1.0,1.0,1.4210921843097523e-05,8479,529.9375,531.7375,548.2674999999998,6.321285836362725,250.0,48.47377749068657,1028.01,83,68,()
yj_m,,False,1789407396675,4.715111823181855e-05,1.661972859633552e-05,5.687475004639443e-07,151076701.6502373,1822321.4987068104,3204095837292.098,1128711577483.2434,1.0,1.0,1.4210921843097523e-05,8313,519.5625,521.3625,542.9874999999997,6.549638587357322,250.0,48.47377749068657,1028.01,83,68,()
yj_m,,False,1789407396780,4.7710779286638545e-05,1.6812730839803722e-05,4.332854460456047e-07,152869909.30628055,1388288.094033971,3204095837292.098,1128711577483.2434,1.0,1.0,1.4210921843097523e-05,8553,534.5625,536.3625,549.4324999999998,4.989671294283823,250.0,48.47377749068657,1028.01,83,68,()
yj_m,,False,1789407396884,4.7566196562623754e-05,1.6761187133870775e-05,4.082568413837559e-07,152406652.40212044,1308094.0460237118,3204095837292.098,1128711577483.2434,1.0,1.0,1.4210921843097523e-05,8657,541.0625,542.8625,547.7674999999998,4.701444419005717,250.0,48.47377749068657,1028.01,83,68,()
yj_m,,False,1789407396989,4.696811036943947e-05,1.6550024175487396e-05,3.858500889669716e-07,150490326.9201968,1236300.6638778595,3204095837292.098,1128711577483.2434,1.0,1.0,1.4210921843097523e-05,8535,533.4375,535.2375,540.8799999999998,4.443410528524233,250.0,48.47377749068657,1028.01,84,68,()
yj_m,,False,1789407397094,4.6777938498212815e-05,1.6481775793359387e-05,3.26902628737886e-07,149880998.01922944,1047427.3519389047,3204095837292.098,1128711577483.2434,1.0,1.0,1.4210921843097523e-05,8446,527.875,529.675,538.6899999999998,3.7645775493406957,250.0,48.47377749068657,1028.01,84,68,()
yj_m,,False,1789407397198,4.735127629719636e-05,1.668326623789428e-05,3.0357072202689344e-07,151718027.27431485,972669.6867701266,3204095837292.098,1128711577483.2434,1.0,1.0,1.4210921843097523e-05,8804,550.25,552.05,545.2924999999998,3.495889675747791,250.0,48.47377749068657,1028.01,84,68,()
yj_m,,False,1789407397303,4.76541184893895e-05,1.67895830815551e-05,2.836553512610888e-07,152688362.68167725,908858.9302012819,3204095837292.098,1128711577483.2434,1.0,1.0,1.4210921843097523e-05,8448,528.0,529.8,548.7799999999997,3.2665462839212918,250.0,48.47377749068657,1028.01,84,68,()
yj_m,,False,1789407397408,4.6540657841533896e-05,1.640098868626371e-05,4.451564953697444e-07,149120728.05489457,1426324.0737577372,3204095837292.098,1128711577483.2434,1.0,1.0,1.4210921843097523e-05,8135,508.4375,510.2375,535.9574999999998,5.1263770954739565,250.0,48.47377749068657,1028.01,84,68,()
yj_m,,False,1789407397513,4.58477028039135e-05,1.6160498387685984e-05,5.586935759094986e-07,146900433.70342442,1790107.7608934618,3204095837292.098,1128711577483.2434,1.0,1.0,1.4210921843097523e-05,7543,471.4375,473.2375,527.9774999999997,6.433858610895953,250.0,48.47377749068657,1028.01,84,69,()
yj_m,,False,1789407397617,4.474835308257586e-05,1.577578864664641e-05,6.208185791985469e-07,143378011.83755827,1989162.2253236577,3204095837292.098,1128711577483.2434,1.0,1.0,1.4210921843097523e-05,7592,474.5,476.3,515.3174999999998,7.149283853995448,250.0,48.47377749068657,1028.01,84,69,()
yj_m,,False,1789407397721,4.461115145858584e-05,1.5726907503831605e-05,6.057791695598539e-07,142938404.68526214,1940974.5155049944,3204095837292.098,1128711577483.2434,1.0,1.0,1.4210921843097523e-05,8642,540.125,541.925,513.7374999999997,6.976091536455066,250.0,48.47377749068657,1028.01,84,69,()
yj_m,,False,1789407397826,4.46964682912252e-05,1.5756553593810404e-05,5.956455583313394e-07,143211767.99357286,1908505.4539509744,3204095837292.098,1128711577483.2434,1.0,1.0,1.4210921843097523e-05,9100,568.75,570.55,514.7199999999998,6.859393896329325,250.0,48.47377749068657,1028.01,84,69,()
yj_m,,False,1789407397931,4.597274732198033e-05,1.620816076343497e-05,6.558116114153759e-07,147301088.32323858,2101283.254183832,3204095837292.098,1128711577483.2434,1.0,1.0,1.4210921843097523e-05,8962,560.125,561.925,529.4174999999998,7.55226006735732,250.0,48.47377749068657,1028.01,85,69,()
yj_m,,False,1789407398035,4.705342720207882e-05,1.6584279529377454e-05,5.370876307699994e-07,150763690.2285075,1720880.2420112342,3204095837292.098,1128711577483.2434,1.0,1.0,1.4210921843097523e-05,8684,542.75,544.55,541.8624999999997,6.185046735878396,250.0,48.47377749068657,1028.01,85,69,()
yj_m,,False,1789407398140,4.7966946875733794e-05,1.689886790428048e-05,2.2369451813262682e-07,153690694.81214985,716738.6743738126,3204095837292.098,1128711577483.2434,1.0,1.0,1.4210921843097523e-05,8601,537.5625,539.3625,552.3824999999998,2.5760434051079186,250.0,48.47377749068657,1028.01,85,69,()
yj_m,,False,1789407398244,4.804900734071516e-05,1.6928018496601326e-05,2.415633395330205e-07,153953624.4064029,773992.0906401306,3204095837292.098,1128711577483.2434,1.0,1.0,1.4210921843097523e-05,8998,562.375,564.175,553.3274999999998,2.7818189418076797,250.0,48.47377749068657,1028.01,85,69,()
yj_m,,False,1789407398349,4.71682684348173e-05,1.6621274178605698e-05,4.1727024296577406e-07,151131652.54427433,1336973.8485124994,3204095837292.098,1128711577483.2434,1.0,1.0,1.4210921843097523e-05,8432,527.0,528.8,543.1849999999998,4.805241838346952,250.0,48.47377749068657,1028.01,85,69,()
yj_m,,False,1789407398454,4.661620557119929e-05,1.6425805385865068e-05,3.7344495155269964e-07,149362790.2210323,1196553.4147277551,3204095837292.098,1128711577483.2434,1.0,1.0,1.4210921843097523e-05,8447,527.9375,529.7375,536.8274999999998,4.300554223004286,250.0,48.47377749068657,1028.01,85,70,()
yj_m,,False,1789407398558,4.568727242396316e-05,1.6101374347795503e-05,4.7646936656092693e-07,146386399.39085037,1526653.5139950693,3204095837292.098,1128711577483.2434,1.0,1.0,1.4210921843097523e-05,7730,483.125,484.925,526.1299999999998,5.486972947354489,250.0,48.47377749068657,1028.01,85,70,()
yj_m,,False,1789407398663,4.496696389801563e-05,1.5849856046945227e-05,5.422161767190615e-07,144078461.84129587,1737312.5947379828,3204095837292.098,1128711577483.2434,1.0,1.0,1.4210921843097523e-05,8817,551.0625,552.8625,517.8349999999998,6.24410655138107,250.0,48.47377749068657,1028.01,85,70,()
yj_m,,False,1789407398767,4.526264208136117e-05,1.595672121865293e-05,6.182937935659542e-07,145025843.07773143,1981072.5701882136,3204095837292.098,1128711577483.2434,1.0,1.0,1.4210921843097523e-05,9218,576.125,577.925,521.2399999999998,7.120208678472843,250.0,48.47377749068657,1028.01,85,70,()
yj_m,,False,1789407398872,4.565905057092724e-05,1.6098158268416812e-05,6.658675263065351e-07,146295973.8690173,2133503.3692267565,3204095837292.098,1128711577483.2434,1.0,1.0,1.4210921843097523e-05,8108,506.75,508.55,525.8049999999998,7.668062964334602,250.0,48.47377749068657,1028.01,85,70,()
yj_m,,False,1789407398977,4.6159011552017396e-05,1.6276140604203317e-05,7.13293309814574e-07,147897896.76733676,2285460.1247451804,3204095837292.098,1128711577483.2434,1.0,1.0,1.4210921843097523e-05,8294,518.375,520.175,531.5624999999998,8.214213481825269,250.0,48.47377749068657,1028.01,86,70,()
yj_m,,False,1789407399081,4.6442966811794184e-05,1.637410527469238e-05,6.665562760454255e-07,148807716.63316473,2135710.1893980713,3204095837292.098,1128711577483.2434,1.0,1.0,1.4210921843097523e-05,8350,521.875,523.675,534.8324999999998,7.675994536540526,250.0,48.47377749068657,1028.01,86,70,()
yj_m,,False,1789407399186,4.696811036943947e-05,1.655609089770583e-05,5.913762719593696e-07,150490326.9201968,1894826.251258337,3204095837292.098,1128711577483.2434,1.0,1.0,1.4210921843097523e-05,8449,528.0625,529.8625,540.8799999999998,6.810229227052494,250.0,48.47377749068657,1028.01,86,70,()
yj_m,,False,1789407399291,4.591934289238928e-05,1.6185024420452417e-05,5.381629183388048e-07,147129975.41269296,1724325.5664343343,3204095837292.098,1128711577483.2434,1.0,1.0,1.4210921843097523e-05,9109,569.3125,571.1125,528.8024999999998,6.197429638567913,250.0,48.47377749068657,1028.01,86,70,()
yj_m,,False,1789407399395,4.675709774520167e-05,1.6480442304688556e-05,5.520999761689469e-07,149814222.2492604,1768981.23541199,3204095837292.098,1128711577483.2434,1.0,1.0,1.4210921843097523e-05,8998,562.375,564.175,538.4499999999998,6.357927384376138,250.0,48.47377749068657,1028.01,86,70,()
yj_m,,False,1789407399499,4.7245987076254675e-05,1.6652202094360797e-05,5.409385385290748e-07,151380670.51978382,1733218.9195318804,3204095837292.098,1128711577483.2434,1.0,1.0,1.4210921843097523e-05,9207,575.4375,577.2375,544.0799999999998,6.229393399441073,250.0,48.47377749068657,1028.01,86,71,()
yj_m,,False,1789407399604,4.843087072140887e-05,1.7067172677259855e-05,4.6582640019004434e-07,155177151.27489787,1492552.4297496842,3204095837292.098,1128711577483.2434,1.0,1.0,1.4210921843097523e-05,9240,577.5,579.3,557.7249999999998,5.364409625019327,250.0,48.47377749068657,1028.01,86,71,()
yj_m,,False,1789407399709,4.908930826185458e-05,1.729787431109562e-05,4.204721060271416e-07,157286848.25735682,1347232.9246190072,3204095837292.098,1128711577483.2434,1.0,1.0,1.4210921843097523e-05,8920,557.5,559.3,565.3074999999998,4.842114168934888,250.0,48.47377749068657,1028.01,86,71,()
yj_m,,False,1789407399814,4.865425754274703e-05,1.714594770375945e-05,4.699089579181145e-07,155892904.05925336,1505633.3359716998,3204095837292.098,1128711577483.2434,1.0,1.0,1.4210921843097523e-05,8356,522.25,524.05,560.2974999999998,5.411423946153175,250.0,48.47377749068657,1028.01,86,71,()
yj_m,,False,1789407399918,4.7651079212908715e-05,1.6795900856531097e-05,5.732287144692435e-07,152678624.54855677,1836679.7378472053,3204095837292.098,1128711577483.2434,1.0,1.0,1.4210921843097523e-05,7913,494.5625,496.3625,548.7449999999998,6.6012437937861375,250.0,48.47377749068657,1028.01,87,71,()
yj_m,,False,1789407400022,4.652090254440876e-05,1.639819371686453e-05,5.784768738972232e-07,149057430.18961143,1853495.3436238419,3204095837292.098,1128711577483.2434,1.0,1.0,1.4210921843097523e-05,9065,566.5625,568.3625,535.7299999999998,6.661681065992279,250.0,48.47377749068657,1028.01,87,71,()
yj_m,,False,1789407400127,4.613317770193067e-05,1.6260848808783104e-05,5.541785712778142e-07,147815122.63581264,1775641.2533477289,3204095837292.098,1128711577483.2434,1.0,1.0,1.4210921843097523e-05,7995,499.6875,501.4875,531.2649999999998,6.381864275037508,250.0,48.47377749068657,1028.01,87,71,()
yj_m,,False,1789407400232,4.60880227370732e-05,1.6243848023157105e-05,5.208371217471679e-07,147670441.80087978,1668812.0536973,3204095837292.098,1128711577483.2434,1.0,1.0,1.4210921843097523e-05,9104,569.0,570.8,530.7449999999998,5.997907520544144,250.0,48.47377749068657,1028.01,87,71,()
yj_m,,False,1789407400336,4.698895112245061e-05,1.6561236965444753e-05,5.26454794550405e-07,150557102.69016582,1686811.6157414203,3204095837292.098,1128711577483.2434,1.0,1.0,1.4210921843097523e-05,9011,563.1875,564.9875,541.1199999999998,6.06260007133903,250.0,48.47377749068657,1028.01,87,71,()
yj_m,,False,1789407400441,4.746047315932765e-05,1.672584535665486e-05,4.794894211764547e-07,152067904.48571503,1536330.058417077,3204095837292.098,1128711577483.2434,1.0,1.0,1.4210921843097523e-05,8071,504.4375,506.2375,546.5499999999997,5.521751590301759,250.0,48.47377749068657,1028.01,87,71,()
yj_m,,False,1789407400546,4.6733868989241345e-05,1.647111421318077e-05,5.166567124325566e-07,149739795.08898243,1655417.6216141768,3204095837292.098,1128711577483.2434,1.0,1.0,1.4210921843097523e-05,8004,500.25,502.05,538.1824999999998,5.9497663504544445,250.0,48.47377749068657,1028.01,87,72,()
yj_m,,False,1789407400651,4.667482018904312e-05,1.6449780938698028e-05,4.99091108355556e-07,149550597.0740702,1599135.7427115368,3204095837292.098,1128711577483.2434,1.0,1.0,1.4210921843097523e-05,8111,506.9375,508.7375,537.5024999999998,5.74748263372757,250.0,48.47377749068657,1028.01,87,72,()
yj_m,,False,1789407400755,4.5643637097346074e-05,1.6085993150517456e-05,4.759135283299668e-07,146246587.6224777,1524872.5550330435,3204095837292.098,1128711577483.2434,1.0,1.0,1.4210921843097523e-05,8105,506.5625,508.3625,525.6274999999998,5.480571970606718,250.0,48.47377749068657,1028.01,87,72,()
yj_m,,False,1789407400859,4.518405507521499e-05,1.5921936749677568e-05,3.9429128866097595e-07,144774042.77847323,1263347.076679171,3204095837292.098,1128711577483.2434,1.0,1.0,1.4210921843097523e-05,8829,551.8125,553.6125,520.3349999999998,4.540618528901101,250.0,48.47377749068657,1028.01,87,72,()
yj_m,,False,1789407400964,4.514345902507872e-05,1.590737563287265e-05,3.834644096518272e-07,144643969.14322108,1228656.718715093,3204095837292.098,1128711577483.2434,1.0,1.0,1.4210921843097523e-05,8477,529.8125,531.6125,519.8674999999998,4.4159372872585045,250.0,48.47377749068657,1028.01,88,72,()
yj_m,,False,1789407401069,4.613035551662707e-05,1.6256761642332324e-05,4.5444637000858294e-07,147806080.08362934,1456089.7224170042,3204095837292.098,1128711577483.2434,1.0,1.0,1.4210921843097523e-05,9109,569.3125,571.1125,531.2324999999997,5.233358350524068,250.0,48.47377749068657,1028.01,88,72,()
yj_m,,False,1789407401173,4.624649929642873e-05,1.629659551757389e-05,4.145248982360203e-07,148178215.88501924,1328177.5008919623,3204095837292.098,1128711577483.2434,1.0,1.0,1.4210921843097523e-05,8238,514.875,516.675,532.5699999999998,4.773626726609445,250.0,48.47377749068657,1028.01,88,72,()
yj_m,,False,1789407401278,4.618549667563572e-05,1.627544118001386e-05,4.2721593006716986e-07,147982757.64167243,1368840.783153092,3204095837292.098,1128711577483.2434,1.0,1.0,1.4210921843097523e-05,8217,513.5625,515.3625,531.8674999999998,4.919775363266091,250.0,48.47377749068657,1028.01,88,72,()
yj_m,,False,1789407401382,4.6873675707357746e-05,1.651900256137003e-05,4.7196086959313363e-07,150187749.21252465,1512207.8576281199,3204095837292.098,1128711577483.2434,1.0,1.0,1.4210921843097523e-05,9260,578.75,580.55,539.7924999999998,5.435053553094026,250.0,48.47377749068657,1028.01,88,72,()
yj_m,,False,1789407401487,4.760852934217763e-05,1.6778234970871242e-05,4.883312240883128e-07,152542290.68487,1564660.0423211197,3204095837292.098,1128711577483.2434,1.0,1.0,1.4210921843097523e-05,8843,552.6875,554.4875,548.2549999999998,5.62357289674456,250.0,48.47377749068657,1028.01,88,73,()
yj_m,,False,1789407401592,4.7257492908646237e-05,1.6655894443131593e-05,5.297790048234296e-07,151417536.3094542,1697462.7040395027,3204095837292.098,1128711577483.2434,1.0,1.0,1.4210921843097523e-05,9298,581.125,582.925,544.2124999999997,6.100881340019653,250.0,48.47377749068657,1028.01,88,73,()
yj_m,,False,1789407401696,4.8260888329661765e-05,1.7010026572761256e-05,5.560852579911744e-07,154632511.401088,1781750.4603090272,3204095837292.098,1128711577483.2434,1.0,1.0,1.4210921843097523e-05,9342,583.875,585.675,555.7674999999998,6.403821486034725,250.0,48.47377749068657,1028.01,88,73,()
yj_m,,False,1789407401801,4.9429707227703196e-05,1.7416714469314912e-05,3.750413205699115e-07,158377519.1668509,1201668.3340505862,3204095837292.098,1128711577483.2434,1.0,1.0,1.4210921843097523e-05,9048,565.5,567.3,569.2274999999997,4.318937846855405,250.0,48.47377749068657,1028.01,88,73,()
yj_m,,False,1789407401905,4.896144155848415e-05,1.7253068109101244e-05,4.295749320347231e-07,156877151.08535936,1376399.2515374944,3204095837292.098,1128711577483.2434,1.0,1.0,1.4210921843097523e-05,8659,541.1875,542.9875,563.8349999999998,4.9469413909000375,250.0,48.47377749068657,1028.01,88,73,()
yj_m,,False,1789407402010,4.9267105935980855e-05,1.7359650336765347e-05,3.8429290713934774e-07,157856529.04490507,1231311.3040660645,3204095837292.098,1128711577483.2434,1.0,1.0,1.4210921843097523e-05,9013,563.3125,565.1125,567.3549999999998,4.4254781803778,250.0,48.47377749068657,1028.01,89,73,()
yj_m,,False,1789407402114,4.943231232182959e-05,1.741638860694645e-05,3.120017858529282e-07,158385866.13809705,999683.6232790692,3204095837292.098,1128711577483.2434,1.0,1.0,1.4210921843097523e-05,8768,548.0,549.8,569.2574999999998,3.5929809524961303,250.0,48.47377749068657,1028.01,89,73,()
yj_m,,False,1789407402219,4.847320350096274e-05,1.7080047728823585e-05,3.84155980464325e-07,155312789.55764744,1230872.5778766086,3204095837292.098,1128711577483.2434,1.0,1.0,1.4210921843097523e-05,8671,541.9375,543.7375,558.2124999999997,4.423901346662243,250.0,48.47377749068657,1028.01,89,73,()
yj_m,,False,1789407402323,4.7809772863441454e-05,1.6846038961148053e-05,3.679840984990587e-07,153187094.21363342,1179056.3181905178,3204095837292.098,1128711577483.2434,1.0,1.0,1.4210921843097523e-05,8483,530.1875,531.9875,550.5724999999998,4.2376675925560745,250.0,48.47377749068657,1028.01,89,73,()
yj_m,,False,1789407402428,4.792027227263594e-05,1.6884409990599392e-05,3.420399151722481e-07,153541144.91065672,1095928.6683911423,3204095837292.098,1128711577483.2434,1.0,1.0,1.4210921843097523e-05,8605,537.8125,539.6125,551.8449999999998,3.9388970061427093,250.0,48.47377749068657,1028.01,89,73,()
yj_m,,False,1789407402533,4.7225146323243536e-05,1.6638407726677554e-05,2.7877653951475045e-07,151313894.7498148,893226.7497939073,3204095837292.098,1128711577483.2434,1.0,1.0,1.4210921843097523e-05,8758,547.375,549.175,543.8399999999998,3.2103623821930136,250.0,48.47377749068657,1028.01,89,74,()
yj_m,,False,1789407402637,4.710813417873306e-05,1.6597824428227167e-05,3.141026772773794e-07,150938976.6246762,1006415.0807467544,3204095837292.098,1128711577483.2434,1.0,1.0,1.4210921843097523e-05,7929,495.5625,497.3625,542.4924999999998,3.6171746052685925,250.0,48.47377749068657,1028.01,89,74,()
yj_m,,False,1789407402742,4.677424794820043e-05,1.6481598291834878e-05,3.79287839391092e-07,149869173.14329743,1215274.5873285125,3204095837292.098,1128711577483.2434,1.0,1.0,1.4210921843097523e-05,8542,533.875,535.675,538.6474999999998,4.367840327324249,250.0,48.47377749068657,1028.01,89,74,()
yj_m,,False,1789407402847,4.607629981350443e-05,1.6239179366602488e-05,5.036824778091402e-07,147632880.4302722,1613846.9304652372,3204095837292.098,1128711577483.2434,1.0,1.0,1.4210921843097523e-05,7532,470.75,472.55,530.6099999999998,5.800356379137406,250.0,48.47377749068657,1028.01,89,74,()
yj_m,,False,1789407402951,4.572851974763103e-05,1.6119501414832217e-05,5.858093949783438e-07,146518559.76891404,1876989.443896717,3204095837292.098,1128711577483.2434,1.0,1.0,1.4210921843097523e-05,9236,577.25,579.05,526.6049999999998,6.7461216357993425,250.0,48.47377749068657,1028.01,90,74,()
yj_m,,False,1789407403056,4.641930387347944e-05,1.6367092425848375e-05,6.981219500789308e-07,148731898.31101245,2236849.634170147,3204095837292.098,1128711577483.2434,1.0,1.0,1.4210921843097523e-05,9283,580.1875,581.9875,534.5599999999998,8.039501640338164,250.0,48.47377749068657,1028.01,90,74,()
yj_m,,False,1789407403160,4.61592286431946e-05,1.627524858176187e-05,6.908427645850752e-07,147898592.34827396,2213526.426230405,3204095837292.098,1128711577483.2434,1.0,1.0,1.4210921843097523e-05,7969,498.0625,499.8625,531.5649999999998,7.955675277749841,250.0,48.47377749068657,1028.01,90,74,()
yj_m,,False,1789407403264,4.507724621603291e-05,1.5899156090989528e-05,7.917862894022548e-07,144431816.957382,2536959.153898724,3204095837292.098,1128711577483.2434,1.0,1.0,1.4210921843097523e-05,7496,468.5,470.3,519.1049999999999,9.118130681504846,250.0,48.47377749068657,1028.01,90,74,()
yj_m,,False,1789407403369,4.4934400221435725e-05,1.5849692022191487e-05,8.075208384891258e-07,143974124.70071927,2587374.1571296365,3204095837292.098,1128711577483.2434,1.0,1.0,1.4210921843097523e-05,7583,473.9375,475.7375,517.4599999999998,9.299328154495893,250.0,48.47377749068657,1028.01,90,74,()
yj_m,,False,1789407403474,4.361882768760749e-05,1.5384296014063773e-05,7.568240534238151e-07,139758904.22142446,2424936.7991377804,3204095837292.098,1128711577483.2434,1.0,1.0,1.4210921843097523e-05,7470,466.875,468.675,502.30999999999983,8.715509114503869,250.0,48.47377749068657,1028.01,90,75,()
yj_m,,False,1789407403578,4.188882809650566e-05,1.4759267701775251e-05,2.989679326231958e-07,134215819.73305807,957921.9084018051,3204095837292.098,1128711577483.2434,1.0,1.0,1.4210921843097523e-05,8014,500.875,502.675,482.3874999999999,3.442884419349566,250.0,48.47377749068657,1028.01,90,75,()
yj_m,,False,1789407403683,4.3436688189937215e-05,1.5319953071285633e-05,7.515750639121503e-07,139175311.81513265,2408118.5336934635,3204095837292.098,1128711577483.2434,1.0,1.0,1.4210921843097523e-05,9416,588.5,590.3,500.21249999999986,8.655062283138117,250.0,48.47377749068657,1028.01,90,75,()
yj_m,,False,1789407403788,4.498737046867236e-05,1.5869422332668058e-05,8.287522704665007e-07,144143846.44939056,2655401.6999480925,3204095837292.098,1128711577483.2434,1.0,1.0,1.4210921843097523e-05,8885,555.3125,557.1125,518.0699999999998,9.543827173885745,250.0,48.47377749068657,1028.01,90,75,()
yj_m,,False,1789407403893,4.68506640425746e-05,1.6525446863209435e-05,8.386525875380737e-07,150114017.63318384,2687123.264664992,3204095837292.098,1128711577483.2434,1.0,1.0,1.4210921843097523e-05,9341,583.8125,585.6125,539.5274999999998,9.657838222138535,250.0,48.47377749068657,1028.01,90,75,()
yj_m,,False,1789407403997,4.7976281796353365e-05,1.6914607444639376e-05,6.863711521672733e-07,153720604.79244846,2199198.951496545,3204095837292.098,1128711577483.2434,1.0,1.0,1.4210921843097523e-05,7652,478.25,480.05,552.4899999999998,7.904180642229782,250.0,48.47377749068657,1028.01,91,75,()
yj_m,,False,1789407404102,4.7318495529439256e-05,1.668748503374281e-05,7.861616369839931e-07,151612994.55280104,2518937.2284991588,3204095837292.098,1128711577483.2434,1.0,1.0,1.4210921843097523e-05,7566,472.875,474.675,544.9149999999997,9.053357754170548,250.0,48.47377749068657,1028.01,91,75,()
yj_m,,False,1789407404207,4.611060021950193e-05,1.626195879189413e-05,7.756663672265675e-07,147742782.2183462,2485309.378358132,3204095837292.098,1128711577483.2434,1.0,1.0,1.4210921843097523e-05,9049,565.5625,567.3625,531.0049999999998,8.932495291070687,250.0,48.47377749068657,1028.01,91,75,()
yj_m,,False,1789407404312,4.6308804464284966e-05,1.633318577540815e-05,8.063166269902808e-07,148377847.61398914,2583515.7480789656,3204095837292.098,1128711577483.2434,1.0,1.0,1.4210921843097523e-05,9039,564.9375,566.7375,533.2874999999998,9.285460576891163,250.0,48.47377749068657,1028.01,91,75,()
yj_m,,False,1789407404416,4.615011081375222e-05,1.627572809430962e-05,7.728637586453776e-07,147869377.9489125,2476329.551869581,3204095837292.098,1128711577483.2434,1.0,1.0,1.4210921843097523e-05,9086,567.875,569.675,531.4599999999998,8.900220734622263,250.0,48.47377749068657,1028.01,91,75,()
yj_m,,False,1789407404521,4.607043835172005e-05,1.6246851065890752e-05,7.549468321558129e-07,147614099.7449684,2418922.002287298,3204095837292.098,1128711577483.2434,1.0,1.0,1.4210921843097523e-05,7868,491.75,493.55,530.5424999999998,8.693891224589827,250.0,48.47377749068657,1028.01,91,76,()
yj_m,,False,1789407404625,4.621892871692443e-05,1.6298026102899748e-05,7.313134172398209e-07,148089877.10599774,2343198.27593397,3204095837292.098,1128711577483.2434,1.0,1.0,1.4210921843097523e-05,7528,470.5,472.3,532.2524999999998,8.421731213058274,250.0,48.47377749068657,1028.01,91,76,()
yj_m,,False,1789407404730,4.6022678292736195e-05,1.6229412804725573e-05,7.412368459755903e-07,147461071.9387894,2374993.892637912,3204095837292.098,1128711577483.2434,1.0,1.0,1.4210921843097523e-05,9222,576.375,578.175,529.9924999999998,8.536008412894168,250.0,48.47377749068657,1028.01,91,76,()
yj_m,,False,1789407404834,4.584900535097668e-05,1.616719460251268e-05,7.167913562922689e-07,146904607.18904752,2296668.2009030185,3204095837292.098,1128711577483.2434,1.0,1.0,1.4210921843097523e-05,8603,537.6875,539.4875,527.9924999999998,8.254496630625033,250.0,48.47377749068657,1028.01,91,76,()
yj_m,,False,1789407404939,4.5511428570431664e-05,1.604559407217611e-05,6.511048711617553e-07,145822978.83173668,2086202.4073299884,3204095837292.098,1128711577483.2434,1.0,1.0,1.4210921843097523e-05,8614,538.375,540.175,524.1049999999998,7.498057723504134,250.0,48.47377749068657,1028.01,92,76,()
yj_m,,False,1789407405043,4.62269610904808e-05,1.6297099196257528e-05,6.422293658180647e-07,148115613.6006733,2057764.4376044066,3204095837292.098,1128711577483.2434,1.0,1.0,1.4210921843097523e-05,8991,561.9375,563.7375,532.3449999999998,7.395848303271236,250.0,48.47377749068657,1028.01,92,76,()
yj_m,,False,1789407405148,4.728918822051735e-05,1.66639455039475e-05,4.207748235900944e-07,151519091.12628213,1348202.8607023384,3204095837292.098,1128711577483.2434,1.0,1.0,1.4210921843097523e-05,8918,557.375,559.175,544.5774999999998,4.845600233717181,250.0,48.47377749068657,1028.01,92,76,()
yj_m,,False,1789407405253,4.729808895878252e-05,1.6665404881317408e-05,3.4816121249567946e-07,151547609.9447064,1115541.8916639772,3204095837292.098,1128711577483.2434,1.0,1.0,1.4210921843097523e-05,8366,522.875,524.675,544.6799999999998,4.009389245882719,250.0,48.47377749068657,1028.01,92,76,()
yj_m,,False,1789407405357,4.728419512344177e-05,1.666032981382399e-05,3.3935335211869797e-07,151503092.76472703,1087320.6628946397,3204095837292.098,1128711577483.2434,1.0,1.0,1.4210921843097523e-05,8920,557.5,559.3,544.5199999999998,3.9079588182323515,250.0,48.47377749068657,1028.01,92,76,()
yj_m,,False,1789407405462,4.7472196082896416e-05,1.6725824891467334e-05,3.01863221825357e-07,152105465.85632265,967198.6924822077,3204095837292.098,1128711577483.2434,1.0,1.0,1.4210921843097523e-05,8342,521.375,523.175,546.6849999999998,3.4762262764382874,250.0,48.47377749068657,1028.01,92,77,()
yj_m,,False,1789407405567,4.725553908805145e-05,1.6649331190415407e-05,2.915317944000451e-07,151411276.08101964,934095.8088754796,3204095837292.098,1128711577483.2434,1.0,1.0,1.4210921843097523e-05,8846,552.875,554.675,544.1899999999998,3.3572506050338276,250.0,48.47377749068657,1028.01,92,77,()
yj_m,,False,1789407405672,4.7223626685003124e-05,1.6637876340294202e-05,2.79007035301845e-07,151309025.68325454,893965.2803858529,3204095837292.098,1128711577483.2434,1.0,1.0,1.4210921843097523e-05,9062,566.375,568.175,543.8224999999998,3.213016748322362,250.0,48.47377749068657,1028.01,92,77,()
yj_m,,False,1789407405776,4.700870641957576e-05,1.6564325139020118e-05,3.8602248592771487e-07,150620400.55544895,1236853.0402621387,3204095837292.098,1128711577483.2434,1.0,1.0,1.4210921843097523e-05,8339,521.1875,522.9875,541.3474999999997,4.445395834456138,250.0,48.47377749068657,1028.01,92,77,()
yj_m,,False,1789407405880,4.708729342572194e-05,1.6592147662801762e-05,3.9225060103760804e-07,150872200.85470718,1256808.5179599235,3204095837292.098,1128711577483.2434,1.0,1.0,1.4210921843097523e-05,8888,555.5,557.3,542.2524999999998,4.517118177001793,250.0,48.47377749068657,1028.01,92,77,()
yj_m,,False,1789407405985,4.655281494745706e-05,1.640432543284503e-05,4.0888009861671387e-07,149159680.5873765,1310091.0219293968,3204095837292.098,1128711577483.2434,1.0,1.0,1.4210921843097523e-05,8156,509.75,511.55,536.0974999999997,4.708621786149318,250.0,48.47377749068657,1028.01,93,77,()
yj_m,,False,1789407406090,4.617920103149694e-05,1.62730389600778e-05,4.201019059276456e-07,147962585.79449424,1346046.7680212473,3204095837292.098,1128711577483.2434,1.0,1.0,1.4210921843097523e-05,8535,533.4375,535.2375,531.7949999999997,4.837850982099387,250.0,48.47377749068657,1028.01,93,77,()
yj_m,,False,1789407406194,4.637371472626758e-05,1.6341926731445457e-05,4.3496638010985237e-07,148585826.31420517,1393673.9678719926,3204095837292.098,1128711577483.2434,1.0,1.0,1.4210921843097523e-05,9190,574.375,576.175,534.0349999999997,5.009028760648115,250.0,48.47377749068657,1028.01,93,77,()
yj_m,,False,1789407406299,4.7404463635610226e-05,1.670629408246463e-05,4.854164518392522e-07,151888444.6039233,1555320.8326912473,3204095837292.098,1128711577483.2434,1.0,1.0,1.4210921843097523e-05,9312,582.0,583.8,545.9049999999997,5.590006674861846,250.0,48.47377749068657,1028.01,93,77,()
yj_m,,False,1789407406403,4.7669749054147865e-05,1.6800638076151894e-05,5.166260402599401e-07,152738444.50915405,1655319.345033575,3204095837292.098,1128711577483.2434,1.0,1.0,1.4210921843097523e-05,8322,520.125,521.925,548.9599999999998,5.94941313282243,250.0,48.47377749068657,1028.01,93,77,()
yj_m,,False,1789407406508,4.7730968766118085e-05,1.6823198898468264e-05,5.483773781836121e-07,152934598.33343804,1757053.674703266,3204095837292.098,1128711577483.2434,1.0,1.0,1.4210921843097523e-05,7820,488.75,490.55,549.6649999999997,6.315058323166937,250.0,48.47377749068657,1028.01,93,78,()
yj_m,,False,1789407406613,4.797693306988498e-05,1.6910445619015384e-05,5.679581456679225e-07,153722691.53526002,1819792.33029073,3204095837292.098,1128711577483.2434,1.0,1.0,1.4210921843097523e-05,9137,571.0625,572.8625,552.4974999999998,6.5405484575072155,250.0,48.47377749068657,1028.01,93,78,()
yj_m,,False,1789407406717,4.750410848594474e-05,1.6744562125715426e-05,5.849282158752144e-07,152207716.25408772,1874166.0616004693,3204095837292.098,1128711577483.2434,1.0,1.0,1.4210921843097523e-05,8694,543.375,545.175,547.0524999999998,6.73597406653262,250.0,48.47377749068657,1028.01,93,78,()
yj_m,,False,1789407406822,4.700458168720896e-05,1.6566735059488887e-05,5.262871565431049e-07,150607184.5176426,1686274.4875000592,3204095837292.098,1128711577483.2434,1.0,1.0,1.4210921843097523e-05,9170,573.125,574.925,541.2999999999997,6.0606695690327825,250.0,48.47377749068657,1028.01,93,78,()
yj_m,,False,1789407406926,4.7262703096899016e-05,1.665775374765292e-05,5.305592300317335e-07,151434230.25194648,1699962.6203815788,3204095837292.098,1128711577483.2434,1.0,1.0,1.4210921843097523e-05,8906,556.625,558.425,544.2724999999998,6.109866334462645,250.0,48.47377749068657,1028.01,94,78,()
yj_m,,False,1789407407031,4.827152579734453e-05,1.700815114059527e-05,3.4351649739057244e-07,154666594.86700967,1100659.7793302964,3204095837292.098,1128711577483.2434,1.0,1.0,1.4210921843097523e-05,9031,564.4375,566.2375,555.8899999999998,3.9559011773551673,250.0,48.47377749068657,1028.01,94,78,()
yj_m,,False,1789407407136,4.859933347491559e-05,1.712359926106682e-05,3.432283503748886e-07,155716922.08214748,1099736.5286768163,3204095837292.098,1128711577483.2434,1.0,1.0,1.4210921843097523e-05,9368,585.5,587.3,559.6649999999997,3.95258290551887,250.0,48.47377749068657,1028.01,94,78,()
yj_m,,False,1789407407240,4.9378473709884145e-05,1.739631409248807e-05,2.422045411923249e-07,158213362.06567708,776046.5622075705,3204095837292.098,1128711577483.2434,1.0,1.0,1.4210921843097523e-05,9383,586.4375,588.2375,568.6374999999998,2.7892029551468642,250.0,48.47377749068657,1028.01,94,78,()
yj_m,,False,1789407407344,4.986779722329154e-05,1.7568225189491774e-05,2.0725382816700022e-07,159781201.49807483,664061.1280927375,3204095837292.098,1128711577483.2434,1.0,1.0,1.4210921843097523e-05,9356,584.75,586.55,574.2724999999998,2.3867140853064073,250.0,48.47377749068657,1028.01,94,78,()
yj_m,,False,1789407407449,4.947442801020627e-05,1.7433130596824798e-05,4.0481319246521476e-07,158520808.83990946,1297060.2648587201,3204095837292.098,1128711577483.2434,1.0,1.0,1.4210921843097523e-05,8505,531.5625,533.3625,569.7424999999998,4.661787706985379,250.0,48.47377749068657,1028.01,94,79,()
yj_m,,False,1789407407554,4.9487236389661036e-05,1.743761688886569e-05,4.0375566241688346e-07,158561848.1152029,1293671.837233051,3204095837292.098,1128711577483.2434,1.0,1.0,1.4210921843097523e-05,9023,563.9375,565.7375,569.8899999999998,4.649609298102369,250.0,48.47377749068657,1028.01,94,79,()
yj_m,,False,1789407407658,4.8722424172387636e-05,1.7171862401917147e-05,5.351878630246397e-07,156111316.47352707,1714793.2040865025,3204095837292.098,1128711577483.2434,1.0,1.0,1.4210921843097523e-05,7758,484.875,486.675,561.0824999999998,6.163169203015605,250.0,48.47377749068657,1028.01,94,79,()
yj_m,,False,1789407407763,4.7832784528224576e-05,1.6862233879568004e-05,6.389010864204249e-07,153260825.79297423,2047100.311441083,3204095837292.098,1128711577483.2434,1.0,1.0,1.4210921843097523e-05,9381,586.3125,588.1125,550.8374999999997,7.357520174963844,250.0,48.47377749068657,1028.01,94,79,()
yj_m,,False,1789407407868,4.743746149454452e-05,1.672098614741016e-05,5.81703538899367e-07,151994172.90637425,1863833.8875255443,3204095837292.098,1128711577483.2434,1.0,1.0,1.4210921843097523e-05,9032,564.5,566.3,546.2849999999997,6.698839013217141,250.0,48.47377749068657,1028.01,94,79,()
yj_m,,False,1789407407973,4.790898353142157e-05,1.6885699419421856e-05,5.429370162387738e-07,153504974.7019235,1739622.2336424473,3204095837292.098,1128711577483.2434,1.0,1.0,1.4210921843097523e-05,8964,560.25,562.05,551.7149999999998,6.252407666251457,250.0,48.47377749068657,1028.01,95,79,()
yj_m,,False,1789407408077,4.7232310332091104e-05,1.664812402686493e-05,5.631729870236195e-07,151336848.92074165,1804460.2233977374,3204095837292.098,1128711577483.2434,1.0,1.0,1.4210921843097523e-05,8229,514.3125,516.1125,543.9224999999998,6.485443055412637,250.0,48.47377749068657,1028.01,95,79,()
yj_m,,False,1789407408181,4.795587522569662e-05,1.6899583811003764e-05,4.539028979554837e-07,153655220.1843538,1454348.3858739873,3204095837292.098,1128711577483.2434,1.0,1.0,1.4210921843097523e-05,9194,574.625,576.425,552.2549999999998,5.227099781427555,250.0,48.47377749068657,1028.01,95,79,()
yj_m,,False,1789407408286,4.797541343164457e-05,1.6903691374990584e-05,3.350853579077475e-07,153717822.46869975,1073645.6004097466,3204095837292.098,1128711577483.2434,1.0,1.0,1.4210921843097523e-05,8928,558.0,559.8,552.4799999999998,3.858809029350895,250.0,48.47377749068657,1028.01,95,79,()
yj_m,,False,1789407408391,4.760288497157045e-05,1.6774944258957198e-05,4.412973500291563e-07,152524205.58050343,1413959.0022364554,3204095837292.098,1128711577483.2434,1.0,1.0,1.4210921843097523e-05,7686,480.375,482.175,548.1899999999998,5.081935568757243,250.0,48.47377749068657,1028.01,95,79,()
yj_m,,False,1789407408496,4.696051217823748e-05,1.655056024232085e-05,5.051629660845895e-07,150465981.58739558,1618590.5567857656,3204095837292.098,1128711577483.2434,1.0,1.0,1.4210921843097523e-05,8905,556.5625,558.3625,540.7924999999998,5.8174055321079345,250.0,48.47377749068657,1028.01,95,80,()
yj_m,,False,1789407408600,4.7714252745473724e-05,1.6815888439109035e-05,5.027822787187712e-07,152881038.60127538,1610962.6063070516,3204095837292.098,1128711577483.2434,1.0,1.0,1.4210921843097523e-05,8762,547.625,549.425,549.4724999999997,5.789989777624827,250.0,48.47377749068657,1028.01,95,80,()
yj_m,,False,1789407408705,4.744918441811329e-05,1.6721930535258438e-05,4.815858578678143e-07,152031734.27698183,1543047.242493009,3204095837292.098,1128711577483.2434,1.0,1.0,1.4210921843097523e-05,8949,559.3125,561.1125,546.4199999999997,5.545893942819318,250.0,48.47377749068657,1028.01,95,80,()
yj_m,,False,1789407408809,4.745851933873286e-05,1.6724823634234302e-05,4.6770379665671734e-07,152061644.25728047,1498567.787953499,3204095837292.098,1128711577483.2434,1.0,1.0,1.4210921843097523e-05,9118,569.875,571.675,546.5274999999998,5.386029532503512,250.0,48.47377749068657,1028.01,95,80,()
yj_m,,False,1789407408914,4.82797752620781e-05,1.701043211423956e-05,3.1105896730737036e-07,154693026.94262242,996662.7423019253,3204095837292.098,1128711577483.2434,1.0,1.0,1.4210921843097523e-05,9020,563.75,565.55,555.9849999999998,3.5821235496559862,250.0,48.47377749068657,1028.01,95,80,()
yj_m,,False,1789407409019,4.774573096616763e-05,1.6825243428529943e-05,4.411434094781631e-07,152981897.83716613,1413465.761957828,3204095837292.098,1128711577483.2434,1.0,1.0,1.4210921843097523e-05,8510,531.875,533.675,549.8349999999998,5.0801628049699366,250.0,48.47377749068657,1028.01,96,80,()
yj_m,,False,1789407409123,4.784190235766696e-05,1.6859670753997374e-05,4.620684370863384e-07,153290040.19233567,1480511.555812404,3204095837292.098,1128711577483.2434,1.0,1.0,1.4210921843097523e-05,8315,519.6875,521.4875,550.9424999999998,5.3211333026903205,250.0,48.47377749068657,1028.01,96,80,()
yj_m,,False,1789407409228,4.787707112837327e-05,1.6873009811636634e-05,4.957070160577622e-07,153402724.30415842,1588292.7866671642,3204095837292.098,1128711577483.2434,1.0,1.0,1.4210921843097523e-05,9372,585.75,587.55,551.3474999999997,5.7085117697172185,250.0,48.47377749068657,1028.01,96,80,()
yj_m,,False,1789407409333,4.823722539134703e-05,1.70006849256261e-05,5.242874245107796e-07,154556693.07893565,1679867.1544195837,3204095837292.098,1128711577483.2434,1.0,1.0,1.4210921843097523e-05,9258,578.625,580.425,555.4949999999998,6.037640857570116,250.0,48.47377749068657,1028.01,96,80,()
yj_m,,False,1789407409437,4.84521456567744e-05,1.7076648388027057e-05,5.33618483600618e-07,155245318.20674124,1709764.762006864,3204095837292.098,1128711577483.2434,1.0,1.0,1.4210921843097523e-05,8943,558.9375,560.7375,557.9699999999998,6.145096388584966,250.0,48.47377749068657,1028.01,96,80,()
yj_m,,False,1789407409541,4.7871860940120474e-05,1.6876137501071126e-05,6.427983059119987e-07,153386030.36166617,2059587.3761910512,3204095837292.098,1128711577483.2434,1.0,1.0,1.4210921843097523e-05,7784,486.5,488.3,551.2874999999998,7.402400159745487,250.0,48.47377749068657,1028.01,96,81,()
yj_m,,False,1789407409646,4.6841763304309436e-05,1.651680022993547e-05,7.218870375671886e-07,150085498.81475955,2312995.252064153,3204095837292.098,1128711577483.2434,1.0,1.0,1.4210921843097523e-05,7962,497.625,499.425,539.4249999999997,8.313177979870273,250.0,48.47377749068657,1028.01,96,81,()
yj_m,,False,1789407409751,4.554420933818876e-05,1.6058773521890073e-05,6.903962390246108e-07,145928011.55325046,2212095.715540878,3204095837292.098,1128711577483.2434,1.0,1.0,1.4210921843097523e-05,7985,499.0625,500.8625,524.4824999999997,7.950533134639461,250.0,48.47377749068657,1028.01,96,81,()
yj_m,,False,1789407409855,4.438559372547569e-05,1.564454367309779e-05,5.236129684265634e-07,142215696.09153488,1677706.1324877124,3204095837292.098,1128711577483.2434,1.0,1.0,1.4210921843097523e-05,8403,525.1875,526.9875,511.13999999999976,6.029873889643132,250.0,48.47377749068657,1028.01,96,81,()
yj_m,,False,1789407409960,4.42407939102837e-05,1.559086975486009e-05,4.3608214522782086e-07,141751743.6064376,1397248.9862418713,3204095837292.098,1128711577483.2434,1.0,1.0,1.4210921843097523e-05,9190,574.375,576.175,509.4724999999998,5.021877798692437,250.0,48.47377749068657,1028.01,97,81,()
yj_m,,False,1789407410064,4.5867241009861434e-05,1.616820825507084e-05,5.822514338759424e-07,146963035.98777038,1865589.3955392635,3204095837292.098,1128711577483.2434,1.0,1.0,1.4210921843097523e-05,8358,522.375,524.175,528.2024999999998,6.705148516252269,250.0,48.47377749068657,1028.01,97,81,()
yj_m,,False,1789407410169,4.6779023954098817e-05,1.6488221682791978e-05,5.538810136873367e-07,149884475.9239153,1774687.8503107247,3204095837292.098,1128711577483.2434,1.0,1.0,1.4210921843097523e-05,9263,578.9375,580.7375,538.7024999999998,6.3784376319754035,250.0,48.47377749068657,1028.01,97,81,()
yj_m,,False,1789407410274,4.8086347023193445e-05,1.694599498234946e-05,4.7098679824493545e-07,154073264.3275974,1509086.8396761313,3204095837292.098,1128711577483.2434,1.0,1.0,1.4210921843097523e-05,8837,552.3125,554.1125,553.7574999999998,5.423836246145342,250.0,48.47377749068657,1028.01,97,81,()
yj_m,,False,1789407410378,4.819641225003354e-05,1.6983786073180526e-05,4.3472704726993813e-07,154425923.8627463,1392907.122515894,3204095837292.098,1128711577483.2434,1.0,1.0,1.4210921843097523e-05,8162,510.125,511.925,555.0249999999997,5.006272627913906,250.0,48.47377749068657,1028.01,97,81,()
yj_m,,False,1789407410483,4.791441081085155e-05,1.6884819814598775e-05,4.4781570242748723e-07,153522364.22535294,1434844.428021949,3204095837292.098,1128711577483.2434,1.0,1.0,1.4210921843097523e-05,9192,574.5,576.3,551.7774999999998,5.157000254508429,250.0,48.47377749068657,1028.01,97,82,()
yj_m,,False,1789407410587,4.83195029475056e-05,1.70266084804932e-05,4.136634380434796e-07,154820318.2541259,1325417.2998750512,3204095837292.098,1128711577483.2434,1.0,1.0,1.4210921843097523e-05,9225,576.5625,578.3625,556.4424999999998,4.763706238319068,250.0,48.47377749068657,1028.01,97,82,()
yj_m,,False,1789407410692,4.8453665295014804e-05,1.7073321729626007e-05,3.9098455508577043e-07,155250187.27330148,1252751.9853958192,3204095837292.098,1128711577483.2434,1.0,1.0,1.4210921843097523e-05,9068,566.75,568.55,557.9874999999997,4.502538520101743,250.0,48.47377749068657,1028.01,97,82,()
yj_m,,False,1789407410797,4.847255222743115e-05,1.7079591117299247e-05,3.7391614080486037e-07,155310702.81483594,1198063.1502491792,3204095837292.098,1128711577483.2434,1.0,1.0,1.4210921843097523e-05,8834,552.125,553.925,558.2049999999998,4.305980390689209,250.0,48.47377749068657,1028.01,97,82,()
yj_m,,False,1789407410901,4.9127516309041676e-05,1.7307341803268823e-05,1.9680627654959377e-07,157409270.50230005,630586.1714455121,3204095837292.098,1128711577483.2434,1.0,1.0,1.4210921843097523e-05,8864,554.0,555.8,565.7474999999998,2.2664011394720043,250.0,48.47377749068657,1028.01,97,82,()
yj_m,,False,1789407411006,4.8997044511544846e-05,1.7261559798445354e-05,2.1172224161018768e-07,156991226.35905644,678378.3530053551,3204095837292.098,1128711577483.2434,1.0,1.0,1.4210921843097523e-05,8398,524.875,526.675,564.2449999999998,2.4381718817589535,250.0,48.47377749068657,1028.01,98,82,()
yj_m,,False,1789407411111,4.784798091062856e-05,1.686023968766972e-05,4.0063813559488366e-07,153309516.45857665,1283682.9825200324,3204095837292.098,1128711577483.2434,1.0,1.0,1.4210921843097523e-05,8105,506.5625,508.3625,551.0124999999998,4.61370817510167,250.0,48.47377749068657,1028.01,98,82,()
yj_m,,False,1789407411215,4.7400555994420636e-05,1.670266862606874e-05,4.0059854751856934e-07,151875924.1470541,1283556.1385295086,3204095837292.098,1128711577483.2434,1.0,1.0,1.4210921843097523e-05,8809,550.5625,552.3625,545.8599999999998,4.613252282826076,250.0,48.47377749068657,1028.01,98,82,()
yj_m,,False,1789407411319,4.628535861714744e-05,1.631225917921183e-05,4.862023721245701e-07,148302724.872774,1557838.9966058794,3204095837292.098,1128711577483.2434,1.0,1.0,1.4210921843097523e-05,7935,495.9375,497.7375,533.0174999999998,5.59905725323469,250.0,48.47377749068657,1028.01,98,82,()
yj_m,,False,1789407411424,4.578908818606966e-05,1.6139591747946897e-05,5.508168095612885e-07,146712626.85038653,1764869.8466258396,3204095837292.098,1128711577483.2434,1.0,1.0,1.4210921843097523e-05,9154,572.125,573.925,527.3024999999998,6.3431505677384,250.0,48.47377749068657,1028.01,98,82,()
yj_m,,False,1789407411529,4.53594647463921e-05,1.5986448590271658e-05,4.929791775165139e-07,145336072.17571253,1579552.530552345,3204095837292.098,1128711577483.2434,1.0,1.0,1.4210921843097523e-05,8428,526.75,528.55,522.3549999999998,5.677098257472739,250.0,48.47377749068657,1028.01,98,83,()
yj_m,,False,1789407411634,4.585399844805227e-05,1.6160733305252805e-05,4.980848728841558e-07,146920605.55060256,1595911.6678262884,3204095837292.098,1128711577483.2434,1.0,1.0,1.4210921843097523e-05,8306,519.125,520.925,528.0499999999997,5.735894927995108,250.0,48.47377749068657,1028.01,98,83,()
yj_m,,False,1789407411738,4.5961892763120364e-05,1.6199234590481364e-05,5.144421100389781e-07,147266309.27637973,1648321.8233036553,3204095837292.098,1128711577483.2434,1.0,1.0,1.4210921843097523e-05,9157,572.3125,574.1125,529.2924999999998,5.924263213683202,250.0,48.47377749068657,1028.01,98,83,()
yj_m,,False,1789407411842,4.621827744339282e-05,1.628800811176734e-05,4.6458958192039243e-07,148087790.36318618,1488589.545480407,3204095837292.098,1128711577483.2434,1.0,1.0,1.4210921843097523e-05,8240,515.0,516.8,532.2449999999998,5.35016655114586,250.0,48.47377749068657,1028.01,98,83,()
yj_m,,False,1789407411947,4.582946714502874e-05,1.6149336532843107e-05,3.9870086048046577e-07,146842004.90470153,1277475.76739024,3204095837292.098,1128711577483.2434,1.0,1.0,1.4210921843097523e-05,8250,515.625,517.425,527.7674999999998,4.591398711177238,250.0,48.47377749068657,1028.01,99,83,()
yj_m,,False,1789407412052,4.507116766307133e-05,1.588553159751446e-05,5.117381543143348e-07,144412340.69114098,1639658.0900221034,3204095837292.098,1128711577483.2434,1.0,1.0,1.4210921843097523e-05,7503,468.9375,470.7375,519.0349999999997,5.893124733534835,250.0,48.47377749068657,1028.01,99,83,()
yj_m,,False,1789407412156,4.492072347727215e-05,1.5834910194089313e-05,5.798597372343626e-07,143930303.1016771,1857926.1702859139,3204095837292.098,1128711577483.2434,1.0,1.0,1.4210921843097523e-05,9100,568.75,570.55,517.3024999999998,6.677605980065011,250.0,48.47377749068657,1028.01,99,83,()
yj_m,,False,1789407412261,4.472186795895752e-05,1.5762746373078877e-05,5.178235080703203e-07,143293150.96322262,1659156.1466601067,3204095837292.098,1128711577483.2434,1.0,1.0,1.4210921843097523e-05,8502,531.375,533.175,515.0124999999998,5.963203050794094,250.0,48.47377749068657,1028.01,99,83,()
yj_m,,False,1789407412366,4.526893772549995e-05,1.5954512106175035e-05,4.909817545408653e-07,145046014.92490956,1573152.595910758,3204095837292.098,1128711577483.2434,1.0,1.0,1.4210921843097523e-05,8431,526.9375,528.7375,521.3124999999998,5.654096136872806,250.0,48.47377749068657,1028.01,99,83,()
yj_m,,False,1789407412470,4.530931668445904e-05,1.5971099504911333e-05,5.628083748788959e-07,145175392.97922456,1803291.971142602,3204095837292.098,1128711577483.2434,1.0,1.0,1.4210921843097523e-05,7562,472.625,474.425,521.7774999999998,6.481244218898097,250.0,48.47377749068657,1028.01,99,84,()
yj_m,,False,1789407412575,4.6404758764607085e-05,1.6353569731008503e-05,4.6092095788363293e-07,148685294.38822156,1476834.9224756353,3204095837292.098,1128711577483.2434,1.0,1.0,1.4210921843097523e-05,9096,568.5,570.3,534.3924999999998,5.307919048459575,250.0,48.47377749068657,1028.01,99,84,()
yj_m,,False,1789407412679,4.635895252621802e-05,1.6335857924458155e-05,4.009479196749866e-07,148538526.8104771,1284675.5604015514,3204095837292.098,1128711577483.2434,1.0,1.0,1.4210921843097523e-05,8380,523.75,525.55,533.8649999999998,4.617275617179463,250.0,48.47377749068657,1028.01,99,84,()
yj_m,,False,1789407412784,4.647509630601968e-05,1.6377442095363907e-05,4.2791147291704066e-07,148910662.611867,1371069.3691030205,3204095837292.098,1128711577483.2434,1.0,1.0,1.4210921843097523e-05,9081,567.5625,569.3625,535.2024999999998,4.927785164249756,250.0,48.47377749068657,1028.01,99,84,()
yj_m,,False,1789407412888,4.69581241752883e-05,1.6548604030453694e-05,4.6719638695106926e-07,150458330.19708663,1496941.9986278303,3204095837292.098,1128711577483.2434,1.0,1.0,1.4210921843097523e-05,8709,544.3125,546.1125,540.7649999999998,5.38018625374624,250.0,48.47377749068657,1028.01,99,84,()
yj_m,,False,1789407412993,4.719757574373921e-05,1.6629192227928317e-05,3.0691123884622475e-07,151225555.97079328,983373.0228053511,3204095837292.098,1128711577483.2434,1.0,1.0,1.4210921843097523e-05,8178,511.125,512.925,543.5224999999998,3.534358728963432,250.0,48.47377749068657,1028.01,100,84,()
yj_m,,False,1789407413098,4.721624558497836e-05,1.663572373781461e-05,3.0450475652503634e-07,151285375.9313905,975662.4228175142,3204095837292.098,1128711577483.2434,1.0,1.0,1.4210921843097523e-05,8897,556.0625,557.8625,543.7374999999997,3.506645922387945,250.0,48.47377749068657,1028.01,100,84,()
yj_m,,False,1789407413202,4.696376854589549e-05,1.6548297013541994e-05,3.772592925649418e-07,150476415.30145326,1208774.9288870925,3204095837292.098,1128711577483.2434,1.0,1.0,1.4210921843097523e-05,8247,515.4375,517.2375,540.8299999999998,4.344479787615544,250.0,48.47377749068657,1028.01,100,84,()
yj_m,,False,1789407413307,4.703627699908007e-05,1.657400863541732e-05,3.848960978550044e-07,150708739.33447048,1233243.9849271907,3204095837292.098,1128711577483.2434,1.0,1.0,1.4210921843097523e-05,9025,564.0625,565.8625,541.6649999999997,4.43242446354137,250.0,48.47377749068657,1028.01,100,84,()
yj_m,,False,1789407413412,4.633376994966288e-05,1.632750500772331e-05,4.214178997848497e-07,148457839.42176455,1350263.3384610151,3204095837292.098,1128711577483.2434,1.0,1.0,1.4210921843097523e-05,8255,515.9375,517.7375,533.5749999999998,4.853005834016687,250.0,48.47377749068657,1028.01,100,84,()
yj_m,,False,1789407413516,4.599120007204227e-05,1.620799763791664e-05,4.628314422083046e-07,147360212.70289865,1482956.297347528,3204095837292.098,1128711577483.2434,1.0,1.0,1.4210921843097523e-05,8648,540.5,542.3,529.6299999999998,5.329919992363863,250.0,48.47377749068657,1028.01,100,85,()
yj_m,,False,1789407413621,4.6128401696032275e-05,1.6257128612612538e-05,4.907363544059456e-07,147799819.85519478,1572366.3103599907,3204095837292.098,1128711577483.2434,1.0,1.0,1.4210921843097523e-05,8981,561.3125,563.1125,531.2099999999998,5.651270133784086,250.0,48.47377749068657,1028.01,100,85,()
yj_m,,False,1789407413725,4.7210167032016775e-05,1.663847939761144e-05,5.056116966109199e-07,151265899.66514957,1620028.3323972449,3204095837292.098,1128711577483.2434,1.0,1.0,1.4210921843097523e-05,8791,549.4375,551.2375,543.6674999999998,5.822573067381809,250.0,48.47377749068657,1028.01,100,85,()
yj_m,,False,1789407413830,4.740793709444541e-05,1.6708927428303855e-05,5.317471878003531e-07,151899573.89891815,1703768.9509228899,3204095837292.098,1128711577483.2434,1.0,1.0,1.4210921843097523e-05,8752,547.0,548.8,545.9449999999998,6.123546735756983,250.0,48.47377749068657,1028.01,100,85,()
yj_m,,False,1789407413934,4.8116739788001364e-05,1.695562593359857e-05,4.306904216273278e-07,154170645.6588022,1379973.3870976993,3204095837292.098,1128711577483.2434,1.0,1.0,1.4210921843097523e-05,8212,513.25,515.05,554.1074999999997,4.959787256022177,250.0,48.47377749068657,1028.01,101,85,()
yj_m,,False,1789407414039,4.774399423675004e-05,1.6828328946300248e-05,5.648239791280516e-07,152976333.18966872,1809750.160326949,3204095837292.098,1128711577483.2434,1.0,1.0,1.4210921843097523e-05,8937,558.5625,560.3625,549.8149999999998,6.504455713201528,250.0,48.47377749068657,1028.01,101,85,()
yj_m,,False,1789407414143,4.752299541836108e-05,1.6750127065632197e-05,5.530050250266908e-07,152268231.79562214,1771881.098689634,3204095837292.098,1128711577483.2434,1.0,1.0,1.4210921843097523e-05,8838,552.375,554.175,547.2699999999998,6.3683498353184085,250.0,48.47377749068657,1028.01,101,85,()
yj_m,,False,1789407414248,4.649789087962563e-05,1.639161911847156e-05,6.202286293004784e-07,148983698.61027065,1987271.9693110492,3204095837292.098,1128711577483.2434,1.0,1.0,1.4210921843097523e-05,7569,473.0625,474.8625,535.4649999999998,7.14249005074561,250.0,48.47377749068657,1028.01,101,85,()
yj_m,,False,1789407414353,4.586550428044384e-05,1.616884532291553e-05,6.15944680866353e-07,146957471.34027296,1973545.7879660921,3204095837292.098,1128711577483.2434,1.0,1.0,1.4210921843097523e-05,8751,546.9375,548.7375,528.1824999999998,7.093156534646616,250.0,48.47377749068657,1028.01,101,85,()
yj_m,,False,1789407414457,4.579820601551203e-05,1.6143068935412613e-05,5.585901336446566e-07,146741841.249748,1789776.3219632811,3204095837292.098,1128711577483.2434,1.0,1.0,1.4210921843097523e-05,8850,553.125,554.925,527.4074999999998,6.432667380255254,250.0,48.47377749068657,1028.01,101,86,()
yj_m,,False,1789407414562,4.600292299561104e-05,1.6213158918537372e-05,4.977131706871156e-07,147397774.07350624,1594720.698364039,3204095837292.098,1128711577483.2434,1.0,1.0,1.4210921843097523e-05,9124,570.25,572.05,529.7649999999998,5.731614443156484,250.0,48.47377749068657,1028.01,101,86,()
yj_m,,False,1789407414667,4.622305344929121e-05,1.6292286695138125e-05,5.481358558337687e-07,148103093.14380407,1756279.813947522,3204095837292.098,1128711577483.2434,1.0,1.0,1.4210921843097523e-05,8623,538.9375,540.7375,532.2999999999997,6.31227697625825,250.0,48.47377749068657,1028.01,101,86,()
yj_m,,False,1789407414772,4.650505488847321e-05,1.6389018931328793e-05,4.655817506607765e-07,149006652.7811975,1491768.5492113635,3204095837292.098,1128711577483.2434,1.0,1.0,1.4210921843097523e-05,7972,498.25,500.05,535.5474999999998,5.3615922658292465,250.0,48.47377749068657,1028.01,101,86,()
yj_m,,False,1789407414876,4.611168567538794e-05,1.6250287484438367e-05,4.580126220379538e-07,147746260.12303212,1467516.3356990493,3204095837292.098,1128711577483.2434,1.0,1.0,1.4210921843097523e-05,8309,519.3125,521.1125,531.0174999999998,5.274426947546055,250.0,48.47377749068657,1028.01,101,86,()
yj_m,,False,1789407414980,4.653826983858471e-05,1.6400877616864224e-05,4.712791130417252e-07,149113076.66458562,1510023.4442997072,3204095837292.098,1128711577483.2434,1.0,1.0,1.4210921843097523e-05,9029,564.3125,566.1125,535.9299999999998,5.427202513726569,250.0,48.47377749068657,1028.01,102,86,()
yj_m,,False,1789407415085,4.680507489536275e-05,1.6494087244013156e-05,4.4464094600127773e-07,149967945.63637662,1424672.204172319,3204095837292.098,1128711577483.2434,1.0,1.0,1.4210921843097523e-05,8920,557.5,559.3,539.0024999999998,5.120440081184428,250.0,48.47377749068657,1028.01,102,86,()
yj_m,,False,1789407415190,4.697635983417304e-05,1.6554557879132055e-05,4.503264625911926e-07,150516758.99580956,1442889.1442109158,3204095837292.098,1128711577483.2434,1.0,1.0,1.4210921843097523e-05,9186,574.125,575.925,540.9749999999998,5.185913914152452,250.0,48.47377749068657,1028.01,102,86,()
yj_m,,False,1789407415294,4.780000376046748e-05,1.6842419090106303e-05,3.5968324136045885e-07,153155793.07146046,1152459.576386776,3204095837292.098,1128711577483.2434,1.0,1.0,1.4210921843097523e-05,9315,582.1875,583.9875,550.4599999999998,4.142075762827136,250.0,48.47377749068657,1028.01,102,86,()
yj_m,,False,1789407415399,4.827326252676212e-05,1.7007748741645743e-05,2.8897804511456336e-07,154672159.51450709,925913.3514203804,3204095837292.098,1128711577483.2434,1.0,1.0,1.4210921843097523e-05,8756,547.25,549.05,555.9099999999997,3.327841887019274,250.0,48.47377749068657,1028.01,102,86,()
yj_m,,False,1789407415503,4.757618275677493e-05,1.676677487840014e-05,4.859168816600853e-07,152438649.1252306,1556924.2577970359,3204095837292.098,1128711577483.2434,1.0,1.0,1.4210921843097523e-05,7541,471.3125,473.1125,547.8824999999998,5.595769573972823,250.0,48.47377749068657,1028.01,102,87,()
yj_m,,False,1789407415608,4.6552163673925464e-05,1.6408015271602074e-05,5.438565233551929e-07,149157593.84456497,1742568.4225665252,3204095837292.098,1128711577483.2434,1.0,1.0,1.4210921843097523e-05,8789,549.3125,551.1125,536.0899999999998,6.262996617035651,250.0,48.47377749068657,1028.01,102,87,()
yj_m,,False,1789407415713,4.655672258864665e-05,1.6409079847421994e-05,5.272957781523468e-07,149172201.0442457,1689506.2077996335,3204095837292.098,1128711577483.2434,1.0,1.0,1.4210921843097523e-05,8693,543.3125,545.1125,536.1424999999998,6.072284753286855,250.0,48.47377749068657,1028.01,102,87,()
yj_m,,False,1789407415817,4.638022746158356e-05,1.6345921918293154e-05,4.947991077919277e-07,148606693.7423205,1585383.7615719615,3204095837292.098,1128711577483.2434,1.0,1.0,1.4210921843097523e-05,8474,529.625,531.425,534.1099999999998,5.698056390121109,250.0,48.47377749068657,1028.01,102,87,()
yj_m,,False,1789407415922,4.601442882800261e-05,1.6216214370473265e-05,4.6413437025463175e-07,147434639.86317664,1487131.0036770555,3204095837292.098,1128711577483.2434,1.0,1.0,1.4210921843097523e-05,8498,531.125,532.925,529.8974999999998,5.3449243797269945,250.0,48.47377749068657,1028.01,103,87,()
yj_m,,False,1789407416026,4.6950091801731916e-05,1.6543209924151617e-05,3.652087560683518e-07,150432593.7024111,1170163.8550612319,3204095837292.098,1128711577483.2434,1.0,1.0,1.4210921843097523e-05,8668,541.75,543.55,540.6724999999998,4.205707030333901,250.0,48.47377749068657,1028.01,103,87,()
yj_m,,False,1789407416131,4.777503827508955e-05,1.6832615590765192e-05,3.0877108380427085e-07,153075801.26368505,989332.1442934334,3204095837292.098,1128711577483.2434,1.0,1.0,1.4210921843097523e-05,9295,580.9375,582.7375,550.1724999999998,3.5557765150526546,250.0,48.47377749068657,1028.01,103,87,()
yj_m,,False,1789407416236,4.783582380470537e-05,1.6853938056396855e-05,3.039882616448489e-07,153270563.92609474,974007.5237219203,3204095837292.098,1128711577483.2434,1.0,1.0,1.4210921843097523e-05,8908,556.75,558.55,550.8724999999998,3.5006980196812183,250.0,48.47377749068657,1028.01,103,87,()
yj_m,,False,1789407416340,4.804401424363958e-05,1.6926826842499508e-05,2.784792227815337e-07,153937626.0448478,892274.1184866523,3204095837292.098,1128711577483.2434,1.0,1.0,1.4210921843097523e-05,8719,544.9375,546.7375,553.2699999999998,3.2069385128187293,250.0,48.47377749068657,1028.01,103,87,()
yj_m,,False,1789407416444,4.8062249902524335e-05,1.693351318439562e-05,2.9405455847607215e-07,153996054.8435707,942178.9867499493,3204095837292.098,1128711577483.2434,1.0,1.0,1.4210921843097523e-05,8234,514.625,516.425,553.4799999999998,3.386302500515865,250.0,48.47377749068657,1028.01,103,88,()
yj_m,,False,1789407416549,4.725032889979866e-05,1.6651062452845528e-05,4.513824960475713e-07,151394582.13852736,1446272.7766125402,3204095837292.098,1128711577483.2434,1.0,1.0,1.4210921843097523e-05,8725,545.3125,547.1125,544.1299999999998,5.198075088434178,250.0,48.47377749068657,1028.01,103,88,()
yj_m,,False,1789407416654,4.6500278882574815e-05,1.6386788818509856e-05,4.4586428559095686e-07,148991350.0005796,1428591.9014592,3204095837292.098,1128711577483.2434,1.0,1.0,1.4210921843097523e-05,8938,558.625,560.425,535.4924999999998,5.134527935945036,250.0,48.47377749068657,1028.01,103,88,()
yj_m,,False,1789407416758,4.663422413890683e-05,1.6434979407943655e-05,4.820965557386284e-07,149420523.438818,1544683.5674149971,3204095837292.098,1128711577483.2434,1.0,1.0,1.4210921843097523e-05,8442,527.625,529.425,537.0349999999997,5.551775087753466,250.0,48.47377749068657,1028.01,103,88,()
yj_m,,False,1789407416863,4.548559472034494e-05,1.6033520332539866e-05,5.730149129648625e-07,145740204.7002126,1835994.697337011,3204095837292.098,1128711577483.2434,1.0,1.0,1.4210921843097523e-05,7592,474.5,476.3,523.8074999999998,6.598781677324989,250.0,48.47377749068657,1028.01,103,88,()
yj_m,,False,1789407416968,4.494373514205529e-05,1.584302625751625e-05,5.802733681889824e-07,144004034.68101788,1859251.4835057855,3204095837292.098,1128711577483.2434,1.0,1.0,1.4210921843097523e-05,7817,488.5625,490.3625,517.5674999999998,6.682369312227512,250.0,48.47377749068657,1028.01,104,88,()
yj_m,,False,1789407417073,4.472772942074191e-05,1.5765521774276884e-05,5.39055654390046e-07,143311931.64852643,1727185.9782999163,3204095837292.098,1128711577483.2434,1.0,1.0,1.4210921843097523e-05,8061,503.8125,505.6125,515.0799999999998,6.207710296478082,250.0,48.47377749068657,1028.01,104,88,()
yj_m,,False,1789407417177,4.4283343781014794e-05,1.560664589669606e-05,4.635901905460357e-07,141888077.47012436,1485387.3997380044,3204095837292.098,1128711577483.2434,1.0,1.0,1.4210921843097523e-05,7732,483.25,485.05,509.96249999999986,5.338657661341473,250.0,48.47377749068657,1028.01,104,88,()
yj_m,,False,1789407417281,4.480327715040729e-05,1.5793615202608965e-05,5.81224825689958e-07,143553993.81466416,1862300.044524021,3204095837292.098,1128711577483.2434,1.0,1.0,1.4210921843097523e-05,9324,582.75,584.55,515.9499999999998,6.693326200402907,250.0,48.47377749068657,1028.01,104,88,()
yj_m,,False,1789407417386,4.664898633895639e-05,1.6447578213261125e-05,6.897904250265274e-07,149467822.94254607,2210154.629431445,3204095837292.098,1128711577483.2434,1.0,1.0,1.4210921843097523e-05,9194,574.625,576.425,537.2049999999998,7.943556642021256,250.0,48.47377749068657,1028.01,104,88,()
yj_m,,False,1789407417491,4.792461409617992e-05,1.6893528629406412e-05,6.110310586772673e-07,153555056.52940026,1957802.0715640178,3204095837292.098,1128711577483.2434,1.0,1.0,1.4210921843097523e-05,8816,551.0,552.8,551.8949999999998,7.036571759386811,250.0,48.47377749068657,1028.01,104,89,()
yj_m,,False,1789407417595,4.755729582435858e-05,1.676783560776233e-05,7.033193253119671e-07,152378133.58369616,2253502.522519163,3204095837292.098,1128711577483.2434,1.0,1.0,1.4210921843097523e-05,7892,493.25,495.05,547.6649999999997,8.099354086901005,250.0,48.47377749068657,1028.01,104,89,()
yj_m,,False,1789407417700,4.741857456212819e-05,1.671948827226366e-05,7.145703601255022e-07,151933657.36483982,2289551.916330437,3204095837292.098,1128711577483.2434,1.0,1.0,1.4210921843097523e-05,8506,531.625,533.425,546.0674999999998,8.228919863809589,250.0,48.47377749068657,1028.01,104,89,()
yj_m,,False,1789407417804,4.6180286487382945e-05,1.6281259184824372e-05,6.569995803733125e-07,147966063.69918016,2105089.620576787,3204095837292.098,1128711577483.2434,1.0,1.0,1.4210921843097523e-05,7801,487.5625,489.3625,531.8074999999998,7.565940597506698,250.0,48.47377749068657,1028.01,104,89,()
yj_m,,False,1789407417909,4.5492107455660924e-05,1.6035166162164907e-05,5.546148056696958e-07,145761072.1283279,1777038.9901468388,3204095837292.098,1128711577483.2434,1.0,1.0,1.4210921843097523e-05,8875,554.6875,556.4875,523.8824999999998,6.386887906093233,250.0,48.47377749068657,1028.01,104,89,()
yj_m,,False,1789407418014,4.555289298527674e-05,1.6055635848687692e-05,5.269879602617075e-07,145955834.79073757,1688519.9297775922,3204095837292.098,1128711577483.2434,1.0,1.0,1.4210921843097523e-05,8954,559.625,561.425,524.5824999999998,6.068739953647709,250.0,48.47377749068657,1028.01,105,89,()
yj_m,,False,1789407418118,4.681245599538752e-05,1.649796394955756e-05,4.897511762470981e-07,149991595.3882406,1569209.7051222387,3204095837292.098,1128711577483.2434,1.0,1.0,1.4210921843097523e-05,9048,565.5,567.3,539.0874999999997,5.639924921929369,250.0,48.47377749068657,1028.01,105,89,()
yj_m,,False,1789407418222,4.767430796886904e-05,1.679958323605164e-05,4.2133088444809055e-07,152753051.70883477,1349984.5329827266,3204095837292.098,1128711577483.2434,1.0,1.0,1.4210921843097523e-05,9071,566.9375,568.7375,549.0124999999998,4.85200377421535,250.0,48.47377749068657,1028.01,105,89,()
yj_m,,False,1789407418327,4.869333395464291e-05,1.7154273895636493e-05,1.853299967052857e-07,156018108.6279453,593815.0709687637,3204095837292.098,1128711577483.2434,1.0,1.0,1.4210921843097523e-05,9030,564.375,566.175,560.7474999999998,2.1342414636118376,250.0,48.47377749068657,1028.01,105,89,()
yj_m,,False,1789407418432,4.913598286495244e-05,1.730963560618671e-05,1.220484088264516e-07,157436398.15884995,391054.7986689575,3204095837292.098,1128711577483.2434,1.0,1.0,1.4210921843097523e-05,9111,569.4375,571.2375,565.8449999999998,1.4054971095665758,250.0,48.47377749068657,1028.01,105,89,()
yj_m,,False,1789407418536,4.915986289444437e-05,1.7318157067156074e-05,1.3669525527558767e-07,157512912.06193945,437984.69840609067,3204095837292.098,1128711577483.2434,1.0,1.0,1.4210921843097523e-05,8671,541.9375,543.7375,566.1199999999998,1.574168709192252,250.0,48.47377749068657,1028.01,105,90,()
yj_m,,False,1789407418641,4.857827563072725e-05,1.711501086362856e-05,2.7873505032044173e-07,155649450.7312413,893093.8144391298,3204095837292.098,1128711577483.2434,1.0,1.0,1.4210921843097523e-05,8224,514.0,515.8,559.4224999999998,3.2098845968352197,250.0,48.47377749068657,1028.01,105,90,()
yj_m,,False,1789407418746,4.7354749756031546e-05,1.668882574270347e-05,4.866882434465757e-07,151729156.56930968,1559395.7748861779,3204095837292.098,1128711577483.2434,1.0,1.0,1.4210921843097523e-05,7889,493.0625,494.8625,545.3324999999998,5.604652498148301,250.0,48.47377749068657,1028.01,105,90,()
yj_m,,False,1789407418850,4.604221649868413e-05,1.6229281496232706e-05,5.674060705502141e-07,147523674.22313532,1818023.4287042078,3204095837292.098,1128711577483.2434,1.0,1.0,1.4210921843097523e-05,7842,490.125,491.925,530.2174999999997,6.534190816390351,250.0,48.47377749068657,1028.01,105,90,()
yj_m,,False,1789407418955,4.528912720497949e-05,1.5960830047069374e-05,4.645606296662998e-07,145110703.95206708,1488496.7796835836,3204095837292.098,1128711577483.2434,1.0,1.0,1.4210921843097523e-05,9054,565.875,567.675,521.5449999999998,5.34983313992128,250.0,48.47377749068657,1028.01,106,90,()
yj_m,,False,1789407419059,4.554160424406235e-05,1.605172515812256e-05,5.28929751912256e-07,145919664.58200437,1694741.6163219975,3204095837292.098,1128711577483.2434,1.0,1.0,1.4210921843097523e-05,9195,574.6875,576.4875,524.4524999999999,6.091101429544578,250.0,48.47377749068657,1028.01,106,90,()
yj_m,,False,1789407419163,4.623542764639158e-05,1.6298880477490263e-05,6.110439700353685e-07,148142741.25722322,1957843.4407927634,3204095837292.098,1128711577483.2434,1.0,1.0,1.4210921843097523e-05,8602,537.625,539.425,532.4424999999999,7.036720445278468,250.0,48.47377749068657,1028.01,106,90,()
yj_m,,False,1789407419268,4.743029748569694e-05,1.671709542796254e-05,5.409436753193741e-07,151971218.7354474,1733235.3783002961,3204095837292.098,1128711577483.2434,1.0,1.0,1.4210921843097523e-05,9157,572.3125,574.1125,546.2024999999998,6.22945255419768,250.0,48.47377749068657,1028.01,106,90,()
yj_m,,False,1789407419373,4.867184192810017e-05,1.714804021939586e-05,2.83189303957549e-07,155949246.11516473,907365.6699760284,3204095837292.098,1128711577483.2434,1.0,1.0,1.4210921843097523e-05,8817,551.0625,552.8625,560.4999999999998,3.2611793303956778,250.0,48.47377749068657,1028.01,106,90,()
yj_m,,False,1789407419477,4.889588002296993e-05,1.7225660391619433e-05,1.8896022356776648e-07,156667085.64233178,605446.6657472654,3204095837292.098,1128711577483.2434,1.0,1.0,1.4210921843097523e-05,8889,555.5625,557.3625,563.0799999999998,2.1760467883296997,250.0,48.47377749068657,1028.01,106,91,()
yj_m,,False,1789407419582,4.8718516531198046e-05,1.716332698895882e-05,2.0152429103335258e-07,156098796.0166579,645703.142013207,3204095837292.098,1128711577483.2434,1.0,1.0,1.4210921843097523e-05,9015,563.4375,565.2375,561.0374999999998,2.320733316217096,250.0,48.47377749068657,1028.01,106,91,()
yj_m,,False,1789407419687,4.797649888753058e-05,1.6906093265021347e-05,4.249292560730758e-07,153721300.37338567,1361514.06052737,3204095837292.098,1128711577483.2434,1.0,1.0,1.4210921843097523e-05,8996,562.25,564.05,552.4924999999998,4.8934422572459155,250.0,48.47377749068657,1028.01,106,91,()
yj_m,,False,1789407419792,4.7277031114594186e-05,1.6660570080735253e-05,4.5522888837930286e-07,151480138.5938002,1458596.9862712345,3204095837292.098,1128711577483.2434,1.0,1.0,1.4210921843097523e-05,8105,506.5625,508.3625,544.4374999999998,5.242369752793101,250.0,48.47377749068657,1028.01,106,91,()
yj_m,,False,1789407419896,4.6316619746664146e-05,1.6323378567463174e-05,4.899439132347371e-07,148402888.52772754,1569827.2529020233,3204095837292.098,1128711577483.2434,1.0,1.0,1.4210921843097523e-05,8083,505.1875,506.9875,533.3774999999998,5.642144461550059,250.0,48.47377749068657,1028.01,106,91,()
yj_m,,False,1789407420000,4.611038312832473e-05,1.6250559399875192e-05,4.832388680058616e-07,147742086.63740906,1548343.6453953276,3204095837292.098,1128711577483.2434,1.0,1.0,1.4210921843097523e-05,8806,550.375,552.175,531.0024999999998,5.5649298400788485,250.0,48.47377749068657,1028.01,107,91,()
yj_m,,False,1789407420105,4.523550568421125e-05,1.5941547440733748e-05,4.5057980950538067e-07,144938895.46058425,1443700.8920040578,3204095837292.098,1128711577483.2434,1.0,1.0,1.4210921843097523e-05,7710,481.875,483.675,520.9274999999998,5.188831431546028,250.0,48.47377749068657,1028.01,107,91,()
yj_m,,False,1789407420210,4.5601955591323795e-05,1.6070828490077538e-05,4.5914258747451806e-07,146113036.08253965,1471136.8532506267,3204095837292.098,1128711577483.2434,1.0,1.0,1.4210921843097523e-05,8888,555.5,557.3,525.1474999999998,5.287439515020479,250.0,48.47377749068657,1028.01,107,91,()
yj_m,,False,1789407420314,4.572200701231505e-05,1.6112922056385807e-05,4.527849579458241e-07,146497692.34079874,1450766.3989426934,3204095837292.098,1128711577483.2434,1.0,1.0,1.4210921843097523e-05,8092,505.75,507.55,526.5299999999997,5.214225697550884,250.0,48.47377749068657,1028.01,107,91,()
yj_m,,False,1789407420419,4.5342748725747736e-05,1.5981970018042146e-05,5.366621457483234e-07,145282512.44354987,1719516.947224449,3204095837292.098,1128711577483.2434,1.0,1.0,1.4210921843097523e-05,8102,506.375,508.175,522.1624999999998,6.180146893480769,250.0,48.47377749068657,1028.01,107,91,()
yj_m,,False,1789407420523,4.5107421889663626e-05,1.5899373623506792e-05,5.441802788125481e-07,144528502.70764962,1743605.7660797387,3204095837292.098,1128711577483.2434,1.0,1.0,1.4210921843097523e-05,8597,537.3125,539.1125,519.4524999999998,6.266724952078238,250.0,48.47377749068657,1028.01,107,92,()
yj_m,,False,1789407420628,4.565145237972526e-05,1.608985489369987e-05,5.12061530672455e-07,146271628.53621608,1640694.2188650346,3204095837292.098,1128711577483.2434,1.0,1.0,1.4210921843097523e-05,8910,556.875,558.675,525.7174999999997,5.896848702909038,250.0,48.47377749068657,1028.01,107,92,()
yj_m,,False,1789407420733,4.598729243085269e-05,1.6210312670165894e-05,5.778101260045044e-07,147347692.24602947,1851359.0194762568,3204095837292.098,1128711577483.2434,1.0,1.0,1.4210921843097523e-05,9292,580.75,582.55,529.5849999999998,6.654002864817538,250.0,48.47377749068657,1028.01,107,92,()
yj_m,,False,1789407420837,4.7206259390827185e-05,1.664195732921424e-05,6.458905759224132e-07,151253379.20828038,2069495.305659202,3204095837292.098,1128711577483.2434,1.0,1.0,1.4210921843097523e-05,9262,578.875,580.675,543.6224999999998,7.4380104278630865,250.0,48.47377749068657,1028.01,107,92,()
yj_m,,False,1789407420942,4.881555628740617e-05,1.7200742195300954e-05,3.896525955372431e-07,156409720.69557616,1248484.2593509406,3204095837292.098,1128711577483.2434,1.0,1.0,1.4210921843097523e-05,8977,561.0625,562.8625,562.1549999999997,4.487199808900869,250.0,48.47377749068657,1028.01,108,92,()
yj_m,,False,1789407421046,4.9187650565125895e-05,1.7330980553005903e-05,3.5195876958392786e-07,157601946.42189816,1127709.6285223123,3204095837292.098,1128711577483.2434,1.0,1.0,1.4210921843097523e-05,9173,573.3125,575.1125,566.4399999999998,4.0531215285258835,250.0,48.47377749068657,1028.01,108,92,()
yj_m,,False,1789407421151,4.965504786963615e-05,1.7493039401487268e-05,1.8537835739458797e-07,159099532.179641,593970.0232520463,3204095837292.098,1128711577483.2434,1.0,1.0,1.4210921843097523e-05,8796,549.75,551.55,571.8224999999998,2.1347983804097286,250.0,48.47377749068657,1028.01,108,92,()
yj_m,,False,1789407421256,4.9368704606910164e-05,1.7392153579750048e-05,1.8340189774097737e-07,158182060.92350408,587637.257103337,3204095837292.098,1128711577483.2434,1.0,1.0,1.4210921843097523e-05,8893,555.8125,557.6125,568.5249999999997,2.11203767130229,250.0,48.47377749068657,1028.01,108,92,()
yj_m,,False,1789407421360,4.901810235573318e-05,1.72683301266288e-05,1.4991344376529527e-07,157058697.70996264,480337.041122505,3204095837292.098,1128711577483.2434,1.0,1.0,1.4210921843097523e-05,9054,565.875,567.675,564.4874999999997,1.7263880285150266,250.0,48.47377749068657,1028.01,108,92,()
yj_m,,False,1789407421464,4.8879598184679976e-05,1.7219404577717474e-05,1.3333865579009501e-07,156614917.07204348,427229.8319671668,3204095837292.098,1128711577483.2434,1.0,1.0,1.4210921843097523e-05,9087,567.9375,569.7375,562.8924999999998,1.5355144496226663,250.0,48.47377749068657,1028.01,108,93,()
yj_m,,False,1789407421569,4.88702632640604e-05,1.7216009185007897e-05,1.187127646273945e-07,156585007.09174484,380367.0749760709,3204095837292.098,1128711577483.2434,1.0,1.0,1.4210921843097523e-05,9037,564.8125,566.6125,562.7849999999997,1.3670841689522997,250.0,48.47377749068657,1028.01,108,93,()
yj_m,,False,1789407421674,4.8944291355485397e-05,1.7241988157888675e-05,1.0343944683372813e-07,156822200.19132236,331429.9010117458,3204095837292.098,1128711577483.2434,1.0,1.0,1.4210921843097523e-05,9009,563.0625,564.8625,563.6374999999998,1.1911981887998317,250.0,48.47377749068657,1028.01,108,93,()
yj_m,,False,1789407421778,4.88029649991286e-05,1.7192809732606884e-05,1.7757902508747666e-07,156369377.00121987,568980.2150731721,3204095837292.098,1128711577483.2434,1.0,1.0,1.4210921843097523e-05,9140,571.25,573.05,562.0099999999998,2.0449820598235084,250.0,48.47377749068657,1028.01,108,93,()
yj_m,,False,1789407421883,4.744071786220251e-05,1.6721066550315546e-05,5.502068821309728e-07,152004606.6204319,1762915.5806853154,3204095837292.098,1128711577483.2434,1.0,1.0,1.4210921843097523e-05,7729,483.0625,484.8625,546.3224999999998,6.336126705251403,250.0,48.47377749068657,1028.01,108,93,()
yj_m,,False,1789407421988,4.688387899268612e-05,1.6526431791388175e-05,5.912151712343359e-07,150220441.51657197,1894310.0690958737,3204095837292.098,1128711577483.2434,1.0,1.0,1.4210921843097523e-05,9200,575.0,576.8,539.9099999999997,6.808374007426443,250.0,48.47377749068657,1028.01,109,93,()
yj_m,,False,1789407422092,4.6600575006440934e-05,1.6425437445433033e-05,5.551435556789544e-07,149312708.39355552,1778733.1558504752,3204095837292.098,1128711577483.2434,1.0,1.0,1.4210921843097523e-05,8749,546.8125,548.6125,536.6474999999998,6.3929769376246,250.0,48.47377749068657,1028.01,109,93,()
yj_m,,False,1789407422197,4.576824743305852e-05,1.613200348195238e-05,5.434176159397996e-07,146645851.0804175,1741162.1211439108,3204095837292.098,1128711577483.2434,1.0,1.0,1.4210921843097523e-05,8224,514.0,515.8,527.0624999999998,6.257942203712016,250.0,48.47377749068657,1028.01,109,93,()
yj_m,,False,1789407422301,4.5388989146491196e-05,1.599715417797371e-05,5.029356479491103e-07,145430671.18316868,1611454.0160195471,3204095837292.098,1128711577483.2434,1.0,1.0,1.4210921843097523e-05,8464,529.0,530.8,522.6949999999998,5.791755962141361,250.0,48.47377749068657,1028.01,109,93,()
yj_m,,False,1789407422406,4.63669848997744e-05,1.633989645919637e-05,4.475423333293559e-07,148564263.30515268,1433968.527232583,3204095837292.098,1128711577483.2434,1.0,1.0,1.4210921843097523e-05,7900,493.75,495.55,533.9574999999998,5.153852163673304,250.0,48.47377749068657,1028.01,109,93,()
yj_m,,False,1789407422511,4.620329815216606e-05,1.6281567680434844e-05,4.217581697353262e-07,148039795.27852094,1351353.5959928937,3204095837292.098,1128711577483.2434,1.0,1.0,1.4210921843097523e-05,8909,556.8125,558.6125,532.0724999999998,4.8569243482887385,250.0,48.47377749068657,1028.01,109,94,()
yj_m,,False,1789407422615,4.5638861091447684e-05,1.6083186027989967e-05,4.362248427014772e-07,146231284.8418598,1397706.202623205,3204095837292.098,1128711577483.2434,1.0,1.0,1.4210921843097523e-05,7745,484.0625,485.8625,525.5724999999998,5.0235210883403285,250.0,48.47377749068657,1028.01,109,94,()
yj_m,,False,1789407422720,4.613013842544987e-05,1.6256984926049815e-05,4.650449317297193e-07,147805384.5026922,1490048.529908984,3204095837292.098,1128711577483.2434,1.0,1.0,1.4210921843097523e-05,9016,563.5,565.3,531.2299999999998,5.355410313412036,250.0,48.47377749068657,1028.01,109,94,()
yj_m,,False,1789407422824,4.632704012316971e-05,1.6326840086841826e-05,4.829753186368397e-07,148436276.41271207,1547499.2079591237,3204095837292.098,1128711577483.2434,1.0,1.0,1.4210921843097523e-05,8318,519.875,521.675,533.4974999999998,5.561894832249168,250.0,48.47377749068657,1028.01,109,94,()
yj_m,,False,1789407422929,4.6411705682277465e-05,1.6355140076935418e-05,4.287155053904066e-07,148707552.9782112,1373645.5662039812,3204095837292.098,1128711577483.2434,1.0,1.0,1.4210921843097523e-05,8404,525.25,527.05,534.4724999999997,4.9370443207449535,250.0,48.47377749068657,1028.01,110,94,()
yj_m,,False,1789407423034,4.6069569987011246e-05,1.6233643394856176e-05,3.8843536197096764e-07,147611317.4212197,1244584.1263482287,3204095837292.098,1128711577483.2434,1.0,1.0,1.4210921843097523e-05,8564,535.25,537.05,530.5324999999998,4.473182270487086,250.0,48.47377749068657,1028.01,110,94,()
yj_m,,False,1789407423138,4.6991773307754194e-05,1.6557551623584082e-05,3.4955213891410946e-07,150566145.24234915,1119998.5532112466,3204095837292.098,1128711577483.2434,1.0,1.0,1.4210921843097523e-05,9162,572.625,574.425,541.1524999999998,4.025407013582602,250.0,48.47377749068657,1028.01,110,94,()
yj_m,,False,1789407423243,4.7100535987531085e-05,1.6596141404465423e-05,3.6279956026233096e-07,150914631.29187497,1162444.5608079392,3204095837292.098,1128711577483.2434,1.0,1.0,1.4210921843097523e-05,9410,588.125,589.925,542.4049999999997,4.177962975542028,250.0,48.47377749068657,1028.01,110,94,()
yj_m,,False,1789407423347,4.6508094164953994e-05,1.6389505284736468e-05,4.4455315863525487e-07,149016390.91431797,1424390.925038275,3204095837292.098,1128711577483.2434,1.0,1.0,1.4210921843097523e-05,8213,513.3125,515.1125,535.5824999999998,5.119429130772297,250.0,48.47377749068657,1028.01,110,94,()
yj_m,,False,1789407423452,4.6024632113330976e-05,1.6222579956405106e-05,5.526072294435026e-07,147467332.16722396,1770606.523517447,3204095837292.098,1128711577483.2434,1.0,1.0,1.4210921843097523e-05,7747,484.1875,485.9875,530.0149999999998,6.3637688616888015,250.0,48.47377749068657,1028.01,110,95,()
yj_m,,False,1789407423557,4.593280254537565e-05,1.619277930649494e-05,6.223237611440702e-07,147173101.43079793,1993984.9725296793,3204095837292.098,1128711577483.2434,1.0,1.0,1.4210921843097523e-05,9301,581.3125,583.1125,528.9574999999998,7.166617376768485,250.0,48.47377749068657,1028.01,110,95,()
yj_m,,False,1789407423661,4.627645787888225e-05,1.6316695093675517e-05,6.952482425972083e-07,148274206.05434972,2227641.9999903617,3204095837292.098,1128711577483.2434,1.0,1.0,1.4210921843097523e-05,9234,577.125,578.925,532.9149999999997,8.006408316155254,250.0,48.47377749068657,1028.01,110,95,()
yj_m,,False,1789407423766,4.560998796488016e-05,1.6081705131548576e-05,6.852775715781797e-07,146138772.57721525,2195695.014483284,3204095837292.098,1128711577483.2434,1.0,1.0,1.4210921843097523e-05,7983,498.9375,500.7375,525.2399999999999,7.891587078972139,250.0,48.47377749068657,1028.01,110,95,()
yj_m,,False,1789407423871,4.601725101330621e-05,1.6224405174301234e-05,6.700031068284776e-07,147443682.41535997,2146754.165561901,3204095837292.098,1128711577483.2434,1.0,1.0,1.4210921843097523e-05,9076,567.25,569.05,529.9299999999998,7.715687890590185,250.0,48.47377749068657,1028.01,110,95,()
yj_m,,False,1789407423975,4.770513491603136e-05,1.681578314490507e-05,5.976736698757188e-07,152851824.20191395,1915003.7177078833,3204095837292.098,1128711577483.2434,1.0,1.0,1.4210921843097523e-05,9267,579.1875,580.9875,549.3674999999998,6.882749423377258,250.0,48.47377749068657,1028.01,111,95,()
yj_m,,False,1789407424079,4.784559290767936e-05,1.6864558904227346e-05,5.783886480667331e-07,153301865.0682677,1853212.6596076265,3204095837292.098,1128711577483.2434,1.0,1.0,1.4210921843097523e-05,8328,520.5,522.3,550.9849999999998,6.660665066267781,250.0,48.47377749068657,1028.01,111,95,()
yj_m,,False,1789407424184,4.7556427459649786e-05,1.676152564654322e-05,5.416073746305618e-07,152375351.25994745,1735361.9345004875,3204095837292.098,1128711577483.2434,1.0,1.0,1.4210921843097523e-05,8585,536.5625,538.3625,547.6549999999997,6.237095648216403,250.0,48.47377749068657,1028.01,111,95,()
yj_m,,False,1789407424289,4.7962170869835424e-05,1.690151625456624e-05,4.4318134504433596e-07,153675392.03153193,1419995.5028220739,3204095837292.098,1128711577483.2434,1.0,1.0,1.4210921843097523e-05,8428,526.75,528.55,552.3274999999998,5.1036314644574405,250.0,48.47377749068657,1028.01,111,95,()
yj_m,,False,1789407424394,4.829128109446967e-05,1.701622817196764e-05,3.950850880785908e-07,154729892.73229283,1265890.4860887954,3204095837292.098,1128711577483.2434,1.0,1.0,1.4210921843097523e-05,9134,570.875,572.675,556.1174999999998,4.549759842563122,250.0,48.47377749068657,1028.01,111,95,()
yj_m,,False,1789407424498,4.765997995117388e-05,1.679234207901757e-05,3.221541682319383e-07,152707143.36698103,1032212.8293982528,3204095837292.098,1128711577483.2434,1.0,1.0,1.4210921843097523e-05,8682,542.625,544.425,548.8474999999997,3.709894759289002,250.0,48.47377749068657,1028.01,111,96,()
yj_m,,False,1789407424602,4.805421752896795e-05,1.6931017694941857e-05,3.126761519663276e-07,153970318.34889516,1001844.3569358211,3204095837292.098,1128711577483.2434,1.0,1.0,1.4210921843097523e-05,9213,575.8125,577.6125,553.3874999999998,3.6007468843283053,250.0,48.47377749068657,1028.01,111,96,()
yj_m,,False,1789407424707,4.831450985043001e-05,1.7022704273658578e-05,3.1314243541897574e-07,154804319.8925708,1003338.3738054506,3204095837292.098,1128711577483.2434,1.0,1.0,1.4210921843097523e-05,8775,548.4375,550.2375,556.3849999999998,3.6061165573231264,250.0,48.47377749068657,1028.01,111,96,()
yj_m,,False,1789407424812,4.878017042552266e-05,1.7185174632756297e-05,2.12339571568739e-07,156296341.00281626,680356.3373557837,3204095837292.098,1128711577483.2434,1.0,1.0,1.4210921843097523e-05,8919,557.4375,559.2375,561.7474999999998,2.4452809910110527,250.0,48.47377749068657,1028.01,111,96,()
yj_m,,False,1789407424916,4.849773480398628e-05,1.7085804075086888e-05,2.214627040605563e-07,155391390.2035485,709587.7281958797,3204095837292.098,1128711577483.2434,1.0,1.0,1.4210921843097523e-05,8875,554.6875,556.4875,558.4949999999998,2.5503420603911158,250.0,48.47377749068657,1028.01,112,96,()
yj_m,,False,1789407425021,4.869463650170612e-05,1.7155016573123954e-05,2.099670693754513e-07,156022282.11356837,672754.6129543051,3204095837292.098,1128711577483.2434,1.0,1.0,1.4210921843097523e-05,8671,541.9375,543.7375,560.7624999999998,2.4179594961454587,250.0,48.47377749068657,1028.01,112,96,()
yj_m,,False,1789407425126,4.839874122718337e-05,1.705034994999077e-05,1.7063216552009324e-07,155074205.29619563,546721.8112510669,3204095837292.098,1128711577483.2434,1.0,1.0,1.4210921843097523e-05,8786,549.125,550.925,557.3549999999998,1.964982728931733,250.0,48.47377749068657,1028.01,112,96,()
yj_m,,False,1789407425231,4.826913779439532e-05,1.7004778757023452e-05,1.7862745680213767e-07,154658943.47670072,572339.4907658029,3204095837292.098,1128711577483.2434,1.0,1.0,1.4210921843097523e-05,9151,571.9375,573.7375,555.8624999999997,2.057055693217857,250.0,48.47377749068657,1028.01,112,96,()
yj_m,,False,1789407425335,4.8527259204085385e-05,1.7096024480266786e-05,2.0715739005572505e-07,155485989.2110046,663752.131141844,3204095837292.098,1128711577483.2434,1.0,1.0,1.4210921843097523e-05,9236,577.25,579.05,558.8349999999998,2.3856035137884923,250.0,48.47377749068657,1028.01,112,96,()
yj_m,,False,1789407425439,4.859368910430839e-05,1.7119963791164312e-05,2.4777422642876144e-07,155698836.9777809,793892.3674886643,3204095837292.098,1128711577483.2434,1.0,1.0,1.4210921843097523e-05,8388,524.25,526.05,559.5999999999998,2.8533428859847882,250.0,48.47377749068657,1028.01,112,96,()
yj_m,,False,1789407425544,4.884399523161928e-05,1.7208501098213774e-05,2.723109502956539e-07,156500841.79834637,872510.3822913597,3204095837292.098,1128711577483.2434,1.0,1.0,1.4210921843097523e-05,9310,581.875,583.675,562.4824999999997,3.1359053118676905,250.0,48.47377749068657,1028.01,112,97,()
yj_m,,False,1789407425649,4.8987492499748066e-05,1.7259516731889667e-05,3.0073955528998015e-07,156960620.79782063,963598.3572137015,3204095837292.098,1128711577483.2434,1.0,1.0,1.4210921843097523e-05,8972,560.75,562.55,564.1349999999998,3.463286246471695,250.0,48.47377749068657,1028.01,112,97,()
yj_m,,False,1789407425754,4.877582860197868e-05,1.7185604313614346e-05,3.352904364952433e-07,156282429.3840727,1074302.6918582614,3204095837292.098,1128711577483.2434,1.0,1.0,1.4210921843097523e-05,8664,541.5,543.3,561.6974999999998,3.861170693585043,250.0,48.47377749068657,1028.01,112,97,()
yj_m,,False,1789407425858,4.830126728862083e-05,1.701841696887048e-05,3.329953874956728e-07,154761889.45540297,1066949.134912353,3204095837292.098,1128711577483.2434,1.0,1.0,1.4210921843097523e-05,8500,531.25,533.05,556.2324999999997,3.834741141850386,250.0,48.47377749068657,1028.01,112,97,()
yj_m,,False,1789407425962,4.7978886890479765e-05,1.6905368556187422e-05,3.572478387380267e-07,153728951.76369458,1144656.3129821105,3204095837292.098,1128711577483.2434,1.0,1.0,1.4210921843097523e-05,9183,573.9375,575.7375,552.5199999999998,4.114029912992856,250.0,48.47377749068657,1028.01,113,97,()
yj_m,,False,1789407426067,4.778393901335472e-05,1.6836419995190715e-05,3.433389108095661e-07,153104320.08210933,1100090.7749053335,3204095837292.098,1128711577483.2434,1.0,1.0,1.4210921843097523e-05,9301,581.3125,583.1125,550.2749999999997,3.9538561082821415,250.0,48.47377749068657,1028.01,113,97,()
yj_m,,False,1789407426172,4.7701444366018967e-05,1.6807449835174583e-05,3.474410174834706e-07,152839999.32598194,1113234.3178233188,3204095837292.098,1128711577483.2434,1.0,1.0,1.4210921843097523e-05,9350,584.375,586.175,549.3249999999998,4.001095553095427,250.0,48.47377749068657,1028.01,113,97,()
yj_m,,False,1789407426276,4.8056605531917145e-05,1.6933503517213606e-05,3.917475022373153e-07,153977969.73920408,1255196.5411881576,3204095837292.098,1128711577483.2434,1.0,1.0,1.4210921843097523e-05,8837,552.3125,554.1125,553.4149999999997,4.511324542193789,250.0,48.47377749068657,1028.01,113,97,()
yj_m,,False,1789407426381,4.842327253020689e-05,1.7062426286438525e-05,3.8252515749929234e-07,155152805.94209668,1225647.2648029865,3204095837292.098,1128711577483.2434,1.0,1.0,1.4210921843097523e-05,8574,535.875,537.675,557.6374999999998,4.4051209546390435,250.0,48.47377749068657,1028.01,113,97,()
yj_m,,False,1789407426485,4.821291117950069e-05,1.69880459359843e-05,3.6920299327000457e-07,154478788.0139718,1182961.7738522056,3204095837292.098,1128711577483.2434,1.0,1.0,1.4210921843097523e-05,8100,506.25,508.05,555.2149999999998,4.251704261234546,250.0,48.47377749068657,1028.01,113,98,()
yj_m,,False,1789407426590,4.766258504530027e-05,1.6795331817126443e-05,4.1639621771474444e-07,152715490.33822718,1334173.387843989,3204095837292.098,1128711577483.2434,1.0,1.0,1.4210921843097523e-05,8264,516.5,518.3,548.8774999999998,4.795176652116165,250.0,48.47377749068657,1028.01,113,98,()
yj_m,,False,1789407426694,4.762437699811318e-05,1.67813003252252e-05,3.92495234944443e-07,152593068.09328395,1257592.348442475,3204095837292.098,1128711577483.2434,1.0,1.0,1.4210921843097523e-05,8117,507.3125,509.1125,548.4374999999998,4.51993535628553,250.0,48.47377749068657,1028.01,113,98,()
yj_m,,False,1789407426799,4.692447504282238e-05,1.6534736584014422e-05,3.892507803071867e-07,150350515.15182415,1247196.8048449592,3204095837292.098,1128711577483.2434,1.0,1.0,1.4210921843097523e-05,8912,557.0,558.8,540.3774999999998,4.482572545425228,250.0,48.47377749068657,1028.01,113,98,()
yj_m,,False,1789407426903,4.6655281983095165e-05,1.6439621798505046e-05,3.7583481808465576e-07,149487994.78972423,1204210.77613448,3204095837292.098,1128711577483.2434,1.0,1.0,1.4210921843097523e-05,9014,563.375,565.175,537.2774999999998,4.328075683834561,250.0,48.47377749068657,1028.01,113,98,()
yj_m,,False,1789407427008,4.672605370686217e-05,1.6464338117771754e-05,3.666080576036967e-07,149714754.17524403,1174647.351285747,3204095837292.098,1128711577483.2434,1.0,1.0,1.4210921843097523e-05,8299,518.6875,520.4875,538.0924999999997,4.221821245031579,250.0,48.47377749068657,1028.01,114,98,()
yj_m,,False,1789407427113,4.679791088651516e-05,1.6489261672122295e-05,3.4893679792657053e-07,149944991.46544972,1118026.94171456,3204095837292.098,1128711577483.2434,1.0,1.0,1.4210921843097523e-05,8054,503.375,505.175,538.9199999999997,4.018320809119152,250.0,48.47377749068657,1028.01,114,98,()
yj_m,,False,1789407427217,4.6800515980641554e-05,1.648972437081547e-05,3.2673805236911234e-07,149953338.43669587,1046900.0334808003,3204095837292.098,1128711577483.2434,1.0,1.0,1.4210921843097523e-05,8866,554.125,555.925,538.9499999999998,3.7626823045534956,250.0,48.47377749068657,1028.01,114,98,()
yj_m,,False,1789407427322,4.663248740948923e-05,1.6432901492036783e-05,4.292099919396553e-07,149414958.7913206,1375229.948498025,3204095837292.098,1128711577483.2434,1.0,1.0,1.4210921843097523e-05,8358,522.375,524.175,537.0149999999998,4.942738777742558,250.0,48.47377749068657,1028.01,114,98,()
yj_m,,False,1789407427427,4.2331259915637995e-05,1.5090408424961033e-05,2.3129707876350936e-06,135633413.6830255,7410980.072439831,3204095837292.098,1128711577483.2434,1.0,1.0,1.4210921843097523e-05,448,28.0,29.8,487.48249999999985,26.635937230084476,250.0,48.47377749068657,1028.01,114,98,()
yj_m,,False,1789407427531,3.302065350791114e-05,1.229508058351123e-05,3.982477715917916e-06,105801338.44936283,12760240.271681137,3204095837292.098,1128711577483.2434,1.0,1.0,1.4210921843097523e-05,-23,-1.4375,0.36250000000000004,380.26250000000005,45.86180985444207,250.0,48.47377749068657,1028.01,114,99,()
yj_m,,False,1789407427638,2.3693797986149457e-05,9.446866735895948e-06,4.4245607132560784e-06,75963698.56820269,14166902.78173631,9665231810752.723,3404785498886.874,1.0,1.0,4.286758600020782e-05,3,0.1875,1.9875,273.02250000000015,50.91752096896509,250.0,43.67870972199826,1028.01,114,99,()
yj_m,,False,1789407427742,1.2265649044846733e-05,5.7306385268746894e-06,3.764382302288453e-06,39422049.614527084,12045938.294851651,9665231810752.723,3404785498886.874,1.0,1.0,4.286758600020782e-05,0,0.0,1.8,141.6875000000001,43.2945242279552,250.0,43.67870972199826,1028.01,114,99,()
yj_m,,False,1789407427847,3.5291078608023413e-06,2.425474604905721e-06,2.0826355334705774e-06,11509777.767473819,6660214.110355988,9665231810752.723,3404785498886.874,1.0,1.0,4.286758600020782e-05,14,0.875,2.675,41.36749999999997,23.93759573610098,250.0,43.67870972199826,1028.01,114,99,()
yj_m,,False,1789407427952,6.601469964844809e-08,3.033640868154661e-08,1.9480713774367578e-08,477864.10384084826,120830.91804184351,9665231810752.723,3404785498886.874,1.0,1.0,4.286758600020782e-05,8,0.5,2.3,1.7174999999999994,0.4342805832638617,250.0,43.67870972199826,1028.01,115,99,()
yj_m,,False,1789407428056,5.2032380332538314e-08,2.20042744280279e-08,1.2174426465810338e-08,502905.01757923333,117668.65395501991,9665231810752.723,3404785498886.874,1.0,1.0,4.286758600020782e-05,8,0.5,2.3,1.8074999999999994,0.4229150328375665,250.0,43.67870972199826,1028.01,115,99,()
yj_m,,False,1789407428163,5.125878243358598e-08,2.0948831267392665e-08,1.0620641563316477e-08,651759.338135189,129971.1920062838,29190986415734.02,10283151940124.502,1.0,1.0,0.00012946891963990276,57,3.5625,5.3625,2.3424999999999994,0.46713180688109857,250.0,38.8783447597599,1028.01,115,99,()
yj_m,,False,1789407428268,5.179335131415365e-08,2.037323214793058e-08,9.06514590472905e-09,845826.4196076731,140276.20565475163,29190986415734.02,10283151940124.502,1.0,1.0,0.00012946891963990276,50,3.125,4.925,3.0399999999999983,0.5041692424176628,250.0,38.8783447597599,1028.01,115,99,()
yj_m,,False,1789407428373,4.870861384012589e-08,1.868682875583849e-08,7.40122378791066e-09,996071.9020379834,142559.71610021184,29190986415734.02,10283151940124.502,1.0,1.0,0.00012946891963990276,56,3.5,5.3,3.5799999999999983,0.5123764485219826,250.0,38.8783447597599,1028.01,115,99,()
yj_m,,False,1789407428477,4.744929560997782e-08,1.7695517120098042e-08,5.808526561466194e-09,1157446.6794631318,133824.89158845154,29190986415734.02,10283151940124.502,1.0,1.0,0.00012946891963990276,42,2.625,4.425,4.159999999999998,0.48098245810008494,250.0,38.8783447597599,1028.01,115,100,()
yj_m,,False,1789407428581,4.6203695139946936e-08,1.6767974698473294e-08,4.0309870932797984e-09,1348731.4371869066,117668.48948192973,29190986415734.02,10283151940124.502,1.0,1.0,0.00012946891963990276,58,3.625,5.425,4.847499999999998,0.4229144417018647,250.0,38.8783447597599,1028.01,115,100,()
yj_m,,False,1789407428688,4.5594099585491474e-08,1.6474843266396295e-08,3.667240184010398e-09,1825899.9600905783,240745.87813653253,88299581212001.19,31105424014138.746,1.0,1.0,0.0003916294989610815,249,15.5625,17.3625,6.562500000000001,0.8652691055388491,250.0,34.07124602993739,1028.01,115,100,()
yj_m,,False,1789407428793,4.588375085778266e-08,1.6474964679787022e-08,3.1881877270087746e-09,2430359.7944977083,311894.5365152589,88299581212001.19,31105424014138.746,1.0,1.0,0.0003916294989610815,217,13.5625,15.3625,8.735000000000007,1.1209857826930725,250.0,34.07124602993739,1028.01,115,100,()
yj_m,,False,1789407428897,4.6959550519421885e-08,1.6763945801100646e-08,2.715737886966099e-09,3059164.9617060446,323400.36121001025,88299581212001.19,31105424014138.746,1.0,1.0,0.0003916294989610815,225,14.0625,15.8625,10.995000000000006,1.1623390748830564,250.0,34.07124602993739,1028.01,115,100,()
yj_m,,False,1789407429002,4.786549930739476e-08,1.7000754540939416e-08,2.17034728573249e-09,3783960.298244857,265959.8988891276,88299581212001.19,31105424014138.746,1.0,1.0,0.0003916294989610815,218,13.625,15.425,13.600000000000007,0.9558912725828183,250.0,34.07124602993739,1028.01,116,100,()
yj_m,,False,1789407429107,4.93368524487376e-08,1.743882514264768e-08,1.4315746233827627e-09,4356423.409541827,126407.43971842628,88299581212001.19,31105424014138.746,1.0,1.0,0.0003916294989610815,219,13.6875,15.4875,15.657500000000006,0.4543232604654971,250.0,34.07124602993739,1028.01,116,100,()
yj_m,,False,1789407429214,4.615192030907208e-08,1.6382657242535753e-08,2.017108158967433e-09,5216857.0288302265,421686.4415645489,265972669981453.8,93694585663802.31,1.0,1.0,0.0011796516138858043,608,38.0,39.8,18.75000000000001,1.5155908501307338,250.0,29.282462338013126,1028.01,116,100,()
yj_m,,False,1789407429318,4.501000236971171e-08,1.5966110017852368e-08,1.8740799660920173e-09,6713051.624698729,669672.5332194834,265972669981453.8,93694585663802.31,1.0,1.0,0.0011796516138858043,698,43.625,45.425,24.127499999999994,2.406882137745843,250.0,29.282462338013126,1028.01,116,100,()
yj_m,,False,1789407429422,4.425130032781391e-08,1.5681687101147834e-08,1.7073027355062926e-09,8641201.982554376,751298.6220952305,265972669981453.8,93694585663802.31,1.0,1.0,0.0011796516138858043,666,41.625,43.425,31.057499999999983,2.7002559369437558,250.0,29.282462338013126,1028.01,116,100,()
yj_m,,False,1789407429527,4.348437877345916e-08,1.5398252273596877e-08,1.5670552658756338e-09,10192347.472459896,646882.0217828407,265972669981453.8,93694585663802.31,1.0,1.0,0.0011796516138858043,686,42.875,44.675,36.63249999999998,2.324970349273298,250.0,29.282462338013126,1028.01,116,101,()
yj_m,,False,1789407429632,4.468912935797348e-08,1.5777249622949967e-08,1.0434672780829756e-09,11886087.054486776,277533.7779900093,265972669981453.8,93694585663802.31,1.0,1.0,0.0011796516138858043,707,44.1875,45.9875,42.719999999999985,0.9974891603421061,250.0,29.282462338013126,1028.01,116,101,()
yj_m,,False,1789407429739,4.372741594185318e-08,1.5480436542489782e-08,1.537244030558207e-09,15060022.870827079,1321521.9668035796,793234858014227.6,279434016137487.16,1.0,1.0,0.0035181839566907733,2005,125.3125,127.1125,54.12749999999997,4.749705951424782,250.0,24.53681456155698,1028.01,116,101,()
yj_m,,False,1789407429843,4.3788014153931336e-08,1.5500088799902626e-08,1.5211328278302867e-09,20958549.218091115,2202546.5384816006,793234858014227.6,279434016137487.16,1.0,1.0,0.0035181839566907733,2126,132.875,134.675,75.32749999999996,7.916212265029277,250.0,24.53681456155698,1028.01,116,101,()
yj_m,,False,1789407429948,4.375575138862713e-08,1.5487572533119985e-08,1.5088042293792882e-09,25804661.607405823,2291174.252749922,793234858014227.6,279434016137487.16,1.0,1.0,0.0035181839566907733,2027,126.6875,128.4875,92.74500000000002,8.23475073241443,250.0,24.53681456155698,1028.01,117,101,()
yj_m,,False,1789407430053,4.367935068638514e-08,1.545935093665288e-08,1.4940171760012313e-09,30589562.874248907,1926875.3996938607,793234858014227.6,279434016137487.16,1.0,1.0,0.0035181839566907733,2050,128.125,129.925,109.94250000000004,6.925417649860549,250.0,24.53681456155698,1028.01,117,101,()
yj_m,,False,1789407430157,4.4550474750647034e-08,1.5722117050508678e-08,9.421637509617874e-10,35338989.51329594,747357.129220325,793234858014227.6,279434016137487.16,1.0,1.0,0.0035181839566907733,2088,130.5,132.3,127.01250000000003,2.686089746266867,250.0,24.53681456155698,1028.01,117,101,()
yj_m,,False,1789407430264,4.440451386118228e-08,1.5679502223288657e-08,1.077378142725714e-09,47131868.72220098,4627397.270858286,2384105169508515.0,839852252682974.9,1.0,1.0,0.010574069550380184,6240,390.0,391.8,169.39750000000012,16.63141204543378,250.0,19.75757837372652,1028.01,117,101,()
yj_m,,False,1789407430368,4.429119392739471e-08,1.5638866162870356e-08,1.0655366377695887e-09,61799583.944460034,6650752.943843703,2384105169508515.0,839852252682974.9,1.0,1.0,0.010574069550380184,6348,396.75,398.55,222.11500000000012,23.903591186786137,250.0,19.75757837372652,1028.01,117,101,()
yj_m,,False,1789407430473,4.4443818568242084e-08,1.5692976929663515e-08,1.072435835347059e-09,76717708.30410294,7027686.960026724,2384105169508515.0,839852252682974.9,1.0,1.0,0.010574069550380184,6345,396.5625,398.3625,275.73250000000013,25.25833653717125,250.0,19.75757837372652,1028.01,117,102,()
yj_m,,False,1789407430578,4.481180729818542e-08,1.5824173454227204e-08,1.0996110951618115e-09,92108827.70102644,6116884.520379837,2384105169508515.0,839852252682974.9,1.0,1.0,0.010574069550380184,6398,399.875,401.675,331.05000000000007,21.98480505087548,250.0,19.75757837372652,1028.01,117,102,()
yj_m,,False,1789407430682,4.4731992141555243e-08,1.577086800149849e-08,6.417624303964411e-10,106645773.70709613,1530029.1279045034,2384105169508515.0,839852252682974.9,1.0,1.0,0.010574069550380184,5577,348.5625,350.3625,383.2975,5.499105302228719,250.0,19.75757837372652,1028.01,117,102,()
yj_m,,False,1789407430789,4.358565337614607e-08,1.541413381086308e-08,1.3604194058375298e-09,138920033.61118853,14605306.42421122,7168117306324250.0,2525123280720582.5,1.0,1.0,0.03179229335674899,20211,1263.1875,1264.9875,499.2949999999998,52.4931954125961,250.0,14.976781428541166,1028.01,117,102,()
yj_m,,False,1789407430894,4.390964177095229e-08,1.5530877510472915e-08,1.3948449648111478e-09,185724283.71197888,21420503.295924466,7168117306324250.0,2525123280720582.5,1.0,1.0,0.03179229335674899,19675,1229.6875,1231.4875,667.5149999999995,76.98781748838579,250.0,14.976781428541166,1028.01,117,102,()
yj_m,,False,1789407430998,4.3752810569153334e-08,1.5475819839522032e-08,1.3944613479028649e-09,229072192.13593498,22385894.782472897,7168117306324250.0,2525123280720582.5,1.0,1.0,0.03179229335674899,17591,1099.4375,1101.2375,823.3124999999995,80.45754845336143,250.0,14.976781428541166,1028.01,118,102,()
yj_m,,False,1789407431102,4.3611237881407826e-08,1.5426161912244055e-08,1.3945782584448645e-09,280986179.8012303,18749729.505919464,7168117306324250.0,2525123280720582.5,1.0,1.0,0.03179229335674899,20322,1270.125,1271.925,1009.8974999999996,67.38874120819442,250.0,14.976781428541166,1028.01,118,102,()
yj_m,,False,1789407431207,4.623916996688534e-08,1.6311480163730156e-08,8.609933063081736e-10,331447794.46969926,6171701.019576956,7168117306324250.0,2525123280720582.5,1.0,1.0,0.03179229335674899,19669,1229.3125,1231.1125,1191.2624999999996,22.18182201995589,250.0,14.976781428541166,1028.01,118,102,()
yj_m,,False,1789407431312,4.653600970818649e-08,1.6401417830449617e-08,5.15682958985086e-10,333575576.5565249,3696475.9428774896,7168117306324250.0,2525123280720582.5,1.0,1.0,0.03179229335674899,17276,1079.75,1081.55,1198.9099999999996,13.285570899475864,250.0,14.976781428541166,1028.01,118,102,()
yj_m,,False,1789407431416,4.6090022310010596e-08,1.624531554817604e-08,5.441297161771159e-10,330378686.5692577,3900385.635414486,7168117306324250.0,2525123280720582.5,1.0,1.0,0.03179229335674899,19662,1228.875,1230.675,1187.4199999999996,14.018446405540093,250.0,14.976781428541166,1028.01,118,102,()
yj_m,,False,1789407431521,4.7048856400823495e-08,1.6582798687818664e-08,5.410398435473267e-10,337251721.8095072,3878237.065942559,7168117306324250.0,2525123280720582.5,1.0,1.0,0.03179229335674899,20720,1295.0,1296.8,1212.1224999999995,13.93884183226856,250.0,14.976781428541166,1028.01,118,103,()
yj_m,,False,1789407431625,4.765689753158288e-08,1.6796054722684303e-08,5.147281275019638e-10,341610231.96186054,3689631.5987987053,7168117306324250.0,2525123280720582.5,1.0,1.0,0.03179229335674899,19692,1230.75,1232.55,1227.7874999999995,13.260971518897097,250.0,14.976781428541166,1028.01,118,103,()
yj_m,,False,1789407431730,4.769940024707483e-08,1.681091753320236e-08,5.113643459772193e-10,341914896.4123442,3665519.618236485,7168117306324250.0,2525123280720582.5,1.0,1.0,0.03179229335674899,20437,1277.3125,1279.1125,1228.8824999999995,13.174310214390731,250.0,14.976781428541166,1028.01,118,103,()
yj_m,,False,1789407431834,4.8660757330131535e-08,1.714419563993774e-08,2.867792874729436e-10,348806016.7569604,2055667.5736301462,7168117306324250.0,2525123280720582.5,1.0,1.0,0.03179229335674899,20392,1274.5,1276.3,1253.6499999999996,7.388311926617609,250.0,14.976781428541166,1028.01,118,103,()
yj_m,,False,1789407431939,4.9356520960445116e-08,1.738790072065167e-08,1.8704922146518895e-10,353793332.07652205,1340790.7615191035,7168117306324250.0,2525123280720582.5,1.0,1.0,0.03179229335674899,20724,1295.25,1297.05,1271.5749999999996,4.81896027427079,250.0,14.976781428541166,1028.01,119,103,()
yj_m,,False,1789407432043,4.941406459123673e-08,1.740812869876785e-08,1.8311482298129613e-10,354205811.57226825,1312588.5316567358,7168117306324250.0,2525123280720582.5,1.0,1.0,0.03179229335674899,20541,1283.8125,1285.6125,1273.0574999999997,4.71759813093485,250.0,14.976781428541166,1028.01,119,103,()
yj_m,,False,1789407432148,4.92596768735479e-08,1.7353981878947738e-08,2.0430662802421337e-10,353099142.30121905,1464493.876137115,7168117306324250.0,2525123280720582.5,1.0,1.0,0.03179229335674899,19648,1228.0,1229.8,1269.0799999999995,5.263563871085825,250.0,14.976781428541166,1028.01,119,103,()
yj_m,,False,1789407432253,4.85511042056888e-08,1.71081032905632e-08,4.108523005783926e-10,348020010.29794997,2945037.4861191083,7168117306324250.0,2525123280720582.5,1.0,1.0,0.03179229335674899,20346,1271.625,1273.425,1250.8249999999996,10.584812380245573,250.0,14.976781428541166,1028.01,119,103,()
yj_m,,False,1789407432357,4.856061394568473e-08,1.7111408381119806e-08,4.0901759546209125e-10,348088177.2297933,2931886.104622949,7168117306324250.0,2525123280720582.5,1.0,1.0,0.03179229335674899,19715,1232.1875,1233.9875,1251.0699999999995,10.537544762657003,250.0,14.976781428541166,1028.01,119,103,()
yj_m,,False,1789407432462,4.808163357201279e-08,1.6941772952024968e-08,3.674284045211661e-10,344654789.7238859,2633769.905283277,7168117306324250.0,2525123280720582.5,1.0,1.0,0.03179229335674899,20135,1258.4375,1260.2375,1238.7299999999996,9.466079950275088,250.0,14.976781428541166,1028.01,119,104,()
yj_m,,False,1789407432566,4.8126659279748564e-08,1.6957865360123266e-08,3.781125701218149e-10,344977539.2787362,2710355.2576289224,7168117306324250.0,2525123280720582.5,1.0,1.0,0.03179229335674899,20023,1251.4375,1253.2375,1239.8899999999996,9.741336747336065,250.0,14.976781428541166,1028.01,119,104,()
yj_m,,False,1789407432671,4.7309694983568656e-08,1.6675433019675336e-08,5.650696633735955e-10,339121443.36863995,4050485.633307086,7168117306324250.0,2525123280720582.5,1.0,1.0,0.03179229335674899,17182,1073.875,1075.675,1218.8424999999995,14.557923516937436,250.0,14.976781428541166,1028.01,119,104,()
yj_m,,False,1789407432776,4.729154884704583e-08,1.666837234149004e-08,5.448866848286883e-10,338991369.73338777,3905811.6755061657,7168117306324250.0,2525123280720582.5,1.0,1.0,0.03179229335674899,20148,1259.25,1261.05,1218.3749999999995,14.03794823416157,250.0,14.976781428541166,1028.01,119,104,()
yj_m,,False,1789407432880,4.72507928184919e-08,1.6654025994487116e-08,5.44983244739909e-10,338699225.7397733,3906503.8282768866,7168117306324250.0,2525123280720582.5,1.0,1.0,0.03179229335674899,19216,1201.0,1202.8,1217.3249999999996,14.040435912926638,250.0,14.976781428541166,1028.01,119,104,()
yj_m,,False,1789407432984,4.575514360872578e-08,1.613150046787067e-08,6.541420902498902e-10,327978236.7550586,4688967.237915354,7168117306324250.0,2525123280720582.5,1.0,1.0,0.03179229335674899,16944,1059.0,1060.8,1178.7924999999996,16.85270177523473,250.0,14.976781428541166,1028.01,120,104,()
yj_m,,False,1789407433089,4.449684974620471e-08,1.5684809702778687e-08,5.554621486555967e-10,318958638.7426797,3981617.8407862326,7168117306324250.0,2525123280720582.5,1.0,1.0,0.03179229335674899,18447,1152.9375,1154.7375,1146.3749999999995,14.310404540927555,250.0,14.976781428541166,1028.01,120,104,()
yj_m,,False,1789407433194,4.533448317115125e-08,1.597906561492965e-08,5.36831052656805e-10,324962893.3923947,3848067.9591215095,7168117306324250.0,2525123280720582.5,1.0,1.0,0.03179229335674899,19657,1228.5625,1230.3625,1167.9549999999995,13.830410500957662,250.0,14.976781428541166,1028.01,120,104,()
yj_m,,False,1789407433298,4.534573959808521e-08,1.5982412312702647e-08,5.181550349922787e-10,325043580.7811073,3714196.0736871976,7168117306324250.0,2525123280720582.5,1.0,1.0,0.03179229335674899,19311,1206.9375,1208.7375,1168.2449999999997,13.349259141428035,250.0,14.976781428541166,1028.01,120,104,()
yj_m,,False,1789407433403,4.486617699543392e-08,1.581237082107686e-08,4.803030775823638e-10,321606019.78957677,3442868.8026989414,7168117306324250.0,2525123280720582.5,1.0,1.0,0.03179229335674899,17230,1076.875,1078.675,1155.8899999999996,12.374076899914595,250.0,14.976781428541166,1028.01,120,104,()
yj_m,,False,1789407433508,4.478777015954922e-08,1.5785453733899866e-08,5.02488431625721e-10,321043990.3923375,3601896.02296406,7168117306324250.0,2525123280720582.5,1.0,1.0,0.03179229335674899,17182,1073.875,1075.675,1153.8699999999997,12.94563950235754,250.0,14.976781428541166,1028.01,120,105,()
yj_m,,False,1789407433613,4.507801130575115e-08,1.588766504594949e-08,5.030924743952671e-10,323124472.97543496,3606225.8723942046,7168117306324250.0,2525123280720582.5,1.0,1.0,0.03179229335674899,19028,1189.25,1191.05,1161.3474999999996,12.961201492338587,250.0,14.976781428541166,1028.01,120,105,()
yj_m,,False,1789407433717,4.423339113305251e-08,1.5589960645833687e-08,4.93049279211621e-10,317070136.4982432,3534235.0711875153,7168117306324250.0,2525123280720582.5,1.0,1.0,0.03179229335674899,16918,1057.375,1059.175,1139.5874999999996,12.702458054447575,250.0,14.976781428541166,1028.01,120,105,()
yj_m,,False,1789407433821,4.347416454399066e-08,1.5319825912587432e-08,3.959523582815375e-10,311627911.2457675,2838232.951877788,7168117306324250.0,2525123280720582.5,1.0,1.0,0.03179229335674899,18630,1164.375,1166.175,1120.0274999999995,10.200944276144243,250.0,14.976781428541166,1028.01,120,105,()
yj_m,,False,1789407433926,4.332880137548163e-08,1.526770411401255e-08,3.582299077163266e-10,310585931.0018758,2567834.001144338,7168117306324250.0,2525123280720582.5,1.0,1.0,0.03179229335674899,17985,1124.0625,1125.8625,1116.2824999999996,9.22909852721272,250.0,14.976781428541166,1028.01,121,105,()
yj_m,,False,1789407434031,4.3875611425246896e-08,1.545983736437133e-08,3.387106368764562e-10,314505529.58287024,2427917.57803023,7168117306324250.0,2525123280720582.5,1.0,1.0,0.03179229335674899,17126,1070.375,1072.175,1130.3699999999997,8.72622238571766,250.0,14.976781428541166,1028.01,121,105,()
yj_m,,False,1789407434135,4.39671184131668e-08,1.549358076113698e-08,4.021112301436465e-10,315161462.4066285,2882380.4678600035,7168117306324250.0,2525123280720582.5,1.0,1.0,0.03179229335674899,19755,1234.6875,1236.4875,1132.7274999999995,10.359615660100523,250.0,14.976781428541166,1028.01,121,105,()
yj_m,,False,1789407434240,4.440330495685711e-08,1.564654136808455e-08,3.762091904287001e-10,318288098.7192407,2696711.6087102005,7168117306324250.0,2525123280720582.5,1.0,1.0,0.03179229335674899,17314,1082.125,1083.925,1143.9649999999995,9.69229986251973,250.0,14.976781428541166,1028.01,121,105,()
yj_m,,False,1789407434344,4.454148730128758e-08,1.5696745616945592e-08,4.357696038267816e-10,319278605.97378135,3123647.6387608154,7168117306324250.0,2525123280720582.5,1.0,1.0,0.03179229335674899,20141,1258.8125,1260.6125,1147.5249999999996,11.226758353371645,250.0,14.976781428541166,1028.01,121,105,()
yj_m,,False,1789407434449,4.580725310237688e-08,1.6146336715226232e-08,5.609742918056476e-10,328351763.7183228,4021129.5294950535,7168117306324250.0,2525123280720582.5,1.0,1.0,0.03179229335674899,20208,1263.0,1264.8,1180.1349999999995,14.452414214414144,250.0,14.976781428541166,1028.01,121,106,()
yj_m,,False,1789407434554,4.66772002356769e-08,1.6451219725497116e-08,5.185149190447899e-10,334587646.82011795,3716775.7647922775,7168117306324250.0,2525123280720582.5,1.0,1.0,0.03179229335674899,19673,1229.5625,1231.3625,1202.5474999999997,13.358530855786498,250.0,14.976781428541166,1028.01,121,106,()
yj_m,,False,1789407434658,4.666419712180493e-08,1.6446299216946307e-08,5.075461671944888e-10,334494438.9745361,3638150.464825357,7168117306324250.0,2525123280720582.5,1.0,1.0,0.03179229335674899,19193,1199.5625,1201.3625,1202.2124999999996,13.075942246163372,250.0,14.976781428541166,1028.01,121,106,()
yj_m,,False,1789407434763,4.765553899729775e-08,1.679059503606975e-08,3.124755283121495e-10,341600493.82874006,2239861.242297137,7168117306324250.0,2525123280720582.5,1.0,1.0,0.03179229335674899,19616,1226.0,1227.8,1227.7524999999996,8.050325715460216,250.0,14.976781428541166,1028.01,121,106,()
yj_m,,False,1789407434867,4.785359388843722e-08,1.6858393072796686e-08,1.7772245245528006e-10,343020174.52151906,1273935.3871670836,7168117306324250.0,2525123280720582.5,1.0,1.0,0.03179229335674899,19473,1217.0625,1218.8625,1232.8549999999996,4.578674166721192,250.0,14.976781428541166,1028.01,121,106,()
yj_m,,False,1789407434972,4.736044594293462e-08,1.668398410861851e-08,9.129751928034628e-11,339485232.19878376,654431.3279779223,7168117306324250.0,2525123280720582.5,1.0,1.0,0.03179229335674899,19387,1211.6875,1213.4875,1220.1499999999996,2.352103446917248,250.0,14.976781428541166,1028.01,122,106,()
yj_m,,False,1789407435077,4.6663129702009475e-08,1.6439926919194248e-08,2.457734327604908e-10,334486787.58422714,1761732.7968051936,7168117306324250.0,2525123280720582.5,1.0,1.0,0.03179229335674899,18253,1140.8125,1142.6125,1202.1849999999995,6.331875640361235,250.0,14.976781428541166,1028.01,122,106,()
yj_m,,False,1789407435181,4.6960163519637065e-08,1.654573425261991e-08,3.154851793031811e-10,336615960.8329271,2261434.773651946,7168117306324250.0,2525123280720582.5,1.0,1.0,0.03179229335674899,20620,1288.75,1290.55,1209.8374999999996,8.127863533856853,250.0,14.976781428541166,1028.01,122,106,()
yj_m,,False,1789407435286,4.748882743287952e-08,1.6733801098929186e-08,4.025109409626081e-10,340405485.77866936,2885245.6418989236,7168117306324250.0,2525123280720582.5,1.0,1.0,0.03179229335674899,20625,1289.0625,1290.8625,1223.4574999999995,10.369913433823832,250.0,14.976781428541166,1028.01,122,106,()
yj_m,,False,1789407435391,4.7963247012879943e-08,1.6901689895802234e-08,4.3528043119460754e-10,343806180.9805295,3120141.1919503445,7168117306324250.0,2525123280720582.5,1.0,1.0,0.03179229335674899,20482,1280.125,1281.925,1235.6799999999996,11.214155769606556,250.0,14.976781428541166,1028.01,122,106,()
yj_m,,False,1789407435495,4.8578177853228206e-08,1.711816689023644e-08,4.3233426550004575e-10,348214077.3794224,3099022.7306478606,7168117306324250.0,2525123280720582.5,1.0,1.0,0.03179229335674899,20441,1277.5625,1279.3625,1251.5224999999996,11.138253526697982,250.0,14.976781428541166,1028.01,122,107,()
yj_m,,False,1789407435599,4.870966456439626e-08,1.7164182859993146e-08,4.2073210831094614e-10,349156589.54929775,3015857.1069099796,7168117306324250.0,2525123280720582.5,1.0,1.0,0.03179229335674899,17629,1101.8125,1103.6125,1254.9099999999996,10.839346457466888,250.0,14.976781428541166,1028.01,122,107,()
yj_m,,False,1789407435704,4.7342784997227916e-08,1.6688005119231423e-08,5.91675253962277e-10,339358636.46821743,4241197.627650792,7168117306324250.0,2525123280720582.5,1.0,1.0,0.03179229335674899,18462,1153.875,1155.675,1219.6949999999995,15.243364937736024,250.0,14.976781428541166,1028.01,122,107,()
yj_m,,False,1789407435809,4.648671432126887e-08,1.6385617767401314e-08,5.629755883013842e-10,333222221.44043875,4035475.05754123,7168117306324250.0,2525123280720582.5,1.0,1.0,0.03179229335674899,19765,1235.3125,1237.1125,1197.6399999999996,14.503973735669824,250.0,14.976781428541166,1028.01,122,107,()
yj_m,,False,1789407435914,4.6374053013766214e-08,1.634516696419698e-08,5.396443326124301e-10,332414651.9723758,3868233.87985896,7168117306324250.0,2525123280720582.5,1.0,1.0,0.03179229335674899,20309,1269.3125,1271.1125,1194.7374999999995,13.902889200630208,250.0,14.976781428541166,1028.01,122,107,()
yj_m,,False,1789407436018,4.6276432621563235e-08,1.6310043846935465e-08,5.163833047695918e-10,331714897.5495754,3701496.103615815,7168117306324250.0,2525123280720582.5,1.0,1.0,0.03179229335674899,19911,1244.4375,1246.2375,1192.2224999999996,13.303613949788229,250.0,14.976781428541166,1028.01,123,107,()
yj_m,,False,1789407436122,4.7373060904153695e-08,1.6693666857759504e-08,4.280438240598667e-10,339575657.72061676,3068268.3431087383,7168117306324250.0,2525123280720582.5,1.0,1.0,0.03179229335674899,20044,1252.75,1254.55,1220.4749999999995,11.027718627395242,250.0,14.976781428541166,1028.01,123,107,()
yj_m,,False,1789407436227,4.78383588968111e-08,1.6855466104441856e-08,3.3737226961590894e-10,342910968.31438226,2418324.004507681,7168117306324250.0,2525123280720582.5,1.0,1.0,0.03179229335674899,18119,1132.4375,1134.2375,1232.4624999999996,8.691741949977574,250.0,14.976781428541166,1028.01,123,107,()
yj_m,,False,1789407436332,4.742905192433375e-08,1.6712815549300647e-08,4.052238074993294e-10,339977007.9213681,2904691.7874705535,7168117306324250.0,2525123280720582.5,1.0,1.0,0.03179229335674899,18260,1141.25,1143.05,1221.9174999999996,10.43980517658256,250.0,14.976781428541166,1028.01,123,107,()
yj_m,,False,1789407436436,4.63391192750057e-08,1.6330147674412303e-08,4.498640947487662e-10,332164242.834992,3224678.6030625207,7168117306324250.0,2525123280720582.5,1.0,1.0,0.03179229335674899,17970,1123.125,1124.925,1193.8374999999996,11.589875565552893,250.0,14.976781428541166,1028.01,123,107,()
yj_m,,False,1789407436541,4.5933887905383737e-08,1.618612673961814e-08,3.993878923651822e-10,329259496.8413393,2862859.2631992274,7168117306324250.0,2525123280720582.5,1.0,1.0,0.03179229335674899,19907,1244.1875,1245.9875,1183.3974999999996,10.289454146114846,250.0,14.976781428541166,1028.01,123,108,()
yj_m,,False,1789407436646,4.585703368011062e-08,1.6158772409593157e-08,3.875173474028899e-10,328708596.7390948,2777769.804419525,7168117306324250.0,2525123280720582.5,1.0,1.0,0.03179229335674899,19360,1210.0,1211.8,1181.4174999999996,9.983632586638993,250.0,14.976781428541166,1028.01,123,108,()
yj_m,,False,1789407436750,4.5773289745248596e-08,1.6129065599948155e-08,3.7847523824262554e-10,328108310.39031076,2712954.9052621573,7168117306324250.0,2525123280720582.5,1.0,1.0,0.03179229335674899,18351,1146.9375,1148.7375,1179.2599999999995,9.75068018781254,250.0,14.976781428541166,1028.01,123,108,()
yj_m,,False,1789407436855,4.6372888555807534e-08,1.634033265448211e-08,3.82892214261759e-10,332406305.0011297,2744616.307506528,7168117306324250.0,2525123280720582.5,1.0,1.0,0.03179229335674899,20212,1263.25,1265.05,1194.7074999999995,9.864475005037015,250.0,14.976781428541166,1028.01,123,108,()
yj_m,,False,1789407436959,4.75638379330514e-08,1.6759260117693284e-08,3.604486806358856e-10,340943169.84310746,2583738.425707832,7168117306324250.0,2525123280720582.5,1.0,1.0,0.03179229335674899,20326,1270.375,1272.175,1225.3899999999996,9.286260906575908,250.0,14.976781428541166,1028.01,124,108,()
yj_m,,False,1789407437064,4.792646954901817e-08,1.6887386744661258e-08,3.792235321038501e-10,343542555.8053393,2718318.7634390146,7168117306324250.0,2525123280720582.5,1.0,1.0,0.03179229335674899,19890,1243.125,1244.925,1234.7324999999996,9.769958527291708,250.0,14.976781428541166,1028.01,124,108,()
yj_m,,False,1789407437168,4.8264065318873255e-08,1.700651373854837e-08,3.894630560329778e-10,345962481.8857793,2791716.872123918,7168117306324250.0,2525123280720582.5,1.0,1.0,0.03179229335674899,20630,1289.375,1291.175,1243.4299999999996,10.033759994388944,250.0,14.976781428541166,1028.01,124,108,()
yj_m,,False,1789407437273,4.9074916210770074e-08,1.7288603150482943e-08,1.7736903842660894e-10,351774756.1968333,1271402.073951866,7168117306324250.0,2525123280720582.5,1.0,1.0,0.03179229335674899,19799,1237.4375,1239.2375,1264.3199999999995,4.569569139973702,250.0,14.976781428541166,1028.01,124,108,()
yj_m,,False,1789407437378,4.889985936431461e-08,1.7227170069565857e-08,1.9855838508959754e-10,350519928.1861654,1423289.7964765388,7168117306324250.0,2525123280720582.5,1.0,1.0,0.03179229335674899,19325,1207.8125,1209.6125,1259.8099999999995,5.115471544735636,250.0,14.976781428541166,1028.01,124,108,()
yj_m,,False,1789407437482,4.838672155718795e-08,1.704657416362205e-08,2.1150936909133916e-10,346841696.19037145,1516123.9690333514,7168117306324250.0,2525123280720582.5,1.0,1.0,0.03179229335674899,19741,1233.8125,1235.6125,1246.5899999999995,5.449128519772681,250.0,14.976781428541166,1028.01,124,109,()
yj_m,,False,1789407437587,4.815305366014539e-08,1.696393425762418e-08,1.829780059278924e-10,345166737.29364836,1311607.8109684244,7168117306324250.0,2525123280720582.5,1.0,1.0,0.03179229335674899,19744,1234.0,1235.8,1240.5699999999995,4.71407330500916,250.0,14.976781428541166,1028.01,124,109,()
yj_m,,False,1789407437692,4.782943138579453e-08,1.6849286608520092e-08,1.0736992517138566e-10,342846974.8681619,769640.21879975,7168117306324250.0,2525123280720582.5,1.0,1.0,0.03179229335674899,19667,1229.1875,1230.9875,1232.2324999999996,2.766177800684548,250.0,14.976781428541166,1028.01,124,109,()
yj_m,,False,1789407437796,4.753065088122891e-08,1.674400339779266e-08,1.0201019204722856e-10,340705281.1625928,731221.0230351986,7168117306324250.0,2525123280720582.5,1.0,1.0,0.03179229335674899,19157,1197.3125,1199.1125,1224.5349999999996,2.6280946758060297,250.0,14.976781428541166,1028.01,124,109,()
yj_m,,False,1789407437901,4.787009037618523e-08,1.686404443893279e-08,1.6187594307226075e-10,343138423.2808392,1160345.7490138297,7168117306324250.0,2525123280720582.5,1.0,1.0,0.03179229335674899,20392,1274.5,1276.3,1233.2799999999995,4.170419598193928,250.0,14.976781428541166,1028.01,124,109,()
yj_m,,False,1789407438005,4.835644565026218e-08,1.7035986338849754e-08,2.1759885539257666e-10,346624674.9379721,1559774.1211758726,7168117306324250.0,2525123280720582.5,1.0,1.0,0.03179229335674899,20470,1279.375,1281.175,1245.8099999999995,5.606012319376403,250.0,14.976781428541166,1028.01,125,109,()
yj_m,,False,1789407438110,4.8312681438648305e-08,1.702081882164438e-08,2.3621004776575996e-10,346310967.9353052,1693181.331317417,7168117306324250.0,2525123280720582.5,1.0,1.0,0.03179229335674899,19153,1197.0625,1198.8625,1244.6824999999997,6.0854935810499375,250.0,14.976781428541166,1028.01,125,109,()
yj_m,,False,1789407438214,4.7914339778615224e-08,1.6881689147800717e-08,3.093087813249763e-10,343455608.1881921,2217161.62841363,7168117306324250.0,2525123280720582.5,1.0,1.0,0.03179229335674899,18908,1181.75,1183.55,1234.4199999999996,7.968740623523895,250.0,14.976781428541166,1028.01,125,109,()
yj_m,,False,1789407438319,4.772899688685805e-08,1.6816988787534564e-08,3.393634862566674e-10,342127048.59818333,2432597.278970947,7168117306324250.0,2525123280720582.5,1.0,1.0,0.03179229335674899,18880,1180.0,1181.8,1229.6449999999995,8.743041783326898,250.0,14.976781428541166,1028.01,125,109,()
yj_m,,False,1789407438423,4.6898544285990056e-08,1.652374422461392e-08,3.000614971300663e-10,336174266.9378195,2150876.010539597,7168117306324250.0,2525123280720582.5,1.0,1.0,0.03179229335674899,18871,1179.4375,1181.2375,1208.2499999999995,7.7305022880146685,250.0,14.976781428541166,1028.01,125,109,()
yj_m,,False,1789407438528,4.6249747126676725e-08,1.6292937439951387e-08,1.238392150326484e-10,331523612.79185164,887694.0204771396,7168117306324250.0,2525123280720582.5,1.0,1.0,0.03179229335674899,19385,1211.5625,1213.3625,1191.5349999999996,3.1904770999021443,250.0,14.976781428541166,1028.01,125,110,()
yj_m,,False,1789407438633,4.6537271204308396e-08,1.6395037774798786e-08,2.0522058634194218e-10,333584619.10870814,1471045.2365716847,7168117306324250.0,2525123280720582.5,1.0,1.0,0.03179229335674899,20022,1251.375,1253.175,1198.9424999999997,5.287110233861216,250.0,14.976781428541166,1028.01,125,110,()
yj_m,,False,1789407438737,4.7018871608387384e-08,1.65650619412587e-08,2.341195765300574e-10,337036787.29991937,1678196.5882744084,7168117306324250.0,2525123280720582.5,1.0,1.0,0.03179229335674899,20116,1257.25,1259.05,1211.3499999999995,6.031636645637733,250.0,14.976781428541166,1028.01,125,110,()
yj_m,,False,1789407438842,4.733162560845719e-08,1.6674992758058207e-08,2.1692363288522536e-10,339278644.66044205,1554934.0470353109,7168117306324250.0,2525123280720582.5,1.0,1.0,0.03179229335674899,19237,1202.3125,1204.1125,1219.4074999999996,5.588616521555223,250.0,14.976781428541166,1028.01,125,110,()
yj_m,,False,1789407438946,4.767349105749412e-08,1.6794895461822012e-08,1.72343391098302e-10,341729176.3021178,1235377.6443623481,7168117306324250.0,2525123280720582.5,1.0,1.0,0.03179229335674899,19877,1242.3125,1244.1125,1228.2149999999995,4.440093087425082,250.0,14.976781428541166,1028.01,126,110,()
yj_m,,False,1789407439051,4.814849286647389e-08,1.6962226786343698e-08,1.7336966151551537e-10,345134044.9896011,1242734.0711009412,7168117306324250.0,2525123280720582.5,1.0,1.0,0.03179229335674899,20369,1273.0625,1274.8625,1240.4524999999996,4.466532953533422,250.0,14.976781428541166,1028.01,126,110,()
yj_m,,False,1789407439156,4.833247722394594e-08,1.7027373100649425e-08,2.0381788111362418e-10,346452866.4464894,1460990.4809489136,7168117306324250.0,2525123280720582.5,1.0,1.0,0.03179229335674899,20089,1255.5625,1257.3625,1245.1924999999997,5.250972255211409,250.0,14.976781428541166,1028.01,126,110,()
yj_m,,False,1789407439260,4.806960083977305e-08,1.693510418387227e-08,2.2947772160427497e-10,344568537.6876759,1644923.227647457,7168117306324250.0,2525123280720582.5,1.0,1.0,0.03179229335674899,19408,1213.0,1214.8,1238.4199999999996,5.912048259698157,250.0,14.976781428541166,1028.01,126,110,()
yj_m,,False,1789407439365,4.868132942073495e-08,1.7150418325918038e-08,2.171234559609348e-10,348953479.91564196,1556366.4022825079,7168117306324250.0,2525123280720582.5,1.0,1.0,0.03179229335674899,20352,1272.0,1273.8,1254.1799999999996,5.593764575400004,250.0,14.976781428541166,1028.01,126,110,()
yj_m,,False,1789407439470,4.88813250751389e-08,1.722071898223989e-08,2.0517651431772672e-10,350387072.2271645,1470729.3231321853,7168117306324250.0,2525123280720582.5,1.0,1.0,0.03179229335674899,20532,1283.25,1285.05,1259.3324999999995,5.285974803666775,250.0,14.976781428541166,1028.01,126,111,()
yj_m,,False,1789407439574,4.829754348518542e-08,1.701777711494511e-08,3.6571387248675405e-10,346202457.3091055,2621479.938535162,7168117306324250.0,2525123280720582.5,1.0,1.0,0.03179229335674899,17803,1112.6875,1114.4875,1244.2924999999996,9.421908358979087,250.0,14.976781428541166,1028.01,126,111,()
yj_m,,False,1789407439679,4.7122799481199904e-08,1.6608240821366922e-08,5.225491868239711e-10,337781754.4836363,3745693.869478572,7168117306324250.0,2525123280720582.5,1.0,1.0,0.03179229335674899,17565,1097.8125,1099.6125,1214.0274999999995,13.462465937747064,250.0,14.976781428541166,1028.01,126,111,()
yj_m,,False,1789407439783,4.6225293509544365e-08,1.6294154858281075e-08,5.793365586070686e-10,331348326.3956829,4152752.4119376633,7168117306324250.0,2525123280720582.5,1.0,1.0,0.03179229335674899,17943,1121.4375,1123.2375,1190.9049999999995,14.925482391701784,250.0,14.976781428541166,1028.01,126,111,()
yj_m,,False,1789407439888,4.4863654003190104e-08,1.5812401166841253e-08,5.096512001948854e-10,321587934.68521017,3653239.5883058826,7168117306324250.0,2525123280720582.5,1.0,1.0,0.03179229335674899,17652,1103.25,1105.05,1155.8249999999996,13.13017433718989,250.0,14.976781428541166,1028.01,126,111,()
yj_m,,False,1789407439993,4.374936477489293e-08,1.541380655807287e-08,2.5762735658407545e-10,313600578.7836025,1846703.1133128796,7168117306324250.0,2525123280720582.5,1.0,1.0,0.03179229335674899,18070,1129.375,1131.175,1127.1174999999996,6.63726898844698,250.0,14.976781428541166,1028.01,127,111,()
yj_m,,False,1789407440097,4.327727411080987e-08,1.524583806200331e-08,1.2207365219119172e-10,310216577.5242346,875038.2589178904,7168117306324250.0,2525123280720582.5,1.0,1.0,0.03179229335674899,17478,1092.375,1094.175,1114.9549999999995,3.1449907988736623,250.0,14.976781428541166,1028.01,127,111,()
yj_m,,False,1789407440202,4.345650359828396e-08,1.53091342038403e-08,1.4079399024981253e-10,311501315.5152012,1009227.8381361252,7168117306324250.0,2525123280720582.5,1.0,1.0,0.03179229335674899,17819,1113.6875,1115.4875,1119.5724999999995,3.6272839873657534,250.0,14.976781428541166,1028.01,127,111,()
yj_m,,False,1789407440307,4.3213325961245486e-08,1.5223411102444604e-08,1.3389990693510967e-10,309758189.6866348,959810.2402167658,7168117306324250.0,2525123280720582.5,1.0,1.0,0.03179229335674899,17452,1090.75,1092.55,1113.3074999999997,3.4496713068059113,250.0,14.976781428541166,1028.01,127,111,()
yj_m,,False,1789407440411,4.323525658613404e-08,1.523117106811414e-08,1.377939136467923e-10,309915390.9784368,987722.9371177206,7168117306324250.0,2525123280720582.5,1.0,1.0,0.03179229335674899,17350,1084.375,1086.175,1113.8724999999995,3.54999283449981,250.0,14.976781428541166,1028.01,127,111,()
yj_m,,False,1789407440516,4.2979949178692624e-08,1.514125785277224e-08,1.4003922723467338e-10,308085317.5327232,1003817.6083051347,7168117306324250.0,2525123280720582.5,1.0,1.0,0.03179229335674899,17821,1113.8125,1115.6125,1107.2949999999996,3.6078389826875594,250.0,14.976781428541166,1028.01,127,112,()
yj_m,,False,1789407440620,4.381845594710818e-08,1.543980152099226e-08,3.429490505390944e-10,314095832.41087276,2458299.0243567564,7168117306324250.0,2525123280720582.5,1.0,1.0,0.03179229335674899,19815,1238.4375,1240.2375,1128.8974999999996,8.835416890277449,250.0,14.976781428541166,1028.01,127,112,()
yj_m,,False,1789407440724,4.5313717004221384e-08,1.5975781321831297e-08,6.456293308562103e-10,324814039.0718388,4627946.779980947,7168117306324250.0,2525123280720582.5,1.0,1.0,0.03179229335674899,20687,1292.9375,1294.7375,1167.4199999999996,16.63338704608896,250.0,14.976781428541166,1028.01,127,112,()
yj_m,,False,1789407440829,4.664100500079448e-08,1.6443288316141544e-08,6.535373506654412e-10,334328195.13055074,4684632.39363425,7168117306324250.0,2525123280720582.5,1.0,1.0,0.03179229335674899,19503,1218.9375,1220.7375,1201.6149999999996,16.837121833169707,250.0,14.976781428541166,1028.01,127,112,()
yj_m,,False,1789407440934,4.741207024576961e-08,1.6711148304523476e-08,5.552867201077291e-10,339855281.25736207,3980360.348376246,7168117306324250.0,2525123280720582.5,1.0,1.0,0.03179229335674899,20323,1270.1875,1271.9875,1221.4799999999996,14.305884964761878,250.0,14.976781428541166,1028.01,128,112,()
yj_m,,False,1789407441038,4.882979781046713e-08,1.720505815674065e-08,3.5742715608353714e-10,350017718.74952334,2562079.7832726645,7168117306324250.0,2525123280720582.5,1.0,1.0,0.03179229335674899,20761,1297.5625,1299.3625,1258.0049999999997,9.208417188909287,250.0,14.976781428541166,1028.01,128,112,()
yj_m,,False,1789407441143,4.9342935617593794e-08,1.738540312866336e-08,3.3842710860557743e-10,353695950.7453172,2425885.214124915,7168117306324250.0,2525123280720582.5,1.0,1.0,0.03179229335674899,20494,1280.875,1282.675,1271.2249999999995,8.718917829925914,250.0,14.976781428541166,1028.01,128,112,()
yj_m,,False,1789407441248,4.863620667483595e-08,1.713717844162697e-08,3.7163136942186826e-10,348630034.7798545,2663897.2507258723,7168117306324250.0,2525123280720582.5,1.0,1.0,0.03179229335674899,18810,1175.625,1177.425,1253.0174999999995,9.574361186261985,250.0,14.976781428541166,1028.01,128,112,()
yj_m,,False,1789407441353,4.7575288436311786e-08,1.6769108804624976e-08,5.700398999274816e-10,341025248.39369434,4086112.871965523,7168117306324250.0,2525123280720582.5,1.0,1.0,0.03179229335674899,17430,1089.375,1091.175,1225.6849999999995,14.685972018392244,250.0,14.976781428541166,1028.01,128,112,()
yj_m,,False,1789407441457,4.669127076934433e-08,1.6461164437933127e-08,6.581280829226881e-10,334688506.05600864,4717539.300976118,7168117306324250.0,2525123280720582.5,1.0,1.0,0.03179229335674899,18518,1157.375,1159.175,1202.9099999999996,16.955393142743695,250.0,14.976781428541166,1028.01,128,113,()
yj_m,,False,1789407441561,4.4854920568499974e-08,1.5812028189343917e-08,5.875236997202057e-10,321525332.4008642,4211438.79984006,7168117306324250.0,2525123280720582.5,1.0,1.0,0.03179229335674899,16931,1058.1875,1059.9875,1155.5999999999995,15.136408197620732,250.0,14.976781428541166,1028.01,128,113,()
yj_m,,False,1789407441666,4.396847694745194e-08,1.5493754827550525e-08,3.9020820965784034e-10,315171200.53974897,2797058.220718167,7168117306324250.0,2525123280720582.5,1.0,1.0,0.03179229335674899,18650,1165.625,1167.425,1132.7624999999996,10.052957431771011,250.0,14.976781428541166,1028.01,128,113,()
yj_m,,False,1789407441771,4.320536883186116e-08,1.5223624193794637e-08,3.3128626917428006e-10,309701152.0497862,2374698.8394157486,7168117306324250.0,2525123280720582.5,1.0,1.0,0.03179229335674899,16997,1062.3125,1064.1125,1113.1024999999995,8.534947956783334,250.0,14.976781428541166,1028.01,128,113,()
yj_m,,False,1789407441875,4.299557232297163e-08,1.515033951526506e-08,3.5780356860742756e-10,308197306.0636087,2564777.9523994764,7168117306324250.0,2525123280720582.5,1.0,1.0,0.03179229335674899,17007,1062.9375,1064.7375,1107.6974999999995,9.218114727263922,250.0,14.976781428541166,1028.01,128,113,()
yj_m,,False,1789407441980,4.2584033472740126e-08,1.500527322583227e-08,3.521512074221437e-10,305247347.30903953,2524261.1643656455,7168117306324250.0,2525123280720582.5,1.0,1.0,0.03179229335674899,17359,1084.9375,1086.7375,1097.0949999999996,9.072492608153505,250.0,14.976781428541166,1028.01,129,113,()
yj_m,,False,1789407442084,4.304739070213306e-08,1.516901939293233e-08,3.7562430818149617e-10,308568746.28406143,2692519.1041518557,7168117306324250.0,2525123280720582.5,1.0,1.0,0.03179229335674899,18871,1179.4375,1181.2375,1109.0324999999996,9.677231506221188,250.0,14.976781428541166,1028.01,129,113,()
yj_m,,False,1789407442189,4.378798596385595e-08,1.5438013936872478e-08,6.274336244576213e-10,313877419.9965991,4497517.822044426,7168117306324250.0,2525123280720582.5,1.0,1.0,0.03179229335674899,20920,1307.5,1309.3,1128.1124999999995,16.164609974416333,250.0,14.976781428541166,1028.01,129,113,()
yj_m,,False,1789407442294,4.5618222760417214e-08,1.6089742846029667e-08,7.968464637551455e-10,326996772.05270135,5711888.927326541,7168117306324250.0,2525123280720582.5,1.0,1.0,0.03179229335674899,20792,1299.5,1301.3,1175.2649999999996,20.529203080611783,250.0,14.976781428541166,1028.01,129,113,()
yj_m,,False,1789407442398,4.744729509901979e-08,1.6731015147606652e-08,7.47048175104718e-10,340107777.13755745,5354928.952626076,7168117306324250.0,2525123280720582.5,1.0,1.0,0.03179229335674899,20678,1292.375,1294.175,1222.3874999999996,19.2462467932062,250.0,14.976781428541166,1028.01,129,113,()
yj_m,,False,1789407442503,4.9417752041439234e-08,1.741435231953276e-08,4.5280020322098686e-10,354232243.647881,3245724.97301549,7168117306324250.0,2525123280720582.5,1.0,1.0,0.03179229335674899,20343,1271.4375,1273.2375,1273.1524999999995,11.665518703641087,250.0,14.976781428541166,1028.01,129,114,()
yj_m,,False,1789407442607,4.9898382063885975e-08,1.7580366205620352e-08,3.0172510782642204e-10,357677456.0297205,2162800.967163122,7168117306324250.0,2525123280720582.5,1.0,1.0,0.03179229335674899,18488,1155.5,1157.3,1285.5349999999996,7.773361989834257,250.0,14.976781428541166,1028.01,129,114,()
yj_m,,False,1789407442712,4.847376478959955e-08,1.708692202007071e-08,6.129411469744121e-10,347465632.29101956,4393634.0433855215,7168117306324250.0,2525123280720582.5,1.0,1.0,0.03179229335674899,18321,1145.0625,1146.8625,1248.8324999999995,15.791239410666915,250.0,14.976781428541166,1028.01,129,114,()
yj_m,,False,1789407442817,4.7872031139449694e-08,1.6873560430448785e-08,5.693787035486864e-10,343152334.89958274,4081373.338759805,7168117306324250.0,2525123280720582.5,1.0,1.0,0.03179229335674899,19908,1244.25,1246.05,1233.3299999999995,14.668937576559527,250.0,14.976781428541166,1028.01,129,114,()
yj_m,,False,1789407442921,4.7569951337334494e-08,1.67658161710863e-08,5.268232665781126e-10,340986991.44214964,3776330.974532845,7168117306324250.0,2525123280720582.5,1.0,1.0,0.03179229335674899,20616,1288.5,1290.3,1225.5474999999997,13.572579309954317,250.0,14.976781428541166,1028.01,130,114,()
yj_m,,False,1789407443026,4.777683670132731e-08,1.6839985883286688e-08,5.676192514641413e-10,342469970.0002118,4068761.379822929,7168117306324250.0,2525123280720582.5,1.0,1.0,0.03179229335674899,20966,1310.375,1312.175,1230.8774999999996,14.623608707326655,250.0,14.976781428541166,1028.01,130,114,()
yj_m,,False,1789407443131,4.868307610767297e-08,1.7159375665336607e-08,5.773757868506579e-10,348966000.37251115,4138697.369976785,7168117306324250.0,2525123280720582.5,1.0,1.0,0.03179229335674899,21044,1315.25,1317.05,1254.2249999999995,14.874966911727904,250.0,14.976781428541166,1028.01,130,114,()
yj_m,,False,1789407443235,5.0179016431928756e-08,1.7678265292067713e-08,2.3998494511819536e-10,359689076.1000374,1720240.2383590117,7168117306324250.0,2525123280720582.5,1.0,1.0,0.03179229335674899,20975,1310.9375,1312.7375,1292.7649999999996,6.1827464872013,250.0,14.976781428541166,1028.01,130,114,()
yj_m,,False,1789407443340,5.067012657600365e-08,1.7850239788771713e-08,1.46281068694787e-10,363209411.223092,1048559.8600987075,7168117306324250.0,2525123280720582.5,1.0,1.0,0.03179229335674899,20682,1292.625,1294.425,1305.4174999999996,3.7686479173570993,250.0,14.976781428541166,1028.01,130,114,()
yj_m,,False,1789407443444,5.046052414344056e-08,1.7776962766637264e-08,2.030203671399656e-10,361706956.39878887,1455273.8072322875,7168117306324250.0,2525123280720582.5,1.0,1.0,0.03179229335674899,19601,1225.0625,1226.8625,1300.0174999999995,5.230425855033221,250.0,14.976781428541166,1028.01,130,115,()
yj_m,,False,1789407443549,4.906463016546836e-08,1.7292760524602267e-08,5.481765660640328e-10,351701024.61749256,3929393.930124995,7168117306324250.0,2525123280720582.5,1.0,1.0,0.03179229335674899,17379,1086.1875,1087.9875,1264.0549999999996,14.122705641094417,250.0,14.976781428541166,1028.01,130,115,()
yj_m,,False,1789407443654,4.80213728726509e-08,1.6926760605557036e-08,5.875558091718473e-10,344222833.96189874,4211668.964156074,7168117306324250.0,2525123280720582.5,1.0,1.0,0.03179229335674899,19588,1224.25,1226.05,1237.1774999999996,15.137235435342875,250.0,14.976781428541166,1028.01,130,115,()
yj_m,,False,1789407443758,4.675871229278476e-08,1.648152310342313e-08,5.671887086940282e-10,335171934.8073469,4065675.1987413694,7168117306324250.0,2525123280720582.5,1.0,1.0,0.03179229335674899,17500,1093.75,1095.55,1204.6474999999996,14.612516608202709,250.0,14.976781428541166,1028.01,130,115,()
yj_m,,False,1789407443863,4.577076675300479e-08,1.6129245805161654e-08,4.215664379008975e-10,328090225.2859441,3021837.6792828916,7168117306324250.0,2525123280720582.5,1.0,1.0,0.03179229335674899,19768,1235.5,1237.3,1179.1949999999995,10.860841340568419,250.0,14.976781428541166,1028.01,130,115,()
yj_m,,False,1789407443967,4.5823555513798454e-08,1.614791477487163e-08,4.2459465355458996e-10,328468621.31576866,3043544.2843174073,7168117306324250.0,2525123280720582.5,1.0,1.0,0.03179229335674899,19904,1244.0,1245.8,1180.5549999999996,10.938857441478977,250.0,14.976781428541166,1028.01,131,115,()
yj_m,,False,1789407444072,4.6817517419698305e-08,1.649658251570603e-08,3.6805922286451696e-10,335593456.85527635,2638291.6851674016,7168117306324250.0,2525123280720582.5,1.0,1.0,0.03179229335674899,19921,1245.0625,1246.8625,1206.1624999999995,9.482331760964703,250.0,14.976781428541166,1028.01,131,115,()
yj_m,,False,1789407444177,4.716006213587778e-08,1.6617242795818827e-08,3.690226045188413e-10,338048857.56351244,2645197.317876354,7168117306324250.0,2525123280720582.5,1.0,1.0,0.03179229335674899,19892,1243.25,1245.05,1214.9874999999995,9.50715142011528,250.0,14.976781428541166,1028.01,131,115,()
yj_m,,False,1789407444281,4.7886586863933244e-08,1.686984536362727e-08,1.608251961920807e-10,343256672.04015934,1152813.872117443,7168117306324250.0,2525123280720582.5,1.0,1.0,0.03179229335674899,19603,1225.1875,1226.9875,1233.7049999999995,4.143349143506977,250.0,14.976781428541166,1028.01,131,115,()
yj_m,,False,1789407444386,4.8072026793853655e-08,1.6934525625770968e-08,6.4195885662185e-11,344585927.21110535,460163.6390099248,7168117306324250.0,2525123280720582.5,1.0,1.0,0.03179229335674899,19692,1230.75,1232.55,1238.4824999999996,1.6538824398971046,250.0,14.976781428541166,1028.01,131,115,()
yj_m,,False,1789407444491,4.7916862770859037e-08,1.687991532789029e-08,7.603294359407635e-11,343473693.2925587,545013.0588274758,7168117306324250.0,2525123280720582.5,1.0,1.0,0.03179229335674899,19506,1219.125,1220.925,1234.4849999999997,1.9588412710069183,250.0,14.976781428541166,1028.01,131,116,()
yj_m,,False,1789407444595,4.7789742777036054e-08,1.6835088892406815e-08,6.501822409599215e-11,342562482.26485634,466058.25736894936,7168117306324250.0,2525123280720582.5,1.0,1.0,0.03179229335674899,19651,1228.1875,1229.9875,1231.2099999999996,1.6750683941260427,250.0,14.976781428541166,1028.01,131,116,()
yj_m,,False,1789407444699,4.802020841469222e-08,1.6916895511705257e-08,1.5883747288375807e-10,344214486.9906526,1138565.6382708736,7168117306324250.0,2525123280720582.5,1.0,1.0,0.03179229335674899,20625,1289.0625,1290.8625,1237.1474999999996,4.09213930909005,250.0,14.976781428541166,1028.01,131,116,()
yj_m,,False,1789407444804,4.852558316876099e-08,1.70954420441713e-08,2.0781159672661023e-10,347837072.5114723,1489617.9029508901,7168117306324250.0,2525123280720582.5,1.0,1.0,0.03179229335674899,20567,1285.4375,1287.2375,1250.1674999999996,5.353862589290091,250.0,14.976781428541166,1028.01,131,116,()
yj_m,,False,1789407444909,4.900194351202588e-08,1.7263502837059705e-08,2.2876209425455054e-10,351251679.332076,1639793.5268570252,7168117306324250.0,2525123280720582.5,1.0,1.0,0.03179229335674899,20746,1296.625,1298.425,1262.4399999999996,5.893611509507561,250.0,14.976781428541166,1028.01,131,116,()
yj_m,,False,1789407445014,4.9209217028671596e-08,1.7336186298604174e-08,2.0249551193040947e-10,352737440.2138868,1451511.5835213596,7168117306324250.0,2525123280720582.5,1.0,1.0,0.03179229335674899,19618,1226.125,1227.925,1267.7799999999995,5.216903978893995,250.0,14.976781428541166,1028.01,132,116,()
yj_m,,False,1789407445118,4.912731681891084e-08,1.7307603364446104e-08,2.2409598392867112e-10,352150369.90290916,1606346.3006768725,7168117306324250.0,2525123280720582.5,1.0,1.0,0.03179229335674899,19523,1220.1875,1221.9875,1265.6699999999996,5.773398230245338,250.0,14.976781428541166,1028.01,132,116,()
yj_m,,False,1789407445222,4.8586426097102215e-08,1.7117330394585583e-08,2.4252948030027375e-10,348273201.75908256,1738479.7650342197,7168117306324250.0,2525123280720582.5,1.0,1.0,0.03179229335674899,19540,1221.25,1223.05,1251.7349999999997,6.248301499207606,250.0,14.976781428541166,1028.01,132,116,()
yj_m,,False,1789407445327,4.82191366493007e-08,1.6987615517606428e-08,2.1722899714771646e-10,345640427.9118662,1557122.9338900081,7168117306324250.0,2525123280720582.5,1.0,1.0,0.03179229335674899,19781,1236.3125,1238.1125,1242.2724999999996,5.596483639304236,250.0,14.976781428541166,1028.01,132,116,()
yj_m,,False,1789407445432,4.7670094721781285e-08,1.6792967234054394e-08,7.156504077778963e-11,341704830.96931666,512986.60732707486,7168117306324250.0,2525123280720582.5,1.0,1.0,0.03179229335674899,19651,1228.1875,1229.9875,1228.1274999999996,1.8437344236630175,250.0,14.976781428541166,1028.01,132,116,()
yj_m,,False,1789407445536,4.760401173262598e-08,1.676960750928762e-08,4.9113247135654466e-11,341231140.3510989,352049.5167628672,7168117306324250.0,2525123280720582.5,1.0,1.0,0.03179229335674899,19506,1219.125,1220.925,1226.4249999999995,1.2653075219091998,250.0,14.976781428541166,1028.01,132,117,()
yj_m,,False,1789407445641,4.771851676522989e-08,1.680999516686563e-08,6.423255751671503e-11,342051925.85696816,460426.50716503395,7168117306324250.0,2525123280720582.5,1.0,1.0,0.03179229335674899,19934,1245.875,1247.675,1229.3749999999995,1.6548272190775688,250.0,14.976781428541166,1028.01,132,117,()
yj_m,,False,1789407445746,4.8000509667557816e-08,1.6909502204723037e-08,9.932246663378714e-11,344073284.0604056,711955.091984467,7168117306324250.0,2525123280720582.5,1.0,1.0,0.03179229335674899,20043,1252.6875,1254.4875,1236.6399999999996,2.558850645309335,250.0,14.976781428541166,1028.01,132,117,()
yj_m,,False,1789407445850,4.799556072123341e-08,1.690775421956503e-08,9.85289833775017e-11,344037809.43260956,706267.3109228073,7168117306324250.0,2525123280720582.5,1.0,1.0,0.03179229335674899,19686,1230.375,1232.175,1236.5124999999996,2.5384080887438096,250.0,14.976781428541166,1028.01,132,117,()
yj_m,,False,1789407445955,4.72938777629632e-08,1.6664209861095636e-08,3.6168965027281317e-10,339008063.67588,2592633.841638917,7168117306324250.0,2525123280720582.5,1.0,1.0,0.03179229335674899,17497,1093.5625,1095.3625,1218.4349999999995,9.31823208151632,250.0,14.976781428541166,1028.01,133,117,()
yj_m,,False,1789407446059,4.639559548600186e-08,1.635144217586102e-08,4.983888484092058e-10,332569070.9404292,3572509.7295610406,7168117306324250.0,2525123280720582.5,1.0,1.0,0.03179229335674899,18428,1151.75,1153.55,1195.2924999999996,12.840021694880427,250.0,14.976781428541166,1028.01,133,117,()
yj_m,,False,1789407446163,4.6320390909503545e-08,1.632467461276728e-08,4.888822258392939e-10,332029995.71411675,3504365.1437929664,7168117306324250.0,2525123280720582.5,1.0,1.0,0.03179229335674899,19699,1231.1875,1232.9875,1193.3549999999996,12.595102009312987,250.0,14.976781428541166,1028.01,133,117,()
yj_m,,False,1789407446268,4.615649345181879e-08,1.626612775387202e-08,4.602104018160532e-10,330855159.51122415,3298842.145808088,7168117306324250.0,2525123280720582.5,1.0,1.0,0.03179229335674899,19666,1229.125,1230.925,1189.1324999999995,11.856428093021945,250.0,14.976781428541166,1028.01,133,117,()
yj_m,,False,1789407446373,4.620928221261247e-08,1.6284845544998872e-08,4.6476154848180473e-10,331233555.54104865,3331465.298986488,7168117306324250.0,2525123280720582.5,1.0,1.0,0.03179229335674899,19550,1221.875,1223.675,1190.4924999999996,11.973679556635881,250.0,14.976781428541166,1028.01,133,117,()
yj_m,,False,1789407446478,4.638812354743364e-08,1.6346700202167648e-08,4.235206204754412e-10,332515511.2082665,3035845.489215197,7168117306324250.0,2525123280720582.5,1.0,1.0,0.03179229335674899,17762,1110.125,1111.925,1195.0999999999995,10.911187063055971,250.0,14.976781428541166,1028.01,133,118,()
yj_m,,False,1789407446582,4.602947049615903e-08,1.6220983692679614e-08,4.453258768853855e-10,329944644.064459,3192148.1250561588,7168117306324250.0,2525123280720582.5,1.0,1.0,0.03179229335674899,17744,1109.0,1110.8,1185.8599999999997,11.472957187447358,250.0,14.976781428541166,1028.01,133,118,()
yj_m,,False,1789407446687,4.5618999065723e-08,1.6075509202922175e-08,4.1030008744661314e-10,327002336.70019877,2941079.157612421,7168117306324250.0,2525123280720582.5,1.0,1.0,0.03179229335674899,19475,1217.1875,1218.9875,1175.2849999999996,10.57058568032065,250.0,14.976781428541166,1028.01,133,118,()
yj_m,,False,1789407446792,4.519969716243361e-08,1.5926798570324657e-08,3.6723813499991633e-10,323996731.4706554,2632406.031035145,7168117306324250.0,2525123280720582.5,1.0,1.0,0.03179229335674899,18173,1135.8125,1137.6125,1164.4824999999996,9.461178025224976,250.0,14.976781428541166,1028.01,133,118,()
yj_m,,False,1789407446896,4.43634222717722e-08,1.563071847146962e-08,2.9319821279610794e-10,318002214.95406085,2101679.1833271184,7168117306324250.0,2525123280720582.5,1.0,1.0,0.03179229335674899,17715,1107.1875,1108.9875,1142.9374999999995,7.553683083436847,250.0,14.976781428541166,1028.01,133,118,()
yj_m,,False,1789407447000,4.44397913062292e-08,1.5657575005771e-08,2.9098038341601915e-10,318549637.15161943,2085781.5221652326,7168117306324250.0,2525123280720582.5,1.0,1.0,0.03179229335674899,18276,1142.25,1144.05,1144.9049999999995,7.496545012537442,250.0,14.976781428541166,1028.01,134,118,()
yj_m,,False,1789407447105,4.4466476801115704e-08,1.56669249495943e-08,2.8833155594607017e-10,318740921.9093432,2066794.4161364238,7168117306324250.0,2525123280720582.5,1.0,1.0,0.03179229335674899,17557,1097.3125,1099.1125,1145.5924999999995,7.428303112084213,250.0,14.976781428541166,1028.01,134,118,()
yj_m,,False,1789407447210,4.3891525684015585e-08,1.5463249298048085e-08,2.1657004877894157e-10,314619604.8565673,1552399.5146838159,7168117306324250.0,2525123280720582.5,1.0,1.0,0.03179229335674899,18911,1181.9375,1183.7375,1130.7799999999995,5.579507113088036,250.0,14.976781428541166,1028.01,134,118,()
yj_m,,False,1789407447314,4.405707279047514e-08,1.552197397151475e-08,2.4437439408448466e-10,315806265.9353919,1751704.32345949,7168117306324250.0,2525123280720582.5,1.0,1.0,0.03179229335674899,18585,1161.5625,1163.3625,1135.0449999999996,6.295832123317774,250.0,14.976781428541166,1028.01,134,118,()
yj_m,,False,1789407447419,4.4131792176157344e-08,1.5548170983991087e-08,2.3653484803297154e-10,316341863.2570185,1695509.5377339167,7168117306324250.0,2525123280720582.5,1.0,1.0,0.03179229335674899,18169,1135.5625,1137.3625,1136.9699999999996,6.093861429750433,250.0,14.976781428541166,1028.01,134,118,()
yj_m,,False,1789407447523,4.491624868765732e-08,1.5828126830131912e-08,4.1393462197735105e-10,321964939.5531603,2967131.9274826334,7168117306324250.0,2525123280720582.5,1.0,1.0,0.03179229335674899,20574,1285.875,1287.675,1157.1799999999996,10.664222410705808,250.0,14.976781428541166,1028.01,134,119,()
yj_m,,False,1789407447628,4.620967036526535e-08,1.6285744273789562e-08,4.907380144503889e-10,331236337.86479735,3517667.654253027,7168117306324250.0,2525123280720582.5,1.0,1.0,0.03179229335674899,20538,1283.625,1285.425,1190.5024999999996,12.642912802238255,250.0,14.976781428541166,1028.01,134,119,()
yj_m,,False,1789407447733,4.709776363508821e-08,1.6598735337761144e-08,5.001363683557636e-10,337602294.60184455,3585036.1575331124,7168117306324250.0,2525123280720582.5,1.0,1.0,0.03179229335674899,19347,1209.1875,1210.9875,1213.3824999999995,12.88504315572905,250.0,14.976781428541166,1028.01,134,119,()
yj_m,,False,1789407447837,4.6684381059755457e-08,1.6455992638607096e-08,5.854280004144339e-10,334639119.80946904,4196416.581377505,7168117306324250.0,2525123280720582.5,1.0,1.0,0.03179229335674899,17331,1083.1875,1084.9875,1202.7324999999996,15.08241657112679,250.0,14.976781428541166,1028.01,134,119,()
yj_m,,False,1789407447942,4.701547527267455e-08,1.6571727728802477e-08,5.615401432826262e-10,337012441.9671182,4025185.619259992,7168117306324250.0,2525123280720582.5,1.0,1.0,0.03179229335674899,19330,1208.125,1209.925,1211.2624999999996,14.46699227984172,250.0,14.976781428541166,1028.01,135,119,()
yj_m,,False,1789407448047,4.688709378272966e-08,1.6525648593248557e-08,5.350140739798423e-10,336092188.3872325,3835043.642821953,7168117306324250.0,2525123280720582.5,1.0,1.0,0.03179229335674899,20082,1255.125,1256.925,1207.9549999999995,13.783599570685448,250.0,14.976781428541166,1028.01,135,119,()
yj_m,,False,1789407448151,4.6793257878892384e-08,1.6492021177545064e-08,5.165364899435908e-10,335419561.620982,3702594.1529126307,7168117306324250.0,2525123280720582.5,1.0,1.0,0.03179229335674899,20215,1263.4375,1265.2375,1205.5374999999995,13.307560468583265,250.0,14.976781428541166,1028.01,135,119,()
yj_m,,False,1789407448256,4.691736968965544e-08,1.6535455474101266e-08,5.079705981341843e-10,336309209.63963187,3641192.835589526,7168117306324250.0,2525123280720582.5,1.0,1.0,0.03179229335674899,20145,1259.0625,1260.8625,1208.7349999999997,13.086876885834908,250.0,14.976781428541166,1028.01,135,119,()
yj_m,,False,1789407448360,4.8168191613608286e-08,1.6970707367985714e-08,2.8701918096215263e-10,345275247.9198481,2057387.1583018184,7168117306324250.0,2525123280720582.5,1.0,1.0,0.03179229335674899,19544,1221.5,1223.3,1240.9599999999996,7.39449231692075,250.0,14.976781428541166,1028.01,135,119,()
yj_m,,False,1789407448464,4.791725092351192e-08,1.688324811490147e-08,3.3717994469202895e-10,343476475.61630744,2416945.3968923874,7168117306324250.0,2525123280720582.5,1.0,1.0,0.03179229335674899,18244,1140.25,1142.05,1234.4949999999997,8.686787071466643,250.0,14.976781428541166,1028.01,135,120,()
yj_m,,False,1789407448569,4.662043291019107e-08,1.6432983385070793e-08,5.713232487172007e-10,334180731.9718691,4095312.066635163,7168117306324250.0,2525123280720582.5,1.0,1.0,0.03179229335674899,17265,1079.0625,1080.8625,1201.0849999999996,14.719035009979427,250.0,14.976781428541166,1028.01,135,120,()
yj_m,,False,1789407448674,4.513943646307173e-08,1.591346737489975e-08,6.21254208366583e-10,323564775.70866823,4453223.042619271,7168117306324250.0,2525123280720582.5,1.0,1.0,0.03179229335674899,17201,1075.0625,1076.8625,1162.9299999999996,16.005409308262006,250.0,14.976781428541166,1028.01,135,120,()
yj_m,,False,1789407448779,4.3900453195032167e-08,1.5473479482588776e-08,5.158776037756505e-10,314683598.30278766,3697871.179569325,7168117306324250.0,2525123280720582.5,1.0,1.0,0.03179229335674899,18080,1130.0,1131.8,1131.0099999999995,13.290585544850913,250.0,14.976781428541166,1028.01,135,120,()
yj_m,,False,1789407448883,4.340099776892004e-08,1.5293087610736508e-08,3.564219362454255e-10,311103443.21913576,2554874.2495544343,7168117306324250.0,2525123280720582.5,1.0,1.0,0.03179229335674899,19636,1227.25,1229.05,1118.1424999999995,9.182519650128718,250.0,14.976781428541166,1028.01,135,120,()
yj_m,,False,1789407448988,4.3830779793837594e-08,1.544672978081806e-08,4.444764851104774e-10,314184171.18989426,3186059.585174586,7168117306324250.0,2525123280720582.5,1.0,1.0,0.03179229335674899,18250,1140.625,1142.425,1129.2149999999995,11.451074256374378,250.0,14.976781428541166,1028.01,136,120,()
yj_m,,False,1789407449093,4.398992238152437e-08,1.550215664149726e-08,4.226142585648857e-10,315324923.92686516,3029348.580718351,7168117306324250.0,2525123280720582.5,1.0,1.0,0.03179229335674899,17142,1071.375,1073.175,1133.3149999999996,10.88783640697269,250.0,14.976781428541166,1028.01,136,120,()
yj_m,,False,1789407449197,4.446443899968802e-08,1.5668520529092856e-08,3.9448986282408306e-10,318726314.70966244,2827749.612878787,7168117306324250.0,2525123280720582.5,1.0,1.0,0.03179229335674899,19201,1200.0625,1201.8625,1145.5399999999995,10.16326591824695,250.0,14.976781428541166,1028.01,136,120,()
yj_m,,False,1789407449302,4.5865184885821405e-08,1.6166090701365174e-08,5.42174432388952e-10,328767025.5378177,3886369.93185377,7168117306324250.0,2525123280720582.5,1.0,1.0,0.03179229335674899,20607,1287.9375,1289.7375,1181.6274999999996,13.968072312420206,250.0,14.976781428541166,1028.01,136,120,()
yj_m,,False,1789407449407,4.6289920926251314e-08,1.631798296157078e-08,6.088913465407026e-10,331811583.299843,4364604.598809485,7168117306324250.0,2525123280720582.5,1.0,1.0,0.03179229335674899,18808,1175.5,1177.3,1192.5699999999995,15.686904159999193,250.0,14.976781428541166,1028.01,136,120,()
yj_m,,False,1789407449511,4.647254674943824e-08,1.6381956927213377e-08,6.003489814928576e-10,333120666.62361085,4303371.924073085,7168117306324250.0,2525123280720582.5,1.0,1.0,0.03179229335674899,19616,1226.0,1227.8,1197.2749999999996,15.466826698615332,250.0,14.976781428541166,1028.01,136,121,()
yj_m,,False,1789407449616,4.6936389169647285e-08,1.654183129409333e-08,4.974061384211957e-10,336445543.5033186,3565465.5490888846,7168117306324250.0,2525123280720582.5,1.0,1.0,0.03179229335674899,17817,1113.5625,1115.3625,1209.2249999999995,12.81470407871364,250.0,14.976781428541166,1028.01,136,121,()
yj_m,,False,1789407449720,4.723749859013025e-08,1.6646588235592607e-08,4.529976184523948e-10,338603931.15138,3247140.068552287,7168117306324250.0,2525123280720582.5,1.0,1.0,0.03179229335674899,19503,1218.9375,1220.7375,1216.9824999999996,11.67060472404922,250.0,14.976781428541166,1028.01,136,121,()
yj_m,,False,1789407449824,4.6128061269994264e-08,1.625437647229971e-08,3.9400931683827063e-10,330651354.2966312,2824305.0028814035,7168117306324250.0,2525123280720582.5,1.0,1.0,0.03179229335674899,18127,1132.9375,1134.7375,1188.3999999999996,10.150885583287796,250.0,14.976781428541166,1028.01,136,121,()
yj_m,,False,1789407449929,4.575446434158321e-08,1.6121214328263084e-08,3.2227261538528427e-10,327973367.6884984,2310087.911697636,7168117306324250.0,2525123280720582.5,1.0,1.0,0.03179229335674899,19662,1228.875,1230.675,1178.7749999999996,8.302728655387938,250.0,14.976781428541166,1028.01,137,121,()
yj_m,,False,1789407450034,4.5936896088443676e-08,1.6185904490587897e-08,3.4354122722165545e-10,329281059.85039175,2462543.8162834197,7168117306324250.0,2525123280720582.5,1.0,1.0,0.03179229335674899,19104,1194.0,1195.8,1183.4749999999995,8.850673173550135,250.0,14.976781428541166,1028.01,137,121,()
yj_m,,False,1789407450138,4.5984541826586486e-08,1.6202708827004247e-08,3.4466560433973753e-10,329622590.0905459,2470603.483362379,7168117306324250.0,2525123280720582.5,1.0,1.0,0.03179229335674899,17641,1102.5625,1104.3625,1184.7024999999996,8.879640568457711,250.0,14.976781428541166,1028.01,137,121,()
yj_m,,False,1789407450243,4.484618713380986e-08,1.580295324156502e-08,3.9432957587465663e-10,321462730.1165182,2826600.6572226323,7168117306324250.0,2525123280720582.5,1.0,1.0,0.03179229335674899,17572,1098.25,1100.05,1155.3749999999995,10.159136435987067,250.0,14.976781428541166,1028.01,137,121,()
yj_m,,False,1789407450348,4.4734302131612984e-08,1.5763909826020097e-08,4.0839712382861063e-10,320660725.29595274,2927438.491168913,7168117306324250.0,2525123280720582.5,1.0,1.0,0.03179229335674899,18462,1153.875,1155.675,1152.4924999999996,10.521559514872308,250.0,14.976781428541166,1028.01,137,121,()
yj_m,,False,1789407450453,4.405998393537184e-08,1.5525480500528583e-08,3.6980340247615457e-10,315827133.3635073,2650794.1692269198,7168117306324250.0,2525123280720582.5,1.0,1.0,0.03179229335674899,17224,1076.5,1078.3,1135.1199999999997,9.527267164565083,250.0,14.976781428541166,1028.01,137,122,()
yj_m,,False,1789407450557,4.3014009573984124e-08,1.5154112808427816e-08,2.1350238363875608e-10,308329466.44167244,1530410.1311024476,7168117306324250.0,2525123280720582.5,1.0,1.0,0.03179229335674899,17785,1111.5625,1113.3625,1108.1724999999997,5.5004746726987115,250.0,14.976781428541166,1028.01,137,122,()
yj_m,,False,1789407450661,4.269970296330271e-08,1.5043231267383653e-08,2.0106645786170977e-10,306076479.786155,1441267.9563198364,7168117306324250.0,2525123280720582.5,1.0,1.0,0.03179229335674899,17067,1066.6875,1068.4875,1100.0749999999996,5.180087173494283,250.0,14.976781428541166,1028.01,137,122,()
yj_m,,False,1789407450766,4.27299788702285e-08,1.5054086426117935e-08,2.1487551931602346e-10,306293501.0385543,1540252.9287145997,7168117306324250.0,2525123280720582.5,1.0,1.0,0.03179229335674899,18166,1135.375,1137.175,1100.8549999999996,5.53585084923718,250.0,14.976781428541166,1028.01,137,122,()
yj_m,,False,1789407450871,4.2839437918344765e-08,1.5093051908262006e-08,2.4197237019659907e-10,307078116.3356903,1734486.334458543,7168117306324250.0,2525123280720582.5,1.0,1.0,0.03179229335674899,18984,1186.5,1188.3,1103.6749999999995,6.233948638303015,250.0,14.976781428541166,1028.01,137,122,()
yj_m,,False,1789407450976,4.361748991107199e-08,1.5369811561405385e-08,3.7657466285991053e-10,312655284.28997844,2699331.3579693474,7168117306324250.0,2525123280720582.5,1.0,1.0,0.03179229335674899,20071,1254.4375,1256.2375,1123.7199999999996,9.701715550612684,250.0,14.976781428541166,1028.01,138,122,()
yj_m,,False,1789407451080,4.5061417779839914e-08,1.5884165365199613e-08,5.722969490706837e-10,323005528.6351776,4102291.6649901373,7168117306324250.0,2525123280720582.5,1.0,1.0,0.03179229335674899,20147,1259.1875,1260.9875,1160.9199999999996,14.744120510393287,250.0,14.976781428541166,1028.01,138,122,()
yj_m,,False,1789407451184,4.558212456369802e-08,1.6065603308279427e-08,5.170022557131708e-10,326738015.94407135,3705932.8165862565,7168117306324250.0,2525123280720582.5,1.0,1.0,0.03179229335674899,17459,1091.1875,1092.9875,1174.3349999999996,13.319560019948106,250.0,14.976781428541166,1028.01,138,122,()
yj_m,,False,1789407451289,4.5449764509060956e-08,1.601975117801082e-08,5.397506057133328e-10,325789243.5457614,3868995.6579127335,7168117306324250.0,2525123280720582.5,1.0,1.0,0.03179229335674899,17530,1095.625,1097.425,1170.9249999999995,13.905627120881677,250.0,14.976781428541166,1028.01,138,122,()
yj_m,,False,1789407451394,4.502231140006077e-08,1.5870594531531256e-08,5.777142944810141e-10,322725209.5174951,4141123.8323802566,7168117306324250.0,2525123280720582.5,1.0,1.0,0.03179229335674899,17742,1108.875,1110.675,1159.9124999999995,14.883687904044479,250.0,14.976781428541166,1028.01,138,122,()
yj_m,,False,1789407451498,4.420787009612467e-08,1.5581933187088834e-08,5.224589349317389e-10,316887198.7117655,3745046.933327926,7168117306324250.0,2525123280720582.5,1.0,1.0,0.03179229335674899,17941,1121.3125,1123.1125,1138.9299999999996,13.460140772852265,250.0,14.976781428541166,1028.01,138,123,()
yj_m,,False,1789407451603,4.304040395438094e-08,1.516228306082149e-08,1.0682645136537517e-10,308518664.4565847,765744.534805342,7168117306324250.0,2525123280720582.5,1.0,1.0,0.03179229335674899,17994,1124.625,1126.425,1108.8524999999995,2.7521762525318034,250.0,14.976781428541166,1028.01,138,123,()
yj_m,,False,1789407451708,4.324835673816923e-08,1.523555234595047e-08,1.0898110078980734e-10,310009294.40495574,781189.3146336852,7168117306324250.0,2525123280720582.5,1.0,1.0,0.03179229335674899,17872,1117.0,1118.8,1114.2099999999996,2.8076866144568204,250.0,14.976781428541166,1028.01,138,123,()
yj_m,,False,1789407451812,4.357469608109036e-08,1.535047133711031e-08,1.0347063995613973e-10,312348533.09668326,741689.6849660518,7168117306324250.0,2525123280720582.5,1.0,1.0,0.03179229335674899,18105,1131.5625,1133.3625,1122.6174999999996,2.6657202825878037,250.0,14.976781428541166,1028.01,138,123,()
yj_m,,False,1789407451917,4.4040479264563885e-08,1.5515408195183914e-08,1.932427820718022e-10,315687321.5951346,1385186.9304911303,7168117306324250.0,2525123280720582.5,1.0,1.0,0.03179229335674899,19694,1230.875,1232.675,1134.6174999999996,4.978525346425386,250.0,14.976781428541166,1028.01,139,123,()
yj_m,,False,1789407452021,4.529285379912831e-08,1.5962180120316625e-08,4.658595537271329e-10,324664489.1703456,3339335.929387951,7168117306324250.0,2525123280720582.5,1.0,1.0,0.03179229335674899,20469,1279.3125,1281.1125,1166.8824999999995,12.001967531409175,250.0,14.976781428541166,1028.01,139,123,()
yj_m,,False,1789407452126,4.6682149182001306e-08,1.6453753433569544e-08,5.430410333558894e-10,334623121.44791394,3892581.8292425503,7168117306324250.0,2525123280720582.5,1.0,1.0,0.03179229335674899,20351,1271.9375,1273.7375,1202.6749999999995,13.990398604936173,250.0,14.976781428541166,1028.01,139,123,()
yj_m,,False,1789407452231,4.7115715695284574e-08,1.6604708791093814e-08,4.884569331612128e-10,337730977.0752224,3501316.5959869567,7168117306324250.0,2525123280720582.5,1.0,1.0,0.03179229335674899,18813,1175.8125,1177.6125,1213.8449999999996,12.584145168623891,250.0,14.976781428541166,1028.01,139,123,()
yj_m,,False,1789407452335,4.736985864476731e-08,1.6692779874275927e-08,4.3733019984951376e-10,339552703.5496899,3134834.174119535,7168117306324250.0,2525123280720582.5,1.0,1.0,0.03179229335674899,18271,1141.9375,1143.7375,1220.3924999999995,11.266964081996534,250.0,14.976781428541166,1028.01,139,123,()
yj_m,,False,1789407452440,4.70476919428648e-08,1.6579923164971444e-08,4.5930517239907584e-10,337243374.83826107,3292353.355158059,7168117306324250.0,2525123280720582.5,1.0,1.0,0.03179229335674899,18872,1179.5,1181.3,1212.0924999999995,11.833106613438417,250.0,14.976781428541166,1028.01,139,123,()
yj_m,,False,1789407452544,4.6949586359845696e-08,1.6544828960555825e-08,4.391330504431837e-10,336540142.51077473,3147757.2186607514,7168117306324250.0,2525123280720582.5,1.0,1.0,0.03179229335674899,20424,1276.5,1278.3,1209.5649999999996,11.313411029614368,250.0,14.976781428541166,1028.01,139,124,()
yj_m,,False,1789407452649,4.6682052143838083e-08,1.644960144329197e-08,3.992536076814943e-10,334622425.8669768,2861896.694834113,7168117306324250.0,2525123280720582.5,1.0,1.0,0.03179229335674899,19167,1197.9375,1199.7375,1202.6724999999997,10.285994561781568,250.0,14.976781428541166,1028.01,139,124,()
yj_m,,False,1789407452754,4.701343747124685e-08,1.656578552210724e-08,3.770882379106469e-10,336997834.76743746,2703012.724178624,7168117306324250.0,2525123280720582.5,1.0,1.0,0.03179229335674899,19375,1210.9375,1212.7375,1211.2099999999996,9.714946815345929,250.0,14.976781428541166,1028.01,139,124,()
yj_m,,False,1789407452858,4.732027214336003e-08,1.667272379182763e-08,3.236465178532143e-10,339197261.69079226,2319936.205755205,7168117306324250.0,2525123280720582.5,1.0,1.0,0.03179229335674899,19425,1214.0625,1215.8625,1219.1149999999996,8.33812458680008,250.0,14.976781428541166,1028.01,139,124,()
yj_m,,False,1789407452963,4.74920296922659e-08,1.6731711045049776e-08,2.330801709197538e-10,340428439.94959617,1670746.0069309042,7168117306324250.0,2525123280720582.5,1.0,1.0,0.03179229335674899,18883,1180.1875,1181.9875,1223.5399999999995,6.004858376764601,250.0,14.976781428541166,1028.01,140,124,()
yj_m,,False,1789407453067,4.682566862540909e-08,1.6496144508898477e-08,1.6215451227677605e-10,335651885.6539992,1162342.5657497258,7168117306324250.0,2525123280720582.5,1.0,1.0,0.03179229335674899,18740,1171.25,1173.05,1206.3724999999995,4.177596393262519,250.0,14.976781428541166,1028.01,140,124,()
yj_m,,False,1789407453172,4.66177158416208e-08,1.6422788696324444e-08,1.5130588776369352e-10,334161255.7056282,1084578.3526276867,7168117306324250.0,2525123280720582.5,1.0,1.0,0.03179229335674899,19593,1224.5625,1226.3625,1201.0149999999996,3.8981026314092864,250.0,14.976781428541166,1028.01,140,124,()
yj_m,,False,1789407453277,4.669748121179065e-08,1.64509155009797e-08,1.5441933693774312e-10,334733023.23598796,1106895.9215345471,7168117306324250.0,2525123280720582.5,1.0,1.0,0.03179229335674899,19519,1219.9375,1221.7375,1203.0699999999995,3.978314608599979,250.0,14.976781428541166,1028.01,140,124,()
yj_m,,False,1789407453381,4.628982388808809e-08,1.6308102546297948e-08,2.2249548497140024e-10,331810887.71890587,1594873.7364025004,7168117306324250.0,2525123280720582.5,1.0,1.0,0.03179229335674899,18206,1137.875,1139.675,1192.5674999999997,5.732164479932515,250.0,14.976781428541166,1028.01,140,124,()
yj_m,,False,1789407453486,4.568906061957048e-08,1.6097308710889094e-08,2.753868234262636e-10,327504546.13684076,1974005.054935458,7168117306324250.0,2525123280720582.5,1.0,1.0,0.03179229335674899,18284,1142.75,1144.55,1177.0899999999995,7.094807194349963,250.0,14.976781428541166,1028.01,140,125,()
yj_m,,False,1789407453591,4.617124325262879e-08,1.6268649314585547e-08,3.533231414701252e-10,330960887.8136751,2532661.7250968553,7168117306324250.0,2525123280720582.5,1.0,1.0,0.03179229335674899,20127,1257.9375,1259.7375,1189.5124999999996,9.102685215089007,250.0,14.976781428541166,1028.01,140,125,()
yj_m,,False,1789407453695,4.6256054607286265e-08,1.629880867593982e-08,3.664465850235497e-10,331568825.5527681,2626732.1079507275,7168117306324250.0,2525123280720582.5,1.0,1.0,0.03179229335674899,18923,1182.6875,1184.4875,1191.6974999999995,9.440785275865563,250.0,14.976781428541166,1028.01,140,125,()
yj_m,,False,1789407453799,4.5993275261276615e-08,1.6205947220258453e-08,3.522256149777706e-10,329685192.3748918,2524794.526452862,7168117306324250.0,2525123280720582.5,1.0,1.0,0.03179229335674899,18848,1178.0,1179.8,1184.9274999999996,9.074409574457171,250.0,14.976781428541166,1028.01,140,125,()
yj_m,,False,1789407453904,4.672290521055523e-08,1.646236514774811e-08,3.2549933472278003e-10,334915265.4415284,2333217.414423385,7168117306324250.0,2525123280720582.5,1.0,1.0,0.03179229335674899,18796,1174.75,1176.55,1203.7249999999995,8.385858818570702,250.0,14.976781428541166,1028.01,140,125,()
yj_m,,False,1789407454008,4.6825959739898766e-08,1.6498058366736035e-08,2.9335481825845465e-10,335653972.3968108,2102801.7496520355,7168117306324250.0,2525123280720582.5,1.0,1.0,0.03179229335674899,19022,1188.875,1190.675,1206.3799999999997,7.557717719325061,250.0,14.976781428541166,1028.01,141,125,()
yj_m,,False,1789407454113,4.596542530843143e-08,1.619467075903691e-08,2.766080401818265e-10,329485560.64592195,1982758.879895782,7168117306324250.0,2525123280720582.5,1.0,1.0,0.03179229335674899,18041,1127.5625,1129.3625,1184.2099999999996,7.12626947462696,250.0,14.976781428541166,1028.01,141,125,()
yj_m,,False,1789407454218,4.5466260996808974e-08,1.6018972403485164e-08,2.8330621222300235e-10,325907492.30508155,2030772.1628248736,7168117306324250.0,2525123280720582.5,1.0,1.0,0.03179229335674899,18211,1138.1875,1139.9875,1171.3499999999995,7.298834881335513,250.0,14.976781428541166,1028.01,141,125,()
yj_m,,False,1789407454322,4.542424347213313e-08,1.600448164204875e-08,3.002282163180351e-10,325606305.7592838,2152071.07323617,7168117306324250.0,2525123280720582.5,1.0,1.0,0.03179229335674899,19810,1238.125,1239.925,1170.2674999999995,7.734797484420649,250.0,14.976781428541166,1028.01,141,125,()
yj_m,,False,1789407454427,4.5917779570288616e-08,1.618047953277253e-08,4.0042254940196407e-10,329144030.40576786,2870275.8062106953,7168117306324250.0,2525123280720582.5,1.0,1.0,0.03179229335674899,20323,1270.1875,1271.9875,1182.9824999999996,10.31611007720449,250.0,14.976781428541166,1028.01,141,125,()
yj_m,,False,1789407454532,4.662033587202785e-08,1.642949968591193e-08,4.6157345288504396e-10,334180036.39093196,3308612.6557651227,7168117306324250.0,2525123280720582.5,1.0,1.0,0.03179229335674899,19970,1248.125,1249.925,1201.0824999999995,11.891544459194526,250.0,14.976781428541166,1028.01,141,126,()
yj_m,,False,1789407454636,4.75257019349045e-08,1.6746827629482106e-08,4.0419042232177525e-10,340669806.5347968,2897284.361295225,7168117306324250.0,2525123280720582.5,1.0,1.0,0.03179229335674899,20053,1253.3125,1255.1125,1224.4074999999996,10.413182012478224,250.0,14.976781428541166,1028.01,141,126,()
yj_m,,False,1789407454741,4.830608284354909e-08,1.701859456624263e-08,2.433094605285512e-10,346263668.43157715,1744070.7548071237,7168117306324250.0,2525123280720582.5,1.0,1.0,0.03179229335674899,20076,1254.75,1256.55,1244.5124999999996,6.268396176455346,250.0,14.976781428541166,1028.01,141,126,()
yj_m,,False,1789407454845,4.868462871828455e-08,1.7150659466028266e-08,1.2469848227425745e-10,348977129.66750604,893853.3488624765,7168117306324250.0,2525123280720582.5,1.0,1.0,0.03179229335674899,19456,1216.0,1217.8,1254.2649999999996,3.2126144532140795,250.0,14.976781428541166,1028.01,141,126,()
yj_m,,False,1789407454950,4.828327887519154e-08,1.7009373446077335e-08,1.3696043841940734e-10,346100206.9113404,981748.4889159101,7168117306324250.0,2525123280720582.5,1.0,1.0,0.03179229335674899,19659,1228.6875,1230.4875,1243.9249999999995,3.528519962392164,250.0,14.976781428541166,1028.01,142,126,()
yj_m,,False,1789407455054,4.7490477081654314e-08,1.6732783864229955e-08,3.294360964196058e-10,340417310.6546014,2361436.5840732795,7168117306324250.0,2525123280720582.5,1.0,1.0,0.03179229335674899,17581,1098.8125,1100.6125,1223.4999999999995,8.487281845502716,250.0,14.976781428541166,1028.01,142,126,()
yj_m,,False,1789407455159,4.6741536537894185e-08,1.6470518665217412e-08,3.97961596651024e-10,335048816.9814665,2852635.4082066324,7168117306324250.0,2525123280720582.5,1.0,1.0,0.03179229335674899,19820,1238.75,1240.55,1204.2049999999995,10.252708404368088,250.0,14.976781428541166,1028.01,142,126,()
yj_m,,False,1789407455264,4.653698008981873e-08,1.6397964757912317e-08,3.7611493677583225e-10,333582532.3658966,2696035.9874698967,7168117306324250.0,2525123280720582.5,1.0,1.0,0.03179229335674899,18793,1174.5625,1176.3625,1198.9349999999995,9.68987160002649,250.0,14.976781428541166,1028.01,142,126,()
yj_m,,False,1789407455369,4.552807430678244e-08,1.6044230930090194e-08,4.3833580385601716e-10,326350577.3620636,3142042.4616018683,7168117306324250.0,2525123280720582.5,1.0,1.0,0.03179229335674899,17589,1099.3125,1101.1125,1172.9424999999997,11.292871518130365,250.0,14.976781428541166,1028.01,142,126,()
yj_m,,False,1789407455474,4.474497632956759e-08,1.5768429660378928e-08,4.3678761224105143e-10,320737239.1990422,3130944.8424931257,7168117306324250.0,2525123280720582.5,1.0,1.0,0.03179229335674899,18796,1174.75,1176.55,1152.7674999999995,11.25298536500426,250.0,14.976781428541166,1028.01,142,127,()
yj_m,,False,1789407455578,4.5500418430263705e-08,1.603554765631715e-08,4.753809504079223e-10,326152336.794968,3407586.4177158955,7168117306324250.0,2525123280720582.5,1.0,1.0,0.03179229335674899,19696,1231.0,1232.8,1172.2299999999996,12.247267843278353,250.0,14.976781428541166,1028.01,142,127,()
yj_m,,False,1789407455682,4.5687410970795667e-08,1.6100496149876347e-08,4.4404103079489796e-10,327492721.26090884,3182938.1975589637,7168117306324250.0,2525123280720582.5,1.0,1.0,0.03179229335674899,19439,1214.9375,1216.7375,1177.0474999999997,11.439855620810956,250.0,14.976781428541166,1028.01,142,127,()
yj_m,,False,1789407455787,4.5988035200462545e-08,1.6206461515616528e-08,4.478222724260749e-10,329647631.00428426,3210042.5811348,7168117306324250.0,2525123280720582.5,1.0,1.0,0.03179229335674899,19840,1240.0,1241.8,1184.7924999999996,11.537271974994786,250.0,14.976781428541166,1028.01,142,127,()
yj_m,,False,1789407455892,4.6650223626300726e-08,1.643769789752809e-08,3.6955192724056704e-10,334394275.3195826,2648991.565238589,7168117306324250.0,2525123280720582.5,1.0,1.0,0.03179229335674899,17599,1099.9375,1101.7375,1201.8524999999995,9.520788393037625,250.0,14.976781428541166,1028.01,142,127,()
yj_m,,False,1789407455996,4.668651589934638e-08,1.6449574845411036e-08,3.2681598372193065e-10,334654422.5900869,2342655.3089005556,7168117306324250.0,2525123280720582.5,1.0,1.0,0.03179229335674899,18453,1153.3125,1155.1125,1202.7874999999995,8.41977972544413,250.0,14.976781428541166,1028.01,143,127,()
yj_m,,False,1789407456101,4.565577652958476e-08,1.6088969710800293e-08,4.2979860302792206e-10,327265961.875389,3080846.8045984325,7168117306324250.0,2525123280720582.5,1.0,1.0,0.03179229335674899,17329,1083.0625,1084.8625,1176.2324999999996,11.07292710284864,250.0,14.976781428541166,1028.01,143,127,()
yj_m,,False,1789407456206,4.4949726853969486e-08,1.583974436599124e-08,4.07305956262453e-10,322204914.9764865,2919616.874053834,7168117306324250.0,2525123280720582.5,1.0,1.0,0.03179229335674899,17793,1112.0625,1113.8625,1158.0424999999996,10.493447699636189,250.0,14.976781428541166,1028.01,143,127,()
yj_m,,False,1789407456310,4.397206735949121e-08,1.5492527823919307e-08,2.7397080637053385e-10,315196937.03442454,1963854.878572235,7168117306324250.0,2525123280720582.5,1.0,1.0,0.03179229335674899,17911,1119.4375,1121.2375,1132.8549999999996,7.058326262294766,250.0,14.976781428541166,1028.01,143,127,()
yj_m,,False,1789407456415,4.3975366657040816e-08,1.5492961578294793e-08,2.2911142011066854e-10,315220586.78628856,1642297.535571809,7168117306324250.0,2525123280720582.5,1.0,1.0,0.03179229335674899,19234,1202.125,1203.925,1132.9399999999996,5.902611212421161,250.0,14.976781428541166,1028.01,143,127,()
yj_m,,False,1789407456519,4.391520299584215e-08,1.5472333724661262e-08,2.6445665651424647e-10,314789326.6052386,1895656.3363324201,7168117306324250.0,2525123280720582.5,1.0,1.0,0.03179229335674899,17546,1096.625,1098.425,1131.3899999999996,6.813212650798447,250.0,14.976781428541166,1028.01,143,128,()
yj_m,,False,1789407456623,4.472838280365634e-08,1.5760695989966137e-08,3.622002479497683e-10,320618294.85878485,2596293.8656836688,7168117306324250.0,2525123280720582.5,1.0,1.0,0.03179229335674899,20083,1255.1875,1256.9875,1152.3399999999995,9.331386639990866,250.0,14.976781428541166,1028.01,143,128,()
yj_m,,False,1789407456728,4.5504882185772e-08,1.6035854501266434e-08,4.3060117775597473e-10,326184333.51807815,3086599.754396207,7168117306324250.0,2525123280720582.5,1.0,1.0,0.03179229335674899,19760,1235.0,1236.8,1172.3449999999996,11.093603883544787,250.0,14.976781428541166,1028.01,143,128,()
yj_m,,False,1789407456833,4.598687074250386e-08,1.6204238552162716e-08,3.765470678750471e-10,329639284.03303814,2699133.553880779,7168117306324250.0,2525123280720582.5,1.0,1.0,0.03179229335674899,18955,1184.6875,1186.4875,1184.7624999999996,9.701004619368037,250.0,14.976781428541166,1028.01,143,128,()
yj_m,,False,1789407456937,4.6401417775795296e-08,1.6350730542129183e-08,3.975826272398803e-10,332610805.7966598,2849918.911012049,7168117306324250.0,2525123280720582.5,1.0,1.0,0.03179229335674899,20210,1263.125,1264.925,1195.4424999999997,10.242944992774294,250.0,14.976781428541166,1028.01,144,128,()
yj_m,,False,1789407457042,4.794898240288606e-08,1.6894125215182443e-08,3.2186241517075755e-10,343703930.5827644,2307147.5484408294,7168117306324250.0,2525123280720582.5,1.0,1.0,0.03179229335674899,20686,1292.875,1294.675,1235.3124999999995,8.292160642739624,250.0,14.976781428541166,1028.01,144,128,()
yj_m,,False,1789407457147,4.793238887697482e-08,1.688816840939614e-08,3.159075020639158e-10,343584986.2425071,2264462.03274202,7168117306324250.0,2525123280720582.5,1.0,1.0,0.03179229335674899,19580,1223.75,1225.55,1234.8849999999995,8.138743860387793,250.0,14.976781428541166,1028.01,144,128,()
yj_m,,False,1789407457252,4.8001480049190044e-08,1.6912503790166445e-08,3.159494622412331e-10,344080239.8697773,2264762.8082152205,7168117306324250.0,2525123280720582.5,1.0,1.0,0.03179229335674899,19746,1234.125,1235.925,1236.6649999999995,8.139824882944351,250.0,14.976781428541166,1028.01,144,128,()
yj_m,,False,1789407457356,4.861971018708793e-08,1.712857333773202e-08,2.0578021755406463e-10,348511786.02053434,1475056.7387484587,7168117306324250.0,2525123280720582.5,1.0,1.0,0.03179229335674899,20064,1254.0,1255.8,1252.5924999999995,5.301528046233463,250.0,14.976781428541166,1028.01,144,128,()
yj_m,,False,1789407457460,4.8425536822477407e-08,1.706070158312481e-08,2.454789024261264e-10,347119928.5652424,1759621.568818198,7168117306324250.0,2525123280720582.5,1.0,1.0,0.03179229335674899,18604,1162.75,1164.55,1247.5899999999995,6.324287637750199,250.0,14.976781428541166,1028.01,144,129,()
yj_m,,False,1789407457565,4.683585763254757e-08,1.6504466162588245e-08,4.271855177917317e-10,335724921.6524029,3062115.9030939993,7168117306324250.0,2525123280720582.5,1.0,1.0,0.03179229335674899,18219,1138.6875,1140.4875,1206.6349999999995,11.005606031700392,250.0,14.976781428541166,1028.01,144,129,()
yj_m,,False,1789407457670,4.655920182919694e-08,1.6406920412936953e-08,4.225264708351711e-10,333741820.4005102,3028719.3079737,7168117306324250.0,2525123280720582.5,1.0,1.0,0.03179229335674899,18708,1169.25,1171.05,1199.5074999999995,10.885574726444165,250.0,14.976781428541166,1028.01,144,129,()
yj_m,,False,1789407457774,4.618638120609169e-08,1.6274914116204216e-08,3.9397721638600674e-10,331069398.43987477,2824074.903073989,7168117306324250.0,2525123280720582.5,1.0,1.0,0.03179229335674899,19394,1212.125,1213.925,1189.9024999999995,10.150058577417177,250.0,14.976781428541166,1028.01,144,129,()
yj_m,,False,1789407457879,4.593699312660689e-08,1.6185819188472605e-08,3.3786514425420546e-10,329281755.43132895,2421856.9877323117,7168117306324250.0,2525123280720582.5,1.0,1.0,0.03179229335674899,19594,1224.625,1226.425,1183.4774999999995,8.70443990874772,250.0,14.976781428541166,1028.01,144,129,()
yj_m,,False,1789407457983,4.610981809530823e-08,1.624578350966781e-08,2.911822846057538e-10,330520585.0804419,2087228.7735775358,7168117306324250.0,2525123280720582.5,1.0,1.0,0.03179229335674899,18587,1161.6875,1163.4875,1187.9299999999996,7.5017466049580745,250.0,14.976781428541166,1028.01,145,129,()
yj_m,,False,1789407458088,4.624994120300317e-08,1.6294196118451208e-08,2.3264805751546305e-10,331525003.95372593,1667648.5673593115,7168117306324250.0,2525123280720582.5,1.0,1.0,0.03179229335674899,18825,1176.5625,1178.3625,1191.5399999999995,5.993725813298436,250.0,14.976781428541166,1028.01,145,129,()
yj_m,,False,1789407458193,4.6677297273840134e-08,1.644536157454426e-08,2.7389853988236134e-10,334588342.40105504,1963336.8639076941,7168117306324250.0,2525123280720582.5,1.0,1.0,0.03179229335674899,19887,1242.9375,1244.7375,1202.5499999999995,7.056464456439925,250.0,14.976781428541166,1028.01,145,129,()
yj_m,,False,1789407458297,4.707486262856742e-08,1.658621065883443e-08,3.195860403969831e-10,337438137.50067073,2290830.2270292556,7168117306324250.0,2525123280720582.5,1.0,1.0,0.03179229335674899,20014,1250.875,1252.675,1212.7924999999996,8.233514263362881,250.0,14.976781428541166,1028.01,145,129,()
yj_m,,False,1789407458402,4.723419929258066e-08,1.6642643323647763e-08,3.355041225187571e-10,338580281.399516,2404932.906969839,7168117306324250.0,2525123280720582.5,1.0,1.0,0.03179229335674899,20066,1254.125,1255.925,1216.8974999999996,8.64361276463725,250.0,14.976781428541166,1028.01,145,129,()
yj_m,,False,1789407458506,4.7485042944513785e-08,1.6730307621542328e-08,2.9951991077832296e-10,340378358.1221195,2146993.856038797,7168117306324250.0,2525123280720582.5,1.0,1.0,0.03179229335674899,18957,1184.8125,1186.6125,1223.3599999999997,7.716549366459079,250.0,14.976781428541166,1028.01,145,130,()
yj_m,,False,1789407458611,4.816925903340375e-08,1.696933782941915e-08,1.5210782384112364e-10,345282899.310157,1090326.724502882,7168117306324250.0,2525123280720582.5,1.0,1.0,0.03179229335674899,20139,1258.6875,1260.4875,1240.9874999999995,3.9187629585112695,250.0,14.976781428541166,1028.01,145,130,()
yj_m,,False,1789407458716,4.8270760952135686e-08,1.7005145725367274e-08,1.5793252057209765e-10,346010476.97044456,1132078.8339442627,7168117306324250.0,2525123280720582.5,1.0,1.0,0.03179229335674899,20108,1256.75,1258.55,1243.6024999999995,4.068824968587369,250.0,14.976781428541166,1028.01,145,130,()
yj_m,,False,1789407458820,4.799691925551854e-08,1.690877236175515e-08,1.671970497840571e-10,344047547.56573004,1198488.066123455,7168117306324250.0,2525123280720582.5,1.0,1.0,0.03179229335674899,19073,1192.0625,1193.8625,1236.5474999999997,4.307507588501731,250.0,14.976781428541166,1028.01,145,130,()
yj_m,,False,1789407458924,4.685468303621296e-08,1.6510980966509163e-08,4.227318439248772e-10,335859864.3542153,3030191.446372274,7168117306324250.0,2525123280720582.5,1.0,1.0,0.03179229335674899,17934,1120.875,1122.675,1207.1199999999997,10.890865765631307,250.0,14.976781428541166,1028.01,146,130,()
yj_m,,False,1789407459029,4.609215714960152e-08,1.6244976661805976e-08,5.105344459475821e-10,330393989.34987557,3659570.7974715233,7168117306324250.0,2525123280720582.5,1.0,1.0,0.03179229335674899,17640,1102.5,1104.3,1187.4749999999995,13.152929450316382,250.0,14.976781428541166,1028.01,146,130,()
yj_m,,False,1789407459134,4.4919062794390816e-08,1.5830846664066762e-08,4.754755438076187e-10,321985111.4003384,3408264.4743013238,7168117306324250.0,2525123280720582.5,1.0,1.0,0.03179229335674899,17643,1102.6875,1104.4875,1157.2524999999996,12.249704858689455,250.0,14.976781428541166,1028.01,146,130,()
yj_m,,False,1789407459238,4.407143443863223e-08,1.5528028339109175e-08,3.010703096555574e-10,315909211.91409415,2158107.297062403,7168117306324250.0,2525123280720582.5,1.0,1.0,0.03179229335674899,18447,1152.9375,1154.7375,1135.4149999999995,7.756492385414944,250.0,14.976781428541166,1028.01,146,130,()
yj_m,,False,1789407459343,4.341138085238496e-08,1.5293263671472678e-08,1.4340398979053606e-10,311177870.3794138,1027936.6210134896,7168117306324250.0,2525123280720582.5,1.0,1.0,0.03179229335674899,18051,1128.1875,1129.9875,1118.4099999999996,3.694525561557262,250.0,14.976781428541166,1028.01,146,130,()
yj_m,,False,1789407459448,4.341283642483331e-08,1.5293795105424925e-08,1.4538461702477312e-10,311188304.0934714,1042133.9893686,7168117306324250.0,2525123280720582.5,1.0,1.0,0.03179229335674899,18104,1131.5,1133.3,1118.4474999999995,3.7455525793933266,250.0,14.976781428541166,1028.01,146,131,()
yj_m,,False,1789407459553,4.409239468188854e-08,1.5534989830653136e-08,2.785110027247207e-10,316059457.3965244,1996399.5386327915,7168117306324250.0,2525123280720582.5,1.0,1.0,0.03179229335674899,19281,1205.0625,1206.8625,1135.9549999999995,7.175295612377235,250.0,14.976781428541166,1028.01,146,131,()
yj_m,,False,1789407459657,4.514108611184653e-08,1.5907247214126224e-08,4.117586553898768e-10,323576600.58460027,2951534.3437289866,7168117306324250.0,2525123280720582.5,1.0,1.0,0.03179229335674899,20134,1258.375,1260.175,1162.9724999999996,10.608162853435084,250.0,14.976781428541166,1028.01,146,131,()
yj_m,,False,1789407459761,4.6287786086660386e-08,1.6313736652701945e-08,5.066658724497048e-10,331796280.5192252,3631840.408830605,7168117306324250.0,2525123280720582.5,1.0,1.0,0.03179229335674899,20308,1269.25,1271.05,1192.5149999999996,13.05326316003014,250.0,14.976781428541166,1028.01,146,131,()
yj_m,,False,1789407459866,4.701605750165389e-08,1.6567449374409023e-08,4.0835308169598093e-10,337016615.4527412,2927122.7919957964,7168117306324250.0,2525123280720582.5,1.0,1.0,0.03179229335674899,18775,1173.4375,1175.2375,1211.2774999999995,10.520424854776541,250.0,14.976781428541166,1028.01,146,131,()
yj_m,,False,1789407459971,4.716268216628483e-08,1.6618217600273092e-08,3.713600724415234e-10,338067638.24881625,2661952.5621459074,7168117306324250.0,2525123280720582.5,1.0,1.0,0.03179229335674899,17629,1101.8125,1103.6125,1215.0549999999996,9.567371745939424,250.0,14.976781428541166,1028.01,147,131,()
yj_m,,False,1789407460075,4.6542026074306365e-08,1.640242105164498e-08,4.789009933760149e-10,333618702.57462984,3432818.498634485,7168117306324250.0,2525123280720582.5,1.0,1.0,0.03179229335674899,18410,1150.625,1152.425,1199.0649999999996,12.33795492069087,250.0,14.976781428541166,1028.01,147,131,()
yj_m,,False,1789407460180,4.638822058559688e-08,1.6347949942976957e-08,4.680943757107353e-10,332516206.7892037,3355355.3955251668,7168117306324250.0,2525123280720582.5,1.0,1.0,0.03179229335674899,20263,1266.4375,1268.2375,1195.1024999999995,12.059543383768723,250.0,14.976781428541166,1028.01,147,131,()
yj_m,,False,1789407460284,4.575329988362454e-08,1.6122185469483175e-08,3.852216738155742e-10,327965020.71725225,2761314.1468486143,7168117306324250.0,2525123280720582.5,1.0,1.0,0.03179229335674899,18612,1163.25,1165.05,1178.7449999999997,9.924489010775316,250.0,14.976781428541166,1028.01,147,131,()
yj_m,,False,1789407460389,4.5389989000515186e-08,1.599468730570362e-08,4.0343635044305053e-10,325360765.6884602,2891879.0856111255,7168117306324250.0,2525123280720582.5,1.0,1.0,0.03179229335674899,18698,1168.625,1170.425,1169.3849999999995,10.393754813588782,250.0,14.976781428541166,1028.01,147,131,()
yj_m,,False,1789407460494,4.6247515248922574e-08,1.6296716876924342e-08,4.051237194121649e-10,331507614.43029654,2903974.3443207867,7168117306324250.0,2525123280720582.5,1.0,1.0,0.03179229335674899,20386,1274.125,1275.925,1191.4774999999995,10.437226601209728,250.0,14.976781428541166,1028.01,147,132,()
yj_m,,False,1789407460598,4.732822927274437e-08,1.667797217843153e-08,4.3165328044720184e-10,339254299.3276408,3094141.3499052236,7168117306324250.0,2525123280720582.5,1.0,1.0,0.03179229335674899,20611,1288.1875,1289.9875,1219.3199999999995,11.12070926807279,250.0,14.976781428541166,1028.01,147,132,()
yj_m,,False,1789407460703,4.766301093586596e-08,1.679709688482385e-08,4.771170406171905e-10,341654053.5609027,3420030.915990295,7168117306324250.0,2525123280720582.5,1.0,1.0,0.03179229335674899,20594,1287.125,1288.925,1227.9449999999995,12.291994839121923,250.0,14.976781428541166,1028.01,147,132,()
yj_m,,False,1789407460808,4.780187254743901e-08,1.6845770063632216e-08,4.691369454986764e-10,342649429.88200355,3362828.658065159,7168117306324250.0,2525123280720582.5,1.0,1.0,0.03179229335674899,18004,1125.25,1127.05,1231.5224999999996,12.086403171539498,250.0,14.976781428541166,1028.01,147,132,()
yj_m,,False,1789407460912,4.760905771711361e-08,1.677941847881836e-08,5.214785057427536e-10,341267310.5598321,3738019.101890741,7168117306324250.0,2525123280720582.5,1.0,1.0,0.03179229335674899,18628,1164.25,1166.05,1226.5549999999996,13.434881917047132,250.0,14.976781428541166,1028.01,147,132,()
yj_m,,False,1789407461017,4.6337081473578016e-08,1.6336389294648646e-08,6.555195695340006e-10,332149635.63531125,4698841.171010892,7168117306324250.0,2525123280720582.5,1.0,1.0,0.03179229335674899,18238,1139.875,1141.675,1193.7849999999996,16.888189856375963,250.0,14.976781428541166,1028.01,148,132,()
yj_m,,False,1789407461121,4.5772610478106043e-08,1.6134403017230897e-08,5.684750229180951e-10,328103441.32375056,4074895.649992271,7168117306324250.0,2525123280720582.5,1.0,1.0,0.03179229335674899,19227,1201.6875,1203.4875,1179.2424999999996,14.645655998452238,250.0,14.976781428541166,1028.01,148,132,()
yj_m,,False,1789407461226,4.541822710601327e-08,1.6006969095843742e-08,4.874291414680089e-10,325563179.74117875,3493949.2645636066,7168117306324250.0,2525123280720582.5,1.0,1.0,0.03179229335674899,20587,1286.6875,1288.4875,1170.1124999999995,12.557666109791262,250.0,14.976781428541166,1028.01,148,132,()
yj_m,,False,1789407461331,4.6371627059685624e-08,1.6346619512043383e-08,6.054943489248254e-10,332397262.44894636,4340254.521409575,7168117306324250.0,2525123280720582.5,1.0,1.0,0.03179229335674899,19104,1194.0,1195.8,1194.6749999999995,15.599387107351365,250.0,14.976781428541166,1028.01,148,132,()
yj_m,,False,1789407461435,4.6338828160516026e-08,1.6335193827344625e-08,6.087364681563717e-10,332162156.09218043,4363494.412382392,7168117306324250.0,2525123280720582.5,1.0,1.0,0.03179229335674899,18068,1129.25,1131.05,1193.8299999999995,15.682914018925178,250.0,14.976781428541166,1028.01,148,132,()
yj_m,,False,1789407461540,4.720586414891934e-08,1.6636656751265905e-08,4.953881692288035e-10,338377171.76586014,3551000.509197276,7168117306324250.0,2525123280720582.5,1.0,1.0,0.03179229335674899,20685,1292.8125,1294.6125,1216.1674999999996,12.76271501777737,250.0,14.976781428541166,1028.01,148,133,()
yj_m,,False,1789407461644,4.733754493641385e-08,1.6683684496411296e-08,5.171658887748034e-10,339321075.0976098,3707105.75756723,7168117306324250.0,2525123280720582.5,1.0,1.0,0.03179229335674899,19922,1245.125,1246.925,1219.5599999999995,13.323775708296804,250.0,14.976781428541166,1028.01,148,133,()
yj_m,,False,1789407461749,4.7478444349414576e-08,1.6733652567336866e-08,5.285910856088274e-10,340331058.6183914,3789002.9087213604,7168117306324250.0,2525123280720582.5,1.0,1.0,0.03179229335674899,20222,1263.875,1265.675,1223.1899999999996,13.618123737321525,250.0,14.976781428541166,1028.01,148,133,()
yj_m,,False,1789407461854,4.757208617692541e-08,1.676554191813008e-08,4.930936364655252e-10,341002294.22276753,3534553.029186887,7168117306324250.0,2525123280720582.5,1.0,1.0,0.03179229335674899,20611,1288.1875,1289.9875,1225.6024999999995,12.703600833031553,250.0,14.976781428541166,1028.01,148,133,()
yj_m,,False,1789407461958,4.909248011831356e-08,1.7297409045200915e-08,3.493640540223656e-10,351900656.3464625,2504282.521845317,7168117306324250.0,2525123280720582.5,1.0,1.0,0.03179229335674899,21054,1315.875,1317.675,1264.7724999999996,9.000687008501073,250.0,14.976781428541166,1028.01,149,133,()
yj_m,,False,1789407462062,4.927103033864507e-08,1.73597076425731e-08,3.188771472963349e-10,353180525.2708688,2285748.7981261644,7168117306324250.0,2525123280720582.5,1.0,1.0,0.03179229335674899,19685,1230.3125,1232.1125,1269.3724999999995,8.215251008033777,250.0,14.976781428541166,1028.01,149,133,()
yj_m,,False,1789407462167,4.9513237594051305e-08,1.7443882235499124e-08,2.492508006648609e-10,354916695.2900635,1786658.9778609646,7168117306324250.0,2525123280720582.5,1.0,1.0,0.03179229335674899,20027,1251.6875,1253.4875,1275.6124999999995,6.421463277555982,250.0,14.976781428541166,1028.01,149,133,()
yj_m,,False,1789407462272,4.875187616539854e-08,1.7178322143414874e-08,3.899555572957874e-10,349459167.25696987,2795247.1789492494,7168117306324250.0,2525123280720582.5,1.0,1.0,0.03179229335674899,18499,1156.1875,1157.9875,1255.9974999999995,10.046448333864063,250.0,14.976781428541166,1028.01,149,133,()
yj_m,,False,1789407462376,4.8190607429312953e-08,1.6981299749082766e-08,4.170992906134589e-10,345435927.116336,2989816.643501902,7168117306324250.0,2525123280720582.5,1.0,1.0,0.03179229335674899,18931,1183.1875,1184.9875,1241.5374999999995,10.745753957959396,250.0,14.976781428541166,1028.01,149,133,()
yj_m,,False,1789407462481,4.799915113327269e-08,1.6913491132219188e-08,4.012066433205885e-10,344063545.92728513,2875896.2833985696,7168117306324250.0,2525123280720582.5,1.0,1.0,0.03179229335674899,21600,1350.0,1351.8,1236.6049999999996,10.336310735702558,250.0,14.976781428541166,1028.01,149,134,()
yj_m,,False,1789407462586,4.887831689207895e-08,1.7227001266247664e-08,5.431404442705583e-10,350365509.21811205,3893294.418340432,7168117306324250.0,2525123280720582.5,1.0,1.0,0.03179229335674899,21329,1333.0625,1334.8625,1259.2549999999997,13.99295973427352,250.0,14.976781428541166,1028.01,149,134,()
yj_m,,False,1789407462690,4.9514887242826106e-08,1.745269968450132e-08,5.912295666332695e-10,354928520.1659955,4238002.88859453,7168117306324250.0,2525123280720582.5,1.0,1.0,0.03179229335674899,21426,1339.125,1340.925,1275.6549999999995,15.231882668435968,250.0,14.976781428541166,1028.01,149,134,()
yj_m,,False,1789407462795,5.066488651518958e-08,1.7853971367841137e-08,4.696019471787692e-10,363171849.85248446,3366161.844655702,7168117306324250.0,2525123280720582.5,1.0,1.0,0.03179229335674899,19404,1212.75,1214.55,1305.2824999999996,12.098383037621183,250.0,14.976781428541166,1028.01,149,134,()
yj_m,,False,1789407462899,5.084178708674629e-08,1.7915407011102867e-08,4.355621733799947e-10,364439893.9009588,3122160.7529853447,7168117306324250.0,2525123280720582.5,1.0,1.0,0.03179229335674899,20386,1274.125,1275.925,1309.8399999999995,11.22141431037104,250.0,14.976781428541166,1028.01,149,134,()
yj_m,,False,1789407463003,5.089244100794904e-08,1.793321570425716e-08,4.3432650151920597e-10,364802987.15016544,3113303.3121350897,7168117306324250.0,2525123280720582.5,1.0,1.0,0.03179229335674899,21675,1354.6875,1356.4875,1311.1449999999998,11.189579622354007,250.0,14.976781428541166,1028.01,150,134,()
yj_m,,False,1789407463108,5.055484523809396e-08,1.7814432545828645e-08,4.386967568028027e-10,362383061.06972533,3144629.8146664924,7168117306324250.0,2525123280720582.5,1.0,1.0,0.03179229335674899,20071,1254.4375,1256.2375,1302.4474999999995,11.302170770475907,250.0,14.976781428541166,1028.01,150,134,()
yj_m,,False,1789407463213,5.0432188999779264e-08,1.777102454725689e-08,4.299884251988061e-10,361503846.7651331,3082207.4721866725,7168117306324250.0,2525123280720582.5,1.0,1.0,0.03179229335674899,21696,1356.0,1357.8,1299.2874999999995,11.077817502784562,250.0,14.976781428541166,1028.01,150,134,()
yj_m,,False,1789407463318,5.047517690608734e-08,1.77845585188392e-08,3.574893142529104e-10,361811989.1203027,2562525.340322278,7168117306324250.0,2525123280720582.5,1.0,1.0,0.03179229335674899,19685,1230.3125,1232.1125,1300.3949999999995,9.210018573542618,250.0,14.976781428541166,1028.01,150,134,()
yj_m,,False,1789407463422,5.057279729829034e-08,1.7818814051121372e-08,3.51131799967824e-10,362511743.54310316,2516953.9321501446,7168117306324250.0,2525123280720582.5,1.0,1.0,0.03179229335674899,21848,1365.5,1367.3,1302.9099999999996,9.046229552968462,250.0,14.976781428541166,1028.01,150,134,()
yj_m,,False,1789407463527,5.100684900238973e-08,1.797431626280014e-08,4.666323620183403e-10,365623077.0750975,3344875.509874632,7168117306324250.0,2525123280720582.5,1.0,1.0,0.03179229335674899,22497,1406.0625,1407.8625,1314.0924999999997,12.02187743761348,250.0,14.976781428541166,1028.01,150,135,()
yj_m,,False,1789407463632,5.2096975728044216e-08,1.8360213786149564e-08,5.397390997073455e-10,373437233.32334805,3868913.1815121016,7168117306324250.0,2525123280720582.5,1.0,1.0,0.03179229335674899,22615,1413.4375,1415.2375,1342.1774999999998,13.90533069096165,250.0,14.976781428541166,1028.01,150,135,()
yj_m,,False,1789407463736,5.238013308833082e-08,1.8460248716168323e-08,5.508948833904765e-10,375466938.49803156,3948879.1475967597,7168117306324250.0,2525123280720582.5,1.0,1.0,0.03179229335674899,21447,1340.4375,1342.2375,1349.4724999999996,14.192737812874581,250.0,14.976781428541166,1028.01,150,135,()
yj_m,,False,1789407463841,5.3415239175437496e-08,1.8821736104613727e-08,4.3687299552078243e-10,382886700.35490245,3131556.8798582368,7168117306324250.0,2525123280720582.5,1.0,1.0,0.03179229335674899,22460,1403.75,1405.55,1376.1399999999996,11.25518509954412,250.0,14.976781428541166,1028.01,150,135,()
yj_m,,False,1789407463946,5.424316878406167e-08,1.9109364341662197e-08,1.9966015440338921e-10,388821396.91089976,1431187.4081623082,7168117306324250.0,2525123280720582.5,1.0,1.0,0.03179229335674899,22002,1375.125,1376.925,1397.4699999999998,5.143856493429808,250.0,14.976781428541166,1028.01,151,135,()
yj_m,,False,1789407464051,5.353061755151041e-08,1.8859932058871297e-08,3.144916372680097e-10,383713746.0892064,2254312.947795068,7168117306324250.0,2525123280720582.5,1.0,1.0,0.03179229335674899,21355,1334.6875,1336.4875,1379.1124999999997,8.102266851011512,250.0,14.976781428541166,1028.01,151,135,()
yj_m,,False,1789407464155,5.359708869331861e-08,1.8884399708579023e-08,3.7249226750589515e-10,384190219.03117293,2670068.269180969,7168117306324250.0,2525123280720582.5,1.0,1.0,0.03179229335674899,23851,1490.6875,1492.4875,1380.8249999999998,9.596540555064623,250.0,14.976781428541166,1028.01,151,135,()
yj_m,,False,1789407464259,5.3675495529203314e-08,1.891557082943732e-08,5.227477244708642e-10,384752248.4284122,3747117.0106212245,7168117306324250.0,2525123280720582.5,1.0,1.0,0.03179229335674899,19642,1227.625,1229.425,1382.8449999999998,13.467580875012407,250.0,14.976781428541166,1028.01,151,135,()
yj_m,,False,1789407464364,5.1584129035407227e-08,1.8191950820908726e-08,8.5988131122771e-10,369761088.0703656,6163730.10839614,7168117306324250.0,2525123280720582.5,1.0,1.0,0.03179229335674899,19146,1196.625,1198.425,1328.9649999999995,22.153173624223683,250.0,14.976781428541166,1028.01,151,135,()
yj_m,,False,1789407464468,5.027818943474334e-08,1.7733915696072943e-08,8.899319421745977e-10,360399959.81783265,6379136.556152486,7168117306324250.0,2525123280720582.5,1.0,1.0,0.03179229335674899,18603,1162.6875,1164.4875,1295.3199999999995,22.92736982571267,250.0,14.976781428541166,1028.01,151,136,()
yj_m,,False,1789407464573,4.934885494555043e-08,1.740891544598854e-08,9.274335072698865e-10,353738381.182485,6647952.173926269,7168117306324250.0,2525123280720582.5,1.0,1.0,0.03179229335674899,20048,1253.0,1254.8,1271.3774999999994,23.89352488907821,250.0,14.976781428541166,1028.01,151,136,()
yj_m,,False,1789407464678,4.835295227638612e-08,1.7045524462609982e-08,6.436983058713878e-10,346599634.02423376,4614104.966368295,7168117306324250.0,2525123280720582.5,1.0,1.0,0.03179229335674899,21193,1324.5625,1326.3625,1245.7199999999996,16.583637933969737,250.0,14.976781428541166,1028.01,151,136,()
yj_m,,False,1789407464782,4.903474241119548e-08,1.7285827042101648e-08,6.516063964902875e-10,351486785.68884194,4670791.087593616,7168117306324250.0,2525123280720582.5,1.0,1.0,0.03179229335674899,22459,1403.6875,1405.4875,1263.2849999999996,16.787374545324234,250.0,14.976781428541166,1028.01,151,136,()
yj_m,,False,1789407464887,5.073339545842547e-08,1.788308699301007e-08,6.316502547647071e-10,363662929.9941317,4527743.122723021,7168117306324250.0,2525123280720582.5,1.0,1.0,0.03179229335674899,22456,1403.5,1405.3,1307.0474999999997,16.27324327308481,250.0,14.976781428541166,1028.01,151,136,()
yj_m,,False,1789407464992,5.227242072715257e-08,1.8421637549936556e-08,5.275224492213806e-10,374694843.65776473,3781342.7977383346,7168117306324250.0,2525123280720582.5,1.0,1.0,0.03179229335674899,21559,1347.4375,1349.2375,1346.6974999999998,13.590592394189445,250.0,14.976781428541166,1028.01,152,136,()
yj_m,,False,1789407465096,5.300806704255105e-08,1.8675246874240098e-08,2.744482269529872e-10,379968042.74250627,1967277.0853117171,7168117306324250.0,2525123280720582.5,1.0,1.0,0.03179229335674899,21028,1314.25,1316.05,1365.6499999999996,7.070626077300369,250.0,14.976781428541166,1028.01,152,136,()
yj_m,,False,1789407465201,5.323581561163696e-08,1.8755273159143355e-08,2.608241555005056e-10,381600571.20206153,1869618.1429505807,7168117306324250.0,2525123280720582.5,1.0,1.0,0.03179229335674899,22348,1396.75,1398.55,1371.5174999999997,6.719628310033226,250.0,14.976781428541166,1028.01,152,136,()
yj_m,,False,1789407465305,5.3807273354861036e-08,1.895820189924896e-08,3.608316240302502e-10,385696847.3410991,2586483.4088803204,7168117306324250.0,2525123280720582.5,1.0,1.0,0.03179229335674899,21982,1373.875,1375.675,1386.2399999999998,9.296126700136998,250.0,14.976781428541166,1028.01,152,136,()
yj_m,,False,1789407465410,5.3686072688994696e-08,1.8915390843655476e-08,3.5431069682046574e-10,384828066.75056446,2539740.6376945847,7168117306324250.0,2525123280720582.5,1.0,1.0,0.03179229335674899,21857,1366.0625,1367.8625,1383.1174999999996,9.128127662615155,250.0,14.976781428541166,1028.01,152,136,()
yj_m,,False,1789407465514,5.367035250655247e-08,1.890955735953452e-08,3.381059782674083e-10,384715382.63874173,2423583.3141902937,7168117306324250.0,2525123280720582.5,1.0,1.0,0.03179229335674899,21375,1335.9375,1337.7375,1382.7124999999996,8.71064452982671,250.0,14.976781428541166,1028.01,152,137,()
yj_m,,False,1789407465619,5.3773018883243096e-08,1.894524801612239e-08,3.1065504130646345e-10,385451307.2702754,2226811.77788573,7168117306324250.0,2525123280720582.5,1.0,1.0,0.03179229335674899,21366,1335.375,1337.175,1385.3574999999996,8.003424399905331,250.0,14.976781428541166,1028.01,152,137,()
yj_m,,False,1789407465723,5.3260172190606094e-08,1.8764264301374137e-08,2.889376244162427e-10,381775162.0172931,2071138.786026288,7168117306324250.0,2525123280720582.5,1.0,1.0,0.03179229335674899,21750,1359.375,1361.175,1372.1449999999998,7.4439172903116,250.0,14.976781428541166,1028.01,152,137,()
yj_m,,False,1789407465828,5.2913454833407997e-08,1.864074985544962e-08,1.778970372310716e-10,379289851.3287583,1275186.8313198558,7168117306324250.0,2525123280720582.5,1.0,1.0,0.03179229335674899,22100,1381.25,1383.05,1363.2124999999996,4.583172004736458,250.0,14.976781428541166,1028.01,152,137,()
yj_m,,False,1789407465933,5.263456715230323e-08,1.8543454908327072e-08,2.5823170302648597e-10,377290751.7153106,1851035.1395057368,7168117306324250.0,2525123280720582.5,1.0,1.0,0.03179229335674899,19905,1244.0625,1245.8625,1356.0274999999997,6.652838801970178,250.0,14.976781428541166,1028.01,153,137,()
yj_m,,False,1789407466037,5.121421955719867e-08,1.8050562187160612e-08,5.779019791424599e-10,367109533.53784555,4142469.1780501013,7168117306324250.0,2525123280720582.5,1.0,1.0,0.03179229335674899,19812,1238.25,1240.05,1319.4349999999997,14.888523235196969,250.0,14.976781428541166,1028.01,153,137,()
yj_m,,False,1789407466142,5.136074718366638e-08,1.8102487113773246e-08,5.88265343915698e-10,368159860.7529834,4216754.992432903,7168117306324250.0,2525123280720582.5,1.0,1.0,0.03179229335674899,21659,1353.6875,1355.4875,1323.2099999999998,15.155515221364134,250.0,14.976781428541166,1028.01,153,137,()
yj_m,,False,1789407466247,5.1498929528096856e-08,1.8151648265207693e-08,6.037694922518958e-10,369150368.0075239,4327890.546441415,7168117306324250.0,2525123280720582.5,1.0,1.0,0.03179229335674899,22027,1376.6875,1378.4875,1326.7699999999995,15.554949521776019,250.0,14.976781428541166,1028.01,153,137,()
yj_m,,False,1789407466352,5.150950668788822e-08,1.8155387190071368e-08,6.042190082730165e-10,369226186.32967615,4331112.73001189,7168117306324250.0,2525123280720582.5,1.0,1.0,0.03179229335674899,22157,1384.8125,1386.6125,1327.0424999999993,15.566530429899915,250.0,14.976781428541166,1028.01,153,137,()
yj_m,,False,1789407466456,5.226038799491283e-08,1.841922382452558e-08,5.877457317170871e-10,374608591.6215546,4213030.351239462,7168117306324250.0,2525123280720582.5,1.0,1.0,0.03179229335674899,22317,1394.8125,1396.6125,1346.3874999999994,15.142128421229293,250.0,14.976781428541166,1028.01,153,138,()
yj_m,,False,1789407466560,5.424947626467121e-08,1.911301986831143e-08,3.076798444596565e-10,388866609.6718163,2205485.217878416,7168117306324250.0,2525123280720582.5,1.0,1.0,0.03179229335674899,23540,1471.25,1473.05,1397.6324999999997,7.9267742256860085,250.0,14.976781428541166,1028.01,153,138,()
yj_m,,False,1789407466665,5.4318470398723225e-08,1.9137822269303662e-08,3.3739912676595644e-10,389361167.71814936,2418516.5197097445,7168117306324250.0,2525123280720582.5,1.0,1.0,0.03179229335674899,21934,1370.875,1372.675,1399.4099999999996,8.692433872339782,250.0,14.976781428541166,1028.01,153,138,()
yj_m,,False,1789407466769,5.436621317502926e-08,1.915517313344908e-08,3.665189187515694e-10,389703393.53924066,2627250.604598377,7168117306324250.0,2525123280720582.5,1.0,1.0,0.03179229335674899,21307,1331.6875,1333.4875,1400.6399999999996,9.442648814024592,250.0,14.976781428541166,1028.01,153,138,()
yj_m,,False,1789407466874,5.47258366079361e-08,1.9282369106540766e-08,3.9360755531933113e-10,392281216.49241996,2821425.1291844775,7168117306324250.0,2525123280720582.5,1.0,1.0,0.03179229335674899,23170,1448.125,1449.925,1409.9049999999997,10.140534977258351,250.0,14.976781428541166,1028.01,153,138,()
yj_m,,False,1789407466979,5.424462435651003e-08,1.9114061803532903e-08,4.4701360528867086e-10,388831830.62495744,3204245.9602321214,7168117306324250.0,2525123280720582.5,1.0,1.0,0.03179229335674899,21487,1342.9375,1344.7375,1397.5074999999997,11.516438235192338,250.0,14.976781428541166,1028.01,154,138,()
yj_m,,False,1789407467083,5.350907507927477e-08,1.885288466633329e-08,3.453679586666385e-10,383559327.121153,2475638.0415682085,7168117306324250.0,2525123280720582.5,1.0,1.0,0.03179229335674899,21797,1362.3125,1364.1125,1378.5574999999997,8.897735364967875,250.0,14.976781428541166,1028.01,154,138,()
yj_m,,False,1789407467188,5.326201591570736e-08,1.8766075840704977e-08,3.5651176099098153e-10,381788378.0550994,2555518.123867589,7168117306324250.0,2525123280720582.5,1.0,1.0,0.03179229335674899,21307,1331.6875,1333.4875,1372.1924999999997,9.184833810418128,250.0,14.976781428541166,1028.01,154,138,()
yj_m,,False,1789407467293,5.310180590822509e-08,1.8709393002957953e-08,3.4283366165472313e-10,380639973.9278196,2457471.9032977307,7168117306324250.0,2525123280720582.5,1.0,1.0,0.03179229335674899,21272,1329.5,1331.3,1368.0649999999996,8.832444119551507,250.0,14.976781428541166,1028.01,154,138,()
yj_m,,False,1789407467397,5.217984631943719e-08,1.8382505265238052e-08,1.949396591270144e-10,374031259.4436975,1397350.3442772983,7168117306324250.0,2525123280720582.5,1.0,1.0,0.03179229335674899,20902,1306.375,1308.175,1344.3124999999998,5.022242091436852,250.0,14.976781428541166,1028.01,154,138,()
yj_m,,False,1789407467502,5.1511544489315924e-08,1.8148965677214235e-08,3.2542224456655387e-10,369240793.529357,2332664.823140398,7168117306324250.0,2525123280720582.5,1.0,1.0,0.03179229335674899,19223,1201.4375,1203.2375,1327.0949999999998,8.383872740267472,250.0,14.976781428541166,1028.01,154,139,()
yj_m,,False,1789407467607,5.103566933686714e-08,1.7981088052030593e-08,3.1028484400714107e-10,365829664.6134392,2224158.1602177075,7168117306324250.0,2525123280720582.5,1.0,1.0,0.03179229335674899,21842,1365.125,1366.925,1314.8349999999998,7.993886984752788,250.0,14.976781428541166,1028.01,154,139,()
yj_m,,False,1789407467711,5.149262204748731e-08,1.814346920381994e-08,3.8508697782775836e-10,369105155.2466073,2760348.630207257,7168117306324250.0,2525123280720582.5,1.0,1.0,0.03179229335674899,22243,1390.1875,1391.9875,1326.6074999999994,9.921018829989183,250.0,14.976781428541166,1028.01,154,139,()
yj_m,,False,1789407467816,5.1599558103359775e-08,1.818140540806652e-08,3.9782002498393314e-10,369871685.4393768,2851620.6058896766,7168117306324250.0,2525123280720582.5,1.0,1.0,0.03179229335674899,21119,1319.9375,1321.7375,1329.3624999999995,10.249061085045788,250.0,14.976781428541166,1028.01,154,139,()
yj_m,,False,1789407467920,5.23907102481222e-08,1.8462505651076447e-08,4.992973736919523e-10,375542756.8201838,3579022.1453635255,7168117306324250.0,2525123280720582.5,1.0,1.0,0.03179229335674899,23225,1451.5625,1453.3625,1349.7449999999994,12.863428086050778,250.0,14.976781428541166,1028.01,155,139,()
yj_m,,False,1789407468024,5.321786355144059e-08,1.8749935750157466e-08,3.2404061147050615e-10,381471888.7286837,2322761.1150336266,7168117306324250.0,2525123280720582.5,1.0,1.0,0.03179229335674899,21634,1352.125,1353.925,1371.0549999999996,8.348277644220992,250.0,14.976781428541166,1028.01,155,139,()
yj_m,,False,1789407468129,5.402939371047997e-08,1.9036337009187086e-08,3.5565381070515025e-10,387289032.106298,2549368.2355757575,7168117306324250.0,2525123280720582.5,1.0,1.0,0.03179229335674899,23756,1484.75,1486.55,1391.9624999999996,9.162730385916634,250.0,14.976781428541166,1028.01,155,139,()
yj_m,,False,1789407468234,5.472690402773157e-08,1.928411466231625e-08,4.5579443128758006e-10,392288867.8827289,3267187.9510387215,7168117306324250.0,2525123280720582.5,1.0,1.0,0.03179229335674899,22550,1409.375,1411.175,1409.9324999999997,11.742659180313462,250.0,14.976781428541166,1028.01,155,139,()
yj_m,,False,1789407468339,5.433826618402085e-08,1.9149896836211055e-08,5.560789562098051e-10,389503066.2293335,3986039.1896902295,7168117306324250.0,2525123280720582.5,1.0,1.0,0.03179229335674899,20471,1279.4375,1281.2375,1399.9199999999996,14.326295390818938,250.0,14.976781428541166,1028.01,155,139,()
yj_m,,False,1789407468443,5.3044068201107026e-08,1.869756950475703e-08,6.601408795844924e-10,380226103.270199,4731967.263561712,7168117306324250.0,2525123280720582.5,1.0,1.0,0.03179229335674899,20941,1308.8125,1310.6125,1366.5774999999994,17.007248943465253,250.0,14.976781428541166,1028.01,155,140,()
yj_m,,False,1789407468548,5.321233237613683e-08,1.875734154862462e-08,6.751492567749122e-10,381432240.6152646,4839549.071840202,7168117306324250.0,2525123280720582.5,1.0,1.0,0.03179229335674899,23152,1447.0,1448.8,1370.9124999999997,17.39391066221165,250.0,14.976781428541166,1028.01,155,140,()
yj_m,,False,1789407468653,5.324648980959157e-08,1.876947938895181e-08,6.782818450735023e-10,381677085.10515106,4862003.832236917,7168117306324250.0,2525123280720582.5,1.0,1.0,0.03179229335674899,23541,1471.3125,1473.1125,1371.7924999999998,17.474615721812025,250.0,14.976781428541166,1028.01,155,140,()
yj_m,,False,1789407468757,5.330316009691417e-08,1.878896680977347e-08,6.653360012578779e-10,382083304.37246263,4769206.50513717,7168117306324250.0,2525123280720582.5,1.0,1.0,0.03179229335674899,23366,1460.375,1462.175,1373.2524999999996,17.1410911736972,250.0,14.976781428541166,1028.01,155,140,()
yj_m,,False,1789407468861,5.369829949756088e-08,1.892678099994448e-08,6.27400416096019e-10,384915709.94864887,4497279.780612907,7168117306324250.0,2525123280720582.5,1.0,1.0,0.03179229335674899,19442,1215.125,1216.925,1383.4324999999997,16.163754425411195,250.0,14.976781428541166,1028.01,155,140,()
yj_m,,False,1789407468966,5.309549842761557e-08,1.872047640965247e-08,7.845438113400018e-10,380594761.166903,5623702.0716358535,7168117306324250.0,2525123280720582.5,1.0,1.0,0.03179229335674899,19742,1233.875,1235.675,1367.9024999999995,20.212249110997025,250.0,14.976781428541166,1028.01,156,140,()
yj_m,,False,1789407469071,5.1997705687066416e-08,1.8335688369131306e-08,8.207750063441509e-10,372725654.0246155,5883411.527573903,7168117306324250.0,2525123280720582.5,1.0,1.0,0.03179229335674899,20357,1272.3125,1274.1125,1339.6199999999994,21.14567555376276,250.0,14.976781428541166,1028.01,156,140,()
yj_m,,False,1789407469175,5.162275022437023e-08,1.8200798087063873e-08,7.528161705507683e-10,370037929.28336215,5396274.620605713,7168117306324250.0,2525123280720582.5,1.0,1.0,0.03179229335674899,23238,1452.375,1454.175,1329.9599999999994,19.394848004689283,250.0,14.976781428541166,1028.01,156,140,()
yj_m,,False,1789407469280,5.137025692366229e-08,1.810960722151172e-08,6.947344319845128e-10,368228027.6848267,4979937.905207538,7168117306324250.0,2525123280720582.5,1.0,1.0,0.03179229335674899,22317,1394.8125,1396.6125,1323.4549999999995,17.89848470192379,250.0,14.976781428541166,1028.01,156,140,()
yj_m,,False,1789407469384,5.2328605823659055e-08,1.844564155633649e-08,6.587355695814305e-10,375097585.02039033,4721893.836608015,7168117306324250.0,2525123280720582.5,1.0,1.0,0.03179229335674899,21986,1374.125,1375.925,1348.1449999999995,16.97104385784799,250.0,14.976781428541166,1028.01,156,140,()
yj_m,,False,1789407469489,5.334643911771193e-08,1.8798034156530046e-08,4.590222108388283e-10,382393533.4704437,3290325.0535010193,7168117306324250.0,2525123280720582.5,1.0,1.0,0.03179229335674899,21506,1344.125,1345.925,1374.3674999999996,11.825816657846511,250.0,14.976781428541166,1028.01,156,141,()
yj_m,,False,1789407469594,5.3882769045849036e-08,1.898367355697304e-08,2.9619477668890657e-10,386238009.31022304,2123158.9048265954,7168117306324250.0,2525123280720582.5,1.0,1.0,0.03179229335674899,21290,1330.625,1332.425,1388.1849999999997,7.630883738139378,250.0,14.976781428541166,1028.01,156,141,()
yj_m,,False,1789407469698,5.292112084830266e-08,1.864442871082006e-08,2.6102117043818795e-10,379344802.22279525,1871030.3691349868,7168117306324250.0,2525123280720582.5,1.0,1.0,0.03179229335674899,21259,1328.6875,1330.4875,1363.4099999999994,6.724704017650145,250.0,14.976781428541166,1028.01,156,141,()
yj_m,,False,1789407469803,5.2763239756737787e-08,1.858832901626091e-08,2.235705778479466e-10,378213092.0380078,1602580.128256777,7168117306324250.0,2525123280720582.5,1.0,1.0,0.03179229335674899,22728,1420.5,1422.3,1359.3424999999997,5.759862161979226,250.0,14.976781428541166,1028.01,156,141,()
yj_m,,False,1789407469908,5.330684754711667e-08,1.8781916971968228e-08,3.5919238194894447e-10,382109736.44807535,2574733.129348058,7168117306324250.0,2525123280720582.5,1.0,1.0,0.03179229335674899,22778,1423.625,1425.425,1373.3474999999996,9.253894808403649,250.0,14.976781428541166,1028.01,156,141,()
yj_m,,False,1789407470013,5.352314561294219e-08,1.8858179198054352e-08,3.63392391466149e-10,383660186.3570437,2604839.290255056,7168117306324250.0,2525123280720582.5,1.0,1.0,0.03179229335674899,21275,1329.6875,1331.4875,1378.9199999999996,9.362099904668822,250.0,14.976781428541166,1028.01,157,141,()
yj_m,,False,1789407470117,5.37328450836685e-08,1.893165333864686e-08,3.4284018760830703e-10,385163336.76228404,2457518.682098555,7168117306324250.0,2525123280720582.5,1.0,1.0,0.03179229335674899,22227,1389.1875,1390.9875,1384.3224999999998,8.832612248083803,250.0,14.976781428541166,1028.01,157,141,()
yj_m,,False,1789407470221,5.3827651369138006e-08,1.8964887566163825e-08,3.339939208182254e-10,385842919.33790624,2394107.6040242156,7168117306324250.0,2525123280720582.5,1.0,1.0,0.03179229335674899,20648,1290.5,1292.3,1386.7649999999996,8.604705347947714,250.0,14.976781428541166,1028.01,157,141,()
yj_m,,False,1789407470326,5.3440080945222747e-08,1.882957474998707e-08,3.9570906467390797e-10,383064769.0748199,2836488.9947584267,7168117306324250.0,2525123280720582.5,1.0,1.0,0.03179229335674899,23327,1457.9375,1459.7375,1376.7799999999997,10.194676288386994,250.0,14.976781428541166,1028.01,157,141,()
yj_m,,False,1789407470431,5.335226140750534e-08,1.8798272584406443e-08,3.775892560112515e-10,382435268.3266744,2706604.0806963514,7168117306324250.0,2525123280720582.5,1.0,1.0,0.03179229335674899,23126,1445.375,1447.175,1374.5174999999997,9.7278545746223,250.0,14.976781428541166,1028.01,157,141,()
yj_m,,False,1789407470535,5.3651235988397406e-08,1.8903680267213413e-08,3.829873865430029e-10,384578353.19411784,2745298.513582797,7168117306324250.0,2525123280720582.5,1.0,1.0,0.03179229335674899,21917,1369.8125,1371.6125,1382.2199999999998,9.866926934208037,250.0,14.976781428541166,1028.01,157,142,()
yj_m,,False,1789407470640,5.328161762467853e-08,1.8774133805252835e-08,4.1283565929800107e-10,381928885.4044093,2959254.434081785,7168117306324250.0,2525123280720582.5,1.0,1.0,0.03179229335674899,21125,1320.3125,1322.1125,1372.6974999999998,10.63590976950256,250.0,14.976781428541166,1028.01,157,142,()
yj_m,,False,1789407470744,5.291898600871175e-08,1.8648314223617013e-08,4.90991848532301e-10,379329499.4421775,3519487.166728519,7168117306324250.0,2525123280720582.5,1.0,1.0,0.03179229335674899,20230,1264.375,1266.175,1363.3549999999998,12.64945234486458,250.0,14.976781428541166,1028.01,157,142,()
yj_m,,False,1789407470849,5.215539270230485e-08,1.8378452138286396e-08,4.534510941358996e-10,373855973.0475288,3250390.6354472055,7168117306324250.0,2525123280720582.5,1.0,1.0,0.03179229335674899,20825,1301.5625,1303.3625,1343.6824999999997,11.682287645191758,250.0,14.976781428541166,1028.01,157,142,()
yj_m,,False,1789407470954,5.119471488639071e-08,1.8037120646884402e-08,3.1108024427731544e-10,366969721.7694729,2229859.6826597983,7168117306324250.0,2525123280720582.5,1.0,1.0,0.03179229335674899,21136,1321.0,1322.8,1318.9324999999997,8.01437892946172,250.0,14.976781428541166,1028.01,158,142,()
yj_m,,False,1789407471058,5.073950886270856e-08,1.7874957293922338e-08,1.769126474188667e-10,363706751.5931738,1268130.609670815,7168117306324250.0,2525123280720582.5,1.0,1.0,0.03179229335674899,21561,1347.5625,1349.3625,1307.2049999999995,4.557811111158514,250.0,14.976781428541166,1028.01,158,142,()
yj_m,,False,1789407471162,5.096648112648868e-08,1.7955874119991562e-08,2.568020976657896e-10,365333715.4052318,1840787.5605785162,7168117306324250.0,2525123280720582.5,1.0,1.0,0.03179229335674899,22958,1434.875,1436.675,1313.0524999999998,6.616007793601818,250.0,14.976781428541166,1028.01,158,142,()
yj_m,,False,1789407471267,5.228358011592328e-08,1.842372297298378e-08,4.586133182523644e-10,374774835.46554,3287394.063475564,7168117306324250.0,2525123280720582.5,1.0,1.0,0.03179229335674899,22549,1409.3125,1411.1125,1346.9849999999994,11.815282333698164,250.0,14.976781428541166,1028.01,158,142,()
yj_m,,False,1789407471372,5.2075530293971776e-08,1.8352404781752566e-08,5.309058432463328e-10,373283509.93623173,3805595.363002708,7168117306324250.0,2525123280720582.5,1.0,1.0,0.03179229335674899,19504,1219.0,1220.8,1341.6249999999993,13.677758976711061,250.0,14.976781428541166,1028.01,158,142,()
yj_m,,False,1789407471476,5.188950813507204e-08,1.828804844403322e-08,5.690272279674731e-10,371950081.2796628,4078853.9205633583,7168117306324250.0,2525123280720582.5,1.0,1.0,0.03179229335674899,21372,1335.75,1337.55,1336.8324999999995,14.659882490149775,250.0,14.976781428541166,1028.01,158,143,()
yj_m,,False,1789407471581,5.227872820776211e-08,1.8425530781427666e-08,5.830088982097692e-10,374740056.41868114,4179076.172998479,7168117306324250.0,2525123280720582.5,1.0,1.0,0.03179229335674899,22150,1384.375,1386.175,1346.8599999999994,15.020093096415877,250.0,14.976781428541166,1028.01,158,143,()
yj_m,,False,1789407471686,5.2469020045843664e-08,1.8491212966938595e-08,5.395616341373527e-10,376104090.63648593,3867641.0874885507,7168117306324250.0,2525123280720582.5,1.0,1.0,0.03179229335674899,21912,1369.5,1371.3,1351.7624999999994,13.900758634873133,250.0,14.976781428541166,1028.01,158,143,()
yj_m,,False,1789407471790,5.1724446219428614e-08,1.8226747221758834e-08,4.558020090648634e-10,370766898.10552406,3267242.269435211,7168117306324250.0,2525123280720582.5,1.0,1.0,0.03179229335674899,20079,1254.9375,1256.7375,1332.5799999999995,11.74285440704261,250.0,14.976781428541166,1028.01,158,143,()
yj_m,,False,1789407471895,5.111504655438409e-08,1.8017847524056807e-08,6.429309148260417e-10,366398649.8200502,4608604.217335435,7168117306324250.0,2525123280720582.5,1.0,1.0,0.03179229335674899,18387,1149.1875,1150.9875,1316.8799999999994,16.56386759259443,250.0,14.976781428541166,1028.01,158,143,()
yj_m,,False,1789407471999,4.996824954140699e-08,1.7620769391851165e-08,8.046182882361912e-10,358178274.3044881,5767598.276890835,7168117306324250.0,2525123280720582.5,1.0,1.0,0.03179229335674899,18605,1162.8125,1164.6125,1287.3349999999994,20.729429059310824,250.0,14.976781428541166,1028.01,159,143,()
yj_m,,False,1789407472103,4.960571496360345e-08,1.7491689322602684e-08,7.71236057308614e-10,355579583.9231935,5528310.529655159,7168117306324250.0,2525123280720582.5,1.0,1.0,0.03179229335674899,21953,1372.0625,1373.8625,1277.9949999999994,19.86940064835877,250.0,14.976781428541166,1028.01,159,143,()
yj_m,,False,1789407472208,4.9628421893797767e-08,1.7499954886937113e-08,7.774359882347615e-10,355742349.86249304,5572752.361824892,7168117306324250.0,2525123280720582.5,1.0,1.0,0.03179229335674899,22232,1389.5,1391.3,1278.5799999999995,20.02912983943636,250.0,14.976781428541166,1028.01,159,143,()
yj_m,,False,1789407472313,5.0174649714583704e-08,1.7693705863642534e-08,8.112562713104902e-10,359657774.9578644,5815180.118244807,7168117306324250.0,2525123280720582.5,1.0,1.0,0.03179229335674899,22050,1378.125,1379.925,1292.6524999999995,20.900443814067682,250.0,14.976781428541166,1028.01,159,143,()
yj_m,,False,1789407472417,5.210338024681696e-08,1.8367070448118196e-08,6.784759034605763e-10,373483141.66520166,4863394.865519737,7168117306324250.0,2525123280720582.5,1.0,1.0,0.03179229335674899,22536,1408.5,1410.3,1342.3424999999995,17.47961525963887,250.0,14.976781428541166,1028.01,159,143,()
yj_m,,False,1789407472522,5.3786895340584073e-08,1.8948001561740712e-08,1.2501597436354726e-10,385550775.3442918,896129.1694023322,7168117306324250.0,2525123280720582.5,1.0,1.0,0.03179229335674899,22281,1392.5625,1394.3625,1385.7149999999997,3.22079402088988,250.0,14.976781428541166,1028.01,159,144,()
yj_m,,False,1789407472627,5.3889367640948245e-08,1.8984061028249653e-08,1.191348536251569e-10,386285308.81395113,853972.6060568938,7168117306324250.0,2525123280720582.5,1.0,1.0,0.03179229335674899,22205,1387.8125,1389.6125,1388.3549999999998,3.0692783557377132,250.0,14.976781428541166,1028.01,159,144,()
yj_m,,False,1789407472732,5.40291025959903e-08,1.903326164892583e-08,1.1539329972417555e-10,387286945.36348647,827152.7087867232,7168117306324250.0,2525123280720582.5,1.0,1.0,0.03179229335674899,22337,1396.0625,1397.8625,1391.9549999999997,2.9728844789194215,250.0,14.976781428541166,1028.01,159,144,()
yj_m,,False,1789407472836,5.458484015677215e-08,1.923008613637063e-08,2.3235383756766812e-10,391270537.3907013,1665539.5642596565,7168117306324250.0,2525123280720582.5,1.0,1.0,0.03179229335674899,24096,1506.0,1507.8,1406.2724999999998,5.986145807195144,250.0,14.976781428541166,1028.01,159,144,()
yj_m,,False,1789407472940,5.534756011971003e-08,1.9501347039141547e-08,3.9398363611208227e-10,396737803.55691534,2824120.9204235743,7168117306324250.0,2525123280720582.5,1.0,1.0,0.03179229335674899,23687,1480.4375,1482.2375,1425.9224999999997,10.150223969203832,250.0,14.976781428541166,1028.01,160,144,()
yj_m,,False,1789407473045,5.575288852749521e-08,1.9643402462291076e-08,3.5731137651135907e-10,399643245.1315052,2561249.8617176157,7168117306324250.0,2525123280720582.5,1.0,1.0,0.03179229335674899,23171,1448.1875,1449.9875,1436.3649999999998,9.205434352870046,250.0,14.976781428541166,1028.01,160,144,()
yj_m,,False,1789407473149,5.596113242577318e-08,1.9716255944839446e-08,3.289960273806941e-10,401135961.8226878,2358282.1175794797,7168117306324250.0,2525123280720582.5,1.0,1.0,0.03179229335674899,22658,1416.125,1417.925,1441.7299999999998,8.475944320546237,250.0,14.976781428541166,1028.01,160,144,()
yj_m,,False,1789407473254,5.563479308285203e-08,1.960289631894522e-08,4.127351274040917e-10,398796723.13096035,2958533.809673213,7168117306324250.0,2525123280720582.5,1.0,1.0,0.03179229335674899,22056,1378.5,1380.3,1433.3224999999998,10.633319760310041,250.0,14.976781428541166,1028.01,160,144,()
yj_m,,False,1789407473359,5.48960415462304e-08,1.9342256536382295e-08,3.907241595205506e-10,393501265.4562291,2800756.6098582535,7168117306324250.0,2525123280720582.5,1.0,1.0,0.03179229335674899,21612,1350.75,1352.55,1414.2899999999997,10.066249878927106,250.0,14.976781428541166,1028.01,160,144,()
yj_m,,False,1789407473463,5.282670271548604e-08,1.861610746714696e-08,5.018937055016538e-10,378668001.97092175,3597632.956341611,7168117306324250.0,2525123280720582.5,1.0,1.0,0.03179229335674899,20239,1264.9375,1266.7375,1360.9774999999995,12.930317537670915,250.0,14.976781428541166,1028.01,160,145,()
yj_m,,False,1789407473568,5.122664044209128e-08,1.8055132446052987e-08,5.840236153215049e-10,367198567.89780414,4186349.7842881377,7168117306324250.0,2525123280720582.5,1.0,1.0,0.03179229335674899,19894,1243.375,1245.175,1319.7549999999994,15.046235314024567,250.0,14.976781428541166,1028.01,160,145,()
yj_m,,False,1789407473673,5.096104698934815e-08,1.7960123365429812e-08,5.360019268092684e-10,365294762.87274975,3842124.687784664,7168117306324250.0,2525123280720582.5,1.0,1.0,0.03179229335674899,22417,1401.0625,1402.8625,1312.9124999999995,13.809049682183058,250.0,14.976781428541166,1028.01,160,145,()
yj_m,,False,1789407473777,5.086177694837036e-08,1.7924928069001435e-08,5.278842645689119e-10,364583183.57401735,3783936.3325926657,7168117306324250.0,2525123280720582.5,1.0,1.0,0.03179229335674899,21668,1354.25,1356.05,1310.3549999999996,13.599913864616939,250.0,14.976781428541166,1028.01,160,145,()
yj_m,,False,1789407473881,5.176413482818707e-08,1.824629006892283e-08,6.409711874477115e-10,371051390.70882964,4594556.661599152,7168117306324250.0,2525123280720582.5,1.0,1.0,0.03179229335674899,22986,1436.625,1438.425,1333.6024999999997,16.51337901899548,250.0,14.976781428541166,1028.01,160,145,()
yj_m,,False,1789407473986,5.3147510883103445e-08,1.8731995166163244e-08,6.009740739404162e-10,380967592.5492301,4307852.660064486,7168117306324250.0,2525123280720582.5,1.0,1.0,0.03179229335674899,22631,1414.4375,1416.2375,1369.2424999999996,15.482930992709358,250.0,14.976781428541166,1028.01,161,145,()
yj_m,,False,1789407474091,5.4274900263435805e-08,1.9121666778414904e-08,2.878972097456495e-10,389048851.87735677,2063680.9716202547,7168117306324250.0,2525123280720582.5,1.0,1.0,0.03179229335674899,21724,1357.75,1359.55,1398.2874999999997,7.417113024957891,250.0,14.976781428541166,1028.01,161,145,()
yj_m,,False,1789407474195,5.3746527464683026e-08,1.893730239804436e-08,3.8596922408133996e-10,385261413.674426,2766672.6748459972,7168117306324250.0,2525123280720582.5,1.0,1.0,0.03179229335674899,21023,1313.9375,1315.7375,1384.6749999999997,9.943748192960237,250.0,14.976781428541166,1028.01,161,145,()
yj_m,,False,1789407474300,5.314537604351252e-08,1.8728613987979767e-08,5.125117648851624e-10,380952289.76861227,3673744.4515681206,7168117306324250.0,2525123280720582.5,1.0,1.0,0.03179229335674899,21187,1324.1875,1325.9875,1369.1874999999998,13.203871236307936,250.0,14.976781428541166,1028.01,161,145,()
yj_m,,False,1789407474404,5.225912649879092e-08,1.8414450345259172e-08,4.312566938527093e-10,374599549.0693714,3091298.5706737842,7168117306324250.0,2525123280720582.5,1.0,1.0,0.03179229335674899,20635,1289.6875,1291.4875,1346.3549999999998,11.110491983931224,250.0,14.976781428541166,1028.01,161,145,()
yj_m,,False,1789407474509,5.126128306636213e-08,1.806055484455562e-08,3.103600666276667e-10,367446890.2923766,2224697.3647857257,7168117306324250.0,2525123280720582.5,1.0,1.0,0.03179229335674899,20762,1297.625,1299.425,1320.6474999999998,7.995824949622145,250.0,14.976781428541166,1028.01,161,146,()
yj_m,,False,1789407474614,5.048478368424648e-08,1.7786775743525928e-08,2.9378279059435715e-10,361880851.6330832,2105869.5055596447,7168117306324250.0,2525123280720582.5,1.0,1.0,0.03179229335674899,19807,1237.9375,1239.7375,1300.6424999999995,7.568743596198779,250.0,14.976781428541166,1028.01,161,146,()
yj_m,,False,1789407474718,4.977329987149068e-08,1.7537424488972043e-08,3.6074026255008725e-10,356780852.20169884,2585828.519073236,7168117306324250.0,2525123280720582.5,1.0,1.0,0.03179229335674899,19507,1219.1875,1220.9875,1282.3124999999995,9.293772948862049,250.0,14.976781428541166,1028.01,161,146,()
yj_m,,False,1789407474823,4.937777231819108e-08,1.7397504430039407e-08,3.296590766971692e-10,353945664.3017639,2363034.932859849,7168117306324250.0,2525123280720582.5,1.0,1.0,0.03179229335674899,20592,1287.0,1288.8,1272.1224999999995,8.493026499723172,250.0,14.976781428541166,1028.01,161,146,()
yj_m,,False,1789407474928,4.9406010423689165e-08,1.7407203101913482e-08,3.1634650318530697e-10,354148078.3544825,2267608.8442777554,7168117306324250.0,2525123280720582.5,1.0,1.0,0.03179229335674899,21341,1333.8125,1335.6125,1272.8499999999995,8.150053872521337,250.0,14.976781428541166,1028.01,162,146,()
yj_m,,False,1789407475032,4.997096660997725e-08,1.7608855009858152e-08,4.4042521125675397e-10,358197750.57072914,3157019.57895105,7168117306324250.0,2525123280720582.5,1.0,1.0,0.03179229335674899,22071,1379.4375,1381.2375,1287.4049999999995,11.34670104589876,250.0,14.976781428541166,1028.01,162,146,()
yj_m,,False,1789407475137,5.0699917292113315e-08,1.7865769793555937e-08,4.486809396212128e-10,363422954.57080543,3216197.608316638,7168117306324250.0,2525123280720582.5,1.0,1.0,0.03179229335674899,20794,1299.625,1301.425,1306.1849999999995,11.559393869273599,250.0,14.976781428541166,1028.01,162,146,()
yj_m,,False,1789407475241,5.072301237496055e-08,1.7873868913709504e-08,4.473222926241627e-10,363588502.83385366,3206458.6672639046,7168117306324250.0,2525123280720582.5,1.0,1.0,0.03179229335674899,20016,1251.0,1252.8,1306.7799999999995,11.524390965469717,250.0,14.976781428541166,1028.01,162,146,()
yj_m,,False,1789407475346,5.11975289931242e-08,1.8041032905829047e-08,4.4962303384061716e-10,366989893.616651,3222950.650194958,7168117306324250.0,2525123280720582.5,1.0,1.0,0.03179229335674899,20787,1299.1875,1300.9875,1319.0049999999997,11.583665098965874,250.0,14.976781428541166,1028.01,162,146,()
yj_m,,False,1789407475451,5.093775783017448e-08,1.7949553693247007e-08,4.497104719511858e-10,365127823.4478273,3223577.4168285457,7168117306324250.0,2525123280720582.5,1.0,1.0,0.03179229335674899,21143,1321.4375,1323.2375,1312.3124999999998,11.585917772235398,250.0,14.976781428541166,1028.01,162,147,()
yj_m,,False,1789407475555,5.0571729878494875e-08,1.7819273660565546e-08,3.912427830927221e-10,362504092.1527942,2804474.1644614125,7168117306324250.0,2525123280720582.5,1.0,1.0,0.03179229335674899,21332,1333.25,1335.05,1302.8824999999995,10.079611209019921,250.0,14.976781428541166,1028.01,162,147,()
yj_m,,False,1789407475660,5.070350770415259e-08,1.786538744038941e-08,3.7745473422598944e-10,363448691.065481,2705639.8127593338,7168117306324250.0,2525123280720582.5,1.0,1.0,0.03179229335674899,21392,1337.0,1338.8,1306.2774999999995,9.724388881826972,250.0,14.976781428541166,1028.01,162,147,()
yj_m,,False,1789407475764,5.159684103478951e-08,1.817693138127992e-08,1.7432114386562124e-10,369852209.17313594,1249554.4082013974,7168117306324250.0,2525123280720582.5,1.0,1.0,0.03179229335674899,21065,1316.5625,1318.3625,1329.2924999999998,4.491046050198106,250.0,14.976781428541166,1028.01,162,147,()
yj_m,,False,1789407475869,5.1627311018041735e-08,1.818717906925868e-08,1.1281389343048948e-10,370070621.58740956,808663.2218929094,7168117306324250.0,2525123280720582.5,1.0,1.0,0.03179229335674899,21419,1338.6875,1340.4875,1330.0774999999996,2.906431080380197,250.0,14.976781428541166,1028.01,162,147,()
yj_m,,False,1789407475974,5.209464681212684e-08,1.835190751651225e-08,1.2841204782851894e-10,373420539.38085574,920472.6223801443,7168117306324250.0,2525123280720582.5,1.0,1.0,0.03179229335674899,21953,1372.0625,1373.8625,1342.1174999999996,3.3082872645826877,250.0,14.976781428541166,1028.01,163,147,()
yj_m,,False,1789407476078,5.22073081196295e-08,1.8391627268933385e-08,1.331037767362329e-10,374228108.8489187,954103.485560112,7168117306324250.0,2525123280720582.5,1.0,1.0,0.03179229335674899,21237,1327.3125,1329.1125,1345.0199999999998,3.429160556900187,250.0,14.976781428541166,1028.01,163,147,()
yj_m,,False,1789407476183,5.148272415483849e-08,1.8139219284761308e-08,3.4724075719722687e-10,369034205.9910153,2489062.4811265757,7168117306324250.0,2525123280720582.5,1.0,1.0,0.03179229335674899,19621,1226.3125,1228.1125,1326.3524999999997,8.945984385465918,250.0,14.976781428541166,1028.01,163,147,()
yj_m,,False,1789407476288,5.071728712333035e-08,1.7871607916133524e-08,4.3743310002816986e-10,363547463.5585602,3135571.7746709944,7168117306324250.0,2525123280720582.5,1.0,1.0,0.03179229335674899,20161,1260.0625,1261.8625,1306.6324999999995,11.269615105450585,250.0,14.976781428541166,1028.01,163,147,()
yj_m,,False,1789407476393,5.071185298618982e-08,1.7870721110406237e-08,4.775457951984321e-10,363508511.0260783,3423104.279124261,7168117306324250.0,2525123280720582.5,1.0,1.0,0.03179229335674899,22584,1411.5,1413.3,1306.4924999999996,12.303040869029088,250.0,14.976781428541166,1028.01,163,147,()
yj_m,,False,1789407476497,5.119549119169651e-08,1.8044763874072106e-08,6.022367649270217e-10,366975286.4169703,4316903.777178116,7168117306324250.0,2525123280720582.5,1.0,1.0,0.03179229335674899,22921,1432.5625,1434.3625,1318.9524999999996,15.515461776080015,250.0,14.976781428541166,1028.01,163,148,()
yj_m,,False,1789407476601,5.2118130047626974e-08,1.837294261105766e-08,6.966405021023486e-10,373588869.9676527,4993600.839406268,7168117306324250.0,2525123280720582.5,1.0,1.0,0.03179229335674899,22716,1419.75,1421.55,1342.7224999999996,17.947590900313056,250.0,14.976781428541166,1028.01,163,148,()
yj_m,,False,1789407476706,5.361203257045505e-08,1.8894966361281456e-08,5.823543121500232e-10,384297338.49549824,4174384.0233351337,7168117306324250.0,2525123280720582.5,1.0,1.0,0.03179229335674899,23053,1440.8125,1442.6125,1381.2099999999998,15.00322895662797,250.0,14.976781428541166,1028.01,163,148,()
yj_m,,False,1789407476811,5.512621606939689e-08,1.9421010540250222e-08,2.5060198256616544e-10,395151183.4392138,1796344.408231701,7168117306324250.0,2525123280720582.5,1.0,1.0,0.03179229335674899,22876,1429.75,1431.55,1420.2199999999998,6.45627385765195,250.0,14.976781428541166,1028.01,163,148,()
yj_m,,False,1789407476915,5.549098252495458e-08,1.9548013118975245e-08,6.925183026997204e-11,397765872.18206346,496405.2430528165,7168117306324250.0,2525123280720582.5,1.0,1.0,0.03179229335674899,22716,1419.75,1421.55,1429.6174999999996,1.784139043068112,250.0,14.976781428541166,1028.01,163,148,()
yj_m,,False,1789407477020,5.544896500027875e-08,1.9533235420032977e-08,7.566345420170093e-11,397464685.63626564,542364.5155194856,7168117306324250.0,2525123280720582.5,1.0,1.0,0.03179229335674899,22687,1417.9375,1419.7375,1428.5349999999996,1.9493220937033473,250.0,14.976781428541166,1028.01,164,148,()
yj_m,,False,1789407477124,5.5442754557832443e-08,1.9531084051345855e-08,8.45334690772764e-11,397420168.4562863,605945.8226564524,7168117306324250.0,2525123280720582.5,1.0,1.0,0.03179229335674899,23006,1437.875,1439.675,1428.3749999999998,2.177840817185682,250.0,14.976781428541166,1028.01,164,148,()
yj_m,,False,1789407477229,5.5397534773770217e-08,1.9515136846816395e-08,8.034013694293448e-11,397096027.7395617,575887.5260131083,7168117306324250.0,2525123280720582.5,1.0,1.0,0.03179229335674899,23101,1443.8125,1445.6125,1427.2099999999998,2.0698077507343524,250.0,14.976781428541166,1028.01,164,148,()
yj_m,,False,1789407477334,5.546497629721065e-08,1.953894570268921e-08,9.198082927941101e-11,397579456.4908999,659329.3742078033,7168117306324250.0,2525123280720582.5,1.0,1.0,0.03179229335674899,22963,1435.1875,1436.9875,1428.9474999999998,2.369707603270918,250.0,14.976781428541166,1028.01,164,148,()
yj_m,,False,1789407477438,5.507410657574579e-08,1.940211616981493e-08,2.0463959168727716e-10,394777656.47594947,1466880.5987326987,7168117306324250.0,2525123280720582.5,1.0,1.0,0.03179229335674899,21551,1346.9375,1348.7375,1418.8774999999996,5.272142033841654,250.0,14.976781428541166,1028.01,164,148,()
yj_m,,False,1789407477543,5.400047633783932e-08,1.9027605599057762e-08,4.263844297384869e-10,387081748.9870192,3056373.6099556414,7168117306324250.0,2525123280720582.5,1.0,1.0,0.03179229335674899,20732,1295.75,1297.55,1391.2174999999997,10.984967552296183,250.0,14.976781428541166,1028.01,164,149,()
yj_m,,False,1789407477647,5.3306265318137326e-08,1.8783035345068965e-08,4.2276919320634416e-10,382105562.96245235,3030459.1704031364,7168117306324250.0,2525123280720582.5,1.0,1.0,0.03179229335674899,21559,1347.4375,1349.2375,1373.3324999999998,10.891827997402455,250.0,14.976781428541166,1028.01,164,149,()
yj_m,,False,1789407477752,5.321184718532072e-08,1.8749969695723907e-08,4.309709056038962e-10,381428762.71057874,3089250.006981523,7168117306324250.0,2525123280720582.5,1.0,1.0,0.03179229335674899,23292,1455.75,1457.55,1370.8999999999996,11.103129204192843,250.0,14.976781428541166,1028.01,164,149,()
yj_m,,False,1789407477857,5.274509362021497e-08,1.8585116214806256e-08,4.100508137193323e-10,378083018.4027555,2939292.334293883,7168117306324250.0,2525123280720582.5,1.0,1.0,0.03179229335674899,22633,1414.5625,1416.3625,1358.8749999999993,10.564163626383301,250.0,14.976781428541166,1028.01,164,149,()
yj_m,,False,1789407477961,5.358437669393633e-08,1.8883751446302476e-08,5.323019564160778e-10,384099097.92840266,3815602.8659763415,7168117306324250.0,2525123280720582.5,1.0,1.0,0.03179229335674899,23675,1479.6875,1481.4875,1380.4974999999997,13.713727123761796,250.0,14.976781428541166,1028.01,165,149,()
yj_m,,False,1789407478066,5.529962326707755e-08,1.9486840001833207e-08,4.978258513479273e-10,396394186.57394975,3568474.1005826844,7168117306324250.0,2525123280720582.5,1.0,1.0,0.03179229335674899,24052,1503.25,1505.05,1424.6874999999998,12.825517167935178,250.0,14.976781428541166,1028.01,165,149,()
yj_m,,False,1789407478171,5.628795695951041e-08,1.983286156387291e-08,4.090985853033658e-10,403478678.4191011,2932466.6493058223,7168117306324250.0,2525123280720582.5,1.0,1.0,0.03179229335674899,22856,1428.5,1430.3,1450.1499999999996,10.53963130877926,250.0,14.976781428541166,1028.01,165,149,()
yj_m,,False,1789407478275,5.494669546743313e-08,1.9369597578074636e-08,7.215444716283761e-10,393864358.70543563,5172115.414361946,7168117306324250.0,2525123280720582.5,1.0,1.0,0.03179229335674899,20342,1271.375,1273.175,1415.5949999999998,18.58919335595281,250.0,14.976781428541166,1028.01,165,149,()
yj_m,,False,1789407478379,5.497949436660274e-08,1.9380096354679975e-08,6.928425440983055e-10,394099465.06220156,4966376.63090879,7168117306324250.0,2525123280720582.5,1.0,1.0,0.03179229335674899,21756,1359.75,1361.55,1416.4399999999996,17.84974388121578,250.0,14.976781428541166,1028.01,165,149,()
yj_m,,False,1789407478484,5.351538255988429e-08,1.88652476472539e-08,7.083901000323899e-10,383604539.8820695,5077823.335670939,7168117306324250.0,2525123280720582.5,1.0,1.0,0.03179229335674899,20509,1281.8125,1283.6125,1378.7199999999998,18.250296494166886,250.0,14.976781428541166,1028.01,165,150,()
yj_m,,False,1789407478589,5.229726249693781e-08,1.843110592279703e-08,5.521357266016096e-10,374872912.3776821,3957773.657292913,7168117306324250.0,2525123280720582.5,1.0,1.0,0.03179229335674899,21825,1364.0625,1365.8625,1347.3374999999996,14.224705730699668,250.0,14.976781428541166,1028.01,165,150,()
yj_m,,False,1789407478694,5.170901715147605e-08,1.821991546527674e-08,3.9598235628480325e-10,370656300.7365129,2838447.981084152,7168117306324250.0,2525123280720582.5,1.0,1.0,0.03179229335674899,22032,1377.0,1378.8,1332.1824999999997,10.201717116495635,250.0,14.976781428541166,1028.01,165,150,()
yj_m,,False,1789407478798,5.1750937637988665e-08,1.823485586008748e-08,4.0402781136168535e-10,370956791.7013736,2896118.7468580063,7168117306324250.0,2525123280720582.5,1.0,1.0,0.03179229335674899,19448,1215.5,1217.3,1333.2624999999998,10.408992656592664,250.0,14.976781428541166,1028.01,165,150,()
yj_m,,False,1789407478902,5.1043044237272136e-08,1.7985150241937796e-08,3.8594946218598914e-10,365882528.76466465,2766531.019261927,7168117306324250.0,2525123280720582.5,1.0,1.0,0.03179229335674899,21333,1333.3125,1335.1125,1315.0249999999996,9.943239066068962,250.0,14.976781428541166,1028.01,165,150,()
yj_m,,False,1789407479007,5.1360844221829587e-08,1.8096963729651576e-08,3.806253703516419e-10,368160556.33392054,2728367.3044436816,7168117306324250.0,2525123280720582.5,1.0,1.0,0.03179229335674899,20926,1307.875,1309.675,1323.2124999999996,9.806074169870426,250.0,14.976781428541166,1028.01,166,150,()
yj_m,,False,1789407479112,5.059754202991236e-08,1.782872959906314e-08,4.0754690167747565e-10,362689116.68208337,2921343.999053145,7168117306324250.0,2525123280720582.5,1.0,1.0,0.03179229335674899,19767,1235.4375,1237.2375,1303.5474999999997,10.499655190766982,250.0,14.976781428541166,1028.01,166,150,()
yj_m,,False,1789407479216,5.0243158657819603e-08,1.7702708023989944e-08,3.5080737643397745e-10,360148855.0995116,2514628.4262026004,7168117306324250.0,2525123280720582.5,1.0,1.0,0.03179229335674899,21155,1322.1875,1323.9875,1294.4174999999996,9.037871410072176,250.0,14.976781428541166,1028.01,166,150,()
yj_m,,False,1789407479321,5.036901715552068e-08,1.7746045949686577e-08,2.9654102274508705e-10,361051023.5750307,2125640.83717415,7168117306324250.0,2525123280720582.5,1.0,1.0,0.03179229335674899,19882,1242.625,1244.425,1297.6599999999996,7.639804095983091,250.0,14.976781428541166,1028.01,166,150,()
yj_m,,False,1789407479425,4.953856455465266e-08,1.745424663635991e-08,3.3542344988155077e-10,355098241.91466683,2404354.636042931,7168117306324250.0,2525123280720582.5,1.0,1.0,0.03179229335674899,19465,1216.5625,1218.3625,1276.2649999999996,8.641534390662345,250.0,14.976781428541166,1028.01,166,150,()
yj_m,,False,1789407479530,4.876604373722919e-08,1.7181636389298362e-08,3.07398345965825e-10,349560722.07379776,2203467.4036530806,7168117306324250.0,2525123280720582.5,1.0,1.0,0.03179229335674899,19732,1233.25,1235.05,1256.3624999999995,7.919521963161666,250.0,14.976781428541166,1028.01,166,151,()
yj_m,,False,1789407479634,4.940513708022015e-08,1.7408686600256396e-08,4.03030212750375e-10,354141818.12604797,2888967.8429875076,7168117306324250.0,2525123280720582.5,1.0,1.0,0.03179229335674899,21193,1324.5625,1326.3625,1272.8274999999996,10.383291463933775,250.0,14.976781428541166,1028.01,166,151,()
yj_m,,False,1789407479739,4.8772351217838713e-08,1.7185569650453085e-08,3.915646863500167e-10,349605934.83471435,2806781.6047709743,7168117306324250.0,2525123280720582.5,1.0,1.0,0.03179229335674899,19177,1198.5625,1200.3625,1256.5249999999996,10.08790442188069,250.0,14.976781428541166,1028.01,166,151,()
yj_m,,False,1789407479843,4.870267781664415e-08,1.716118825972037e-08,3.983508098821611e-10,349106507.721821,2855425.334304599,7168117306324250.0,2525123280720582.5,1.0,1.0,0.03179229335674899,19748,1234.25,1236.05,1254.7299999999996,10.262735728108758,250.0,14.976781428541166,1028.01,166,151,()
yj_m,,False,1789407479948,4.9060845677102645e-08,1.7288611842620798e-08,4.5068144798696363e-10,351673896.9609426,3230537.486954627,7168117306324250.0,2525123280720582.5,1.0,1.0,0.03179229335674899,21998,1374.875,1376.675,1263.9574999999995,11.610933085889352,250.0,14.976781428541166,1028.01,167,151,()
yj_m,,False,1789407480053,4.9894888690009915e-08,1.758318935118828e-08,4.832921977300598e-10,357652415.11598206,3464295.166560322,7168117306324250.0,2525123280720582.5,1.0,1.0,0.03179229335674899,21278,1329.875,1331.675,1285.4449999999995,12.451085780967057,250.0,14.976781428541166,1028.01,167,151,()
yj_m,,False,1789407480157,4.9879168507567685e-08,1.757751116328027e-08,4.780809812360403e-10,357539731.00415933,3426940.555422542,7168117306324250.0,2525123280720582.5,1.0,1.0,0.03179229335674899,21137,1321.0625,1322.8625,1285.0399999999995,12.316828898909005,250.0,14.976781428541166,1028.01,167,151,()
yj_m,,False,1789407480262,4.993603287121673e-08,1.7597845881811435e-08,4.893741223672136e-10,357947341.4333453,3507891.115807662,7168117306324250.0,2525123280720582.5,1.0,1.0,0.03179229335674899,18620,1163.75,1165.55,1286.5049999999997,12.607774768966966,250.0,14.976781428541166,1028.01,167,151,()
yj_m,,False,1789407480367,5.0090226512579116e-08,1.765347454315973e-08,5.352563322385894e-10,359052619.5425201,3836780.1784390705,7168117306324250.0,2525123280720582.5,1.0,1.0,0.03179229335674899,21669,1354.3125,1356.1125,1290.4774999999995,13.789840884687539,250.0,14.976781428541166,1028.01,167,151,()
yj_m,,False,1789407480471,5.010138590134984e-08,1.765814219563866e-08,5.590829050102713e-10,359132611.35029554,4007571.84707416,7168117306324250.0,2525123280720582.5,1.0,1.0,0.03179229335674899,18753,1172.0625,1173.8625,1290.7649999999996,14.403686303339157,250.0,14.976781428541166,1028.01,167,152,()
yj_m,,False,1789407480576,4.958456064402068e-08,1.7476183076370194e-08,5.594407110843709e-10,355427947.2788889,4010136.642986223,7168117306324250.0,2525123280720582.5,1.0,1.0,0.03179229335674899,21618,1351.125,1352.925,1277.4499999999996,14.412904482615573,250.0,14.976781428541166,1028.01,167,152,()
yj_m,,False,1789407480680,4.97708739174101e-08,1.7542949390149345e-08,5.949090974067158e-10,356763462.6782694,4264378.196810821,7168117306324250.0,2525123280720582.5,1.0,1.0,0.03179229335674899,21373,1335.8125,1337.6125,1282.2499999999995,15.326678639711867,250.0,14.976781428541166,1028.01,167,152,()
yj_m,,False,1789407480784,5.070670996353896e-08,1.7870729838645857e-08,5.413776385759155e-10,363471645.23640794,3880658.420332974,7168117306324250.0,2525123280720582.5,1.0,1.0,0.03179229335674899,19328,1208.0,1209.8,1306.3599999999997,13.947544465783217,250.0,14.976781428541166,1028.01,167,152,()
yj_m,,False,1789407480889,5.1046537611148196e-08,1.7991370366555656e-08,5.731304225731322e-10,365907569.6784031,4108266.1008274,7168117306324250.0,2525123280720582.5,1.0,1.0,0.03179229335674899,22642,1415.125,1416.925,1315.1149999999998,14.765593338061288,250.0,14.976781428541166,1028.01,167,152,()
yj_m,,False,1789407480994,5.205437597438902e-08,1.8344304213143393e-08,5.078910972823451e-10,373131873.29192716,3640622.964157591,7168117306324250.0,2525123280720582.5,1.0,1.0,0.03179229335674899,22158,1384.875,1386.675,1341.0799999999997,13.084828700636475,250.0,14.976781428541166,1028.01,168,152,()
yj_m,,False,1789407481098,5.275926119204561e-08,1.8591637360976873e-08,4.744329224113878e-10,378184573.2195835,3400790.841827058,7168117306324250.0,2525123280720582.5,1.0,1.0,0.03179229335674899,22395,1399.6875,1401.4875,1359.2399999999998,12.22284374133123,250.0,14.976781428541166,1028.01,168,152,()
yj_m,,False,1789407481203,5.324231716857294e-08,1.8762628022932214e-08,5.079965163306572e-10,381647175.1248524,3641378.620262212,7168117306324250.0,2525123280720582.5,1.0,1.0,0.03179229335674899,22060,1378.75,1380.55,1371.6849999999997,13.087544617880008,250.0,14.976781428541166,1028.01,168,152,()
yj_m,,False,1789407481308,5.3653564904314766e-08,1.8905003257575854e-08,4.070479016166112e-10,384595047.1366101,2917767.108081,7168117306324250.0,2525123280720582.5,1.0,1.0,0.03179229335674899,22853,1428.3125,1430.1125,1382.2799999999997,10.486799422369058,250.0,14.976781428541166,1028.01,168,152,()
yj_m,,False,1789407481413,5.3940991943783234e-08,1.9006053464584087e-08,3.986121505449494e-10,386655357.87252945,2857298.6548323818,7168117306324250.0,2525123280720582.5,1.0,1.0,0.03179229335674899,22507,1406.6875,1408.4875,1389.6849999999997,10.269468663226936,250.0,14.976781428541166,1028.01,168,152,()
yj_m,,False,1789407481517,5.3885000923603186e-08,1.898657218906989e-08,4.098111584815489e-10,386254007.6717781,2937574.457436382,7168117306324250.0,2525123280720582.5,1.0,1.0,0.03179229335674899,22938,1433.625,1435.425,1388.2424999999996,10.557989374165896,250.0,14.976781428541166,1028.01,168,153,()
yj_m,,False,1789407481621,5.451827197680072e-08,1.9211744583814433e-08,5.001834466247234e-10,390793368.86779755,3585373.6200875924,7168117306324250.0,2525123280720582.5,1.0,1.0,0.03179229335674899,23618,1476.125,1477.925,1404.5574999999997,12.886256035986557,250.0,14.976781428541166,1028.01,168,153,()
yj_m,,False,1789407481726,5.494698658192281e-08,1.936289226148422e-08,5.068952639819833e-10,393866445.4482472,3633484.714243054,7168117306324250.0,2525123280720582.5,1.0,1.0,0.03179229335674899,23385,1461.5625,1463.3625,1415.6024999999997,13.059172987789083,250.0,14.976781428541166,1028.01,168,153,()
yj_m,,False,1789407481831,5.573852687933812e-08,1.963703716069576e-08,2.7629849770422427e-10,399540299.1528029,1980540.0431050388,7168117306324250.0,2525123280720582.5,1.0,1.0,0.03179229335674899,23142,1446.375,1448.175,1435.9949999999997,7.118294713272274,250.0,14.976781428541166,1028.01,168,153,()
yj_m,,False,1789407481936,5.530990931237926e-08,1.948785804772512e-08,3.8251954884033083e-10,396467918.1532905,2741944.9980497197,7168117306324250.0,2525123280720582.5,1.0,1.0,0.03179229335674899,21194,1324.625,1326.425,1424.9524999999996,9.854874003507097,250.0,14.976781428541166,1028.01,169,153,()
yj_m,,False,1789407482040,5.552145250820681e-08,1.9562251383482054e-08,3.76696528527932e-10,397984284.59633714,2700204.905373333,7168117306324250.0,2525123280720582.5,1.0,1.0,0.03179229335674899,23525,1470.3125,1472.1125,1430.4024999999997,9.70485518310294,250.0,14.976781428541166,1028.01,169,153,()
yj_m,,False,1789407482144,5.5021803005768236e-08,1.9385898046891998e-08,3.569306354523229e-10,394402738.35081095,2558520.6651431057,7168117306324250.0,2525123280720582.5,1.0,1.0,0.03179229335674899,21323,1332.6875,1334.4875,1417.5299999999997,9.195625298205663,250.0,14.976781428541166,1028.01,169,153,()
yj_m,,False,1789407482249,5.422764267794589e-08,1.910873522094417e-08,4.741442139909769e-10,388710103.9609514,3398721.346002229,7168117306324250.0,2525123280720582.5,1.0,1.0,0.03179229335674899,23271,1454.4375,1456.2375,1397.0699999999997,12.21540572903741,250.0,14.976781428541166,1028.01,169,153,()
yj_m,,False,1789407482354,5.451468156476146e-08,1.92113073236986e-08,5.310014676495687e-10,390767632.37312204,3806280.8099424513,7168117306324250.0,2525123280720582.5,1.0,1.0,0.03179229335674899,22259,1391.1875,1392.9875,1404.4649999999997,13.680222553927987,250.0,14.976781428541166,1028.01,169,153,()
yj_m,,False,1789407482458,5.4222984846111154e-08,1.9110228987352227e-08,5.870170192841256e-10,388676716.0759669,4207806.855037417,7168117306324250.0,2525123280720582.5,1.0,1.0,0.03179229335674899,20817,1301.0625,1302.8625,1396.9499999999998,15.123354559257018,250.0,14.976781428541166,1028.01,169,154,()
yj_m,,False,1789407482563,5.325211802305855e-08,1.8768171627159018e-08,5.801669422119589e-10,381717428.7995074,4158704.6990267644,7168117306324250.0,2525123280720582.5,1.0,1.0,0.03179229335674899,22299,1393.6875,1395.4875,1371.9374999999998,14.946875614154283,250.0,14.976781428541166,1028.01,169,154,()
yj_m,,False,1789407482668,5.3333630080166395e-08,1.879582032259277e-08,5.450202536849263e-10,382301716.7867363,3906769.1127361534,7168117306324250.0,2525123280720582.5,1.0,1.0,0.03179229335674899,20801,1300.0625,1301.8625,1374.0374999999997,14.041389376589484,250.0,14.976781428541166,1028.01,169,154,()
yj_m,,False,1789407482772,5.286280091220526e-08,1.8628775352920726e-08,5.002630964443517e-10,378926758.0795518,3585944.5593381147,7168117306324250.0,2525123280720582.5,1.0,1.0,0.03179229335674899,21713,1357.0625,1358.8625,1361.9074999999998,12.888308059051043,250.0,14.976781428541166,1028.01,169,154,()
yj_m,,False,1789407482877,5.202875789929797e-08,1.833132292076777e-08,3.357751303488482e-10,372948239.9245123,2406875.5228868546,7168117306324250.0,2525123280720582.5,1.0,1.0,0.03179229335674899,21488,1343.0,1344.8,1340.4199999999996,8.6505947555645,250.0,14.976781428541166,1028.01,169,154,()
yj_m,,False,1789407482981,5.3138486333923633e-08,1.872513681600076e-08,4.725523645043742e-10,380902903.5220727,3387310.7821482485,7168117306324250.0,2525123280720582.5,1.0,1.0,0.03179229335674899,23475,1467.1875,1468.9875,1369.0099999999998,12.174394815554487,250.0,14.976781428541166,1028.01,170,154,()
yj_m,,False,1789407483086,5.36786977885897e-08,1.891711177565518e-08,5.374963872961499e-10,384775202.59933907,3852837.1558642914,7168117306324250.0,2525123280720582.5,1.0,1.0,0.03179229335674899,23224,1451.5,1453.3,1382.9274999999998,13.847551557044302,250.0,14.976781428541166,1028.01,170,154,()
yj_m,,False,1789407483191,5.4716812058756306e-08,1.9284638300705703e-08,6.041590077556073e-10,392216527.4652625,4330682.639264655,7168117306324250.0,2525123280720582.5,1.0,1.0,0.03179229335674899,24230,1514.375,1516.175,1409.6724999999997,15.5649846329831,250.0,14.976781428541166,1028.01,170,154,()
yj_m,,False,1789407483295,5.605710316920136e-08,1.9756507623812202e-08,6.024959024965846e-10,401823891.3695562,4318761.305675217,7168117306324250.0,2525123280720582.5,1.0,1.0,0.03179229335674899,24088,1505.5,1507.3,1444.2024999999996,15.522137952775706,250.0,14.976781428541166,1028.01,170,154,()
yj_m,,False,1789407483400,5.709017145488034e-08,2.0115951437902002e-08,4.3538963366938223e-10,409229046.0267464,3120923.968099676,7168117306324250.0,2525123280720582.5,1.0,1.0,0.03179229335674899,22679,1417.4375,1419.2375,1470.8174999999997,11.216969159492239,250.0,14.976781428541166,1028.01,170,154,()
yj_m,,False,1789407483504,5.6361900039886854e-08,1.986375171099296e-08,5.999357765753925e-10,404008711.09323025,4300410.022753152,7168117306324250.0,2525123280720582.5,1.0,1.0,0.03179229335674899,24741,1546.3125,1548.1125,1452.0549999999996,15.456181275625621,250.0,14.976781428541166,1028.01,170,155,()
yj_m,,False,1789407483609,5.731151550519349e-08,2.0195916261276148e-08,5.203273245720633e-10,410815666.144448,3729767.300218404,7168117306324250.0,2525123280720582.5,1.0,1.0,0.03179229335674899,24166,1510.375,1512.175,1476.5199999999998,13.405223967729894,250.0,14.976781428541166,1028.01,170,155,()
yj_m,,False,1789407483714,5.7415249301679564e-08,2.0232792610076526e-08,5.336117173069811e-10,411559242.1662906,3824991.3856855724,7168117306324250.0,2525123280720582.5,1.0,1.0,0.03179229335674899,24329,1520.5625,1522.3625,1479.1924999999997,13.747470571890668,250.0,14.976781428541166,1028.01,170,155,()
yj_m,,False,1789407483818,5.741583153065892e-08,2.0233070056609726e-08,5.363504672835487e-10,411563415.65191364,3844623.066790305,7168117306324250.0,2525123280720582.5,1.0,1.0,0.03179229335674899,24946,1559.125,1560.925,1479.2074999999998,13.818029151257425,250.0,14.976781428541166,1028.01,170,155,()
yj_m,,False,1789407483922,5.8943406296125594e-08,2.0769048121916974e-08,4.542083550772782e-10,422513250.76495975,3255818.7707065083,7168117306324250.0,2525123280720582.5,1.0,1.0,0.03179229335674899,24766,1547.875,1549.675,1518.5625,11.701797004093002,250.0,14.976781428541166,1028.01,171,155,()
yj_m,,False,1789407484027,5.9042967451593075e-08,2.080174508813398e-08,3.2835226820107613e-10,423226916.8065038,2353667.576262955,7168117306324250.0,2525123280720582.5,1.0,1.0,0.03179229335674899,23942,1496.375,1498.175,1521.1275,8.459359114318294,250.0,14.976781428541166,1028.01,171,155,()
yj_m,,False,1789407484132,5.9081685678719316e-08,2.0815267635915693e-08,3.209740010170836e-10,423504453.6004375,2300779.291570695,7168117306324250.0,2525123280720582.5,1.0,1.0,0.03179229335674899,24384,1524.0,1525.8,1522.125,8.269272375789784,250.0,14.976781428541166,1028.01,171,155,()
yj_m,,False,1789407484237,5.7888601461884537e-08,2.040325434417704e-08,6.622690668370001e-10,414952285.9778418,4747222.359437514,7168117306324250.0,2525123280720582.5,1.0,1.0,0.03179229335674899,20843,1302.6875,1304.4875,1491.3874999999998,17.06207755887307,250.0,14.976781428541166,1028.01,171,155,()
yj_m,,False,1789407484341,5.665553752180161e-08,1.997201936383735e-08,7.447186812092285e-10,406113539.00912905,5338230.867118837,7168117306324250.0,2525123280720582.5,1.0,1.0,0.03179229335674899,21698,1356.125,1357.925,1459.62,19.186231902721286,250.0,14.976781428541166,1028.01,171,155,()
yj_m,,False,1789407484446,5.4782215780769056e-08,1.930708620411993e-08,5.853083022888188e-10,392685349.01692,4195558.57117175,7168117306324250.0,2525123280720582.5,1.0,1.0,0.03179229335674899,21741,1358.8125,1360.6125,1411.3574999999996,15.079332781161108,250.0,14.976781428541166,1028.01,171,156,()
yj_m,,False,1789407484551,5.3759918731207895e-08,1.8945205342729768e-08,5.193286742204686e-10,385357403.8437565,3722608.8573501706,7168117306324250.0,2525123280720582.5,1.0,1.0,0.03179229335674899,21573,1348.3125,1350.1125,1385.0199999999998,13.379495679023185,250.0,14.976781428541166,1028.01,171,156,()
yj_m,,False,1789407484655,5.292121788646588e-08,1.864431436611836e-08,2.501873917145024e-10,379345497.8037325,1793372.5723728463,7168117306324250.0,2525123280720582.5,1.0,1.0,0.03179229335674899,23297,1456.0625,1457.8625,1363.4124999999997,6.445592728756604,250.0,14.976781428541166,1028.01,171,156,()
yj_m,,False,1789407484759,5.463733780307614e-08,1.925630760816213e-08,5.929653078470645e-10,391646846.6777142,4250444.885228421,7168117306324250.0,2525123280720582.5,1.0,1.0,0.03179229335674899,25058,1566.125,1567.925,1407.6249999999998,15.276600673088236,250.0,14.976781428541166,1028.01,171,156,()
yj_m,,False,1789407484864,5.584400736276223e-08,1.968241983457793e-08,6.32605610753443e-10,400296395.63151467,4534591.226519575,7168117306324250.0,2525123280720582.5,1.0,1.0,0.03179229335674899,25233,1577.0625,1578.8625,1438.7124999999996,16.29785616653307,250.0,14.976781428541166,1028.01,171,156,()
yj_m,,False,1789407484969,5.7477159649816255e-08,2.0258830161314806e-08,6.755378937140666e-10,412003022.80420977,4842334.86700963,7168117306324250.0,2525123280720582.5,1.0,1.0,0.03179229335674899,25437,1589.8125,1591.6125,1480.7875,17.403923138907505,250.0,14.976781428541166,1028.01,172,156,()
yj_m,,False,1789407485073,5.917833568929007e-08,2.0853145995781847e-08,5.128042627121708e-10,424197252.2138662,3675841.1103039584,7168117306324250.0,2525123280720582.5,1.0,1.0,0.03179229335674899,25703,1606.4375,1608.2375,1524.615,13.211406875310443,250.0,14.976781428541166,1028.01,172,156,()
yj_m,,False,1789407485178,6.041663969018707e-08,2.1286120095436242e-08,3.609834637156023e-10,433073560.5531865,2587571.8135566856,7168117306324250.0,2525123280720582.5,1.0,1.0,0.03179229335674899,24404,1525.25,1527.05,1556.5175,9.300038555027609,250.0,14.976781428541166,1028.01,172,156,()
yj_m,,False,1789407485282,6.079208034369936e-08,2.1417941095165294e-08,3.3532173091747367e-10,435764763.1991257,2403625.502576147,7168117306324250.0,2525123280720582.5,1.0,1.0,0.03179229335674899,25832,1614.5,1616.3,1566.19,8.638913798910139,250.0,14.976781428541166,1028.01,172,156,()
yj_m,,False,1789407485387,6.10491344380788e-08,2.150727574289305e-08,2.4599839471985653e-10,437607357.10170853,1763345.3505193812,7168117306324250.0,2525123280720582.5,1.0,1.0,0.03179229335674899,24491,1530.6875,1532.4875,1572.8125,6.33767134876841,250.0,14.976781428541166,1028.01,172,156,()
yj_m,,False,1789407485492,6.123020765065413e-08,2.157121652340608e-08,2.594845457806663e-10,438905311.1304815,1860015.6633340756,7168117306324250.0,2525123280720582.5,1.0,1.0,0.03179229335674899,25718,1607.375,1609.175,1577.4775,6.685115864740117,250.0,14.976781428541166,1028.01,172,157,()
yj_m,,False,1789407485596,6.119294499597626e-08,2.155805166290786e-08,2.5620369977571933e-10,438638208.05060536,1836498.1743066332,7168117306324250.0,2525123280720582.5,1.0,1.0,0.03179229335674899,25574,1598.375,1600.175,1576.5175,6.600591232988148,250.0,14.976781428541166,1028.01,172,157,()
yj_m,,False,1789407485700,6.133675555387372e-08,2.1608394214877694e-08,2.2816648050688192e-10,439669058.9995023,1635524.097644473,7168117306324250.0,2525123280720582.5,1.0,1.0,0.03179229335674899,25435,1589.6875,1591.4875,1580.2225,5.8782666769210135,250.0,14.976781428541166,1028.01,172,157,()
yj_m,,False,1789407485805,6.00027719240382e-08,2.114464894130601e-08,5.587484835874381e-10,430106907.85612506,4005174.6750855474,7168117306324250.0,2525123280720582.5,1.0,1.0,0.03179229335674899,21744,1359.0,1360.8,1545.855,14.395070584231256,250.0,14.976781428541166,1028.01,172,157,()
yj_m,,False,1789407485910,5.959812278339558e-08,2.100581082738659e-08,6.825467834650272e-10,427206335.3480955,4892575.410931614,7168117306324250.0,2525123280720582.5,1.0,1.0,0.03179229335674899,25534,1595.875,1597.675,1535.43,17.584493584547726,250.0,14.976781428541166,1028.01,172,157,()
yj_m,,False,1789407486014,5.967099844397654e-08,2.1031959870733524e-08,6.974991063376441e-10,427728716.6319156,4999755.415284565,7168117306324250.0,2525123280720582.5,1.0,1.0,0.03179229335674899,25147,1571.6875,1573.4875,1537.3075,17.969711172553666,250.0,14.976781428541166,1028.01,173,157,()
yj_m,,False,1789407486119,5.9363678581047236e-08,2.092300635498016e-08,6.745218050234663e-10,425525811.80387497,4835051.424081782,7168117306324250.0,2525123280720582.5,1.0,1.0,0.03179229335674899,24387,1524.1875,1525.9875,1529.39,17.377745585230556,250.0,14.976781428541166,1028.01,173,157,()
yj_m,,False,1789407486223,5.952175374893856e-08,2.097865532168107e-08,6.74287302933585e-10,426658913.1505369,4833370.485592934,7168117306324250.0,2525123280720582.5,1.0,1.0,0.03179229335674899,25753,1609.5625,1611.3625,1533.4625,17.371704093870584,250.0,14.976781428541166,1028.01,173,157,()
yj_m,,False,1789407486328,6.111599373253989e-08,2.153290775684626e-08,3.874633495964467e-10,438086612.3674238,2777382.7418086557,7168117306324250.0,2525123280720582.5,1.0,1.0,0.03179229335674899,25792,1612.0,1613.8,1574.535,9.982241437923648,250.0,14.976781428541166,1028.01,173,157,()
yj_m,,False,1789407486433,6.059819809357852e-08,2.1351530563543286e-08,4.39010108968855e-10,434374992.48664534,3146875.959750946,7168117306324250.0,2525123280720582.5,1.0,1.0,0.03179229335674899,23058,1441.125,1442.925,1561.195,11.310243681061872,250.0,14.976781428541166,1028.01,173,157,()
yj_m,,False,1789407486537,5.995638768201728e-08,2.112488480743632e-08,4.08988323316613e-10,429774420.1681543,2931676.278450356,7168117306324250.0,2525123280720582.5,1.0,1.0,0.03179229335674899,24588,1536.75,1538.55,1544.66,10.53679062262319,250.0,14.976781428541166,1028.01,173,158,()
yj_m,,False,1789407486642,5.998249094792445e-08,2.1134247603405634e-08,4.1763415799313323e-10,429961531.440255,2993650.635622738,7168117306324250.0,2525123280720582.5,1.0,1.0,0.03179229335674899,25831,1614.4375,1616.2375,1545.3325,10.759533778235934,250.0,14.976781428541166,1028.01,173,158,()
yj_m,,False,1789407486747,6.038636378326127e-08,2.127839247301589e-08,5.05227559016882e-10,432856539.30078715,3621530.409420869,7168117306324250.0,2525123280720582.5,1.0,1.0,0.03179229335674899,26485,1655.3125,1657.1125,1555.7375,13.016207805079018,250.0,14.976781428541166,1028.01,173,158,()
yj_m,,False,1789407486851,6.060042997133266e-08,2.135450370118721e-08,5.349139921620234e-10,434390990.84820044,3834326.244611591,7168117306324250.0,2525123280720582.5,1.0,1.0,0.03179229335674899,25046,1565.375,1567.175,1561.2525,13.78102115683014,250.0,14.976781428541166,1028.01,173,158,()
yj_m,,False,1789407486956,6.051532750218551e-08,2.1325299935455405e-08,5.64625705350223e-10,433780966.3662959,4047303.2901164726,7168117306324250.0,2525123280720582.5,1.0,1.0,0.03179229335674899,23669,1479.3125,1481.1125,1559.06,14.546485799841827,250.0,14.976781428541166,1028.01,174,158,()
yj_m,,False,1789407487060,6.06892198906823e-08,2.138622961071742e-08,5.529045660255566e-10,435027447.40571773,3963284.788473494,7168117306324250.0,2525123280720582.5,1.0,1.0,0.03179229335674899,25067,1566.6875,1568.4875,1563.54,14.24451338673947,250.0,14.976781428541166,1028.01,174,158,()
yj_m,,False,1789407487164,5.967982891682988e-08,2.1033895982934356e-08,6.611824910247947e-10,427792014.4971988,4739433.656553417,7168117306324250.0,2525123280720582.5,1.0,1.0,0.03179229335674899,22020,1376.25,1378.05,1537.535,17.034084041268553,250.0,14.976781428541166,1028.01,174,158,()
yj_m,,False,1789407487269,5.759117949160404e-08,2.0297968286040135e-08,6.446164512074036e-10,412820330.4053931,4620686.339841107,7168117306324250.0,2525123280720582.5,1.0,1.0,0.03179229335674899,22603,1412.6875,1414.4875,1483.7249999999997,16.60729216714754,250.0,14.976781428541166,1028.01,174,158,()
yj_m,,False,1789407487374,5.674063999094875e-08,1.9994420034490783e-08,5.023203787569582e-10,406723563.49103355,3600691.4002870987,7168117306324250.0,2525123280720582.5,1.0,1.0,0.03179229335674899,23447,1465.4375,1467.2375,1461.8124999999998,12.94130994625351,250.0,14.976781428541166,1028.01,174,158,()
yj_m,,False,1789407487478,5.770995420338979e-08,2.0338935912377033e-08,6.171399309544365e-10,413671721.4724982,4423731.419498242,7168117306324250.0,2525123280720582.5,1.0,1.0,0.03179229335674899,25480,1592.5,1594.3,1486.7849999999996,15.899412933344431,250.0,14.976781428541166,1028.01,174,159,()
yj_m,,False,1789407487583,5.662273862263201e-08,1.9955700057387343e-08,6.033878129458403e-10,405878432.65236306,4325154.624402211,7168117306324250.0,2525123280720582.5,1.0,1.0,0.03179229335674899,21915,1369.6875,1371.4875,1458.7749999999996,15.545116294997598,250.0,14.976781428541166,1028.01,174,159,()
yj_m,,False,1789407487688,5.667610961240502e-08,1.9974070488431722e-08,5.892505691889045e-10,406261002.16781056,4223817.202764403,7168117306324250.0,2525123280720582.5,1.0,1.0,0.03179229335674899,23247,1452.9375,1454.7375,1460.1499999999996,15.18089763897379,250.0,14.976781428541166,1028.01,174,159,()
yj_m,,False,1789407487793,5.6848546428453454e-08,2.003378747477981e-08,5.541646699954895e-10,407497049.4931748,3972317.3615481323,7168117306324250.0,2525123280720582.5,1.0,1.0,0.03179229335674899,22319,1394.9375,1396.7375,1464.5924999999997,14.276977520644907,250.0,14.976781428541166,1028.01,174,159,()
yj_m,,False,1789407487897,5.647591988167464e-08,1.9902759086029082e-08,5.608318300457217e-10,404826018.69441366,4020108.346888236,7168117306324250.0,2525123280720582.5,1.0,1.0,0.03179229335674899,22411,1400.6875,1402.4875,1454.9924999999996,14.448743963576902,250.0,14.976781428541166,1028.01,174,159,()
yj_m,,False,1789407488001,5.61138704946872e-08,1.9774298731517067e-08,5.254558553682129e-10,402230806.21780497,3766529.2105743005,7168117306324250.0,2525123280720582.5,1.0,1.0,0.03179229335674899,26194,1637.125,1638.925,1445.6649999999997,13.537350613210846,250.0,14.976781428541166,1028.01,175,159,()
yj_m,,False,1789407488106,5.7594187674663975e-08,2.0299362082218072e-08,6.550694262403882e-10,412841893.41444564,4695614.491077622,7168117306324250.0,2525123280720582.5,1.0,1.0,0.03179229335674899,24200,1512.5,1514.3,1483.8024999999998,16.876592787793395,250.0,14.976781428541166,1028.01,175,159,()
yj_m,,False,1789407488211,5.8183112287268314e-08,2.0505761385255018e-08,6.244562894716151e-10,417063374.1221751,4476175.93560451,7168117306324250.0,2525123280720582.5,1.0,1.0,0.03179229335674899,24244,1515.25,1517.05,1498.975,16.087904715188987,250.0,14.976781428541166,1028.01,175,159,()
yj_m,,False,1789407488315,5.930700829372463e-08,2.0899650022047837e-08,5.592035496257681e-10,425119592.5365634,4008436.641830423,7168117306324250.0,2525123280720582.5,1.0,1.0,0.03179229335674899,25504,1594.0,1595.8,1527.93,14.406794477780267,250.0,14.976781428541166,1028.01,175,159,()
yj_m,,False,1789407488420,6.064351491580394e-08,2.1367339496922527e-08,4.3157243354882456e-10,434699828.7843072,3093561.8298538025,7168117306324250.0,2525123280720582.5,1.0,1.0,0.03179229335674899,25361,1585.0625,1586.8625,1562.3625,11.118626404596927,250.0,14.976781428541166,1028.01,175,159,()
yj_m,,False,1789407488524,6.035210931164333e-08,2.1262402510392065e-08,2.970961383755396e-10,432610999.22996354,2129619.971131809,7168117306324250.0,2525123280720582.5,1.0,1.0,0.03179229335674899,25235,1577.1875,1578.9875,1554.855,7.654105573154842,250.0,14.976781428541166,1028.01,175,160,()
yj_m,,False,1789407488629,6.055220200421051e-08,2.1332501522355745e-08,2.6834170612789796e-10,434045287.1224233,1923504.8277039616,7168117306324250.0,2525123280720582.5,1.0,1.0,0.03179229335674899,25699,1606.1875,1607.9875,1560.01,6.913303416240315,250.0,14.976781428541166,1028.01,175,160,()
yj_m,,False,1789407488734,6.13300599206113e-08,2.1606322423435226e-08,2.5387283865775905e-10,439621063.914837,1819790.288388346,7168117306324250.0,2525123280720582.5,1.0,1.0,0.03179229335674899,25533,1595.8125,1597.6125,1580.05,6.540541118669005,250.0,14.976781428541166,1028.01,175,160,()
yj_m,,False,1789407488838,6.142263432832664e-08,2.1638861048937277e-08,2.477952646845076e-10,440284648.1289042,1776225.5252102213,7168117306324250.0,2525123280720582.5,1.0,1.0,0.03179229335674899,25732,1608.25,1610.05,1582.435,6.3839642170833,250.0,14.976781428541166,1028.01,175,160,()
yj_m,,False,1789407488942,6.17929319591881e-08,2.176905899697025e-08,2.2583981947379155e-10,442938984.985173,1618846.318427231,7168117306324250.0,2525123280720582.5,1.0,1.0,0.03179229335674899,25758,1609.875,1611.675,1591.975,5.818324769639455,250.0,14.976781428541166,1028.01,176,160,()
yj_m,,False,1789407489047,6.220582934370472e-08,2.1914031221378953e-08,1.7412001115668078e-10,445898681.8728627,1248112.6653495755,7168117306324250.0,2525123280720582.5,1.0,1.0,0.03179229335674899,25637,1602.3125,1604.1125,1602.6125,4.485864256194117,250.0,14.976781428541166,1028.01,176,160,()
yj_m,,False,1789407489154,6.990453741246545e-08,2.511433676626011e-08,4.9316153667655685e-09,405495863.1369156,19176982.99876019,2384105169508515.0,839852252682974.9,1.0,1.0,0.010574069550380184,8427,526.6875,528.4875,1457.4,68.92434069778977,250.0,19.75757837372652,1028.01,176,160,()
yj_m,,False,1789407489259,6.894568256436067e-08,2.4797414724481908e-08,5.002437753588913e-09,343283104.11577207,27759859.077120475,2384105169508515.0,839852252682974.9,1.0,1.0,0.010574069550380184,7941,496.3125,498.1125,1233.7999999999995,99.77221051287276,250.0,19.75757837372652,1028.01,176,160,()
yj_m,,False,1789407489363,6.779580550955533e-08,2.441740437068557e-08,5.082761277063286e-09,269408930.6828503,29424933.12410501,2384105169508515.0,839852252682974.9,1.0,1.0,0.010574069550380184,7679,479.9375,481.7375,968.2874999999997,105.75668319602784,250.0,19.75757837372652,1028.01,176,160,()
yj_m,,False,1789407489468,6.686462647614192e-08,2.4108489519929966e-08,5.138556026800415e-09,207351286.21069756,24374795.45373338,2384105169508515.0,839852252682974.9,1.0,1.0,0.010574069550380184,8408,525.5,527.3,745.2449999999999,87.60589225117795,250.0,19.75757837372652,1028.01,176,161,()
yj_m,,False,1789407489573,6.159383414306219e-08,2.181546922369461e-08,2.263249529890952e-09,146846178.3903246,5395824.904100736,2384105169508515.0,839852252682974.9,1.0,1.0,0.010574069550380184,8160,510.0,511.8,527.7824999999998,19.39323167048236,250.0,19.75757837372652,1028.01,176,161,()
yj_m,,False,1789407489677,5.8627242291463015e-08,2.0655755396630024e-08,3.549565544597063e-10,139773511.42110518,846253.7564383169,2384105169508515.0,839852252682974.9,1.0,1.0,0.010574069550380184,8233,514.5625,516.3625,502.36249999999984,3.041535899015496,250.0,19.75757837372652,1028.01,176,161,()
yj_m,,False,1789407489782,5.963147214523999e-08,2.1011147202520253e-08,4.434604991697107e-10,142167701.00686967,1057256.4685433337,2384105169508515.0,839852252682974.9,1.0,1.0,0.010574069550380184,8431,526.9375,528.7375,510.96749999999986,3.799904554722395,250.0,19.75757837372652,1028.01,176,161,()
yj_m,,False,1789407489887,6.081367416950041e-08,2.142557430626211e-08,3.3705865156742486e-10,144986194.96431231,803583.2736294674,2384105169508515.0,839852252682974.9,1.0,1.0,0.010574069550380184,8620,538.75,540.55,521.0974999999997,2.888173146644778,250.0,19.75757837372652,1028.01,176,161,()
yj_m,,False,1789407489991,6.18943445292883e-08,2.180599411112377e-08,3.2229177474037094e-10,147562626.75561726,768377.4862485927,2384105169508515.0,839852252682974.9,1.0,1.0,0.010574069550380184,8653,540.8125,542.6125,530.3574999999997,2.761639390832916,250.0,19.75757837372652,1028.01,177,161,()
yj_m,,False,1789407490096,6.177793322433275e-08,2.176599898270798e-08,3.844276050416223e-10,147285089.9616835,916515.8404815099,2384105169508515.0,839852252682974.9,1.0,1.0,0.010574069550380184,7907,494.1875,495.9875,529.3599999999998,3.2940661233496815,250.0,19.75757837372652,1028.01,177,161,()
yj_m,,False,1789407490200,6.09931051282665e-08,2.1493699708347783e-08,5.703404950505449e-10,145413977.2406764,1359751.72263005,2384105169508515.0,839852252682974.9,1.0,1.0,0.010574069550380184,8015,500.9375,502.7375,522.6349999999998,4.887108206802873,250.0,19.75757837372652,1028.01,177,161,()
yj_m,,False,1789407490304,6.155444685943062e-08,2.1693571685227202e-08,6.485169566429419e-10,146752274.96380565,1546132.6288463692,2384105169508515.0,839852252682974.9,1.0,1.0,0.010574069550380184,8781,548.8125,550.6125,527.4449999999998,5.5569831855963,250.0,19.75757837372652,1028.01,177,161,()
yj_m,,False,1789407490409,6.184124463579981e-08,2.1795990871287718e-08,6.950246864465586e-10,147436031.025051,1657011.9478932775,2384105169508515.0,839852252682974.9,1.0,1.0,0.010574069550380184,8362,522.625,524.425,529.9024999999998,5.955496547308209,250.0,19.75757837372652,1028.01,177,161,()
yj_m,,False,1789407490514,6.122184313098618e-08,2.1576733955491413e-08,6.576495570504648e-10,145959312.69542345,1567905.7086889972,2384105169508515.0,839852252682974.9,1.0,1.0,0.010574069550380184,8435,527.1875,528.9875,524.5949999999998,5.635238204814416,250.0,19.75757837372652,1028.01,177,162,()
yj_m,,False,1789407490618,6.217414012190078e-08,2.1909580271857842e-08,5.695461840585597e-10,148229688.87437037,1357858.0016878617,2384105169508515.0,839852252682974.9,1.0,1.0,0.010574069550380184,8662,541.375,543.175,532.7549999999998,4.880301950187098,250.0,19.75757837372652,1028.01,177,162,()
yj_m,,False,1789407490723,6.319675070803915e-08,2.2264810677457944e-08,3.267579911124345e-10,150667700.05917704,779025.4157893732,2384105169508515.0,839852252682974.9,1.0,1.0,0.010574069550380184,8665,541.5625,543.3625,541.5174999999998,2.7999093065669114,250.0,19.75757837372652,1028.01,177,162,()
yj_m,,False,1789407490828,6.24775680846922e-08,2.2011193606357674e-08,3.060877310633285e-10,148953093.04903483,729745.3419512154,2384105169508515.0,839852252682974.9,1.0,1.0,0.010574069550380184,8266,516.625,518.425,535.3549999999998,2.6227909037893204,250.0,19.75757837372652,1028.01,177,162,()
yj_m,,False,1789407490933,6.226487675308165e-08,2.1935663358521446e-08,2.5849819583845494e-10,148446014.54583254,616286.8850070855,2384105169508515.0,839852252682974.9,1.0,1.0,0.010574069550380184,8677,542.3125,544.1125,533.5324999999998,2.2150078160132978,250.0,19.75757837372652,1028.01,178,162,()
yj_m,,False,1789407491037,6.24311786173039e-08,2.1993911940457683e-08,2.286298221280824e-10,148842495.6800236,545077.5408393751,2384105169508515.0,839852252682974.9,1.0,1.0,0.010574069550380184,8592,537.0,538.8,534.9574999999998,1.9590730269696428,250.0,19.75757837372652,1028.01,178,162,()
yj_m,,False,1789407491141,6.260623321122201e-08,2.205577909821774e-08,2.4750521671052197e-10,149259844.24233004,590078.4666398806,2384105169508515.0,839852252682974.9,1.0,1.0,0.010574069550380184,8784,549.0,550.8,536.4574999999998,2.120811666555991,250.0,19.75757837372652,1028.01,178,162,()
yj_m,,False,1789407491246,6.200083607392184e-08,2.184353509159176e-08,3.243952529646684e-10,147816513.797687,773392.3995570889,2384105169508515.0,839852252682974.9,1.0,1.0,0.010574069550380184,7875,492.1875,493.9875,531.2699999999998,2.7796635812630277,250.0,19.75757837372652,1028.01,178,162,()
yj_m,,False,1789407491351,6.09102459538119e-08,2.1466371633615172e-08,6.361873543404683e-10,145216432.254518,1516737.560259057,2384105169508515.0,839852252682974.9,1.0,1.0,0.010574069550380184,7362,460.125,461.925,521.9249999999997,5.451333839070948,250.0,19.75757837372652,1028.01,178,162,()
yj_m,,False,1789407491455,5.950659986824507e-08,2.0976530304144774e-08,7.676871173870303e-10,141869992.36575776,1830246.8251275108,2384105169508515.0,839852252682974.9,1.0,1.0,0.010574069550380184,8003,500.1875,501.9875,509.89749999999987,6.5781231460804985,250.0,19.75757837372652,1028.01,178,163,()
yj_m,,False,1789407491560,5.935255182559712e-08,2.092216054756222e-08,7.638765209706836e-10,141502725.63092813,1821161.9625123881,2384105169508515.0,839852252682974.9,1.0,1.0,0.010574069550380184,8778,548.625,550.425,508.5774999999999,6.545471077393896,250.0,19.75757837372652,1028.01,178,163,()
yj_m,,False,1789407491664,5.937501716514995e-08,2.093041372484225e-08,7.732596637661098e-10,141556285.36309078,1843532.3617571995,2384105169508515.0,839852252682974.9,1.0,1.0,0.010574069550380184,8955,559.6875,561.4875,508.76999999999987,6.625872933055688,250.0,19.75757837372652,1028.01,178,163,()
yj_m,,False,1789407491769,5.964956111994487e-08,2.1028783372739528e-08,8.187331127609152e-10,142210827.02497464,1951945.8465810968,2384105169508515.0,839852252682974.9,1.0,1.0,0.010574069550380184,7868,491.75,493.55,511.12249999999983,7.015523795483841,250.0,19.75757837372652,1028.01,178,163,()
yj_m,,False,1789407491874,6.14164454878918e-08,2.1647090339156847e-08,7.155111606380788e-10,146423265.18052077,1705853.8569182805,2384105169508515.0,839852252682974.9,1.0,1.0,0.010574069550380184,9085,567.8125,569.6125,526.2624999999998,6.131040134022938,250.0,19.75757837372652,1028.01,178,163,()
yj_m,,False,1789407491978,6.277953725920096e-08,2.212016873091929e-08,4.5734066978300626e-10,149673019.3190134,1090348.2550561507,2384105169508515.0,839852252682974.9,1.0,1.0,0.010574069550380184,8690,543.125,544.925,537.9424999999998,3.9188403418613516,250.0,19.75757837372652,1028.01,179,163,()
yj_m,,False,1789407492082,6.269667808474638e-08,2.209059419439024e-08,4.3800397821207577e-10,149475474.33285502,1044247.548720704,2384105169508515.0,839852252682974.9,1.0,1.0,0.010574069550380184,8480,530.0,531.8,537.2324999999997,3.753148961205776,250.0,19.75757837372652,1028.01,179,163,()
yj_m,,False,1789407492187,6.227508827106024e-08,2.194130739238721e-08,3.9578699305606356e-10,148470359.87863374,943597.8161691936,2384105169508515.0,839852252682974.9,1.0,1.0,0.010574069550380184,8484,530.25,532.05,533.6199999999998,3.39140194093829,250.0,19.75757837372652,1028.01,179,163,()
yj_m,,False,1789407492292,6.315590463612494e-08,2.2249501622083327e-08,2.564277844446676e-10,150570318.7279722,611350.8065001469,2384105169508515.0,839852252682974.9,1.0,1.0,0.010574069550380184,8837,552.3125,554.1125,541.1674999999998,2.197266967166257,250.0,19.75757837372652,1028.01,179,163,()
yj_m,,False,1789407492397,6.295459185311909e-08,2.2177902317542564e-08,1.8780300975655685e-10,150090367.88131982,447742.12640986685,2384105169508515.0,839852252682974.9,1.0,1.0,0.010574069550380184,8452,528.25,530.05,539.4424999999998,1.6092380572805256,250.0,19.75757837372652,1028.01,179,163,()
yj_m,,False,1789407492501,6.284780855082902e-08,2.2140392536945155e-08,1.998627813336229e-10,149835785.2583129,476493.89016984345,2384105169508515.0,839852252682974.9,1.0,1.0,0.010574069550380184,8698,543.625,545.425,538.5274999999998,1.7125752903157279,250.0,19.75757837372652,1028.01,179,164,()
yj_m,,False,1789407492606,6.297530664673273e-08,2.218533356983347e-08,2.030472187560537e-10,150139754.1278594,484085.9238906355,2384105169508515.0,839852252682974.9,1.0,1.0,0.010574069550380184,8415,525.9375,527.7375,539.6199999999998,1.7398619557309711,250.0,19.75757837372652,1028.01,179,164,()
yj_m,,False,1789407492711,6.312410305156312e-08,2.2237614447462105e-08,1.87839085337478e-10,150494500.40581986,447828.1343888337,2384105169508515.0,839852252682974.9,1.0,1.0,0.010574069550380184,8612,538.25,540.05,540.8949999999998,1.6095471801099834,250.0,19.75757837372652,1028.01,179,164,()
yj_m,,False,1789407492815,6.288252771195614e-08,2.2152559710799667e-08,1.9276516905282713e-10,149918559.38983703,459572.4360400283,2384105169508515.0,839852252682974.9,1.0,1.0,0.010574069550380184,8928,558.0,559.8,538.8249999999998,1.6517575866330994,250.0,19.75757837372652,1028.01,179,164,()
yj_m,,False,1789407492919,6.213037647342126e-08,2.1890559769196597e-08,4.078754862537187e-10,148125351.73379377,972418.055293291,2384105169508515.0,839852252682974.9,1.0,1.0,0.010574069550380184,8016,501.0,502.8,532.3799999999998,3.494985282515507,250.0,19.75757837372652,1028.01,180,164,()
yj_m,,False,1789407493024,6.222986583429804e-08,2.192563368469415e-08,4.096309021520464e-10,148362544.83337122,976603.1514111307,2384105169508515.0,839852252682974.9,1.0,1.0,0.010574069550380184,8605,537.8125,539.6125,533.2324999999997,3.5100270120043233,250.0,19.75757837372652,1028.01,180,164,()
yj_m,,False,1789407493129,6.251170373050622e-08,2.20253874688487e-08,4.350581800668085e-10,149034476.0186846,1037224.4561342435,2384105169508515.0,839852252682974.9,1.0,1.0,0.010574069550380184,8921,557.5625,559.3625,535.6474999999998,3.7279071373895567,250.0,19.75757837372652,1028.01,180,164,()
yj_m,,False,1789407493233,6.270426378381617e-08,2.209368180650056e-08,4.585033961486727e-10,149493559.43722165,1093120.316995263,2384105169508515.0,839852252682974.9,1.0,1.0,0.010574069550380184,8721,545.0625,546.8625,537.2974999999998,3.928803459706276,250.0,19.75757837372652,1028.01,180,164,()
yj_m,,False,1789407493338,6.249040542157952e-08,2.2019006498228262e-08,4.884797173071088e-10,148983698.61027065,1164587.019231937,2384105169508515.0,839852252682974.9,1.0,1.0,0.010574069550380184,7914,494.625,496.425,535.4649999999998,4.185663224030333,250.0,19.75757837372652,1028.01,180,164,()
yj_m,,False,1789407493442,6.358332960294169e-08,2.2401003509849087e-08,3.285826928785153e-10,151589344.80093703,783375.6967026978,2384105169508515.0,839852252682974.9,1.0,1.0,0.010574069550380184,8997,562.3125,564.1125,544.8299999999998,2.8155447297103984,250.0,19.75757837372652,1028.01,180,165,()
yj_m,,False,1789407493547,6.272293627383411e-08,2.210220747965295e-08,5.444165614807173e-10,149538076.61720097,1297946.3385922285,2384105169508515.0,839852252682974.9,1.0,1.0,0.010574069550380184,7773,485.8125,487.6125,537.4574999999998,4.664972360582644,250.0,19.75757837372652,1028.01,180,165,()
yj_m,,False,1789407493652,6.210966167980762e-08,2.1886102631614824e-08,5.390881515301539e-10,148075965.48725417,1285242.8488838302,2384105169508515.0,839852252682974.9,1.0,1.0,0.010574069550380184,8075,504.6875,506.4875,532.2024999999998,4.619314518951919,250.0,19.75757837372652,1028.01,180,165,()
yj_m,,False,1789407493756,6.073840069411562e-08,2.140561093696725e-08,6.276790616663087e-10,144806735.08252054,1496452.8957109028,2384105169508515.0,839852252682974.9,1.0,1.0,0.010574069550380184,7963,497.6875,499.4875,520.4524999999998,5.378428360125289,250.0,19.75757837372652,1028.01,180,165,()
yj_m,,False,1789407493861,6.119412615361581e-08,2.1567103697401808e-08,6.618698693162543e-10,145893232.50639158,1577967.3769788088,2384105169508515.0,839852252682974.9,1.0,1.0,0.010574069550380184,9149,571.8125,573.6125,524.3574999999997,5.671401028405591,250.0,19.75757837372652,1028.01,180,165,()
yj_m,,False,1789407493965,6.162972033481543e-08,2.1723699364087964e-08,7.602388470789457e-10,146931734.84559742,1812489.3653821088,2384105169508515.0,839852252682974.9,1.0,1.0,0.010574069550380184,9056,566.0,567.8,528.0899999999998,6.514300739526845,250.0,19.75757837372652,1028.01,181,165,()
yj_m,,False,1789407494070,6.306866909682241e-08,2.2228840246988397e-08,7.16391682178497e-10,150362340.02775615,1707953.1128746585,2384105169508515.0,839852252682974.9,1.0,1.0,0.010574069550380184,9088,568.0,569.8,540.4199999999997,6.138585107742664,250.0,19.75757837372652,1028.01,181,165,()
yj_m,,False,1789407494174,6.412483181346176e-08,2.259989589892711e-08,6.903569113957925e-10,152880343.0203382,1645883.4812646394,2384105169508515.0,839852252682974.9,1.0,1.0,0.010574069550380184,8799,549.9375,551.7375,549.4699999999998,5.915499524554117,250.0,19.75757837372652,1028.01,181,165,()
yj_m,,False,1789407494279,6.532220523586173e-08,2.3013748213973704e-08,3.4581974107169596e-10,155735007.1865141,824470.6324071243,2384105169508515.0,839852252682974.9,1.0,1.0,0.010574069550380184,9224,576.5,578.3,559.7299999999998,2.963244779797984,250.0,19.75757837372652,1028.01,181,165,()
yj_m,,False,1789407494383,6.57998125196017e-08,2.318222510166204e-08,3.6208362479436277e-10,156873673.18067345,863245.4416666204,2384105169508515.0,839852252682974.9,1.0,1.0,0.010574069550380184,8771,548.1875,549.9875,563.8224999999998,3.102606021556717,250.0,19.75757837372652,1028.01,181,165,()
yj_m,,False,1789407494488,6.437340933682551e-08,2.2687313874894406e-08,6.867955713949589e-10,153472977.97881332,1637392.8721582782,2384105169508515.0,839852252682974.9,1.0,1.0,0.010574069550380184,7976,498.5,500.3,551.5999999999998,5.88498327312831,250.0,19.75757837372652,1028.01,181,166,()
yj_m,,False,1789407494593,6.44682305751978e-08,2.2721891671414825e-08,7.25104740873269e-10,153699041.78339598,1728725.961151092,2384105169508515.0,839852252682974.9,1.0,1.0,0.010574069550380184,9380,586.25,588.05,552.4124999999998,6.213245176636763,250.0,19.75757837372652,1028.01,181,166,()
yj_m,,False,1789407494697,6.491316100140637e-08,2.287945694535973e-08,7.532177235762159e-10,154759802.71259147,1795750.2685434916,2384105169508515.0,839852252682974.9,1.0,1.0,0.010574069550380184,9107,569.1875,570.9875,556.2249999999998,6.454138449475654,250.0,19.75757837372652,1028.01,181,166,()
yj_m,,False,1789407494802,6.530586680709605e-08,2.301706531377109e-08,7.328923446580201e-10,155696054.6540322,1747292.427592403,2384105169508515.0,839852252682974.9,1.0,1.0,0.010574069550380184,9226,576.625,578.425,559.5899999999998,6.279975248756957,250.0,19.75757837372652,1028.01,181,166,()
yj_m,,False,1789407494907,6.571724510280367e-08,2.3161609125868372e-08,7.23349048692218e-10,156676823.77545226,1724540.2063461838,2384105169508515.0,839852252682974.9,1.0,1.0,0.010574069550380184,9236,577.25,579.05,563.1149999999998,6.198201079748865,250.0,19.75757837372652,1028.01,181,166,()
yj_m,,False,1789407495011,6.719178829890735e-08,2.3670548621516277e-08,1.9436721213876096e-10,160192289.83194664,463391.8752429791,2384105169508515.0,839852252682974.9,1.0,1.0,0.010574069550380184,8810,550.625,552.425,575.7499999999998,1.6654851020048185,250.0,19.75757837372652,1028.01,182,166,()
yj_m,,False,1789407495116,6.689390373158999e-08,2.3565929495494936e-08,2.292532566259585e-10,159482101.69508857,546563.8742486091,2384105169508515.0,839852252682974.9,1.0,1.0,0.010574069550380184,9188,574.25,576.05,573.1974999999998,1.964415084700787,250.0,19.75757837372652,1028.01,182,166,()
yj_m,,False,1789407495220,6.723438491676073e-08,2.36865698401149e-08,2.9311401563005435e-10,160293844.64877456,698814.639919012,2384105169508515.0,839852252682974.9,1.0,1.0,0.010574069550380184,9440,590.0,591.8,576.1149999999998,2.511622309384912,250.0,19.75757837372652,1028.01,182,166,()
yj_m,,False,1789407495324,6.741790048271824e-08,2.37526497056834e-08,3.926865678543974e-10,160731365.05825907,936206.0764182254,2384105169508515.0,839852252682974.9,1.0,1.0,0.010574069550380184,8630,539.375,541.175,577.6874999999997,3.364835155694852,250.0,19.75757837372652,1028.01,182,166,()
yj_m,,False,1789407495429,6.633927242652605e-08,2.3377835848096724e-08,6.267243727604747e-10,158159802.33351442,1494176.8169552307,2384105169508515.0,839852252682974.9,1.0,1.0,0.010574069550380184,8973,560.8125,562.6125,568.4449999999998,5.370247864391363,250.0,19.75757837372652,1028.01,182,166,()
yj_m,,False,1789407495534,6.648048313228666e-08,2.3428291479756037e-08,6.534063636839269e-10,158496463.50710824,1557789.4894486126,2384105169508515.0,839852252682974.9,1.0,1.0,0.010574069550380184,8536,533.5,535.3,569.6549999999997,5.598879318667263,250.0,19.75757837372652,1028.01,182,167,()
yj_m,,False,1789407495639,6.527610752612996e-08,2.3009042548362256e-08,8.062950038580841e-10,155625105.3984401,1922292.0868469486,2384105169508515.0,839852252682974.9,1.0,1.0,0.010574069550380184,8571,535.6875,537.4875,559.3349999999998,6.908944682438846,250.0,19.75757837372652,1028.01,182,167,()
yj_m,,False,1789407495743,6.436874121432103e-08,2.2686171372317657e-08,7.031557975314567e-10,153461848.68381852,1676397.3718646285,2384105169508515.0,839852252682974.9,1.0,1.0,0.010574069550380184,8527,532.9375,534.7375,551.5599999999998,6.025170049467484,250.0,19.75757837372652,1028.01,182,167,()
yj_m,,False,1789407495848,6.329886588782472e-08,2.2306234865020522e-08,5.917239982905466e-10,150911153.38718912,1410732.2432467418,2384105169508515.0,839852252682974.9,1.0,1.0,0.010574069550380184,8548,534.25,536.05,542.3924999999998,5.070338216036481,250.0,19.75757837372652,1028.01,182,167,()
yj_m,,False,1789407495953,6.336917948304851e-08,2.2329051349493696e-08,5.131330564801608e-10,151078788.39304885,1223363.1726000574,2384105169508515.0,839852252682974.9,1.0,1.0,0.010574069550380184,8664,541.5,543.3,542.9949999999998,4.396911657629706,250.0,19.75757837372652,1028.01,183,167,()
yj_m,,False,1789407496057,6.312147723265438e-08,2.2239487133845663e-08,3.996404599461967e-10,150488240.17738527,952784.8865024892,2384105169508515.0,839852252682974.9,1.0,1.0,0.010574069550380184,8497,531.0625,532.8625,540.8724999999998,3.4244213562294004,250.0,19.75757837372652,1028.01,183,167,()
yj_m,,False,1789407496161,6.36860282980403e-08,2.2440883318094993e-08,5.237165059885362e-10,151834189.29082346,1248595.2292842085,2384105169508515.0,839852252682974.9,1.0,1.0,0.010574069550380184,9653,603.3125,605.1125,545.7099999999998,4.487598647940788,250.0,19.75757837372652,1028.01,183,167,()
yj_m,,False,1789407496266,6.488894511591439e-08,2.2870192188588095e-08,7.304400277170843e-10,154702069.49480575,1741445.8460962435,2384105169508515.0,839852252682974.9,1.0,1.0,0.010574069550380184,9601,600.0625,601.8625,556.0174999999998,6.2589619446838,250.0,19.75757837372652,1028.01,183,167,()
yj_m,,False,1789407496371,6.671593156110653e-08,2.351538253867134e-08,7.896700820302025e-10,159057797.32341036,1882656.5247744215,2384105169508515.0,839852252682974.9,1.0,1.0,0.010574069550380184,9855,615.9375,617.7375,571.6724999999997,6.7664897934601225,250.0,19.75757837372652,1028.01,183,167,()
yj_m,,False,1789407496475,6.685801753983677e-08,2.3567111005963066e-08,8.389774699289331e-10,159396545.23981574,2000210.5231587435,2384105169508515.0,839852252682974.9,1.0,1.0,0.010574069550380184,8347,521.6875,523.4875,572.8899999999998,7.188992740641765,250.0,19.75757837372652,1028.01,183,168,()
yj_m,,False,1789407496580,6.72650194706964e-08,2.370885504811219e-08,7.9424156735136e-10,160366880.64717814,1893555.4265609235,2384105169508515.0,839852252682974.9,1.0,1.0,0.010574069550380184,9429,589.3125,591.1125,576.3774999999997,6.805661733071957,250.0,19.75757837372652,1028.01,183,168,()
yj_m,,False,1789407496684,6.849594502359735e-08,2.4142257442211336e-08,7.948929989952984e-10,163301536.62112945,1895108.5081108187,2384105169508515.0,839852252682974.9,1.0,1.0,0.010574069550380184,9705,606.5625,608.3625,586.9249999999997,6.811243691500107,250.0,19.75757837372652,1028.01,183,168,()
yj_m,,False,1789407496789,6.850732357220204e-08,2.4146384429611604e-08,7.985547585623634e-10,163328664.27767935,1903838.5280241559,2384105169508515.0,839852252682974.9,1.0,1.0,0.010574069550380184,9490,593.125,594.925,587.0224999999997,6.8426204136281,250.0,19.75757837372652,1028.01,183,168,()
yj_m,,False,1789407496894,6.714860816574085e-08,2.3668468917936713e-08,8.119010939990432e-10,160089343.85324436,1935657.5953327361,2384105169508515.0,839852252682974.9,1.0,1.0,0.010574069550380184,8636,539.75,541.55,575.3799999999997,6.956981897705354,250.0,19.75757837372652,1028.01,183,168,()
yj_m,,False,1789407496998,6.811024140166443e-08,2.4002193287355356e-08,6.534959346515538e-10,162381978.622181,1558003.0360555663,2384105169508515.0,839852252682974.9,1.0,1.0,0.010574069550380184,9394,587.125,588.925,583.6199999999998,5.599646830381358,250.0,19.75757837372652,1028.01,184,168,()
yj_m,,False,1789407497103,6.772132844550966e-08,2.3864390488253028e-08,6.216446161835249e-10,161454769.23292357,1482066.1430402754,2384105169508515.0,839852252682974.9,1.0,1.0,0.010574069550380184,9581,598.8125,600.6125,580.2874999999998,5.326720672702859,250.0,19.75757837372652,1028.01,184,168,()
yj_m,,False,1789407497207,6.80422618676929e-08,2.3979967161977657e-08,7.135635111936437e-10,162219908.26381865,1701210.455809414,2384105169508515.0,839852252682974.9,1.0,1.0,0.010574069550380184,10146,634.125,635.925,583.0374999999997,6.114351202294485,250.0,19.75757837372652,1028.01,184,168,()
yj_m,,False,1789407497312,6.858668165477825e-08,2.4174113443580214e-08,7.921323354369727e-10,163517862.29259163,1888526.7958501403,2384105169508515.0,839852252682974.9,1.0,1.0,0.010574069550380184,9762,610.125,611.925,587.7024999999998,6.7875882406787165,250.0,19.75757837372652,1028.01,184,168,()
yj_m,,False,1789407497417,7.0361151721795e-08,2.4795893308008948e-08,6.922998860055399e-10,167748385.55250433,1650515.7370759612,2384105169508515.0,839852252682974.9,1.0,1.0,0.010574069550380184,9871,616.9375,618.7375,602.9074999999997,5.9321483987675165,250.0,19.75757837372652,1028.01,184,168,()
yj_m,,False,1789407497521,7.172686931201293e-08,2.5272814187784237e-08,5.264569015997179e-10,171004399.91943157,1255128.6206273208,2384105169508515.0,839852252682974.9,1.0,1.0,0.010574069550380184,9823,613.9375,615.7375,614.6099999999997,4.51108042768027,250.0,19.75757837372652,1028.01,184,169,()
yj_m,,False,1789407497626,7.293445425239146e-08,2.5693474538762085e-08,1.9585844684380085e-10,173883409.4184087,466947.1356122138,2384105169508515.0,839852252682974.9,1.0,1.0,0.010574069550380184,9873,617.0625,618.8625,624.9574999999998,1.6782631274624373,250.0,19.75757837372652,1028.01,184,169,()
yj_m,,False,1789407497731,7.152497301369403e-08,2.5201844208507122e-08,5.329678181273834e-10,170523057.91090482,1270651.3303791722,2384105169508515.0,839852252682974.9,1.0,1.0,0.010574069550380184,8816,551.0,552.8,612.8799999999997,4.56687087894983,250.0,19.75757837372652,1028.01,184,169,()
yj_m,,False,1789407497835,7.022402562322579e-08,2.4748495825698824e-08,7.233907574078517e-10,167421462.512031,1724639.6443107398,2384105169508515.0,839852252682974.9,1.0,1.0,0.010574069550380184,9389,586.8125,588.6125,601.7324999999997,6.198558471531911,250.0,19.75757837372652,1028.01,184,169,()
yj_m,,False,1789407497939,6.92244638919533e-08,2.439528104701686e-08,6.799184891093259e-10,165038402.22126135,1620997.1847299628,2384105169508515.0,839852252682974.9,1.0,1.0,0.010574069550380184,9273,579.5625,581.3625,593.1674999999998,5.826055237036463,250.0,19.75757837372652,1028.01,185,169,()
yj_m,,False,1789407498044,6.883438390517241e-08,2.4257120561441517e-08,6.507468948508492e-10,164108410.5082552,1551449.0360555244,2384105169508515.0,839852252682974.9,1.0,1.0,0.010574069550380184,10021,626.3125,628.1125,589.8249999999998,5.5760909806960655,250.0,19.75757837372652,1028.01,185,169,()
yj_m,,False,1789407498149,6.826283065602972e-08,2.405456460567299e-08,6.012883552147484e-10,162745767.45232475,1433534.6760327513,2384105169508515.0,839852252682974.9,1.0,1.0,0.010574069550380184,8956,559.75,561.55,584.9274999999998,5.152292851245939,250.0,19.75757837372652,1028.01,185,169,()
yj_m,,False,1789407498254,6.827829381182583e-08,2.405965511764088e-08,5.869109639385426e-10,162782633.2419952,1399257.4631671042,2384105169508515.0,839852252682974.9,1.0,1.0,0.010574069550380184,8888,555.5,557.3,585.0599999999998,5.029096501857963,250.0,19.75757837372652,1028.01,185,169,()
yj_m,,False,1789407498358,6.859718493041336e-08,2.4171587190203108e-08,5.714314202626543e-10,163542903.20633003,1362352.6030677871,2384105169508515.0,839852252682974.9,1.0,1.0,0.010574069550380184,9853,615.8125,617.6125,587.7924999999998,4.896456078124259,250.0,19.75757837372652,1028.01,185,169,()
yj_m,,False,1789407498462,7.05023624275556e-08,2.4849622719495556e-08,8.235726084745285e-10,168085046.72609818,1963483.7133297338,2384105169508515.0,839852252682974.9,1.0,1.0,0.010574069550380184,10282,642.625,644.425,604.1174999999997,7.056992250597984,250.0,19.75757837372652,1028.01,185,170,()
yj_m,,False,1789407498567,7.058463808669712e-08,2.487881270462294e-08,8.3026736197482e-10,168281200.5503822,1979444.7097583641,2384105169508515.0,839852252682974.9,1.0,1.0,0.010574069550380184,10002,625.125,626.925,604.8224999999998,7.114357955922656,250.0,19.75757837372652,1028.01,185,170,()
yj_m,,False,1789407498672,7.201716818026046e-08,2.5383287369801957e-08,8.336441436148492e-10,171696502.95192304,1987495.3123226601,2384105169508515.0,839852252682974.9,1.0,1.0,0.010574069550380184,10563,660.1875,661.9875,617.0974999999997,7.143292771894486,250.0,19.75757837372652,1028.01,185,170,()
yj_m,,False,1789407498777,7.33627544921778e-08,2.585164823378325e-08,6.447838308153292e-10,174904522.23418504,1537232.464262329,2384105169508515.0,839852252682974.9,1.0,1.0,0.010574069550380184,9168,573.0,574.8,628.6274999999997,5.5249949434366,250.0,19.75757837372652,1028.01,185,170,()
yj_m,,False,1789407498881,7.30211062763809e-08,2.5732119531220872e-08,6.754461651254942e-10,174089996.95675036,1610334.6940003906,2384105169508515.0,839852252682974.9,1.0,1.0,0.010574069550380184,9489,593.0625,594.8625,625.6999999999997,5.787732986671034,250.0,19.75757837372652,1028.01,185,170,()
yj_m,,False,1789407498986,7.151242743446322e-08,2.5200091843856706e-08,6.468534164465087e-10,170493147.93060622,1542166.5740643658,2384105169508515.0,839852252682974.9,1.0,1.0,0.010574069550380184,9698,606.125,607.925,612.7724999999997,5.542728716525823,250.0,19.75757837372652,1028.01,186,170,()
yj_m,,False,1789407499091,7.077924044360279e-08,2.494219157792045e-08,6.581154803991222e-10,168745153.0354795,1569016.5189531257,2384105169508515.0,839852252682974.9,1.0,1.0,0.010574069550380184,9204,575.25,577.05,606.4899999999997,5.639230588032379,250.0,19.75757837372652,1028.01,186,170,()
yj_m,,False,1789407499195,7.075502455811078e-08,2.493483136640721e-08,7.009505197989175e-10,168687419.81769377,1671139.7578222773,2384105169508515.0,839852252682974.9,1.0,1.0,0.010574069550380184,10755,672.1875,673.9875,606.2824999999997,6.006273563949614,250.0,19.75757837372652,1028.01,186,170,()
yj_m,,False,1789407499299,7.112701557018679e-08,2.5065286508170573e-08,6.815447328611424e-10,169574285.5125949,1624874.3208655496,2384105169508515.0,839852252682974.9,1.0,1.0,0.010574069550380184,9489,593.0625,594.8625,609.4699999999997,5.83999012199507,250.0,19.75757837372652,1028.01,186,170,()
yj_m,,False,1789407499404,7.232147141602148e-08,2.548512037573358e-08,6.514963979317631e-10,172421993.86939904,1553235.9302252904,2384105169508515.0,839852252682974.9,1.0,1.0,0.010574069550380184,10052,628.25,630.05,619.7049999999997,5.582513289281092,250.0,19.75757837372652,1028.01,186,170,()
yj_m,,False,1789407499509,7.381527061745614e-08,2.6012864310862576e-08,7.157836060662052e-10,175983368.2677471,1706503.395471887,2384105169508515.0,839852252682974.9,1.0,1.0,0.010574069550380184,10935,683.4375,685.2375,632.5049999999997,6.133374652261184,250.0,19.75757837372652,1028.01,186,171,()
yj_m,,False,1789407499614,7.608981330776565e-08,2.681307959799703e-08,6.872353389379152e-10,181406117.25398186,1638441.32423082,2384105169508515.0,839852252682974.9,1.0,1.0,0.010574069550380184,11031,689.4375,691.2375,651.9949999999997,5.888751533644463,250.0,19.75757837372652,1028.01,186,171,()
yj_m,,False,1789407499718,7.682066623737385e-08,2.7073328482063552e-08,7.924030496587813e-10,183148547.50161114,1889172.2070258132,2384105169508515.0,839852252682974.9,1.0,1.0,0.010574069550380184,11125,695.3125,697.1125,658.2574999999997,6.78990792463344,250.0,19.75757837372652,1028.01,186,171,()
yj_m,,False,1789407499822,7.903744091169038e-08,2.7847687987624315e-08,5.304130973813091e-10,188433571.46228474,1264560.6074418048,2384105169508515.0,839852252682974.9,1.0,1.0,0.010574069550380184,11060,691.25,693.05,677.2524999999997,4.544980101716618,250.0,19.75757837372652,1028.01,186,171,()
yj_m,,False,1789407499927,8.038565304251646e-08,2.831893281801168e-08,2.775329030996877e-10,191647850.97298136,661667.628988672,2384105169508515.0,839852252682974.9,1.0,1.0,0.010574069550380184,11223,701.4375,703.2375,688.8049999999997,2.3781115669791437,250.0,19.75757837372652,1028.01,187,171,()
yj_m,,False,1789407500032,8.040169971362563e-08,2.832538006382882e-08,3.4935095661554805e-10,191686107.9245261,832889.4216398742,2384105169508515.0,839852252682974.9,1.0,1.0,0.010574069550380184,10225,639.0625,640.8625,688.9424999999997,2.993502902119856,250.0,19.75757837372652,1028.01,187,171,()
yj_m,,False,1789407500136,7.972978183063655e-08,2.8090040688354276e-08,4.4421191751263717e-10,190084185.02620664,1059047.9288991708,2384105169508515.0,839852252682974.9,1.0,1.0,0.010574069550380184,10691,668.1875,669.9875,683.1849999999997,3.806343274719189,250.0,19.75757837372652,1028.01,187,171,()
yj_m,,False,1789407500241,7.89980536280588e-08,2.783260255633584e-08,4.6240503925266376e-10,188339668.03576583,1102422.2444890642,2384105169508515.0,839852252682974.9,1.0,1.0,0.010574069550380184,10317,644.8125,646.6125,676.9149999999997,3.9622356851908753,250.0,19.75757837372652,1028.01,187,171,()
yj_m,,False,1789407500345,7.775516601124012e-08,2.73954880865154e-08,4.998700762458679e-10,185376493.24339026,1191742.8328603888,2384105169508515.0,839852252682974.9,1.0,1.0,0.010574069550380184,10510,656.875,658.675,666.2649999999998,4.283264423894468,250.0,19.75757837372652,1028.01,187,171,()
yj_m,,False,1789407500450,7.656887937978827e-08,2.697532202563691e-08,3.5146112331165426e-10,182548261.15282708,837920.2809685832,2384105169508515.0,839852252682974.9,1.0,1.0,0.010574069550380184,10373,648.3125,650.1125,656.0999999999997,3.0115844044290045,250.0,19.75757837372652,1028.01,187,172,()
yj_m,,False,1789407500555,7.616683732908966e-08,2.68327530282523e-08,2.6902333254184596e-10,181589750.6213967,641379.9178314246,2384105169508515.0,839852252682974.9,1.0,1.0,0.010574069550380184,10515,657.1875,658.9875,652.6549999999997,2.3051951381607587,250.0,19.75757837372652,1028.01,187,172,()
yj_m,,False,1789407500659,7.617354775518986e-08,2.6835837569463907e-08,3.332534702513978e-10,181605748.98295176,794511.3211830093,2384105169508515.0,839852252682974.9,1.0,1.0,0.010574069550380184,10940,683.75,685.55,652.7124999999997,2.8555674786283727,250.0,19.75757837372652,1028.01,187,172,()
yj_m,,False,1789407500763,7.732832455973642e-08,2.724603038122891e-08,5.457905684884538e-10,184358858.33229977,1301222.115802314,2384105169508515.0,839852252682974.9,1.0,1.0,0.010574069550380184,10990,686.875,688.675,662.6074999999997,4.6767458905739145,250.0,19.75757837372652,1028.01,187,172,()
yj_m,,False,1789407500868,7.825582214984594e-08,2.7572811597390653e-08,5.515723321177026e-10,186570110.1315866,1315006.4483596857,2384105169508515.0,839852252682974.9,1.0,1.0,0.010574069550380184,10994,687.125,688.925,670.5549999999997,4.726288408994948,250.0,19.75757837372652,1028.01,187,172,()
yj_m,,False,1789407500973,7.926997176394494e-08,2.7929277724305656e-08,5.138612849811872e-10,188987949.4692151,1225099.3459339382,2384105169508515.0,839852252682974.9,1.0,1.0,0.010574069550380184,11334,708.375,710.175,679.2449999999997,4.403151669543078,250.0,19.75757837372652,1028.01,188,172,()
yj_m,,False,1789407501077,8.122387278972777e-08,2.861707391842566e-08,4.914469147675043e-10,193646255.0054919,1171661.1300362188,2384105169508515.0,839852252682974.9,1.0,1.0,0.010574069550380184,11790,736.875,738.675,695.9874999999997,4.211088413343989,250.0,19.75757837372652,1028.01,188,172,()
yj_m,,False,1789407501182,8.208543314946148e-08,2.892007813161047e-08,4.639217515062131e-10,195700305.51297665,1106038.246013408,2384105169508515.0,839852252682974.9,1.0,1.0,0.010574069550380184,10746,671.625,673.425,703.3699999999997,3.9752320215303154,250.0,19.75757837372652,1028.01,188,172,()
yj_m,,False,1789407501287,8.187274181785096e-08,2.8846326999080202e-08,5.314067148251437e-10,195193227.00977436,1266929.4959261632,2384105169508515.0,839852252682974.9,1.0,1.0,0.010574069550380184,11236,702.25,704.05,701.5474999999997,4.553494166571426,250.0,19.75757837372652,1028.01,188,172,()
yj_m,,False,1789407501391,8.201191022001588e-08,2.889528157641387e-08,5.280150606931703e-10,195525019.11680797,1258843.4357769424,2384105169508515.0,839852252682974.9,1.0,1.0,0.010574069550380184,11177,698.5625,700.3625,702.7399999999997,4.524431911853687,250.0,19.75757837372652,1028.01,188,172,()
yj_m,,False,1789407501496,8.237252268348721e-08,2.9022720747522198e-08,5.509752571201736e-10,196384757.1551592,1313582.9587714884,2384105169508515.0,839852252682974.9,1.0,1.0,0.010574069550380184,11784,736.5,738.3,705.8299999999997,4.721172219375183,250.0,19.75757837372652,1028.01,188,173,()
yj_m,,False,1789407501600,8.202854040643809e-08,2.8900783737052908e-08,5.08201299833005e-10,195564667.23022708,1211605.3460828129,2384105169508515.0,839852252682974.9,1.0,1.0,0.010574069550380184,11164,697.75,699.55,702.8824999999997,4.354652641141426,250.0,19.75757837372652,1028.01,188,173,()
yj_m,,False,1789407501705,8.275968509370278e-08,2.9158017346389856e-08,4.913793728684511e-10,197307793.05879354,1171500.1030455248,2384105169508515.0,839852252682974.9,1.0,1.0,0.010574069550380184,11045,690.3125,692.1125,709.1474999999997,4.210509663330557,250.0,19.75757837372652,1028.01,188,173,()
yj_m,,False,1789407501809,8.271475441459713e-08,2.914207915506411e-08,4.846528076427917e-10,197200673.59446824,1155463.2641179943,2384105169508515.0,839852252682974.9,1.0,1.0,0.010574069550380184,11032,689.5,691.3,708.7624999999997,4.152871371111799,250.0,19.75757837372652,1028.01,188,173,()
yj_m,,False,1789407501914,8.346282104594059e-08,2.9404838448620574e-08,4.3832152661641867e-10,198984143.117391,1045004.6175130703,2384105169508515.0,839852252682974.9,1.0,1.0,0.010574069550380184,11717,732.3125,734.1125,715.1724999999997,3.7558699558158293,250.0,19.75757837372652,1028.01,188,173,()
yj_m,,False,1789407502019,8.410964777046808e-08,2.9634731409447905e-08,5.605225940519769e-10,200526246.0551132,1336344.814105644,2384105169508515.0,839852252682974.9,1.0,1.0,0.010574069550380184,11771,735.6875,737.4875,720.7149999999997,4.8029810144326,250.0,19.75757837372652,1028.01,189,173,()
yj_m,,False,1789407502123,8.516610224476397e-08,3.0010120260961925e-08,7.155353248961884e-10,203044944.62863246,1705911.4670509608,2384105169508515.0,839852252682974.9,1.0,1.0,0.010574069550380184,12651,790.6875,792.4875,729.7674999999997,6.131247191640539,250.0,19.75757837372652,1028.01,189,173,()
yj_m,,False,1789407502228,8.524896141921855e-08,3.0039356133803845e-08,7.17850599687513e-10,203242489.61479083,1711431.3256497898,2384105169508515.0,839852252682974.9,1.0,1.0,0.010574069550380184,11082,692.625,694.425,730.4774999999997,6.1510862150517776,250.0,19.75757837372652,1028.01,189,173,()
yj_m,,False,1789407502333,8.555209762435342e-08,3.0144286846675467e-08,6.3660908923594e-10,203965198.2085181,1517743.0206035124,2384105169508515.0,839852252682974.9,1.0,1.0,0.010574069550380184,11296,706.0,707.8,733.0749999999997,5.454947582241281,250.0,19.75757837372652,1028.01,189,173,()
yj_m,,False,1789407502437,8.596931107319162e-08,3.0294133099078105e-08,7.6247024594443e-10,204959878.94868174,1817809.2549525457,2384105169508515.0,839852252682974.9,1.0,1.0,0.010574069550380184,13052,815.75,817.55,736.6499999999997,6.533421050644142,250.0,19.75757837372652,1028.01,189,173,()
yj_m,,False,1789407502541,8.75547221787768e-08,3.086042644190306e-08,1.0360178182360885e-09,208739665.7613035,2469975.4361595954,2384105169508515.0,839852252682974.9,1.0,1.0,0.010574069550380184,12996,812.25,814.05,750.2349999999997,8.877383292671329,250.0,19.75757837372652,1028.01,189,174,()
yj_m,,False,1789407502646,8.925654458931749e-08,3.1470463785933035e-08,1.325552278534275e-09,212796989.36785907,3160256.039707354,2384105169508515.0,839852252682974.9,1.0,1.0,0.010574069550380184,13508,844.25,846.05,764.8174999999997,11.358333267913919,250.0,19.75757837372652,1028.01,189,174,()
yj_m,,False,1789407502751,9.13367766803779e-08,3.2197773839986055e-08,1.2016859565707168e-09,217756481.44993368,2864945.7011860306,2384105169508515.0,839852252682974.9,1.0,1.0,0.010574069550380184,12210,763.125,764.925,782.6424999999997,10.296953050538786,250.0,19.75757837372652,1028.01,189,174,()
yj_m,,False,1789407502856,9.302838757294005e-08,3.278173493971821e-08,8.291410992817759e-10,221789459.72368804,1976759.5810496544,2384105169508515.0,839852252682974.9,1.0,1.0,0.010574069550380184,12461,778.8125,780.6125,797.1374999999997,7.104707286370074,250.0,19.75757837372652,1028.01,189,174,()
yj_m,,False,1789407502960,9.254056877122156e-08,3.2612688315761166e-08,9.307873481075167e-10,220626448.39672747,2219094.9283362515,2384105169508515.0,839852252682974.9,1.0,1.0,0.010574069550380184,10809,675.5625,677.3625,792.9574999999998,7.975689131667558,250.0,19.75757837372652,1028.01,190,174,()
yj_m,,False,1789407503064,8.857033058115845e-08,3.1238790725422824e-08,1.540144329753248e-09,211160983.0036179,3671866.0583539447,2384105169508515.0,839852252682974.9,1.0,1.0,0.010574069550380184,10387,649.1875,650.9875,758.9374999999997,13.19712006935604,250.0,19.75757837372652,1028.01,190,174,()
yj_m,,False,1789407503169,8.469666417540686e-08,2.986579285471411e-08,1.328763511130492e-09,201925754.90071407,3167911.95594049,2384105169508515.0,839852252682974.9,1.0,1.0,0.010574069550380184,11078,692.375,694.175,725.7449999999997,11.385849534619716,250.0,19.75757837372652,1028.01,190,174,()
yj_m,,False,1789407503274,8.368455686490354e-08,2.9505543329910803e-08,1.2350720962154092e-09,199512784.62964582,2944541.769302879,2384105169508515.0,839852252682974.9,1.0,1.0,0.010574069550380184,12793,799.5625,801.3625,717.0724999999998,10.583030715489775,250.0,19.75757837372652,1028.01,190,174,()
yj_m,,False,1789407503378,8.415866305676516e-08,2.9677705411965242e-08,1.3563097142711796e-09,200643103.652559,3233585.0012485352,2384105169508515.0,839852252682974.9,1.0,1.0,0.010574069550380184,12688,793.0,794.8,721.1349999999998,11.621886212013951,250.0,19.75757837372652,1028.01,190,174,()
yj_m,,False,1789407503483,8.691373060737991e-08,3.0656812060214183e-08,1.5573864200013246e-09,207211474.44232485,3712973.01484752,2384105169508515.0,839852252682974.9,1.0,1.0,0.010574069550380184,13344,834.0,835.8,744.7424999999997,13.344863323578855,250.0,19.75757837372652,1028.01,190,175,()
yj_m,,False,1789407503588,9.084166393724613e-08,3.2027026478275176e-08,1.2927025677518066e-09,216576080.5995437,3081938.8744140137,2384105169508515.0,839852252682974.9,1.0,1.0,0.010574069550380184,13114,819.625,821.425,778.3999999999997,11.076852130682255,250.0,19.75757837372652,1028.01,190,175,()
yj_m,,False,1789407503692,9.468819688094043e-08,3.3366560557982215e-08,8.413617772100982e-10,225746619.67529005,2005894.9624734668,2384105169508515.0,839852252682974.9,1.0,1.0,0.010574069550380184,13637,852.3125,854.1125,811.3599999999997,7.209423286574315,250.0,19.75757837372652,1028.01,190,175,()
yj_m,,False,1789407503797,9.627244095589946e-08,3.3916791317504366e-08,4.3238443946182465e-10,229523624.16416308,1030849.977335976,2384105169508515.0,839852252682974.9,1.0,1.0,0.010574069550380184,13202,825.125,826.925,824.9349999999996,3.7049965080955207,250.0,19.75757837372652,1028.01,190,175,()
yj_m,,False,1789407503901,9.642007033010375e-08,3.3970541451601085e-08,5.529595434748913e-10,229875588.11837482,1318313.7061275558,2384105169508515.0,839852252682974.9,1.0,1.0,0.010574069550380184,11789,736.8125,738.6125,826.1999999999996,4.738175083827106,250.0,19.75757837372652,1028.01,190,175,()
yj_m,,False,1789407504006,9.535982300627296e-08,3.361018029939269e-08,1.0886158648470431e-09,227347846.9926723,2595374.7109908178,2384105169508515.0,839852252682974.9,1.0,1.0,0.010574069550380184,13811,863.1875,864.9875,817.1149999999996,9.32808308952059,250.0,19.75757837372652,1028.01,191,175,()
yj_m,,False,1789407504111,9.585464399174819e-08,3.3785863133165426e-08,1.13309573431489e-09,228527552.2621251,2701419.3977281763,2384105169508515.0,839852252682974.9,1.0,1.0,0.010574069550380184,13572,848.25,850.05,821.3549999999996,9.70922021199437,250.0,19.75757837372652,1028.01,191,175,()
yj_m,,False,1789407504215,9.60314491316055e-08,3.384894112812853e-08,1.1576116279477342e-09,228949074.31005457,2759867.866473359,2384105169508515.0,839852252682974.9,1.0,1.0,0.010574069550380184,13744,859.0,860.8,822.8699999999995,9.919290908376464,250.0,19.75757837372652,1028.01,191,175,()
yj_m,,False,1789407504320,9.725566425840628e-08,3.428399117552477e-08,1.271720770686553e-09,231867731.9224508,3031916.063565163,2384105169508515.0,839852252682974.9,1.0,1.0,0.010574069550380184,13944,871.5,873.3,833.3599999999996,10.89706424340978,250.0,19.75757837372652,1028.01,191,175,()
yj_m,,False,1789407504424,9.665872809314546e-08,3.407446264144198e-08,1.287946425626474e-09,230444573.32498592,3070599.7313860906,2384105169508515.0,839852252682974.9,1.0,1.0,0.010574069550380184,12038,752.375,754.175,828.2449999999995,11.036097912079253,250.0,19.75757837372652,1028.01,191,175,()
yj_m,,False,1789407504529,9.700416915847722e-08,3.4195313366642036e-08,1.2678323757798174e-09,231268141.15460393,3022645.7211669222,2384105169508515.0,839852252682974.9,1.0,1.0,0.010574069550380184,13829,864.3125,866.1125,831.2049999999996,10.863745538487175,250.0,19.75757837372652,1028.01,191,176,()
yj_m,,False,1789407504634,9.642473845260822e-08,3.399075487889552e-08,1.252110860456939e-09,229886717.41336966,2985163.975213142,2384105169508515.0,839852252682974.9,1.0,1.0,0.010574069550380184,13017,813.5625,815.3625,826.2399999999996,10.729031718892436,250.0,19.75757837372652,1028.01,191,176,()
yj_m,,False,1789407504738,9.6364636375363e-08,3.396994235248082e-08,1.2614452102193098e-09,229743427.74031115,3007418.046735611,2384105169508515.0,839852252682974.9,1.0,1.0,0.010574069550380184,13835,864.6875,866.4875,825.7249999999996,10.809015478987899,250.0,19.75757837372652,1028.01,191,176,()
yj_m,,False,1789407504842,9.728017190155482e-08,3.429132033590065e-08,1.2362180560842055e-09,231926160.7211737,2947273.85815012,2384105169508515.0,839852252682974.9,1.0,1.0,0.010574069550380184,14212,888.25,890.05,833.5699999999996,10.59285016532378,250.0,19.75757837372652,1028.01,191,176,()
yj_m,,False,1789407504947,1.0003582296748266e-07,3.524400902513319e-08,5.467874087793514e-10,238495922.6728139,1303598.687893014,2384105169508515.0,839852252682974.9,1.0,1.0,0.010574069550380184,13411,838.1875,839.9875,857.1824999999995,4.685287571216946,250.0,19.75757837372652,1028.01,192,176,()
yj_m,,False,1789407505052,9.873896018420587e-08,3.479081501370703e-08,7.411625325467861e-10,235404065.40706053,1767009.425290813,2384105169508515.0,839852252682974.9,1.0,1.0,0.010574069550380184,12656,791.0,792.8,846.0699999999996,6.350840466032823,250.0,19.75757837372652,1028.01,192,176,()
yj_m,,False,1789407505157,9.822867604293451e-08,3.4613779493788776e-08,8.573123993522507e-10,234187494.3479373,2043922.923179452,2384105169508515.0,839852252682974.9,1.0,1.0,0.010574069550380184,13106,819.125,820.925,841.6974999999995,7.346100266467917,250.0,19.75757837372652,1028.01,192,176,()
yj_m,,False,1789407505261,9.686325021037316e-08,3.413308194767068e-08,8.633980075535025e-10,230932175.56194726,2058431.6531516563,2384105169508515.0,839852252682974.9,1.0,1.0,0.010574069550380184,13321,832.5625,834.3625,829.9974999999996,7.398246354711364,250.0,19.75757837372652,1028.01,192,176,()
yj_m,,False,1789407505366,9.69420247776363e-08,3.4162864939706514e-08,9.407239379093548e-10,231119982.41498512,2242784.8034501,2384105169508515.0,839852252682974.9,1.0,1.0,0.010574069550380184,14675,917.1875,918.9875,830.6724999999996,8.060833339363866,250.0,19.75757837372652,1028.01,192,176,()
yj_m,,False,1789407505471,9.751912142225303e-08,3.4367750563538676e-08,9.997899481029528e-10,232495841.50872198,2383604.3836949025,2384105169508515.0,839852252682974.9,1.0,1.0,0.010574069550380184,14088,880.5,882.3,835.6174999999996,8.566955534202334,250.0,19.75757837372652,1028.01,192,177,()
yj_m,,False,1789407505575,9.944297140941326e-08,3.5044288145783593e-08,9.677792712932969e-10,237082502.20846948,2307287.563633534,2384105169508515.0,839852252682974.9,1.0,1.0,0.010574069550380184,13997,874.8125,876.6125,852.1024999999995,8.292663873870687,250.0,19.75757837372652,1028.01,192,177,()
yj_m,,False,1789407505679,1.0132685059762881e-07,3.5702674492134647e-08,7.611772819726868e-10,241573868.3198237,1814726.692863523,2384105169508515.0,839852252682974.9,1.0,1.0,0.010574069550380184,14002,875.125,876.925,868.2449999999995,6.522341958606587,250.0,19.75757837372652,1028.01,192,177,()
yj_m,,False,1789407505784,1.0350686380722253e-07,3.646538829130765e-08,4.57684216831309e-10,246771249.082413,1091167.3073499806,2384105169508515.0,839852252682974.9,1.0,1.0,0.010574069550380184,14925,932.8125,934.6125,886.9249999999996,3.9217841124926798,250.0,19.75757837372652,1028.01,192,177,()
yj_m,,False,1789407505889,1.0351153192972703e-07,3.646755508709044e-08,4.975757479787849e-10,246782378.37740782,1186272.9129782845,2384105169508515.0,839852252682974.9,1.0,1.0,0.010574069550380184,13600,850.0,851.8,886.9649999999996,4.263604886126293,250.0,19.75757837372652,1028.01,192,177,()
yj_m,,False,1789407505994,1.0204895079754108e-07,3.596051876992154e-08,9.126880480538978e-10,243295431.1393377,2175944.29351393,2384105169508515.0,839852252682974.9,1.0,1.0,0.010574069550380184,13802,862.625,864.425,874.4324999999995,7.8206006562795425,250.0,19.75757837372652,1028.01,193,177,()
yj_m,,False,1789407506098,1.033218894529824e-07,3.641305290465936e-08,1.0691067603156898e-09,246330250.76824254,2548862.954025135,2384105169508515.0,839852252682974.9,1.0,1.0,0.010574069550380184,15068,941.75,943.55,885.3399999999996,9.160914344376332,250.0,19.75757837372652,1028.01,193,177,()
yj_m,,False,1789407506202,1.0411517852108804e-07,3.669551537161231e-08,1.1715859377411397e-09,248221535.33642778,2793184.090692132,2384105169508515.0,839852252682974.9,1.0,1.0,0.010574069550380184,13425,839.0625,840.8625,892.1374999999996,10.039033351124997,250.0,19.75757837372652,1028.01,193,177,()
yj_m,,False,1789407506307,1.0249621528500191e-07,3.6127591720119575e-08,1.2345144813270808e-09,244361756.7160306,2943212.3567650164,2384105169508515.0,839852252682974.9,1.0,1.0,0.010574069550380184,13750,859.375,861.175,878.2649999999995,10.5782526498945,250.0,19.75757837372652,1028.01,193,177,()
yj_m,,False,1789407506412,1.019410004646249e-07,3.593052412071454e-08,1.187150465659276e-09,243038066.19258207,2830291.562162719,2384105169508515.0,839852252682974.9,1.0,1.0,0.010574069550380184,13154,822.125,823.925,873.5074999999996,10.17240198404487,250.0,19.75757837372652,1028.01,193,177,()
yj_m,,False,1789407506516,1.0117134376669824e-07,3.5661445205140954e-08,1.242915302668236e-09,241203123.6803082,2963240.7983525833,2384105169508515.0,839852252682974.9,1.0,1.0,0.010574069550380184,12772,798.25,800.05,866.9124999999996,10.650237233273257,250.0,19.75757837372652,1028.01,193,178,()
yj_m,,False,1789407506621,9.841627621608346e-08,3.4682542096267663e-08,9.602241515398888e-10,234634752.89054236,2289275.363573176,2384105169508515.0,839852252682974.9,1.0,1.0,0.010574069550380184,13192,824.5,826.3,843.3049999999996,8.227925900553553,250.0,19.75757837372652,1028.01,193,178,()
yj_m,,False,1789407506725,9.710365851935404e-08,3.4211225089083325e-08,5.471563957750847e-10,231505334.25418139,1304478.3916970214,2384105169508515.0,839852252682974.9,1.0,1.0,0.010574069550380184,13376,836.0,837.8,832.0574999999995,4.688449330535629,250.0,19.75757837372652,1028.01,193,178,()
yj_m,,False,1789407506830,9.733969046348696e-08,3.429543283940459e-08,6.106081911572924e-10,232068059.2323579,1455754.1450823462,2384105169508515.0,839852252682974.9,1.0,1.0,0.010574069550380184,14412,900.75,902.55,834.0799999999996,5.232152245969148,250.0,19.75757837372652,1028.01,193,178,()
yj_m,,False,1789407506934,9.984909806730329e-08,3.5196649745071976e-08,1.2627840565616984e-09,238050750.87302038,3010609.9972216818,2384105169508515.0,839852252682974.9,1.0,1.0,0.010574069550380184,15598,974.875,976.675,855.5824999999995,10.820487725837502,250.0,19.75757837372652,1028.01,194,178,()
yj_m,,False,1789407507039,1.0391153167682995e-07,3.663492238333673e-08,1.4786716912161115e-09,247736019.842278,3525308.8230342297,2384105169508515.0,839852252682974.9,1.0,1.0,0.010574069550380184,15638,977.375,979.175,890.3924999999996,12.6703760648609,250.0,19.75757837372652,1028.01,194,178,()
yj_m,,False,1789407507143,1.083739650334595e-07,3.820280780831666e-08,1.4024451427862974e-09,258374930.27640575,3343576.714868918,2384105169508515.0,839852252682974.9,1.0,1.0,0.010574069550380184,15408,963.0,964.8,928.6299999999995,12.017209415043078,250.0,19.75757837372652,1028.01,194,178,()
yj_m,,False,1789407507248,1.1050933932160412e-07,3.8941732683621815e-08,9.844053558569655e-10,263465887.15560687,2346925.897790463,2384105169508515.0,839852252682974.9,1.0,1.0,0.010574069550380184,15014,938.375,940.175,946.9274999999996,8.43512872604799,250.0,19.75757837372652,1028.01,194,178,()
yj_m,,False,1789407507353,1.1283143850992805e-07,3.9751706695008966e-08,5.920426781720589e-10,269002015.8346015,1411492.0095996687,2384105169508515.0,839852252682974.9,1.0,1.0,0.010574069550380184,16087,1005.4375,1007.2375,966.8249999999996,5.07306890599763,250.0,19.75757837372652,1028.01,194,178,()
yj_m,,False,1789407507457,1.1366557364994792e-07,4.0046145235677756e-08,6.331525031674023e-10,270990681.73399156,1509502.1558886562,2384105169508515.0,839852252682974.9,1.0,1.0,0.010574069550380184,15773,985.8125,987.6125,973.9724999999995,5.425328941640313,250.0,19.75757837372652,1028.01,194,179,()
yj_m,,False,1789407507562,1.1433457395637169e-07,4.0282616939434085e-08,6.839972336338283e-10,272585648.8229393,1630721.340635929,2384105169508515.0,839852252682974.9,1.0,1.0,0.010574069550380184,15905,994.0625,995.8625,979.7049999999996,5.86100500127751,250.0,19.75757837372652,1028.01,194,179,()
yj_m,,False,1789407507667,1.1498490177277753e-07,4.051194823595148e-08,6.999332618863907e-10,274136098.7319076,1668714.5079742998,2384105169508515.0,839852252682974.9,1.0,1.0,0.010574069550380184,15898,993.625,995.425,985.2774999999996,5.997556929700626,250.0,19.75757837372652,1028.01,194,179,()
yj_m,,False,1789407507771,1.1647082351748589e-07,4.1030228766966355e-08,2.686592616527481e-10,277678692.44495195,640511.9345426558,2384105169508515.0,839852252682974.9,1.0,1.0,0.010574069550380184,15634,977.125,978.925,998.0099999999995,2.3020755037574245,250.0,19.75757837372652,1028.01,194,179,()
yj_m,,False,1789407507876,1.1414668202556621e-07,4.022361504370735e-08,1.0223560277389186e-09,272137694.6993971,2437404.290810544,2384105169508515.0,839852252682974.9,1.0,1.0,0.010574069550380184,14137,883.5625,885.3625,978.0949999999996,8.760318751335479,250.0,19.75757837372652,1028.01,194,179,()
yj_m,,False,1789407507981,1.1300503431556354e-07,3.982254003014708e-08,1.0592275482473938e-09,269415886.492222,2525309.873462442,2384105169508515.0,839852252682974.9,1.0,1.0,0.010574069550380184,15608,975.5,977.3,968.3124999999995,9.07626179244517,250.0,19.75757837372652,1028.01,195,179,()
yj_m,,False,1789407508085,1.1254930885606334e-07,3.9662474779467955e-08,1.0747211403088935e-09,268329389.068351,2562248.2263905173,2384105169508515.0,839852252682974.9,1.0,1.0,0.010574069550380184,14916,932.25,934.05,964.4074999999996,9.209022593359187,250.0,19.75757837372652,1028.01,195,179,()
yj_m,,False,1789407508190,1.1183275205162517e-07,3.940979628567414e-08,1.0618370197683893e-09,266621042.2866434,2531531.128005333,2384105169508515.0,839852252682974.9,1.0,1.0,0.010574069550380184,16135,1008.4375,1010.2375,958.2674999999996,9.0986217156776,250.0,19.75757837372652,1028.01,195,179,()
yj_m,,False,1789407508295,1.1209679273078498e-07,3.950350871511975e-08,1.0887330891457565e-09,267250543.03478888,2595654.1860473724,2384105169508515.0,839852252682974.9,1.0,1.0,0.010574069550380184,16351,1021.9375,1023.7375,960.5299999999995,9.329087555865257,250.0,19.75757837372652,1028.01,195,179,()
yj_m,,False,1789407508399,1.1499044516825159e-07,4.0515113710981737e-08,7.669378471852977e-10,274149314.769714,1828460.4861662,2384105169508515.0,839852252682974.9,1.0,1.0,0.010574069550380184,15701,981.3125,983.1125,985.3249999999996,6.5717028329802005,250.0,19.75757837372652,1028.01,195,179,()
yj_m,,False,1789407508503,1.1566061250530149e-07,4.0749930399468714e-08,6.989933527624536e-10,275747064.18241036,1666473.6657730546,2384105169508515.0,839852252682974.9,1.0,1.0,0.010574069550380184,15707,981.6875,983.4875,991.0674999999995,5.989503078302906,250.0,19.75757837372652,1028.01,195,180,()
yj_m,,False,1789407508608,1.1572450743208163e-07,4.077032501921138e-08,5.625845304483882e-10,275899396.40765226,1341260.6873275202,2384105169508515.0,839852252682974.9,1.0,1.0,0.010574069550380184,16300,1018.75,1020.55,991.6149999999996,4.820649243099938,250.0,19.75757837372652,1028.01,195,180,()
yj_m,,False,1789407508713,1.1657731506211941e-07,4.1071680763597154e-08,6.290580235725439e-10,277932579.4870217,1499740.4859201098,2384105169508515.0,839852252682974.9,1.0,1.0,0.010574069550380184,16711,1044.4375,1046.2375,998.9224999999996,5.390244347429901,250.0,19.75757837372652,1028.01,195,180,()
yj_m,,False,1789407508817,1.1549051779154438e-07,4.069438656877911e-08,9.186869730926563e-10,275341540.496036,2190246.3617103305,2384105169508515.0,839852252682974.9,1.0,1.0,0.010574069550380184,14767,922.9375,924.7375,989.6099999999996,7.872003977704787,250.0,19.75757837372652,1028.01,195,180,()
yj_m,,False,1789407508922,1.1651283662002624e-07,4.1059377932309976e-08,1.1181824918269217e-09,277778856.0999055,2665864.659218476,2384105169508515.0,839852252682974.9,1.0,1.0,0.010574069550380184,16985,1061.5625,1063.3625,998.3699999999995,9.581432284632605,250.0,19.75757837372652,1028.01,196,180,()
yj_m,,False,1789407509027,1.1792756949654123e-07,4.155814790686885e-08,1.1396279766932413e-09,281151728.06427854,2716992.950550886,2384105169508515.0,839852252682974.9,1.0,1.0,0.010574069550380184,16644,1040.25,1042.05,1010.4924999999996,9.765193399262508,250.0,19.75757837372652,1028.01,196,180,()
yj_m,,False,1789407509132,1.1925856792563206e-07,4.2026320642642446e-08,1.120074198017199e-09,284324968.29968166,2670374.6857259087,2384105169508515.0,839852252682974.9,1.0,1.0,0.010574069550380184,16940,1058.75,1060.55,1021.8974999999996,9.59764185229893,250.0,19.75757837372652,1028.01,196,180,()
yj_m,,False,1789407509236,1.2009649591518685e-07,4.232352935960543e-08,1.1980226865449768e-09,286322676.75125504,2856212.0801803595,2384105169508515.0,839852252682974.9,1.0,1.0,0.010574069550380184,16860,1053.75,1055.55,1029.0774999999996,10.265563385659844,250.0,19.75757837372652,1028.01,196,180,()
yj_m,,False,1789407509340,1.2212071053619342e-07,4.30247966102488e-08,6.658969183397801e-10,291148617.2933916,1587568.2853736584,2384105169508515.0,839852252682974.9,1.0,1.0,0.010574069550380184,15051,940.6875,942.4875,1046.4224999999997,5.705907826542591,250.0,19.75757837372652,1028.01,196,180,()
yj_m,,False,1789407509445,1.2249591088249126e-07,4.3157290213216656e-08,6.873914718904471e-10,292043134.3786017,1638813.5616100812,2384105169508515.0,839852252682974.9,1.0,1.0,0.010574069550380184,17029,1064.3125,1066.1125,1049.6374999999996,5.890089398727324,250.0,19.75757837372652,1028.01,196,181,()
yj_m,,False,1789407509550,1.229280039718125e-07,4.3309650826780505e-08,6.977585655429397e-10,293073289.7465613,1663529.8031797672,2384105169508515.0,839852252682974.9,1.0,1.0,0.010574069550380184,16586,1036.625,1038.425,1053.3399999999995,5.978922488626191,250.0,19.75757837372652,1028.01,196,181,()
yj_m,,False,1789407509654,1.2316170185469322e-07,4.3391920041068356e-08,6.949407670187664e-10,293630450.0772404,1656811.875151654,2384105169508515.0,839852252682974.9,1.0,1.0,0.010574069550380184,17175,1073.4375,1075.2375,1055.3424999999995,5.954777462256671,250.0,19.75757837372652,1028.01,196,181,()
yj_m,,False,1789407509759,1.2301436423814545e-07,4.333991494154529e-08,6.881141743665395e-10,293279181.7039658,1640536.5603193494,2384105169508515.0,839852252682974.9,1.0,1.0,0.010574069550380184,16550,1034.375,1036.175,1054.0799999999995,5.896282059484604,250.0,19.75757837372652,1028.01,196,181,()
yj_m,,False,1789407509863,1.24217572813676e-07,4.375969698715126e-08,3.486545085514457e-10,296147757.4888853,831229.0162099525,2384105169508515.0,839852252682974.9,1.0,1.0,0.010574069550380184,17173,1073.3125,1075.1125,1064.3899999999996,2.9875352089975444,250.0,19.75757837372652,1028.01,196,181,()
yj_m,,False,1789407509968,1.2443639105607367e-07,4.383694140038284e-08,3.6863053534308355e-10,296669443.19176835,878853.96495014,2384105169508515.0,839852252682974.9,1.0,1.0,0.010574069550380184,17197,1074.8125,1076.6125,1066.2649999999996,3.158704896789189,250.0,19.75757837372652,1028.01,197,181,()
yj_m,,False,1789407510073,1.2390918497072361e-07,4.365210223195212e-08,4.606334947897216e-10,295412528.4382888,1098198.6961769462,2384105169508515.0,839852252682974.9,1.0,1.0,0.010574069550380184,16676,1042.25,1044.05,1061.7474999999995,3.9470557539766267,250.0,19.75757837372652,1028.01,197,181,()
yj_m,,False,1789407510177,1.2185258524984214e-07,4.293654013421001e-08,9.871737687966322e-10,290509378.4121256,2353526.0853912532,2384105169508515.0,839852252682974.9,1.0,1.0,0.010574069550380184,15082,942.625,944.425,1044.1249999999995,8.458850579422716,250.0,19.75757837372652,1028.01,197,181,()
yj_m,,False,1789407510282,1.207106457821829e-07,4.25365990003695e-08,1.0787628884153783e-09,287786874.62401336,2571884.1789450445,2384105169508515.0,839852252682974.9,1.0,1.0,0.010574069550380184,16936,1058.5,1060.3,1034.3399999999995,9.243655344342951,250.0,19.75757837372652,1028.01,197,181,()
yj_m,,False,1789407510387,1.196702379789962e-07,4.21670563315248e-08,9.4741561789554e-10,285306433.0020389,2258738.472297862,2384105169508515.0,839852252682974.9,1.0,1.0,0.010574069550380184,16467,1029.1875,1030.9875,1025.4249999999995,8.118172708497891,250.0,19.75757837372652,1028.01,197,181,()
yj_m,,False,1789407510491,1.1810991803187262e-07,4.161361200925376e-08,7.553849891760895e-10,281586466.15001434,1800917.2576638516,2384105169508515.0,839852252682974.9,1.0,1.0,0.010574069550380184,15957,997.3125,999.1125,1012.0549999999996,6.472709218325817,250.0,19.75757837372652,1028.01,197,182,()
yj_m,,False,1789407510596,1.1902778761931667e-07,4.1941009107272955e-08,9.56766570417416e-10,283774763.7783744,2281032.1265450967,2384105169508515.0,839852252682974.9,1.0,1.0,0.010574069550380184,17454,1090.875,1092.675,1019.9199999999996,8.198298733578817,250.0,19.75757837372652,1028.01,197,182,()
yj_m,,False,1789407510700,1.2179861008338407e-07,4.291301232538547e-08,7.659309497132558e-10,290380695.9387477,1826059.9366979368,2384105169508515.0,839852252682974.9,1.0,1.0,0.010574069550380184,17059,1066.1875,1067.9875,1043.6624999999995,6.56307497481173,250.0,19.75757837372652,1028.01,197,182,()
yj_m,,False,1789407510804,1.2287723813957625e-07,4.3293045591314376e-08,7.72872361798909e-10,292952258.66349244,1842608.99313503,2384105169508515.0,839852252682974.9,1.0,1.0,0.010574069550380184,17830,1114.375,1116.175,1052.9049999999995,6.622554237225995,250.0,19.75757837372652,1028.01,197,182,()
yj_m,,False,1789407510909,1.2490057748761325e-07,4.400932537193223e-08,9.573626547251354e-10,297776112.4628175,2282453.2542245877,2384105169508515.0,839852252682974.9,1.0,1.0,0.010574069550380184,17235,1077.1875,1078.9875,1070.2424999999996,8.203406434219872,250.0,19.75757837372652,1028.01,197,182,()
yj_m,,False,1789407511014,1.2497293338643275e-07,4.403499042426263e-08,9.657049959967807e-10,297948616.53523743,2302342.2731761225,2384105169508515.0,839852252682974.9,1.0,1.0,0.010574069550380184,16465,1029.0625,1030.8625,1070.8624999999995,8.274889916186197,250.0,19.75757837372652,1028.01,198,182,()
yj_m,,False,1789407511119,1.2563084690190837e-07,4.426757722751171e-08,1.0051500750524732e-09,299517151.5485724,2396383.4900644734,2384105169508515.0,839852252682974.9,1.0,1.0,0.010574069550380184,17768,1110.5,1112.3,1076.4999999999995,8.612885151039691,250.0,19.75757837372652,1028.01,198,182,()
yj_m,,False,1789407511223,1.2534725845976101e-07,4.417235926148822e-08,1.1923371895212996e-09,298841046.877636,2842657.257334986,2384105169508515.0,839852252682974.9,1.0,1.0,0.010574069550380184,15767,985.4375,987.2375,1074.0699999999995,10.216845752236843,250.0,19.75757837372652,1028.01,198,182,()
yj_m,,False,1789407511328,1.2563989138926077e-07,4.427756809726591e-08,1.2700193248435799e-09,299538714.55762494,3027859.637735291,2384105169508515.0,839852252682974.9,1.0,1.0,0.010574069550380184,17747,1109.1875,1110.9875,1076.5774999999996,10.88248497012516,250.0,19.75757837372652,1028.01,198,182,()
yj_m,,False,1789407511433,1.2500911133584249e-07,4.405287701605006e-08,1.177234496191698e-09,298034868.5714475,2806650.8480943767,2384105169508515.0,839852252682974.9,1.0,1.0,0.010574069550380184,17354,1084.625,1086.425,1071.1724999999997,10.087434466949464,250.0,19.75757837372652,1028.01,198,182,()
yj_m,,False,1789407511537,1.264751935599068e-07,4.4563065216737114e-08,9.182615802174375e-10,301530162.78076375,2189232.1803574488,2384105169508515.0,839852252682974.9,1.0,1.0,0.010574069550380184,17179,1073.6875,1075.4875,1083.7349999999997,7.868358890200675,250.0,19.75757837372652,1028.01,198,183,()
yj_m,,False,1789407511641,1.2529357505095944e-07,4.414528177410639e-08,8.366484120491319e-10,298713059.9851954,1994657.804227428,2384105169508515.0,839852252682974.9,1.0,1.0,0.010574069550380184,17112,1069.5,1071.3,1073.6099999999997,7.169035613316481,250.0,19.75757837372652,1028.01,198,183,()
yj_m,,False,1789407511746,1.2747417177586622e-07,4.490921519887773e-08,5.76486871993166e-10,303911831.909659,1374405.3316727062,2384105169508515.0,839852252682974.9,1.0,1.0,0.010574069550380184,18112,1132.0,1133.8,1092.2949999999996,4.939775007528177,250.0,19.75757837372652,1028.01,198,183,()
yj_m,,False,1789407511851,1.2709867967191187e-07,4.477631363180938e-08,5.246534976941492e-10,303016619.24351174,1250829.116053342,2384105169508515.0,839852252682974.9,1.0,1.0,0.010574069550380184,17039,1064.9375,1066.7375,1089.0774999999996,4.495627500694425,250.0,19.75757837372652,1028.01,198,183,()
yj_m,,False,1789407511956,1.2698547770117814e-07,4.473699721635713e-08,5.703046802278885e-10,302746733.83988696,1359666.3363262094,2384105169508515.0,839852252682974.9,1.0,1.0,0.010574069550380184,17675,1104.6875,1106.4875,1088.1074999999996,4.8868013183472065,250.0,19.75757837372652,1028.01,199,183,()
yj_m,,False,1789407512060,1.2848482029808684e-07,4.5268123288315736e-08,7.721401927791565e-10,306321324.2760414,1840863.425190086,2384105169508515.0,839852252682974.9,1.0,1.0,0.010574069550380184,18473,1154.5625,1156.3625,1100.9549999999995,6.616280459971448,250.0,19.75757837372652,1028.01,199,183,()
yj_m,,False,1789407512164,1.308250084611157e-07,4.609359569970627e-08,8.412024399863541e-10,311900578.973141,2005515.0857746436,2384105169508515.0,839852252682974.9,1.0,1.0,0.010574069550380184,18530,1158.125,1159.925,1121.0074999999995,7.2080579648751435,250.0,19.75757837372652,1028.01,199,183,()
yj_m,,False,1789407512269,1.3191851615779088e-07,4.6481378111190365e-08,9.759720143458522e-10,314507616.3256818,2326819.9246975854,2384105169508515.0,839852252682974.9,1.0,1.0,0.010574069550380184,18981,1186.3125,1188.1125,1130.3774999999996,8.362865485286726,250.0,19.75757837372652,1028.01,199,183,()
yj_m,,False,1789407512374,1.3492828814255656e-07,4.7541903382535076e-08,9.998878888380762e-10,321683229.27360344,2383837.88470781,2384105169508515.0,839852252682974.9,1.0,1.0,0.010574069550380184,19210,1200.625,1202.425,1156.1674999999996,8.567794764407,250.0,19.75757837372652,1028.01,199,183,()
yj_m,,False,1789407512478,1.356089587552415e-07,4.778161681879219e-08,9.991882568347051e-10,323306019.60003823,2382169.8884318233,2384105169508515.0,839852252682974.9,1.0,1.0,0.010574069550380184,16465,1029.0625,1030.8625,1161.9999999999995,8.561799788887848,250.0,19.75757837372652,1028.01,199,184,()
yj_m,,False,1789407512583,1.3408685906112345e-07,4.72540724702273e-08,1.3432797132461269e-09,319677173.85078394,3202520.108446006,2384105169508515.0,839852252682974.9,1.0,1.0,0.010574069550380184,18674,1167.125,1168.925,1148.9574999999995,11.510235320140069,250.0,19.75757837372652,1028.01,199,184,()
yj_m,,False,1789407512688,1.3566030810279085e-07,4.781434281393693e-08,1.5486336199422275e-09,323428441.8449815,3692105.4189789556,2384105169508515.0,839852252682974.9,1.0,1.0,0.010574069550380184,19743,1233.9375,1235.7375,1162.4399999999996,13.269862720653894,250.0,19.75757837372652,1028.01,199,184,()
yj_m,,False,1789407512793,1.3668116814299005e-07,4.8177239943095326e-08,1.652899245508363e-09,325862279.544165,3940685.635893214,2384105169508515.0,839852252682974.9,1.0,1.0,0.010574069550380184,19192,1199.5,1201.3,1171.1874999999995,14.16328936458618,250.0,19.75757837372652,1028.01,199,184,()
yj_m,,False,1789407512897,1.3662310836934052e-07,4.815663277698304e-08,1.6480438138942104e-09,325723858.9376668,3929109.7762817214,2384105169508515.0,839852252682974.9,1.0,1.0,0.010574069550380184,19569,1223.0625,1224.8625,1170.6899999999996,14.121684358637962,250.0,19.75757837372652,1028.01,199,184,()
yj_m,,False,1789407513001,1.3989137763779194e-07,4.9288856617537516e-08,9.478261049840775e-10,333515756.59592754,2259717.11668766,2384105169508515.0,839852252682974.9,1.0,1.0,0.010574069550380184,19696,1231.0,1232.8,1198.6949999999995,8.121690071961622,250.0,19.75757837372652,1028.01,200,184,()
yj_m,,False,1789407513106,1.4143244157958452e-07,4.982580512346474e-08,5.63792702324308e-10,337189815.1060984,1344141.0961425577,2384105169508515.0,839852252682974.9,1.0,1.0,0.010574069550380184,19145,1196.5625,1198.3625,1211.8999999999996,4.831001772407045,250.0,19.75757837372652,1028.01,200,184,()
yj_m,,False,1789407513211,1.4109371094035296e-07,4.97059348895654e-08,5.127496061495977e-10,336382245.6380355,1222448.986684713,2384105169508515.0,839852252682974.9,1.0,1.0,0.010574069550380184,19656,1228.5,1230.3,1208.9974999999995,4.393625965532341,250.0,19.75757837372652,1028.01,200,184,()
yj_m,,False,1789407513315,1.4140501635987068e-07,4.981567196545703e-08,5.20356455551887e-10,337124430.4980037,1240584.5156683815,2384105169508515.0,839852252682974.9,1.0,1.0,0.010574069550380184,19599,1224.9375,1226.7375,1211.6649999999995,4.458807197558558,250.0,19.75757837372652,1028.01,200,184,()
yj_m,,False,1789407513420,1.4011223818378534e-07,4.936300383514485e-08,7.340784112095124e-10,334042311.36537087,1750120.134989195,2384105169508515.0,839852252682974.9,1.0,1.0,0.010574069550380184,18347,1146.6875,1148.4875,1200.5874999999996,6.290138362945604,250.0,19.75757837372652,1028.01,200,184,()
yj_m,,False,1789407513524,1.3752930765052338e-07,4.8463042226471115e-08,1.2212397249523818e-09,327884333.3285396,2911563.941468127,2384105169508515.0,839852252682974.9,1.0,1.0,0.010574069550380184,17742,1108.875,1110.675,1178.4549999999995,10.464504509292354,250.0,19.75757837372652,1028.01,200,185,()
yj_m,,False,1789407513629,1.369647565851374e-07,4.826431231217817e-08,1.2244725897657794e-09,326538384.2151015,2919271.431182068,2384105169508515.0,839852252682974.9,1.0,1.0,0.010574069550380184,19301,1206.3125,1208.1125,1173.6174999999996,10.492206137176298,250.0,19.75757837372652,1028.01,200,185,()
yj_m,,False,1789407513734,1.357910155329164e-07,4.784750743584066e-08,1.0806804365651616e-09,323740062.1048369,2576455.8154017185,2384105169508515.0,839852252682974.9,1.0,1.0,0.010574069550380184,18719,1169.9375,1171.7375,1163.5599999999995,9.260086345439767,250.0,19.75757837372652,1028.01,200,185,()
yj_m,,False,1789407513838,1.3527664678445364e-07,4.766366479665493e-08,9.546099307118863e-10,322513752.9125932,2275890.4706743713,2384105169508515.0,839852252682974.9,1.0,1.0,0.010574069550380184,19319,1207.4375,1209.2375,1159.1524999999995,8.179819015418374,250.0,19.75757837372652,1028.01,200,185,()
yj_m,,False,1789407513943,1.3692653633213197e-07,4.8244952211195004e-08,9.643425998360631e-10,326447263.1123312,2299094.177446434,2384105169508515.0,839852252682974.9,1.0,1.0,0.010574069550380184,19205,1200.3125,1202.1125,1173.2899999999995,8.26321587670321,250.0,19.75757837372652,1028.01,201,185,()
yj_m,,False,1789407514047,1.3900005799709217e-07,4.8966974096944935e-08,3.453966014617396e-10,331390756.83285075,823461.8230756044,2384105169508515.0,839852252682974.9,1.0,1.0,0.010574069550380184,19131,1195.6875,1197.4875,1191.0574999999997,2.959618999972801,250.0,19.75757837372652,1028.01,201,185,()
yj_m,,False,1789407514152,1.393490001543023e-07,4.9089904040779694e-08,3.469033453642591e-10,332222671.6337149,827054.0590027251,2384105169508515.0,839852252682974.9,1.0,1.0,0.010574069550380184,19311,1206.9375,1208.7375,1194.0474999999997,2.9725299199503445,250.0,19.75757837372652,1028.01,201,185,()
yj_m,,False,1789407514257,1.3954652008777324e-07,4.915918775127661e-08,3.02190161383749e-10,332693579.9281839,720453.1259296071,2384105169508515.0,839852252682974.9,1.0,1.0,0.010574069550380184,18766,1172.875,1174.675,1195.7399999999996,2.589393582482199,250.0,19.75757837372652,1028.01,201,185,()
yj_m,,False,1789407514361,1.3925622121952568e-07,4.9056899909975004e-08,2.9797800369810343e-10,332001476.89569247,710410.8990164775,2384105169508515.0,839852252682974.9,1.0,1.0,0.010574069550380184,19334,1208.375,1210.175,1193.2524999999996,2.553300633493831,250.0,19.75757837372652,1028.01,201,185,()
yj_m,,False,1789407514466,1.39152939009114e-07,4.902050780111339e-08,2.9642697650218413e-10,331755241.2439317,706713.0870606353,2384105169508515.0,839852252682974.9,1.0,1.0,0.010574069550380184,18786,1174.125,1175.925,1192.3674999999996,2.5400102608060466,250.0,19.75757837372652,1028.01,201,186,()
yj_m,,False,1789407514571,1.3952201244462473e-07,4.915054168601765e-08,3.0008717274719803e-10,332635151.12946105,715439.3798497937,2384105169508515.0,839852252682974.9,1.0,1.0,0.010574069550380184,19312,1207.0,1208.8,1195.5299999999995,2.571373587209762,250.0,19.75757837372652,1028.01,201,186,()
yj_m,,False,1789407514675,1.3919728617290656e-07,4.903610681426168e-08,2.9260716468098577e-10,331860969.5463826,697606.2539511675,2384105169508515.0,839852252682974.9,1.0,1.0,0.010574069550380184,18867,1179.1875,1180.9875,1192.7474999999995,2.507279227569199,250.0,19.75757837372652,1028.01,201,186,()
yj_m,,False,1789407514779,1.3980180803723717e-07,4.92489157891142e-08,2.674466958733944e-10,333302213.2482141,637621.0501997301,2384105169508515.0,839852252682974.9,1.0,1.0,0.010574069550380184,18942,1183.875,1185.675,1197.9274999999996,2.2916853241664743,250.0,19.75757837372652,1028.01,201,186,()
yj_m,,False,1789407514884,1.40374528317006e-07,4.945102733186376e-08,3.275351888593227e-10,334667638.62789327,780878.3369554577,2384105169508515.0,839852252682974.9,1.0,1.0,0.010574069550380184,19538,1221.125,1222.925,1202.8349999999996,2.8065689239710467,250.0,19.75757837372652,1028.01,201,186,()
yj_m,,False,1789407514989,1.3948962734474986e-07,4.9143375827217514e-08,7.120349678238651e-10,332557941.6454344,1697566.2476597049,2384105169508515.0,839852252682974.9,1.0,1.0,0.010574069550380184,17811,1113.1875,1114.9875,1195.2524999999996,6.101253488013754,250.0,19.75757837372652,1028.01,202,186,()
yj_m,,False,1789407515093,1.3805563846290386e-07,4.864022013889309e-08,8.343348899892294e-10,329139161.3392076,1989142.1243246405,2384105169508515.0,839852252682974.9,1.0,1.0,0.010574069550380184,18763,1172.6875,1174.4875,1182.9649999999995,7.149211608632102,250.0,19.75757837372652,1028.01,202,186,()
yj_m,,False,1789407515198,1.385262435628871e-07,4.8806741347816036e-08,8.779323782871626e-10,330261133.3908747,2093083.1215533281,2384105169508515.0,839852252682974.9,1.0,1.0,0.010574069550380184,19403,1212.6875,1214.4875,1186.9974999999995,7.522787822675847,250.0,19.75757837372652,1028.01,202,186,()
yj_m,,False,1789407515302,1.3807197689166956e-07,4.864607836167392e-08,8.403482131636374e-10,329178113.87168956,2003478.519190677,2384105169508515.0,839852252682974.9,1.0,1.0,0.010574069550380184,18885,1180.3125,1182.1125,1183.1049999999996,7.200738304160207,250.0,19.75757837372652,1028.01,202,186,()
yj_m,,False,1789407515407,1.3715352378891246e-07,4.8320766321026696e-08,7.284909691530594e-10,326988425.08145523,1736799.0854980804,2384105169508515.0,839852252682974.9,1.0,1.0,0.010574069550380184,18906,1181.625,1183.425,1175.2349999999997,6.242260938554235,250.0,19.75757837372652,1028.01,202,186,()
yj_m,,False,1789407515512,1.3866657899567814e-07,4.8851776243921594e-08,5.843855971421457e-10,330595707.821657,1393236.7231329142,2384105169508515.0,839852252682974.9,1.0,1.0,0.010574069550380184,19484,1217.75,1219.55,1188.1999999999996,5.007457251440097,250.0,19.75757837372652,1028.01,202,187,()
yj_m,,False,1789407515616,1.3787708277710738e-07,4.85827273107008e-08,1.1047999110705603e-09,328713465.80565506,2633959.1792558716,2384105169508515.0,839852252682974.9,1.0,1.0,0.010574069550380184,16184,1011.5,1013.3,1181.4349999999995,9.466760223275966,250.0,19.75757837372652,1028.01,202,187,()
yj_m,,False,1789407515721,1.325317907518174e-07,4.673120529335658e-08,2.0282303991663408e-09,315969727.4556286,4835514.579606794,2384105169508515.0,839852252682974.9,1.0,1.0,0.010574069550380184,15680,980.0,981.8,1135.6324999999995,17.37941022086193,250.0,19.75757837372652,1028.01,202,187,()
yj_m,,False,1789407515825,1.2742107188237773e-07,4.494278764804118e-08,2.242433106248806e-09,303785236.1790927,5346196.360884815,2384105169508515.0,839852252682974.9,1.0,1.0,0.010574069550380184,15945,996.5625,998.3625,1091.8399999999995,19.214860827625056,250.0,19.75757837372652,1028.01,202,187,()
yj_m,,False,1789407515930,1.262315759167041e-07,4.452337526640979e-08,2.224217410984583e-09,300949352.6982206,5302768.22763919,2384105169508515.0,839852252682974.9,1.0,1.0,0.010574069550380184,19367,1210.4375,1212.2375,1081.6474999999996,19.058774990145615,250.0,19.75757837372652,1028.01,203,187,()
yj_m,,False,1789407516034,1.2616213759444988e-07,4.4497945591294515e-08,2.2041385819311653e-09,300783804.4351724,5254898.18749526,2384105169508515.0,839852252682974.9,1.0,1.0,0.010574069550380184,19148,1196.75,1198.55,1081.0524999999996,18.886724414916422,250.0,19.75757837372652,1028.01,203,187,()
yj_m,,False,1789407516139,1.2903857633018124e-07,4.551759835788385e-08,2.3554963016600527e-09,307641536.89480406,5615750.909545922,2384105169508515.0,839852252682974.9,1.0,1.0,0.010574069550380184,19414,1213.375,1215.175,1105.6999999999996,20.183671695828785,250.0,19.75757837372652,1028.01,203,187,()
yj_m,,False,1789407516243,1.3523725950082202e-07,4.7676483935868705e-08,1.8589430395235532e-09,322419849.48607427,4431915.710349971,2384105169508515.0,839852252682974.9,1.0,1.0,0.010574069550380184,19366,1210.375,1212.175,1158.8149999999996,15.9288282408029,250.0,19.75757837372652,1028.01,203,187,()
yj_m,,False,1789407516348,1.390105612727273e-07,4.897434979433958e-08,6.923320456697416e-10,331415797.7465891,1650592.4090976398,2384105169508515.0,839852252682974.9,1.0,1.0,0.010574069550380184,18363,1147.6875,1149.4875,1191.1474999999996,5.932423967064391,250.0,19.75757837372652,1028.01,203,187,()
yj_m,,False,1789407516453,1.3902865024743214e-07,4.8978017541734194e-08,4.630964666879556e-10,331458923.7646941,1104070.6802118816,2384105169508515.0,839852252682974.9,1.0,1.0,0.010574069550380184,19174,1198.375,1200.175,1191.3024999999996,3.9681603577728564,250.0,19.75757837372652,1028.01,203,188,()
yj_m,,False,1789407516557,1.3876140023405048e-07,4.888367904777358e-08,4.4168471713522834e-10,330821771.62623966,1053022.8174150041,2384105169508515.0,839852252682974.9,1.0,1.0,0.010574069550380184,19189,1199.3125,1201.1125,1189.0124999999996,3.784688312794067,250.0,19.75757837372652,1028.01,203,188,()
yj_m,,False,1789407516662,1.3789575526712533e-07,4.858195407229491e-08,7.116458802217357e-10,328757982.9856344,1696638.621896078,2384105169508515.0,839852252682974.9,1.0,1.0,0.010574069550380184,17107,1069.1875,1070.9875,1181.5949999999996,6.0979194915151185,250.0,19.75757837372652,1028.01,203,188,()
yj_m,,False,1789407516767,1.3458459762316397e-07,4.7427955030118e-08,1.2934193459807001e-09,320863834.9296085,3083647.749094914,2384105169508515.0,839852252682974.9,1.0,1.0,0.010574069550380184,17403,1087.6875,1089.4875,1153.2224999999996,11.082994028014271,250.0,19.75757837372652,1028.01,203,188,()
yj_m,,False,1789407516871,1.3242792502609266e-07,4.667425981749225e-08,1.4865492188611787e-09,315722100.64199346,3544089.6774157793,2384105169508515.0,839852252682974.9,1.0,1.0,0.010574069550380184,17605,1100.3125,1102.1125,1134.7424999999996,12.737876672546331,250.0,19.75757837372652,1028.01,203,188,()
yj_m,,False,1789407516976,1.295573214434919e-07,4.566559911442021e-08,1.5481442795471466e-09,308878279.8011054,3690938.7800133796,2384105169508515.0,839852252682974.9,1.0,1.0,0.010574069550380184,16231,1014.4375,1016.2375,1110.1449999999995,13.265669682492476,250.0,19.75757837372652,1028.01,204,188,()
yj_m,,False,1789407517080,1.2552902347977928e-07,4.4240620606228505e-08,1.3409138428769189e-09,299274393.8014975,3196879.6246683886,2384105169508515.0,839852252682974.9,1.0,1.0,0.010574069550380184,16577,1036.0625,1037.8625,1075.6274999999996,11.489962755596732,250.0,19.75757837372652,1028.01,204,188,()
yj_m,,False,1789407517184,1.2614346510443192e-07,4.4458911178729526e-08,1.403738677818029e-09,300739287.255193,3346660.6384250154,2384105169508515.0,839852252682974.9,1.0,1.0,0.010574069550380184,19162,1197.625,1199.425,1080.8924999999995,12.028293400354016,250.0,19.75757837372652,1028.01,204,188,()
yj_m,,False,1789407517289,1.2797774549103737e-07,4.510835109726271e-08,1.51479382442257e-09,305112404.60722715,3611427.7875454254,2384105169508515.0,839852252682974.9,1.0,1.0,0.010574069550380184,18104,1131.5,1133.3,1096.6099999999997,12.979897789466603,250.0,19.75757837372652,1028.01,204,188,()
yj_m,,False,1789407517394,1.2913777393340145e-07,4.551690293548014e-08,1.5188543381026798e-09,307878034.4134443,3621108.479201031,2384105169508515.0,839852252682974.9,1.0,1.0,0.010574069550380184,17600,1100.0,1101.8,1106.5499999999995,13.014691338060997,250.0,19.75757837372652,1028.01,204,188,()
yj_m,,False,1789407517498,1.2903682578424202e-07,4.548115793173426e-08,1.5127432723992878e-09,307637363.40918094,3606539.055866372,2384105169508515.0,839852252682974.9,1.0,1.0,0.010574069550380184,16330,1020.625,1022.425,1105.6849999999995,12.96232711070817,250.0,19.75757837372652,1028.01,204,189,()
yj_m,,False,1789407517603,1.2880779602386581e-07,4.54017627160804e-08,1.5495328809763886e-09,307091332.3734968,3694249.3518592324,2384105169508515.0,839852252682974.9,1.0,1.0,0.010574069550380184,17502,1093.875,1095.675,1103.7224999999996,13.277568268512123,250.0,19.75757837372652,1028.01,204,189,()
yj_m,,False,1789407517708,1.27925812628175e-07,4.508399407970446e-08,1.3217354711868265e-09,304988591.20040953,3151156.3695792845,2384105169508515.0,839852252682974.9,1.0,1.0,0.010574069550380184,18595,1162.1875,1163.9875,1096.1649999999995,11.325627979277792,250.0,19.75757837372652,1028.01,204,189,()
yj_m,,False,1789407517813,1.281691385137212e-07,4.517090333869094e-08,1.3630983439588244e-09,305568705.70201546,3249769.8083807253,2384105169508515.0,839852252682974.9,1.0,1.0,0.010574069550380184,18327,1145.4375,1147.2375,1098.2499999999995,11.680056319427573,250.0,19.75757837372652,1028.01,204,189,()
yj_m,,False,1789407517917,1.2928977967245375e-07,4.556871610857948e-08,1.4668290745238119e-09,308240432.08171374,3497074.7793576075,2384105169508515.0,839852252682974.9,1.0,1.0,0.010574069550380184,18946,1184.125,1185.925,1107.8524999999995,12.568899578920979,250.0,19.75757837372652,1028.01,205,189,()
yj_m,,False,1789407518021,1.3413266501319868e-07,4.7266315815071786e-08,1.1987519551144925e-09,319786380.05792075,2857950.7331468994,2384105169508515.0,839852252682974.9,1.0,1.0,0.010574069550380184,19210,1200.625,1202.425,1149.3499999999995,10.271812309665709,250.0,19.75757837372652,1028.01,205,189,()
yj_m,,False,1789407518126,1.366446984359238e-07,4.813831615044859e-08,4.691527074638171e-10,325775331.92701787,1118509.3951534037,2384105169508515.0,839852252682974.9,1.0,1.0,0.010574069550380184,18914,1182.125,1183.925,1170.8749999999995,4.020054803730914,250.0,19.75757837372652,1028.01,205,189,()
yj_m,,False,1789407518231,1.377043622444415e-07,4.8512569495888256e-08,5.61554347958889e-10,328301681.890846,1338804.6239287679,2384105169508515.0,839852252682974.9,1.0,1.0,0.010574069550380184,19102,1193.875,1195.675,1179.9549999999995,4.8118218613119925,250.0,19.75757837372652,1028.01,205,189,()
yj_m,,False,1789407518336,1.3867153887583914e-07,4.885219758459833e-08,4.604045218623588e-10,330607532.69758904,1097652.8006371506,2384105169508515.0,839852252682974.9,1.0,1.0,0.010574069550380184,18678,1167.375,1169.175,1188.2424999999996,3.9450937409648454,250.0,19.75757837372652,1028.01,205,189,()
yj_m,,False,1789407518440,1.381139899942099e-07,4.865661796322081e-08,5.401730709650803e-10,329278277.52664304,1287829.4109171412,2384105169508515.0,839852252682974.9,1.0,1.0,0.010574069550380184,18371,1148.1875,1149.9875,1183.4649999999995,4.628610928237541,250.0,19.75757837372652,1028.01,205,189,()
yj_m,,False,1789407518544,1.3666862256375924e-07,4.814851364380095e-08,6.249456317245415e-10,325832369.5638664,1489936.111256249,2384105169508515.0,839852252682974.9,1.0,1.0,0.010574069550380184,18519,1157.4375,1159.2375,1171.0799999999995,5.3550062675033345,250.0,19.75757837372652,1028.01,205,190,()
yj_m,,False,1789407518649,1.357851803797858e-07,4.783829335848351e-08,6.948856644274032e-10,323726150.48609334,1656680.504778728,2384105169508515.0,839852252682974.9,1.0,1.0,0.010574069550380184,18332,1145.75,1147.55,1163.5099999999995,5.954305301628394,250.0,19.75757837372652,1028.01,205,190,()
yj_m,,False,1789407518754,1.3472376602532889e-07,4.74614855654659e-08,4.512614702096043e-10,321195627.03664213,1075854.803926731,2384105169508515.0,839852252682974.9,1.0,1.0,0.010574069550380184,18517,1157.3125,1159.1125,1154.4149999999995,3.866749167582505,250.0,19.75757837372652,1028.01,205,190,()
yj_m,,False,1789407518858,1.338934237348439e-07,4.7167581657613297e-08,2.6551686011770925e-10,319216003.6894353,633020.1187982986,2384105169508515.0,839852252682974.9,1.0,1.0,0.010574069550380184,18280,1142.5,1144.3,1147.2999999999995,2.2751490335799978,250.0,19.75757837372652,1028.01,205,190,()
yj_m,,False,1789407518963,1.352477627764571e-07,4.764738012129352e-08,5.734364396419891e-10,322444890.39981264,1367132.7801350257,2384105169508515.0,839852252682974.9,1.0,1.0,0.010574069550380184,19220,1201.25,1203.05,1158.9049999999995,4.913636598793199,250.0,19.75757837372652,1028.01,206,190,()
yj_m,,False,1789407519068,1.34256078501911e-07,4.730321824304536e-08,9.035886548351559e-10,320080610.7943468,2154250.3831017385,2384105169508515.0,839852252682974.9,1.0,1.0,0.010574069550380184,16801,1050.0625,1051.8625,1150.4074999999996,7.74263018134019,250.0,19.75757837372652,1028.01,206,190,()
yj_m,,False,1789407519173,1.3277599191033322e-07,4.678760350560205e-08,1.1610661724328787e-09,316551928.700046,2768103.8638386885,2384105169508515.0,839852252682974.9,1.0,1.0,0.010574069550380184,17796,1112.25,1114.05,1137.7249999999995,9.948892055148653,250.0,19.75757837372652,1028.01,206,190,()
yj_m,,False,1789407519277,1.3319962402761506e-07,4.693895613940775e-08,1.2455156958391898e-09,317561912.2208276,2969440.4091542065,2384105169508515.0,839852252682974.9,1.0,1.0,0.010574069550380184,19293,1205.8125,1207.6125,1141.3549999999996,10.672519366344574,250.0,19.75757837372652,1028.01,206,190,()
yj_m,,False,1789407519381,1.334321548798696e-07,4.702238652458051e-08,1.3025452222174541e-09,318116290.22775793,3105404.7978072553,2384105169508515.0,839852252682974.9,1.0,1.0,0.010574069550380184,17873,1117.0625,1118.8625,1143.3474999999996,11.161191429457698,250.0,19.75757837372652,1028.01,206,190,()
yj_m,,False,1789407519486,1.3193047822170865e-07,4.648839098494055e-08,1.1012901692430548e-09,314536135.14410603,2625591.585621277,2384105169508515.0,839852252682974.9,1.0,1.0,0.010574069550380184,18100,1131.25,1133.05,1130.4799999999996,9.43668610397739,250.0,19.75757837372652,1028.01,206,191,()
yj_m,,False,1789407519591,1.3340502141781228e-07,4.7004040064755425e-08,9.32763667857219e-10,318051601.20060045,2223806.682468123,2384105169508515.0,839852252682974.9,1.0,1.0,0.010574069550380184,19122,1195.125,1196.925,1143.1149999999996,7.992623732229612,250.0,19.75757837372652,1028.01,206,191,()
yj_m,,False,1789407519695,1.3614170823606573e-07,4.796582965016074e-08,8.187797517435478e-10,324576150.3913241,1952057.0388206872,2384105169508515.0,839852252682974.9,1.0,1.0,0.010574069550380184,18997,1187.3125,1189.1125,1166.5649999999996,7.0159234335189264,250.0,19.75757837372652,1028.01,206,191,()
yj_m,,False,1789407519800,1.3539014051284388e-07,4.7699802079663786e-08,7.384975023575445e-10,322784333.8971552,1760655.7130397463,2384105169508515.0,839852252682974.9,1.0,1.0,0.010574069550380184,18521,1157.5625,1159.3625,1160.1249999999995,6.328004474160871,250.0,19.75757837372652,1028.01,206,191,()
yj_m,,False,1789407519904,1.3589692356223686e-07,4.7877264476023573e-08,6.675695673471535e-10,323992557.98503226,1591556.0565189067,2384105169508515.0,839852252682974.9,1.0,1.0,0.010574069550380184,18782,1173.875,1175.675,1164.4674999999995,5.720240346786139,250.0,19.75757837372652,1028.01,206,191,()
yj_m,,False,1789407520009,1.3753835213787584e-07,4.8456475414791614e-08,7.390835648912692e-10,327905896.3375921,1762052.9477560557,2384105169508515.0,839852252682974.9,1.0,1.0,0.010574069550380184,19410,1213.125,1214.925,1178.5324999999996,6.333026300671742,250.0,19.75757837372652,1028.01,207,191,()
yj_m,,False,1789407520114,1.3828233416202786e-07,4.8716243955377116e-08,5.688823586235116e-10,329679627.7273944,1356275.3720365097,2384105169508515.0,839852252682974.9,1.0,1.0,0.010574069550380184,19100,1193.75,1195.55,1184.9074999999996,4.874613792394224,250.0,19.75757837372652,1028.01,207,191,()
yj_m,,False,1789407520218,1.3773791437494243e-07,4.85240938838851e-08,5.355221394293325e-10,328381673.69862145,1276741.1009997246,2384105169508515.0,839852252682974.9,1.0,1.0,0.010574069550380184,18510,1156.875,1158.675,1180.2424999999996,4.58875823344399,250.0,19.75757837372652,1028.01,207,191,()
yj_m,,False,1789407520323,1.3695979670497642e-07,4.8252731160722515e-08,7.417239686464157e-10,326526559.33916944,1768347.9479982913,2384105169508515.0,839852252682974.9,1.0,1.0,0.010574069550380184,18366,1147.875,1149.675,1173.5749999999996,6.355651274653133,250.0,19.75757837372652,1028.01,207,191,()
yj_m,,False,1789407520428,1.3763113107265245e-07,4.848937976037538e-08,7.536860211678556e-10,328127091.0756146,1796866.7392525913,2384105169508515.0,839852252682974.9,1.0,1.0,0.010574069550380184,18830,1176.875,1178.675,1179.3274999999996,6.458151177001046,250.0,19.75757837372652,1028.01,207,191,()
yj_m,,False,1789407520532,1.3705636848928794e-07,4.828556464335325e-08,6.603085078187774e-10,326756796.6293751,1574244.9269612033,2384105169508515.0,839852252682974.9,1.0,1.0,0.010574069550380184,19286,1205.375,1207.175,1174.4024999999995,5.6580221036153615,250.0,19.75757837372652,1028.01,207,192,()
yj_m,,False,1789407520637,1.3737992773037994e-07,4.839999392871839e-08,6.93152366990207e-10,327528195.88870484,1652548.1413984199,2384105169508515.0,839852252682974.9,1.0,1.0,0.010574069550380184,19282,1205.125,1206.925,1177.1749999999995,5.939453099823249,250.0,19.75757837372652,1028.01,207,192,()
yj_m,,False,1789407520741,1.3742164907526374e-07,4.841481433970761e-08,7.01806746980037e-10,327627663.9627212,1673181.093471063,2384105169508515.0,839852252682974.9,1.0,1.0,0.010574069550380184,18152,1134.5,1136.3,1177.5324999999996,6.013610365246489,250.0,19.75757837372652,1028.01,207,192,()
yj_m,,False,1789407520846,1.3657846944789144e-07,4.812095918592729e-08,8.915573193964653e-10,325617435.0542787,2125566.414086274,2384105169508515.0,839852252682974.9,1.0,1.0,0.010574069550380184,17667,1104.1875,1105.9875,1170.3074999999997,7.639536610619783,250.0,19.75757837372652,1028.01,207,192,()
yj_m,,False,1789407520951,1.3462631896804782e-07,4.74356956341212e-08,1.006686646187435e-09,320963303.00362486,2400046.8372506564,2384105169508515.0,839852252682974.9,1.0,1.0,0.010574069550380184,17885,1117.8125,1119.6125,1153.5799999999995,8.626051653276832,250.0,19.75757837372652,1028.01,208,192,()
yj_m,,False,1789407521055,1.3237190755603888e-07,4.6640968927909735e-08,9.716158360089107e-10,315588549.10205543,2316434.3374051787,2384105169508515.0,839852252682974.9,1.0,1.0,0.010574069550380184,17402,1087.625,1089.425,1134.2624999999996,8.325538458562304,250.0,19.75757837372652,1028.01,208,192,()
yj_m,,False,1789407521160,1.297554248922759e-07,4.5713603772134506e-08,6.39151730192388e-10,309350579.2574488,1523804.9440519856,2384105169508515.0,839852252682974.9,1.0,1.0,0.010574069550380184,17378,1086.125,1087.925,1111.8424999999995,5.476734850711692,250.0,19.75757837372652,1028.01,208,192,()
yj_m,,False,1789407521264,1.2970699312129187e-07,4.5696409810059736e-08,6.294622222668587e-10,309235112.82187736,1500704.1381167409,2384105169508515.0,839852252682974.9,1.0,1.0,0.010574069550380184,18528,1158.0,1159.8,1111.4274999999996,5.393707827181594,250.0,19.75757837372652,1028.01,208,192,()
yj_m,,False,1789407521369,1.306339071960884e-07,4.602404924321114e-08,7.082359956384774e-10,311444973.45928985,1688509.0984337064,2384105169508515.0,839852252682974.9,1.0,1.0,0.010574069550380184,18684,1167.75,1169.55,1119.3699999999997,6.068701024519168,250.0,19.75757837372652,1028.01,208,192,()
yj_m,,False,1789407521474,1.3202763352133318e-07,4.6517450744686793e-08,8.562446769759218e-10,314767763.5961861,2041377.3607424526,2384105169508515.0,839852252682974.9,1.0,1.0,0.010574069550380184,18217,1138.5625,1140.3625,1131.3124999999995,7.336951214571349,250.0,19.75757837372652,1028.01,208,193,()
yj_m,,False,1789407521578,1.3316052850163998e-07,4.6914514662286886e-08,7.413878799639712e-10,317468704.3752458,1767546.6772330643,2384105169508515.0,839852252682974.9,1.0,1.0,0.010574069550380184,18554,1159.625,1161.425,1141.0199999999995,6.352771412934673,250.0,19.75757837372652,1028.01,208,193,()
yj_m,,False,1789407521683,1.3515790141824587e-07,4.761413995474213e-08,4.215592497018065e-10,322230651.471162,1005041.5864682065,2384105169508515.0,839852252682974.9,1.0,1.0,0.010574069550380184,18513,1157.0625,1158.8625,1158.1349999999995,3.612238104693543,250.0,19.75757837372652,1028.01,208,193,()
yj_m,,False,1789407521787,1.3522850677112615e-07,4.763880168147532e-08,3.971733166589258e-10,322398982.05795896,946902.9574373844,2384105169508515.0,839852252682974.9,1.0,1.0,0.010574069550380184,18596,1162.25,1164.05,1158.7399999999996,3.403281008820753,250.0,19.75757837372652,1028.01,208,193,()
yj_m,,False,1789407521892,1.352579742944357e-07,4.7648756149799465e-08,3.423077512795792e-10,322469235.73261386,816097.6793884785,2384105169508515.0,839852252682974.9,1.0,1.0,0.010574069550380184,18150,1134.375,1136.175,1158.9924999999996,2.933151398240466,250.0,19.75757837372652,1028.01,208,193,()
yj_m,,False,1789407521997,1.346321541211784e-07,4.7428364127201244e-08,3.506387578155378e-10,320977214.62236845,835959.6751380697,2384105169508515.0,839852252682974.9,1.0,1.0,0.010574069550380184,18145,1134.0625,1135.8625,1153.6299999999997,3.004537755628976,250.0,19.75757837372652,1028.01,209,193,()
yj_m,,False,1789407522101,1.3445505722366455e-07,4.7365663927779034e-08,3.0502261844590515e-10,320554996.9935017,727206.0014539076,2384105169508515.0,839852252682974.9,1.0,1.0,0.010574069550380184,18616,1163.5,1165.3,1152.1124999999995,2.613664214278491,250.0,19.75757837372652,1028.01,209,193,()
yj_m,,False,1789407522206,1.3464849254994407e-07,4.74340797986901e-08,3.452217758261548e-10,321016167.15485036,823045.0203740427,2384105169508515.0,839852252682974.9,1.0,1.0,0.010574069550380184,18779,1173.6875,1175.4875,1153.7699999999995,2.958120961860755,250.0,19.75757837372652,1028.01,209,193,()
yj_m,,False,1789407522311,1.3419568466700916e-07,4.727485568752023e-08,3.8200923738655665e-10,319936625.5403511,910750.1976532938,2384105169508515.0,839852252682974.9,1.0,1.0,0.010574069550380184,18014,1125.875,1127.675,1149.8899999999996,3.273343722403744,250.0,19.75757837372652,1028.01,209,193,()
yj_m,,False,1789407522415,1.3377409485332305e-07,4.712661279518366e-08,4.1355968686320066e-10,318931511.0861298,985969.7873508786,2384105169508515.0,839852252682974.9,1.0,1.0,0.010574069550380184,18041,1127.5625,1129.3625,1146.2774999999995,3.543691807282344,250.0,19.75757837372652,1028.01,209,193,()
yj_m,,False,1789407522520,1.337405427228221e-07,4.7115722876309795e-08,5.085073532047967e-10,318851519.2783544,1212335.0095086473,2384105169508515.0,839852252682974.9,1.0,1.0,0.010574069550380184,17304,1081.5,1083.3,1145.9899999999996,4.357275137629021,250.0,19.75757837372652,1028.01,209,194,()
yj_m,,False,1789407522624,1.320833592337305e-07,4.65346948584016e-08,7.150886634223829e-10,314900619.555187,1704846.579122235,2384105169508515.0,839852252682974.9,1.0,1.0,0.010574069550380184,17275,1079.6875,1081.4875,1131.7899999999995,6.127419858717045,250.0,19.75757837372652,1028.01,209,194,()
yj_m,,False,1789407522729,1.296661470493777e-07,4.568399206789626e-08,7.590753018975824e-10,309137731.4906725,1809715.3513002642,2384105169508515.0,839852252682974.9,1.0,1.0,0.010574069550380184,17203,1075.1875,1076.9875,1111.0774999999996,6.504330605450495,250.0,19.75757837372652,1028.01,209,194,()
yj_m,,False,1789407522834,1.2805797884658317e-07,4.511755883237863e-08,7.590375547122926e-10,305303689.36495095,1809625.3580406746,2384105169508515.0,839852252682974.9,1.0,1.0,0.010574069550380184,17017,1063.5625,1065.3625,1097.2974999999997,6.504007159052025,250.0,19.75757837372652,1028.01,209,194,()
yj_m,,False,1789407522938,1.2804339096375667e-07,4.511458475633153e-08,8.782923869360656e-10,305268910.31809205,2093941.4200342451,2384105169508515.0,839852252682974.9,1.0,1.0,0.010574069550380184,19117,1194.8125,1196.6125,1097.1724999999997,7.525872648736492,250.0,19.75757837372652,1028.01,210,194,()
yj_m,,False,1789407523043,1.282216548918966e-07,4.517874172104244e-08,9.46216478623295e-10,305693910.2707074,2255879.5981599395,2384105169508515.0,839852252682974.9,1.0,1.0,0.010574069550380184,17286,1080.375,1082.175,1098.6999999999996,8.107897577362456,250.0,19.75757837372652,1028.01,210,194,()
yj_m,,False,1789407523147,1.2809240625005376e-07,4.513280748632648e-08,9.262773036802044e-10,305385767.91553783,2208342.508102385,2384105169508515.0,839852252682974.9,1.0,1.0,0.010574069550380184,17385,1086.5625,1088.3625,1097.5924999999995,7.9370436640477156,250.0,19.75757837372652,1028.01,210,194,()
yj_m,,False,1789407523252,1.3016242682313556e-07,4.586502774551095e-08,1.0714702414290842e-09,310320914.6648112,2554497.741565617,2384105169508515.0,839852252682974.9,1.0,1.0,0.010574069550380184,19233,1202.0625,1203.8625,1115.3299999999995,9.181166435970976,250.0,19.75757837372652,1028.01,210,194,()
yj_m,,False,1789407523357,1.3337321983325052e-07,4.699798343917615e-08,1.1634143742546199e-09,317975782.87844807,2773702.223940955,2384105169508515.0,839852252682974.9,1.0,1.0,0.010574069550380184,19155,1197.1875,1198.9875,1142.8424999999995,9.969013222230172,250.0,19.75757837372652,1028.01,210,194,()
yj_m,,False,1789407523461,1.33687151071677e-07,4.7108235964898435e-08,1.1510929074728449e-09,318724227.96685094,2744326.5512906043,2384105169508515.0,839852252682974.9,1.0,1.0,0.010574069550380184,18073,1129.5625,1131.3625,1145.5324999999996,9.863433586991906,250.0,19.75757837372652,1028.01,210,195,()
yj_m,,False,1789407523566,1.3463623872836978e-07,4.743931570145882e-08,1.0126258847503298e-09,320986952.7554889,2414206.6066113985,2384105169508515.0,839852252682974.9,1.0,1.0,0.010574069550380184,18919,1182.4375,1184.2375,1153.6649999999995,8.67694353588866,250.0,19.75757837372652,1028.01,210,195,()
yj_m,,False,1789407523671,1.367027582095733e-07,4.8162589094744014e-08,7.669152803403776e-10,325913752.53351617,1828406.6844345687,2384105169508515.0,839852252682974.9,1.0,1.0,0.010574069550380184,18719,1169.9375,1171.7375,1171.3724999999995,6.571509463205543,250.0,19.75757837372652,1028.01,210,195,()
yj_m,,False,1789407523775,1.359619855196431e-07,4.790132768543125e-08,7.452746176539882e-10,324147672.53402287,1776813.0686523593,2384105169508515.0,839852252682974.9,1.0,1.0,0.010574069550380184,18644,1165.25,1167.05,1165.0249999999996,6.386075917572543,250.0,19.75757837372652,1028.01,210,195,()
yj_m,,False,1789407523879,1.341551303527515e-07,4.726561527735829e-08,7.892017719934158e-10,319839939.79008347,1881540.0243947841,2384105169508515.0,839852252682974.9,1.0,1.0,0.010574069550380184,17183,1073.9375,1075.7375,1149.5424999999996,6.762476959295316,250.0,19.75757837372652,1028.01,210,195,()
yj_m,,False,1789407523984,1.3350451077868911e-07,4.7036782398342644e-08,8.086151714444683e-10,318288794.30017793,1927823.6103837702,2384105169508515.0,839852252682974.9,1.0,1.0,0.010574069550380184,18475,1154.6875,1156.4875,1143.9674999999995,6.928825631014249,250.0,19.75757837372652,1028.01,211,195,()
yj_m,,False,1789407524089,1.3363230063224934e-07,4.7081117317782625e-08,7.682993754360578e-10,318593458.7506616,1831706.5127072667,2384105169508515.0,839852252682974.9,1.0,1.0,0.010574069550380184,18975,1185.9375,1187.7375,1145.0624999999995,6.583369435555017,250.0,19.75757837372652,1028.01,211,195,()
yj_m,,False,1789407524193,1.3413149798257254e-07,4.7258792309980687e-08,8.744695018809957e-10,319783597.73417205,2084827.2600120204,2384105169508515.0,839852252682974.9,1.0,1.0,0.010574069550380184,19131,1195.6875,1197.4875,1149.3399999999995,7.493115281710271,250.0,19.75757837372652,1028.01,211,195,()
yj_m,,False,1789407524298,1.3489094316252065e-07,4.752695909916108e-08,9.107534344466684e-10,321594194.9136448,2171331.9712119354,2384105169508515.0,839852252682974.9,1.0,1.0,0.010574069550380184,18936,1183.5,1185.3,1155.8474999999996,7.8040234254517715,250.0,19.75757837372652,1028.01,211,195,()
yj_m,,False,1789407524402,1.3777876044685671e-07,4.853972658091574e-08,6.384465501111915e-10,328479055.0298263,1522123.7205749645,2384105169508515.0,839852252682974.9,1.0,1.0,0.010574069550380184,19389,1211.8125,1213.6125,1180.5924999999995,5.470692335070581,250.0,19.75757837372652,1028.01,211,195,()
yj_m,,False,1789407524507,1.3917744665226257e-07,4.9030203374925765e-08,4.382305533724334e-10,331813670.0426546,1044787.7277317974,2384105169508515.0,839852252682974.9,1.0,1.0,0.010574069550380184,19105,1194.0625,1195.8625,1192.5774999999996,3.7550904283385775,250.0,19.75757837372652,1028.01,211,196,()
yj_m,,False,1789407524612,1.3985199035416037e-07,4.926638368420119e-08,2.2554590531933136e-10,333421853.1694086,537725.1588332996,2384105169508515.0,839852252682974.9,1.0,1.0,0.010574069550380184,19199,1199.9375,1201.7375,1198.3574999999996,1.9326476981074436,250.0,19.75757837372652,1028.01,211,196,()
yj_m,,False,1789407524716,1.373965579168021e-07,4.841964248614043e-08,1.3475024867993246e-09,327567844.00212395,3212587.6447038483,2384105169508515.0,839852252682974.9,1.0,1.0,0.010574069550380184,15981,998.8125,1000.6125,1177.3174999999997,11.546419233901046,250.0,19.75757837372652,1028.01,211,196,()
yj_m,,False,1789407524820,1.3359087104502208e-07,4.710139805974338e-08,1.968305459434672e-09,318494686.2575824,4692647.221010034,2384105169508515.0,839852252682974.9,1.0,1.0,0.010574069550380184,16579,1036.1875,1037.9875,1144.7074999999995,16.86592806889084,250.0,19.75757837372652,1028.01,211,196,()
yj_m,,False,1789407524925,1.2918999855392043e-07,4.5554315396384536e-08,2.0099601872302885e-09,308002543.40119904,4791956.472882038,2384105169508515.0,839852252682974.9,1.0,1.0,0.010574069550380184,18524,1157.75,1159.55,1106.9974999999995,17.222857243355413,250.0,19.75757837372652,1028.01,212,196,()
yj_m,,False,1789407525030,1.2989255099084513e-07,4.5809065121291876e-08,2.1741764657333985e-09,309677502.29792213,5183465.351378745,2384105169508515.0,839852252682974.9,1.0,1.0,0.010574069550380184,19712,1232.0,1233.8,1113.0174999999995,18.62998636942604,250.0,19.75757837372652,1028.01,212,196,()
yj_m,,False,1789407525134,1.2782369744838942e-07,4.5077926238789663e-08,2.1073099083854275e-09,304745137.8723975,5024048.446338209,2384105169508515.0,839852252682974.9,1.0,1.0,0.010574069550380184,16056,1003.5,1005.3,1095.2899999999995,18.05702319389882,250.0,19.75757837372652,1028.01,212,196,()
yj_m,,False,1789407525239,1.2679875280099882e-07,4.4718564530064965e-08,2.1346999169179454e-09,302301562.04009336,5089349.107273474,2384105169508515.0,839852252682974.9,1.0,1.0,0.010574069550380184,16488,1030.5,1032.3,1086.5074999999995,18.291721477898136,250.0,19.75757837372652,1028.01,212,196,()
yj_m,,False,1789407525343,1.2761509072397031e-07,4.5002436428891396e-08,2.0623222386132913e-09,304247797.5023157,4916793.110270322,2384105169508515.0,839852252682974.9,1.0,1.0,0.010574069550380184,16361,1022.5625,1024.3625,1093.5024999999996,17.671534854816656,250.0,19.75757837372652,1028.01,212,196,()
yj_m,,False,1789407525448,1.268381400846304e-07,4.4723060296145187e-08,1.928557206118532e-09,302395465.46661234,4597883.204800086,2384105169508515.0,839852252682974.9,1.0,1.0,0.010574069550380184,17794,1112.125,1113.925,1086.8449999999996,16.525335007950673,250.0,19.75757837372652,1028.01,212,197,()
yj_m,,False,1789407525553,1.2424879088292477e-07,4.378514300071959e-08,1.1775675712358372e-09,296222184.64916325,2807444.9340289454,2384105169508515.0,839852252682974.9,1.0,1.0,0.010574069550380184,17174,1073.375,1075.175,1064.6574999999996,10.090288505538384,250.0,19.75757837372652,1028.01,212,197,()
yj_m,,False,1789407525657,1.2389809817977546e-07,4.365742890852884e-08,1.009054231708259e-09,295386096.362676,2405691.4101301073,2384105169508515.0,839852252682974.9,1.0,1.0,0.010574069550380184,17818,1113.625,1115.425,1061.6524999999995,8.64633891453487,250.0,19.75757837372652,1028.01,212,197,()
yj_m,,False,1789407525762,1.280045871954381e-07,4.5114405143141245e-08,1.4100193947147506e-09,305176398.0534474,3361634.528046707,2384105169508515.0,839852252682974.9,1.0,1.0,0.010574069550380184,18460,1153.75,1155.55,1096.8399999999995,12.082111327288786,250.0,19.75757837372652,1028.01,212,197,()
yj_m,,False,1789407525867,1.3116140503909502e-07,4.622363444362905e-08,1.3325776860553715e-09,312702583.79370654,3177005.350096307,2384105169508515.0,839852252682974.9,1.0,1.0,0.010574069550380184,18807,1175.4375,1177.2375,1123.8899999999996,11.418532266670704,250.0,19.75757837372652,1028.01,212,197,()
yj_m,,False,1789407525971,1.333408347333757e-07,4.698924446934624e-08,1.2665154187406315e-09,317898573.39442146,3019505.9570817803,2384105169508515.0,839852252682974.9,1.0,1.0,0.010574069550380184,18815,1175.9375,1177.7375,1142.5649999999996,10.852460855722999,250.0,19.75757837372652,1028.01,213,197,()
yj_m,,False,1789407526076,1.3518007500014215e-07,4.763484635834988e-08,1.1857928691419185e-09,322283515.6223875,2827054.9092875803,2384105169508515.0,839852252682974.9,1.0,1.0,0.010574069550380184,19431,1214.4375,1216.2375,1158.3249999999996,10.160769071531938,250.0,19.75757837372652,1028.01,213,197,()
yj_m,,False,1789407526180,1.3633893641188011e-07,4.803296557598666e-08,6.681210545813681e-10,325046363.104856,1592870.8600849162,2384105169508515.0,839852252682974.9,1.0,1.0,0.010574069550380184,17577,1098.5625,1100.3625,1168.2549999999997,5.7249659060120175,250.0,19.75757837372652,1028.01,213,197,()
yj_m,,False,1789407526284,1.3626774754368675e-07,4.800819603138541e-08,6.89746986536259e-10,324876641.3561847,1644429.3562540137,2384105169508515.0,839852252682974.9,1.0,1.0,0.010574069550380184,18840,1177.5,1179.3,1167.6449999999995,5.910273227609701,250.0,19.75757837372652,1028.01,213,197,()
yj_m,,False,1789407526389,1.3676986247057522e-07,4.81861342133167e-08,7.611886393527234e-10,326073736.149067,1814753.7700519797,2384105169508515.0,839852252682974.9,1.0,1.0,0.010574069550380184,19320,1207.5,1209.3,1171.9474999999995,6.522439277218302,250.0,19.75757837372652,1028.01,213,197,()
yj_m,,False,1789407526494,1.3725884830291987e-07,4.835897764305747e-08,7.989475652977563e-10,327239529.79977626,1904775.0205926222,2384105169508515.0,839852252682974.9,1.0,1.0,0.010574069550380184,19204,1200.25,1202.05,1176.1374999999996,6.845986278470035,250.0,19.75757837372652,1028.01,213,198,()
yj_m,,False,1789407526598,1.3761887725107813e-07,4.8485872555436e-08,8.040440345353414e-10,328097876.67625314,1916925.5392481906,2384105169508515.0,839852252682974.9,1.0,1.0,0.010574069550380184,18971,1185.6875,1187.4875,1179.2224999999996,6.889656676859886,250.0,19.75757837372652,1028.01,213,198,()
yj_m,,False,1789407526703,1.3616534060624466e-07,4.7987522212618054e-08,1.3976013012332568e-09,324632492.44723547,3332028.487182032,2384105169508515.0,839852252682974.9,1.0,1.0,0.010574069550380184,16403,1025.1875,1026.9875,1166.7674999999995,11.975703721493781,250.0,19.75757837372652,1028.01,213,198,()
yj_m,,False,1789407526808,1.326251532019071e-07,4.675469451473379e-08,1.799323734306048e-09,316192313.3555254,4289777.0165784145,2384105169508515.0,839852252682974.9,1.0,1.0,0.010574069550380184,16745,1046.5625,1048.3625,1136.4324999999997,15.417964996230854,250.0,19.75757837372652,1028.01,213,198,()
yj_m,,False,1789407526913,1.3086118641052546e-07,4.612919510630968e-08,1.678051093141365e-09,311986831.009351,4000650.285857748,2384105169508515.0,839852252682974.9,1.0,1.0,0.010574069550380184,18939,1183.6875,1185.4875,1121.3174999999997,14.378809395252446,250.0,19.75757837372652,1028.01,213,198,()
yj_m,,False,1789407527017,1.30321142988288e-07,4.593612463176663e-08,1.5951058706326744e-09,310699310.69463575,3802900.1520887404,2384105169508515.0,839852252682974.9,1.0,1.0,0.010574069550380184,18523,1157.6875,1159.4875,1116.6899999999996,13.6680720705226,250.0,19.75757837372652,1028.01,214,198,()
yj_m,,False,1789407527121,1.2964047237560306e-07,4.5691350836135545e-08,1.4404107219761319e-09,309076520.36820096,3434090.6484787916,2384105169508515.0,839852252682974.9,1.0,1.0,0.010574069550380184,18317,1144.8125,1146.6125,1110.8574999999996,12.342527177405769,250.0,19.75757837372652,1028.01,214,198,()
yj_m,,False,1789407527226,1.3269955140432229e-07,4.6763231858262914e-08,1.2595082381221006e-09,316369686.4945055,3002800.1015454642,2384105169508515.0,839852252682974.9,1.0,1.0,0.010574069550380184,19248,1203.0,1204.8,1137.0699999999995,10.79241803883634,250.0,19.75757837372652,1028.01,214,198,()
yj_m,,False,1789407527331,1.3624586571944702e-07,4.800043510791923e-08,6.860223752664659e-10,324824472.7858964,1635549.4912712867,2384105169508515.0,839852252682974.9,1.0,1.0,0.010574069550380184,18893,1180.8125,1182.6125,1167.4574999999995,5.878357944613444,250.0,19.75757837372652,1028.01,214,198,()
yj_m,,False,1789407527435,1.36728432883348e-07,4.8168288647569537e-08,5.157730718907251e-10,325974963.6559878,1229657.246987956,2384105169508515.0,839852252682974.9,1.0,1.0,0.010574069550380184,18474,1154.625,1156.425,1171.5924999999995,4.419533303981314,250.0,19.75757837372652,1028.01,214,198,()
yj_m,,False,1789407527540,1.3643229886196977e-07,4.80645221209546e-08,5.644545087152419e-10,325268949.00475276,1345718.9121803949,2384105169508515.0,839852252682974.9,1.0,1.0,0.010574069550380184,17821,1113.8125,1115.6125,1169.0549999999996,4.83667262950471,250.0,19.75757837372652,1028.01,214,199,()
yj_m,,False,1789407527644,1.3529152642493668e-07,4.766872610808746e-08,9.456136129999297e-10,322549227.54038924,2254442.303110758,2384105169508515.0,839852252682974.9,1.0,1.0,0.010574069550380184,18658,1166.125,1167.925,1159.2799999999995,8.102731769286208,250.0,19.75757837372652,1028.01,214,199,()
yj_m,,False,1789407527749,1.3509721582568758e-07,4.759969466689846e-08,9.151806371438772e-10,322085970.63622916,2181886.8880488076,2384105169508515.0,839852252682974.9,1.0,1.0,0.010574069550380184,19177,1198.5625,1200.3625,1157.6149999999996,7.841959042547978,250.0,19.75757837372652,1028.01,214,199,()
yj_m,,False,1789407527854,1.3566643501357803e-07,4.780241009594965e-08,1.0251844428042904e-09,323443049.0446622,2444147.5297894105,2384105169508515.0,839852252682974.9,1.0,1.0,0.010574069550380184,19466,1216.625,1218.425,1162.4924999999996,8.784554748249908,250.0,19.75757837372652,1028.01,214,199,()
yj_m,,False,1789407527958,1.3585607749032263e-07,4.787078517507873e-08,1.0966907708412679e-09,323895176.6538275,2614626.1361149433,2384105169508515.0,839852252682974.9,1.0,1.0,0.010574069550380184,17998,1124.875,1126.675,1164.1174999999996,9.397274984004671,250.0,19.75757837372652,1028.01,215,199,()
yj_m,,False,1789407528062,1.3608977537320333e-07,4.795002210508111e-08,9.532230830160287e-10,324452336.98450655,2272584.079913356,2384105169508515.0,839852252682974.9,1.0,1.0,0.010574069550380184,18428,1151.75,1153.55,1166.1199999999997,8.1679354567112,250.0,19.75757837372652,1028.01,215,199,()
yj_m,,False,1789407528167,1.363001326435616e-07,4.8021970223471414e-08,8.385007166682359e-10,324953850.84021145,1999073.893245335,2384105169508515.0,839852252682974.9,1.0,1.0,0.010574069550380184,17937,1121.0625,1122.8625,1167.9224999999997,7.184907558556338,250.0,19.75757837372652,1028.01,215,199,()
yj_m,,False,1789407528272,1.3643988456103958e-07,4.807197201128768e-08,8.82013224342527e-10,325287034.1091194,2102812.287729892,2384105169508515.0,839852252682974.9,1.0,1.0,0.010574069550380184,19513,1219.5625,1221.3625,1169.1199999999997,7.557755594420873,250.0,19.75757837372652,1028.01,215,199,()
yj_m,,False,1789407528377,1.3596957121871285e-07,4.790471895995289e-08,7.901622717783649e-10,324165757.6383894,1883829.9568973938,2384105169508515.0,839852252682974.9,1.0,1.0,0.010574069550380184,18712,1169.5,1171.3,1165.0899999999995,6.77070724703114,250.0,19.75757837372652,1028.01,215,199,()
yj_m,,False,1789407528481,1.3481187683760103e-07,4.749951983934995e-08,9.318113966911321e-10,321405692.4796697,2221536.3678582767,2384105169508515.0,839852252682974.9,1.0,1.0,0.010574069550380184,17540,1096.25,1098.05,1155.1699999999996,7.9844639535162285,250.0,19.75757837372652,1028.01,215,200,()
yj_m,,False,1789407528586,1.3388408748983495e-07,4.717561242217927e-08,1.066953463310695e-09,319193745.0994457,2543729.2675040397,2384105169508515.0,839852252682974.9,1.0,1.0,0.010574069550380184,17289,1080.5625,1082.3625,1147.2199999999996,9.142463268999224,250.0,19.75757837372652,1028.01,215,200,()
yj_m,,False,1789407528691,1.333215787280447e-07,4.698087466572569e-08,1.206134497578114e-09,317852665.0525677,2875551.490798539,2384105169508515.0,839852252682974.9,1.0,1.0,0.010574069550380184,19069,1191.8125,1193.6125,1142.3999999999996,10.335071510396046,250.0,19.75757837372652,1028.01,215,200,()
yj_m,,False,1789407528795,1.3302836228323184e-07,4.687587448279552e-08,1.1363950796843643e-09,317153606.21070445,2709285.3840795285,2384105169508515.0,839852252682974.9,1.0,1.0,0.010574069550380184,18780,1173.75,1175.55,1139.8874999999996,9.737491495503347,250.0,19.75757837372652,1028.01,215,200,()
yj_m,,False,1789407528899,1.3179743673033086e-07,4.643889988199931e-08,9.83800599347431e-10,314218950.23675317,2345484.0946697937,2384105169508515.0,839852252682974.9,1.0,1.0,0.010574069550380184,18089,1130.5625,1132.3625,1129.3399999999995,8.429946715430649,250.0,19.75757837372652,1028.01,215,200,()
yj_m,,False,1789407529004,1.3335921546573705e-07,4.6987771355863006e-08,9.258996715074354e-10,317942394.99346364,2207442.193287118,2384105169508515.0,839852252682974.9,1.0,1.0,0.010574069550380184,18588,1161.75,1163.55,1142.7224999999996,7.933807826321482,250.0,19.75757837372652,1028.01,216,200,()
yj_m,,False,1789407529108,1.3468350346872774e-07,4.7450387876112805e-08,7.045552911230988e-10,321099636.8673116,1679733.9117711557,2384105169508515.0,839852252682974.9,1.0,1.0,0.010574069550380184,18314,1144.625,1146.425,1154.0699999999995,6.037161967762667,250.0,19.75757837372652,1028.01,216,200,()
yj_m,,False,1789407529213,1.3521741998017795e-07,4.7635126298876055e-08,4.2386641707462844e-10,322372549.98234624,1010542.116128676,2384105169508515.0,839852252682974.9,1.0,1.0,0.010574069550380184,18702,1168.875,1170.675,1158.6449999999995,3.6320076576185785,250.0,19.75757837372652,1028.01,216,200,()
yj_m,,False,1789407529318,1.3500881325575887e-07,4.7561096275876813e-08,3.5728918746255267e-10,321875209.6122644,851814.9988389728,2384105169508515.0,839852252682974.9,1.0,1.0,0.010574069550380184,19011,1188.1875,1189.9875,1156.8574999999996,3.0615236606957654,250.0,19.75757837372652,1028.01,216,200,()
yj_m,,False,1789407529422,1.365653403533476e-07,4.810990308529771e-08,4.1947344214948054e-10,325586133.9121056,1000068.8019001042,2384105169508515.0,839852252682974.9,1.0,1.0,0.010574069550380184,19180,1198.75,1200.55,1170.1949999999995,3.5943653299296106,250.0,19.75757837372652,1028.01,216,200,()
yj_m,,False,1789407529527,1.373171998342259e-07,4.837501731927305e-08,4.490593446327995e-10,327378645.9872117,1070604.7049551625,2384105169508515.0,839852252682974.9,1.0,1.0,0.010574069550380184,18771,1173.1875,1174.9875,1176.6374999999996,3.847879692116166,250.0,19.75757837372652,1028.01,216,201,()
yj_m,,False,1789407529632,1.3798357432174093e-07,4.86087862687482e-08,3.2828234688090333e-10,328967352.8477248,782659.6402571455,2384105169508515.0,839852252682974.9,1.0,1.0,0.010574069550380184,19081,1192.5625,1194.3625,1182.3474999999996,2.812971138316211,250.0,19.75757837372652,1028.01,216,201,()
yj_m,,False,1789407529736,1.385046534963039e-07,4.8792321105218635e-08,3.2494737391394674e-10,330209660.4015236,774708.7139664579,2384105169508515.0,839852252682974.9,1.0,1.0,0.010574069550380184,18798,1174.875,1176.675,1186.8124999999995,2.784394570638292,250.0,19.75757837372652,1028.01,216,201,()
yj_m,,False,1789407529841,1.372725609127768e-07,4.8366064532526125e-08,9.255459522948958e-10,327272222.1038236,2206598.889483945,2384105169508515.0,839852252682974.9,1.0,1.0,0.010574069550380184,16518,1032.375,1034.175,1176.2549999999997,7.930776892902739,250.0,19.75757837372652,1028.01,216,201,()
yj_m,,False,1789407529945,1.35116180073362e-07,4.7611799963631667e-08,1.163703722033627e-09,322131183.3971456,2774392.0594766717,2384105169508515.0,839852252682974.9,1.0,1.0,0.010574069550380184,18993,1187.0625,1188.8625,1157.7774999999995,9.971492572579091,250.0,19.75757837372652,1028.01,217,201,()
yj_m,,False,1789407530050,1.3511122019320102e-07,4.760994592144513e-08,1.1593038653163553e-09,322119358.5212137,2763902.3383319285,2384105169508515.0,839852252682974.9,1.0,1.0,0.010574069550380184,18857,1178.5625,1180.3625,1157.7349999999997,9.933791276496603,250.0,19.75757837372652,1028.01,217,201,()
yj_m,,False,1789407530154,1.351701552398201e-07,4.763069959971702e-08,1.1592502634217644e-09,322259865.8705235,2763774.5457779407,2384105169508515.0,839852252682974.9,1.0,1.0,0.010574069550380184,18829,1176.8125,1178.6125,1158.2399999999996,9.933331974971944,250.0,19.75757837372652,1028.01,217,201,()
yj_m,,False,1789407530259,1.3247606503942012e-07,4.6687953080433265e-08,1.3804855030975708e-09,315836871.4966277,3291222.624366476,2384105169508515.0,839852252682974.9,1.0,1.0,0.010574069550380184,16415,1025.9375,1027.7375,1135.1549999999995,11.829042633493211,250.0,19.75757837372652,1028.01,217,201,()
yj_m,,False,1789407530363,1.3194389907390904e-07,4.650501301478997e-08,1.5228611533152524e-09,314568131.8672162,3630661.1480625896,2384105169508515.0,839852252682974.9,1.0,1.0,0.010574069550380184,18683,1167.6875,1169.4875,1130.5949999999996,13.049024757620778,250.0,19.75757837372652,1028.01,217,201,()
yj_m,,False,1789407530468,1.3262194386768526e-07,4.674559075497895e-08,1.5786069362769281e-09,316184661.9652164,3763564.9573998232,2384105169508515.0,839852252682974.9,1.0,1.0,0.010574069550380184,19076,1192.25,1194.05,1136.4049999999995,13.526696737378272,250.0,19.75757837372652,1028.01,217,202,()
yj_m,,False,1789407530573,1.32686714067435e-07,4.676871154544825e-08,1.5879738241477809e-09,316339080.9332698,3785896.603194931,2384105169508515.0,839852252682974.9,1.0,1.0,0.010574069550380184,19037,1189.8125,1191.6125,1136.9599999999996,13.60695930856707,250.0,19.75757837372652,1028.01,217,202,()
yj_m,,False,1789407530677,1.31986787449419e-07,4.6520682556702956e-08,1.5401536702180941e-09,314670382.26498127,3671888.3270044737,2384105169508515.0,839852252682974.9,1.0,1.0,0.010574069550380184,17733,1108.3125,1110.1125,1130.9624999999996,13.197200105514806,250.0,19.75757837372652,1028.01,217,202,()
yj_m,,False,1789407530782,1.3439378811579322e-07,4.735377983940491e-08,1.0057318715404695e-09,320408924.99669456,2397770.5540791024,2384105169508515.0,839852252682974.9,1.0,1.0,0.010574069550380184,17829,1114.3125,1116.1125,1151.5874999999996,8.617870422848094,250.0,19.75757837372652,1028.01,217,202,()
yj_m,,False,1789407530887,1.3570290472064425e-07,4.780901416890947e-08,6.740085799907503e-10,323529996.6618094,1606907.3398490427,2384105169508515.0,839852252682974.9,1.0,1.0,0.010574069550380184,18957,1184.8125,1186.6125,1162.8049999999996,5.775414671259545,250.0,19.75757837372652,1028.01,217,202,()
yj_m,,False,1789407530991,1.350467417511078e-07,4.757715049076425e-08,6.196313872524641e-10,321965635.1340975,1477266.3935383302,2384105169508515.0,839852252682974.9,1.0,1.0,0.010574069550380184,18415,1150.9375,1152.7375,1157.1824999999997,5.309469806393101,250.0,19.75757837372652,1028.01,218,202,()
yj_m,,False,1789407531096,1.3476782143146492e-07,4.7478359038567675e-08,5.76432147577775e-10,321300659.7581559,1374274.8629110667,2384105169508515.0,839852252682974.9,1.0,1.0,0.010574069550380184,18918,1182.375,1184.175,1154.7924999999996,4.939306087397298,250.0,19.75757837372652,1028.01,218,202,()
yj_m,,False,1789407531200,1.3535629662468637e-07,4.7684991470727146e-08,5.193937504225995e-10,322703646.50844264,1238289.325392935,2384105169508515.0,839852252682974.9,1.0,1.0,0.010574069550380184,18295,1143.4375,1145.2375,1159.8349999999996,4.450558012766489,250.0,19.75757837372652,1028.01,218,202,()
yj_m,,False,1789407531305,1.3533937468060762e-07,4.7679034487810434e-08,5.197407825683449e-10,322663302.8140864,1239116.6865255923,2384105169508515.0,839852252682974.9,1.0,1.0,0.010574069550380184,18343,1146.4375,1148.2375,1159.6899999999996,4.453531646345404,250.0,19.75757837372652,1028.01,218,202,()
yj_m,,False,1789407531410,1.3482296362854915e-07,4.749648744425513e-08,4.574261973886858e-10,321432124.5552825,1090552.1618629915,2384105169508515.0,839852252682974.9,1.0,1.0,0.010574069550380184,18487,1155.4375,1157.2375,1155.2649999999996,3.919573206995883,250.0,19.75757837372652,1028.01,218,202,()
yj_m,,False,1789407531514,1.3476811318912149e-07,4.747720678344524e-08,4.6162998192972484e-10,321301355.3390931,1100574.4263187856,2384105169508515.0,839852252682974.9,1.0,1.0,0.010574069550380184,18084,1130.25,1132.05,1154.7949999999996,3.955594408556064,250.0,19.75757837372652,1028.01,218,203,()
yj_m,,False,1789407531619,1.3304528422731062e-07,4.687122721203673e-08,5.449670298420329e-10,317193949.90506077,1299258.7130580894,2384105169508515.0,839852252682974.9,1.0,1.0,0.010574069550380184,17451,1090.6875,1092.4875,1140.0324999999996,4.6696891893358385,250.0,19.75757837372652,1028.01,218,203,()
yj_m,,False,1789407531723,1.3295367232316013e-07,4.6838936970907234e-08,5.432312784718515e-10,316975537.490787,1295120.4992434564,2384105169508515.0,839852252682974.9,1.0,1.0,0.010574069550380184,18100,1131.25,1133.05,1139.2474999999995,4.654815960379099,250.0,19.75757837372652,1028.01,218,203,()
yj_m,,False,1789407531828,1.3224411770247863e-07,4.6589826644367007e-08,6.1017269836835e-10,315283884.6515717,1454715.884472944,2384105169508515.0,839852252682974.9,1.0,1.0,0.010574069550380184,17682,1105.125,1106.925,1133.1674999999996,5.228420614774599,250.0,19.75757837372652,1028.01,218,203,()
yj_m,,False,1789407531933,1.3091953794183147e-07,4.612310940798217e-08,5.99035633860043e-10,312125947.1967865,1428163.9514055396,2384105169508515.0,839852252682974.9,1.0,1.0,0.010574069550380184,17558,1097.375,1099.175,1121.8174999999997,5.132989832933628,250.0,19.75757837372652,1028.01,219,203,()
yj_m,,False,1789407532037,1.2987592080442287e-07,4.5754137006263585e-08,4.834668667752291e-10,309637854.1845031,1152635.8563649107,2384105169508515.0,839852252682974.9,1.0,1.0,0.010574069550380184,17776,1111.0,1112.8,1112.8749999999995,4.142709333878011,250.0,19.75757837372652,1028.01,219,203,()
yj_m,,False,1789407532141,1.310657085277531e-07,4.617465505103906e-08,6.035091534874646e-10,312474433.2463123,1438829.2926751734,2384105169508515.0,839852252682974.9,1.0,1.0,0.010574069550380184,18310,1144.375,1146.175,1123.0699999999995,5.1713223284765375,250.0,19.75757837372652,1028.01,219,203,()
yj_m,,False,1789407532246,1.301160373557473e-07,4.5839465164379856e-08,5.497204469851336e-10,310210317.29580003,1310591.3594417917,2384105169508515.0,839852252682974.9,1.0,1.0,0.010574069550380184,17423,1088.9375,1090.7375,1114.9324999999997,4.7104200582325975,250.0,19.75757837372652,1028.01,219,203,()
yj_m,,False,1789407532351,1.3020794101755433e-07,4.58718469865466e-08,5.50480096718765e-10,310429425.2910109,1312402.4442987582,2384105169508515.0,839852252682974.9,1.0,1.0,0.010574069550380184,17860,1116.25,1118.05,1115.7199999999996,4.71692931100308,250.0,19.75757837372652,1028.01,219,203,()
yj_m,,False,1789407532456,1.3025257993900342e-07,4.588759001389805e-08,5.520733218103948e-10,310535849.174399,1316200.8604759004,2384105169508515.0,839852252682974.9,1.0,1.0,0.010574069550380184,17394,1087.125,1088.925,1116.1024999999995,4.73058126713832,250.0,19.75757837372652,1028.01,219,204,()
yj_m,,False,1789407532560,1.3004689079114966e-07,4.581526270248241e-08,5.624208538475646e-10,310045464.61368895,1340870.4650973738,2384105169508515.0,839852252682974.9,1.0,1.0,0.010574069550380184,17574,1098.375,1100.175,1114.3399999999995,4.819246738339924,250.0,19.75757837372652,1028.01,219,204,()
yj_m,,False,1789407532664,1.2942136237554886e-07,4.559383767934797e-08,4.661506898200615e-10,308554139.08438075,1111352.26936997,2384105169508515.0,839852252682974.9,1.0,1.0,0.010574069550380184,18894,1180.875,1182.675,1108.9799999999996,3.9943312487824527,250.0,19.75757837372652,1028.01,219,204,()
yj_m,,False,1789407532769,1.3160575194999053e-07,4.6368639452108286e-08,8.442628899577866e-10,313761953.56102765,2012811.5203725547,2384105169508515.0,839852252682974.9,1.0,1.0,0.010574069550380184,18824,1176.5,1178.3,1127.6974999999995,7.234282212147933,250.0,19.75757837372652,1028.01,219,204,()
yj_m,,False,1789407532874,1.315106389539617e-07,4.6336107095852223e-08,8.957991098104805e-10,313535194.1755078,2135679.2885402874,2384105169508515.0,839852252682974.9,1.0,1.0,0.010574069550380184,17211,1075.6875,1077.4875,1126.8824999999995,7.675883475209873,250.0,19.75757837372652,1028.01,219,204,()
yj_m,,False,1789407532978,1.311199754518677e-07,4.619996157213288e-08,9.676134237950201e-10,312603811.30062735,2306892.165755538,2384105169508515.0,839852252682974.9,1.0,1.0,0.010574069550380184,17571,1098.1875,1099.9875,1123.5349999999996,8.291242767221329,250.0,19.75757837372652,1028.01,220,204,()
yj_m,,False,1789407533083,1.3261902629111998e-07,4.672899477475942e-08,1.0181993410233734e-09,316177706.1558446,2427494.3125239857,2384105169508515.0,839852252682974.9,1.0,1.0,0.010574069550380184,18823,1176.4375,1178.2375,1136.3799999999997,8.724701119522665,250.0,19.75757837372652,1028.01,220,204,()
yj_m,,False,1789407533188,1.3335133800901076e-07,4.698761463117276e-08,1.0503742412652816e-09,317923614.30815977,2504202.658519138,2384105169508515.0,839852252682974.9,1.0,1.0,0.010574069550380184,18956,1184.75,1186.55,1142.6549999999995,9.000399970279098,250.0,19.75757837372652,1028.01,220,204,()
yj_m,,False,1789407533293,1.3348817234992342e-07,4.7036026835553044e-08,1.0602422923239806e-09,318249841.767696,2527729.1300611594,2384105169508515.0,839852252682974.9,1.0,1.0,0.010574069550380184,18950,1184.375,1186.175,1143.8274999999996,9.084956886248829,250.0,19.75757837372652,1028.01,220,204,()
yj_m,,False,1789407533397,1.3411691009974602e-07,4.7256815685416535e-08,1.0312523536443463e-09,319748818.6873132,2458614.0673913113,2384105169508515.0,839852252682974.9,1.0,1.0,0.010574069550380184,16710,1044.375,1046.175,1149.2149999999995,8.83654919213377,250.0,19.75757837372652,1028.01,220,204,()
yj_m,,False,1789407533501,1.3464907606525713e-07,4.744454856062498e-08,1.0454375261527034e-09,321017558.3167247,2492433.0104988567,2384105169508515.0,839852252682974.9,1.0,1.0,0.010574069550380184,18695,1168.4375,1170.2375,1153.7749999999996,8.9580984659134,250.0,19.75757837372652,1028.01,220,205,()
yj_m,,False,1789407533606,1.3322150585185482e-07,4.6944694783534166e-08,1.1690280089505945e-09,317614080.7911159,2787085.719439364,2384105169508515.0,839852252682974.9,1.0,1.0,0.010574069550380184,16637,1039.8125,1041.6125,1141.5424999999996,10.01711508494337,250.0,19.75757837372652,1028.01,220,205,()
yj_m,,False,1789407533711,1.293828503648869e-07,4.560189496153639e-08,1.4795106564210296e-09,308462322.40067333,3527309.004316314,2384105169508515.0,839852252682974.9,1.0,1.0,0.010574069550380184,16385,1024.0625,1025.8625,1108.6499999999996,12.677564952505668,250.0,19.75757837372652,1028.01,220,205,()
yj_m,,False,1789407533815,1.2570145225478867e-07,4.430133374477395e-08,1.3408896589431867e-09,299685482.13536936,3196821.967626962,2384105169508515.0,839852252682974.9,1.0,1.0,0.010574069550380184,16119,1007.4375,1009.2375,1077.1049999999996,11.489755529383558,250.0,19.75757837372652,1028.01,220,205,()
yj_m,,False,1789407533920,1.242111541452324e-07,4.3776108067187615e-08,1.3251403648851492e-09,296132454.7082674,3159273.9942470887,2384105169508515.0,839852252682974.9,1.0,1.0,0.010574069550380184,16828,1051.75,1053.55,1064.3349999999996,11.35480368060144,250.0,19.75757837372652,1028.01,221,205,()
yj_m,,False,1789407534024,1.2422807608931108e-07,4.3781616770581194e-08,1.3101988580031465e-09,296172798.40262365,3123651.870449459,2384105169508515.0,839852252682974.9,1.0,1.0,0.010574069550380184,18812,1175.75,1177.55,1064.4799999999996,11.226773562560172,250.0,19.75757837372652,1028.01,221,205,()
