channel,laser,autolevel,t_ms,tp,tp_err,tp_rms_err,pd_flux_ph_s,pd_flux_err_ph_s,laser_flux_ph_s,laser_flux_err_ph_s,pd_route_tx,laser_route_tx,atten_tx,pd_raw,pd_mv,pd_net_mv,pd_mean_net_mv,pd_mean_net_err_mv,laser_current_ma,atten_db,wavelength_nm,pd_ontime_s,laser_current_ontime_s,flags
yj_m,,False,1789176894561,0.0,nan,0.16603740491886446,0.0,124615.39725501259,750526.0475246944,0.0,1.0,1.0,3.328760294385041e-12,-29,-1.8125,-0.11375000000000002,-0.06875000000000002,0.4478824483053561,250.0,114.77717477469952,1028.01,369,0,()
yj_m,,False,1789176895625,0.0,nan,0.05446009923426628,0.0,123466.12578749054,2267093.294420692,0.0,1.0,1.0,1.0055094246260482e-11,-31,-1.9375,-0.23875000000000002,-0.2612499999999997,0.44375183098213805,250.0,109.97613854411938,1028.01,369,0,()
yj_m,,False,1789176895733,0.0,nan,0.01830868349532834,0.0,123846.12996717339,6764338.353370633,0.0,1.0,1.0,3.0001438328155005e-11,-17,-1.0625,0.63625,-0.2512499999999997,0.44511761086256746,250.0,105.22857923846772,1028.01,369,0,()
yj_m,,False,1789176895842,0.0,nan,0.006149677169648701,0.0,123869.88058112595,20142501.3320174,0.0,1.0,1.0,8.933675104915157e-11,-25,-1.5625,0.13624999999999998,-0.2662499999999997,0.44520297337282017,250.0,100.48969845764812,1028.01,369,0,()
yj_m,,False,1789176895950,0.0,nan,0.002048972421809131,0.0,124359.65917957053,60693671.54769595,0.0,1.0,1.0,2.6919076910754367e-10,-28,-1.75,-0.05125000000000002,-0.21874999999999972,0.4469632954729057,250.0,95.6993983670063,1028.01,370,0,()
yj_m,,False,1789176896058,0.0,nan,0.0006826437039174388,0.0,124837.90504669756,182874176.2800992,0.0,1.0,1.0,8.110901665268793e-10,-42,-2.625,-0.92625,-0.07375000000000002,0.44868216757522245,250.0,90.90930863854923,1028.01,370,0,()
yj_m,,False,1789176896167,0.0,nan,0.0002254784799593029,0.0,124570.19549035623,552470442.0255103,0.0,1.0,1.0,2.4503369034308725e-09,-24,-1.5,0.19874999999999998,-0.02875000000000002,0.4477199878272133,250.0,86.10774199210219,1028.01,370,0,()
yj_m,,False,1789176896275,0.0,nan,7.519570690224112e-05,0.0,124487.20522838377,1655509474.632967,0.0,1.0,1.0,7.34257554992472e-09,-37,-2.3125,-0.61375,-0.09625000000000002,0.44742171102886813,250.0,81.34151576198201,1028.01,370,0,()
yj_m,,False,1789176896384,0.0,nan,2.484380364160939e-05,0.0,123965.30589003378,4989787702.331206,0.0,1.0,1.0,2.2130887043443183e-08,-29,-1.8125,-0.11375000000000002,-0.09625000000000002,0.4455459431977807,250.0,76.55001178465332,1028.01,370,0,()
yj_m,,False,1789176896492,0.0,nan,8.319962157776327e-06,0.0,124155.4688404119,14922600185.671383,0.0,1.0,1.0,6.618525652890326e-08,-25,-1.5625,0.13624999999999998,-0.09875000000000002,0.4462294112897535,250.0,71.7923874350981,1028.01,370,0,()
yj_m,,False,1789176896600,0.0,nan,2.7630892073157936e-06,0.0,123617.29697834823,44738800560.99832,0.0,1.0,1.0,1.9842714775460523e-07,-27,-1.6875,0.011249999999999982,-0.11625000000000002,0.4442951580875038,250.0,67.0239891023903,1028.01,370,1,()
yj_m,,False,1789176896708,0.0,nan,9.246461675337114e-07,0.0,124176.66666601854,134296416322.39958,0.0,1.0,1.0,5.956363270889648e-07,-27,-1.6875,0.011249999999999982,-0.07125000000000002,0.44630559877734005,250.0,62.25018823053554,1028.01,370,1,()
yj_m,,False,1789176896816,1.4749564253045908e-06,8.402913214442249e-07,8.40291321444225e-07,598547.3964411207,340995.96033736755,405806833457.81934,0.0,1.0,1.0,1.799849157613768e-06,362,22.625,24.32375,2.151249999999999,1.225579735268171,250.0,57.44763890875052,1028.01,370,1,()
yj_m,,False,1789176896924,2.342564691772065e-06,7.754503725934259e-07,7.754503725934259e-07,2872401.4800739195,950840.2503395873,1226178081725.0566,0.0,1.0,1.0,5.438389414668898e-06,844,52.75,54.44875,10.323749999999997,3.417432104299952,250.0,52.645296980749606,1028.01,371,1,()
yj_m,,False,1789176897032,2.5517226945036323e-06,7.043641417840103e-07,7.043641417840103e-07,9488071.773567824,2619037.541332131,3718300501071.284,0.0,1.0,1.0,1.6491540981661725e-05,1995,124.6875,126.38625,34.101250000000014,9.413130095111828,250.0,47.82738761665105,1028.01,371,1,()
yj_m,,False,1789176897140,2.8293640413632673e-06,7.562134303725741e-07,7.56213430372574e-07,31663192.05078216,8462725.448977798,11190921913154.004,0.0,1.0,1.0,4.963438197105989e-05,8276,517.25,518.94875,113.80125000000002,30.416034269567422,250.0,43.04217381424828,1028.01,371,1,()
yj_m,,False,1789176897248,2.3791318701521724e-06,5.669855308078371e-07,5.669855308078371e-07,80609135.8571416,19210458.342100717,33881743533613.26,0.0,1.0,1.0,0.0001502735354105322,17854,1115.875,1117.57375,289.71874999999983,69.04465503344557,250.0,38.231174960409206,1028.01,371,1,()
yj_m,,False,1789176897355,5.947968250637675e-06,1.1727750155783294e-06,1.1727750155783294e-06,201527534.81418002,39735662.30045426,33881743533613.26,0.0,1.0,1.0,0.0001502735354105322,32767,2047.9375,2049.63625,724.3137499999998,142.81466101450332,250.0,38.231174960409206,1028.01,371,1,()
yj_m,,False,1789176897462,9.203994083777617e-06,1.29050811353601e-06,1.29050811353601e-06,311847367.031447,43724664.930874154,33881743533613.26,0.0,1.0,1.0,0.0001502735354105322,32767,2047.9375,2049.63625,1120.8162499999996,157.1516073611323,250.0,38.231174960409206,1028.01,371,1,()
yj_m,,False,1789176897568,1.2349652423150433e-05,1.099999139837474e-06,1.099999139837474e-06,418427756.1304485,37269888.74316848,33881743533613.26,0.0,1.0,1.0,0.0001502735354105322,32767,2047.9375,2049.63625,1503.87875,133.952379770527,250.0,38.231174960409206,1028.01,371,2,()
yj_m,,False,1789176897674,4.672585584229042e-05,1.770812283497952e-06,1.770812283497952e-06,522905404.0563629,19817021.98747951,11190921913154.004,0.0,1.0,1.0,4.963438197105989e-05,32767,2047.9375,2049.63625,1879.3837500000009,71.22471637842793,250.0,43.04217381424828,1028.01,371,2,()
yj_m,,False,1789176897782,0.00014741335959277436,3.2047181085519504e-06,3.2047181085519504e-06,548127168.8384143,11916104.948820936,3718300501071.284,0.0,1.0,1.0,1.6491540981661725e-05,21381,1336.3125,1338.01125,1970.0337500000012,42.82788785578271,250.0,47.82738761665105,1028.01,371,2,()
yj_m,,False,1789176897890,0.00038922794432046825,2.415824401836778e-05,2.4158244018367783e-05,477262774.12065893,29622309.30828803,1226178081725.0566,0.0,1.0,1.0,5.438389414668898e-06,8550,534.375,536.07375,1715.3387500000013,106.46607650180174,250.0,52.645296980749606,1028.01,372,2,()
yj_m,,False,1789176897997,0.00029222778344380467,3.463171542464309e-05,3.463171542464309e-05,358323302.9298897,42464650.38623692,1226178081725.0566,0.0,1.0,1.0,5.438389414668898e-06,2016,126.0,127.69875,1287.8562499999998,152.62296634578792,250.0,52.645296980749606,1028.01,372,2,()
yj_m,,False,1789176898104,0.00020513509135072278,3.4765432382208654e-05,3.4765432382208654e-05,251532152.8069235,42628611.188758776,1226178081725.0566,0.0,1.0,1.0,5.438389414668898e-06,2174,135.875,137.57375,904.0362499999999,153.21226082526,250.0,52.645296980749606,1028.01,372,2,()
yj_m,,False,1789176898210,0.00011781265262967921,2.475343188308288e-05,2.475343188308288e-05,144459292.4044005,30352115.622510422,1226178081725.0566,0.0,1.0,1.0,5.438389414668898e-06,1894,118.375,120.07375,519.2037499999999,109.0890865471313,250.0,52.645296980749606,1028.01,372,2,()
yj_m,,False,1789176898316,1.595039475719401e-05,2.381911248417513e-06,2.3819112484175124e-06,59308360.81795927,8856661.788498165,3718300501071.284,0.0,1.0,1.0,1.6491540981661725e-05,1920,120.0,121.69875,213.16125,31.831887977113453,250.0,47.82738761665105,1028.01,372,2,()
yj_m,,False,1789176898424,4.597883610983746e-06,6.19040220450752e-07,6.19040220450752e-07,51454556.45628966,6927630.768166006,11190921913154.004,0.0,1.0,1.0,4.963438197105989e-05,8245,515.3125,517.01125,184.93375,24.898722772212633,250.0,43.04217381424828,1028.01,372,2,()
yj_m,,False,1789176898532,2.7063953035862853e-06,5.376821960896219e-07,5.376821960896219e-07,91697391.57668592,18217610.27049852,33881743533613.26,0.0,1.0,1.0,0.0001502735354105322,20455,1278.4375,1280.13625,329.57124999999974,65.47624186059781,250.0,38.231174960409206,1028.01,372,3,()
yj_m,,False,1789176898640,6.032037240030604e-06,1.150993843635492e-06,1.150993843635492e-06,204375938.7519213,38997678.218825504,33881743533613.26,0.0,1.0,1.0,0.0001502735354105322,32767,2047.9375,2049.63625,734.5512499999998,140.16225910774804,250.0,38.231174960409206,1028.01,372,3,()
yj_m,,False,1789176898746,9.186359099189456e-06,1.2891813581453024e-06,1.2891813581453024e-06,311249863.0064117,43679712.14499436,33881743533613.26,0.0,1.0,1.0,0.0001502735354105322,32767,2047.9375,2049.63625,1118.6687499999998,156.9900417421038,250.0,38.231174960409206,1028.01,372,3,()
yj_m,,False,1789176898852,1.2342364391102939e-05,1.0962177011171833e-06,1.0962177011171833e-06,418180824.89775056,37141767.00625952,33881743533613.26,0.0,1.0,1.0,0.0001502735354105322,32767,2047.9375,2049.63625,1502.9912500000003,133.49189512358976,250.0,38.231174960409206,1028.01,372,3,()
yj_m,,False,1789176898959,4.671298958738192e-05,1.7523040395070185e-06,1.7523040395070183e-06,522761418.8023671,19609897.67422737,11190921913154.004,0.0,1.0,1.0,4.963438197105989e-05,32767,2047.9375,2049.63625,1878.8662500000005,70.48028714603464,250.0,43.04217381424828,1028.01,373,3,()
yj_m,,False,1789176899066,0.00014805238930022086,2.9194201500397762e-06,2.9194201500397762e-06,550503273.319812,10855281.406730503,3718300501071.284,0.0,1.0,1.0,1.6491540981661725e-05,22216,1388.5,1390.19875,1978.573750000001,39.01516281764694,250.0,47.82738761665105,1028.01,373,3,()
yj_m,,False,1789176899174,0.0003796024115223112,2.5429248934282902e-05,2.5429248934282902e-05,465460156.7786331,31180787.67794795,1226178081725.0566,0.0,1.0,1.0,5.438389414668898e-06,8199,512.4375,514.13625,1672.9187500000003,112.06743173726922,250.0,52.645296980749606,1028.01,373,3,()
yj_m,,False,1789176899282,0.0002976225746337193,3.42128307497064e-05,3.42128307497064e-05,364938277.6424464,41951023.17905903,1226178081725.0566,0.0,1.0,1.0,5.438389414668898e-06,1965,122.8125,124.51125,1311.6312499999997,150.7769295306397,250.0,52.645296980749606,1028.01,373,3,()
yj_m,,False,1789176899388,0.00021049074052254018,3.489908183092818e-05,3.4899081830928175e-05,258099132.43481496,42792489.21341329,1226178081725.0566,0.0,1.0,1.0,5.438389414668898e-06,2112,132.0,133.69875,927.6387499999997,153.80125779130515,250.0,52.645296980749606,1028.01,373,3,()
yj_m,,False,1789176899494,0.0001059656684856017,2.1747715542095204e-05,2.17477155420952e-05,129932780.11238839,26666572.125308495,1226178081725.0566,0.0,1.0,1.0,5.438389414668898e-06,2068,129.25,130.94875,466.9937499999997,95.84280814796432,250.0,52.645296980749606,1028.01,373,3,()
yj_m,,False,1789176899601,1.6659575559573916e-05,2.5749075363699322e-06,2.5749075363699322e-06,61945308.15079861,9574279.982696544,3718300501071.284,0.0,1.0,1.0,1.6491540981661725e-05,2166,135.375,137.07375,222.63874999999985,34.41109248029623,250.0,47.82738761665105,1028.01,373,4,()
yj_m,,False,1789176899709,4.5381518671815005e-06,5.792523881603948e-07,5.792523881603948e-07,50786103.17566221,6482368.243910951,11190921913154.004,0.0,1.0,1.0,4.963438197105989e-05,8699,543.6875,545.38625,182.53124999999997,23.29839669778803,250.0,43.04217381424828,1028.01,373,4,()
yj_m,,False,1789176899817,3.0390990989713466e-06,6.20038218952512e-07,6.200382189525119e-07,102969976.24458231,21007975.915587354,33881743533613.26,0.0,1.0,1.0,0.0001502735354105322,21677,1354.8125,1356.51125,370.08624999999984,75.5051453855133,250.0,38.231174960409206,1028.01,373,4,()
yj_m,,False,1789176899925,5.985907076620126e-06,1.1600633441471785e-06,1.1600633441471785e-06,202812968.3860838,39304968.70914044,33881743533613.26,0.0,1.0,1.0,0.0001502735354105322,32767,2047.9375,2049.63625,728.9337499999998,141.26669740489973,250.0,38.231174960409206,1028.01,374,4,()
yj_m,,False,1789176900031,9.143452093614063e-06,1.3009606653752365e-06,1.3009606653752365e-06,309796098.8477109,44078815.611562625,33881743533613.26,0.0,1.0,1.0,0.0001502735354105322,32767,2047.9375,2049.63625,1113.4437499999997,158.42446671422786,250.0,38.231174960409206,1028.01,374,4,()
yj_m,,False,1789176900138,1.2894674042296584e-05,1.0444102529068454e-06,1.0444102529068454e-06,436894038.8506331,35386440.3328659,33881743533613.26,0.0,1.0,1.0,0.0001502735354105322,32767,2047.9375,2049.63625,1570.2487500000002,127.18304384699833,250.0,38.231174960409206,1028.01,374,4,()
yj_m,,False,1789176900244,4.676128466015441e-05,1.742529309124108e-06,1.742529309124108e-06,523301885.19055414,19500509.429790087,11190921913154.004,0.0,1.0,1.0,4.963438197105989e-05,32767,2047.9375,2049.63625,1880.808750000001,70.08713288248778,250.0,43.04217381424828,1028.01,374,4,()
yj_m,,False,1789176900352,0.0001490077536784204,2.638907117708357e-06,2.6389071177083564e-06,554055605.165977,9812249.65805556,3718300501071.284,0.0,1.0,1.0,1.6491540981661725e-05,21762,1360.125,1361.82375,1991.341250000001,35.266383585328114,250.0,47.82738761665105,1028.01,374,4,()
yj_m,,False,1789176900460,0.0003841258673528454,2.525779058979119e-05,2.525779058979119e-05,471006719.1716855,30970549.214003347,1226178081725.0566,0.0,1.0,1.0,5.438389414668898e-06,8203,512.6875,514.38625,1692.8537500000007,111.31180987966864,250.0,52.645296980749606,1028.01,374,4,()
yj_m,,False,1789176900568,0.00030328625446969266,3.419583283368519e-05,3.419583283368519e-05,371882957.7192251,41930180.70699881,1226178081725.0566,0.0,1.0,1.0,5.438389414668898e-06,2220,138.75,140.44875,1336.5912499999997,150.70201922564775,250.0,52.645296980749606,1028.01,374,5,()
yj_m,,False,1789176900674,0.00019901872556632116,3.459517308073337e-05,3.459517308073337e-05,244032399.14227715,42419842.96507996,1226178081725.0566,0.0,1.0,1.0,5.438389414668898e-06,2093,130.8125,132.51125,877.0812499999998,152.46192318473328,250.0,52.645296980749606,1028.01,374,5,()
yj_m,,False,1789176900780,0.00011167586492279214,2.3628970084150855e-05,2.3628970084150855e-05,136934497.8260158,28973325.210922845,1226178081725.0566,0.0,1.0,1.0,5.438389414668898e-06,2083,130.1875,131.88625,492.15874999999994,104.13355104474013,250.0,52.645296980749606,1028.01,374,5,()
yj_m,,False,1789176900886,1.6916796240996336e-05,2.553695508545689e-06,2.5536955085456896e-06,62901731.9394175,9495407.289008925,3718300501071.284,0.0,1.0,1.0,1.6491540981661725e-05,2116,132.25,133.94875,226.07624999999993,34.12761470843663,250.0,47.82738761665105,1028.01,375,5,()
yj_m,,False,1789176900994,4.809710648317824e-06,6.641553561304866e-07,6.641553561304865e-07,53825096.290190086,7432510.728659263,11190921913154.004,0.0,1.0,1.0,4.963438197105989e-05,8887,555.4375,557.13625,193.45374999999993,26.71332095018326,250.0,43.04217381424828,1028.01,375,5,()
yj_m,,False,1789176901102,2.959895640832657e-06,6.015245503920532e-07,6.015245503920532e-07,100286424.98895197,20380700.545555573,33881743533613.26,0.0,1.0,1.0,0.0001502735354105322,21418,1338.625,1340.32375,360.4412499999997,73.250643657155,250.0,38.231174960409206,1028.01,375,5,()
yj_m,,False,1789176901209,5.8853322343647e-06,1.1529497305103456e-06,1.1529497305103456e-06,199405317.37485188,39063947.076300055,33881743533613.26,0.0,1.0,1.0,0.0001502735354105322,32767,2047.9375,2049.63625,716.6862499999997,140.40043720440298,250.0,38.231174960409206,1028.01,375,5,()
yj_m,,False,1789176901316,9.677654577861543e-06,1.2953435529020438e-06,1.295343552902044e-06,327895810.41400313,43888498.04734646,33881743533613.26,0.0,1.0,1.0,0.0001502735354105322,32767,2047.9375,2049.63625,1178.4962499999997,157.74044292186923,250.0,38.231174960409206,1028.01,375,5,()
yj_m,,False,1789176901422,1.2807730899420142e-05,1.0571837546173e-06,1.0571837546173e-06,433948253.58168715,35819228.84184569,33881743533613.26,0.0,1.0,1.0,0.0001502735354105322,32767,2047.9375,2049.63625,1559.6612500000003,128.73853683799382,250.0,38.231174960409206,1028.01,375,5,()
yj_m,,False,1789176901528,4.651993360793368e-05,1.8383357095560001e-06,1.838335709556e-06,520600944.4114944,20572671.375803754,11190921913154.004,0.0,1.0,1.0,4.963438197105989e-05,32767,2047.9375,2049.63625,1871.1012500000006,73.94060948279704,250.0,43.04217381424828,1028.01,375,6,()
yj_m,,False,1789176901636,0.00014767712770972387,2.762270941316244e-06,2.7622709413162446e-06,549107937.9598343,10270953.42519084,3718300501071.284,0.0,1.0,1.0,1.6491540981661725e-05,22916,1432.25,1433.94875,1973.5587500000008,36.91501907337312,250.0,47.82738761665105,1028.01,375,6,()
yj_m,,False,1789176901744,0.0003907391665843937,2.3460457462274708e-05,2.3460457462274708e-05,479115801.73729926,28766698.727484293,1226178081725.0566,0.0,1.0,1.0,5.438389414668898e-06,9075,567.1875,568.88625,1721.9987500000007,103.39091107146459,250.0,52.645296980749606,1028.01,375,6,()
yj_m,,False,1789176901852,0.00031117535658095895,3.320389481129945e-05,3.320389481129945e-05,381556401.8125507,40713888.045519724,1226178081725.0566,0.0,1.0,1.0,5.438389414668898e-06,1967,122.9375,124.63625,1371.3587499999996,146.33051981964493,250.0,52.645296980749606,1028.01,375,6,()
yj_m,,False,1789176901958,0.00020664234268527612,3.4634326451260624e-05,3.4634326451260624e-05,253380311.35700366,42467851.96984614,1226178081725.0566,0.0,1.0,1.0,5.438389414668898e-06,2104,131.5,133.19875,910.6787499999997,152.6344732152193,250.0,52.645296980749606,1028.01,376,6,()
yj_m,,False,1789176902065,0.00011968863312022044,2.4728500253423e-05,2.4728500253423e-05,146759578.563646,30321545.00467979,1226178081725.0566,0.0,1.0,1.0,5.438389414668898e-06,2155,134.6875,136.38625,527.4712499999997,108.9792121378545,250.0,52.645296980749606,1028.01,376,6,()
yj_m,,False,1789176902171,1.8324869018499274e-05,3.1039845901922943e-06,3.1039845901922943e-06,68137369.6535515,11541547.457029553,3718300501071.284,0.0,1.0,1.0,1.6491540981661725e-05,2085,130.3125,132.01125,244.89374999999984,41.48168401460457,250.0,47.82738761665105,1028.01,376,6,()
yj_m,,False,1789176902279,4.554996094622091e-06,5.701460446274891e-07,5.701460446274892e-07,50974605.60963727,6380459.864519849,11190921913154.004,0.0,1.0,1.0,4.963438197105989e-05,7856,491.0,492.69875,183.20874999999995,22.93212595219859,250.0,43.04217381424828,1028.01,376,6,()
yj_m,,False,1789176902386,2.911876747990153e-06,6.116134520054504e-07,6.116134520054504e-07,98659461.17689419,20722530.122556556,33881743533613.26,0.0,1.0,1.0,0.0001502735354105322,21968,1373.0,1374.69875,354.59374999999994,74.47921950911879,250.0,38.231174960409206,1028.01,376,6,()
yj_m,,False,1789176902494,6.417687048515632e-06,1.2053252568338233e-06,1.2053252568338233e-06,217442426.6567981,40838521.22663014,33881743533613.26,0.0,1.0,1.0,0.0001502735354105322,32767,2047.9375,2049.63625,781.5137499999997,146.7784661852259,250.0,38.231174960409206,1028.01,376,6,()
yj_m,,False,1789176902601,9.572830094384058e-06,1.3008081931612353e-06,1.3008081931612351e-06,324344174.14877546,44073649.58711183,33881743533613.26,0.0,1.0,1.0,0.0001502735354105322,32767,2047.9375,2049.63625,1165.7312499999998,158.40589941251397,250.0,38.231174960409206,1028.01,376,7,()
yj_m,,False,1789176902707,1.2722430129962846e-05,1.067748059537308e-06,1.0677480595373083e-06,431058114.7877152,36177165.9117563,33881743533613.26,0.0,1.0,1.0,0.0001502735354105322,32767,2047.9375,2049.63625,1549.2737500000005,130.02500492092858,250.0,38.231174960409206,1028.01,376,7,()
yj_m,,False,1789176902813,4.641967626896071e-05,1.8188533010107736e-06,1.8188533010107734e-06,519478972.3598273,20354645.26309396,11190921913154.004,0.0,1.0,1.0,4.963438197105989e-05,32767,2047.9375,2049.63625,1867.0687500000008,73.15699789621974,250.0,43.04217381424828,1028.01,376,7,()
yj_m,,False,1789176902921,0.0001475798515247496,3.0120755579590506e-06,3.0120755579590506e-06,548746235.8725021,11199802.056423705,3718300501071.284,0.0,1.0,1.0,1.6491540981661725e-05,22254,1390.875,1392.57375,1972.2587500000009,40.25341070254172,250.0,47.82738761665105,1028.01,377,7,()
yj_m,,False,1789176903028,0.00039212275183278506,2.314526369614353e-05,2.3145263696143527e-05,480812323.6430748,28380215.039957866,1226178081725.0566,0.0,1.0,1.0,5.438389414668898e-06,9333,583.3125,585.01125,1728.0962500000005,102.00184307495377,250.0,52.645296980749606,1028.01,377,7,()
yj_m,,False,1789176903136,0.00029583906006998723,3.4110907955942477e-05,3.4110907955942477e-05,362751371.1759607,41826047.68331752,1226178081725.0566,0.0,1.0,1.0,5.438389414668898e-06,1876,117.25,118.94875,1303.7712499999998,150.32775284586504,250.0,52.645296980749606,1028.01,377,7,()
yj_m,,False,1789176903243,0.0002086930440681932,3.4623020910333154e-05,3.462302091033315e-05,255894836.44489983,42453989.363358825,1226178081725.0566,0.0,1.0,1.0,5.438389414668898e-06,2127,132.9375,134.63625,919.7162499999997,152.584649371054,250.0,52.645296980749606,1028.01,377,7,()
yj_m,,False,1789176903349,0.00012192993911300198,2.4971841532714124e-05,2.4971841532714127e-05,149507818.84643373,30619924.747725505,1226178081725.0566,0.0,1.0,1.0,5.438389414668898e-06,2216,138.5,140.19875,537.3487499999997,110.05162415742666,250.0,52.645296980749606,1028.01,377,7,()
yj_m,,False,1789176903455,1.6815030385946296e-05,2.674672562585166e-06,2.6746725625851666e-06,62523335.909592986,9945236.32966204,3718300501071.284,0.0,1.0,1.0,1.6491540981661725e-05,2153,134.5625,136.26125,224.71624999999983,35.744353381862986,250.0,47.82738761665105,1028.01,377,7,()
yj_m,,False,1789176903563,4.564381623565004e-06,5.613847696692039e-07,5.613847696692039e-07,51079638.33115105,6282413.120602008,11190921913154.004,0.0,1.0,1.0,4.963438197105989e-05,7980,498.75,500.44875,183.58624999999995,22.579734380357536,250.0,43.04217381424828,1028.01,377,8,()
yj_m,,False,1789176903671,2.811096609057334e-06,5.736219469189948e-07,5.736219469189948e-07,95244854.35629049,19435311.6907613,33881743533613.26,0.0,1.0,1.0,0.0001502735354105322,21198,1324.875,1326.57375,342.3212499999998,69.85280451197004,250.0,38.231174960409206,1028.01,377,8,()
yj_m,,False,1789176903779,6.233104805870497e-06,1.1767432149255393e-06,1.176743214925539e-06,211188458.45063645,39870111.81302667,33881743533613.26,0.0,1.0,1.0,0.0001502735354105322,32767,2047.9375,2049.63625,759.0362499999999,143.29788843415488,250.0,38.231174960409206,1028.01,377,8,()
yj_m,,False,1789176903885,9.375437339069525e-06,1.2958157847196036e-06,1.2958157847196036e-06,317656163.4378152,43904498.08467743,33881743533613.26,0.0,1.0,1.0,0.0001502735354105322,32767,2047.9375,2049.63625,1141.69375,157.79794894480563,250.0,38.231174960409206,1028.01,378,8,()
yj_m,,False,1789176903992,1.253031349925734e-05,1.0826353357911205e-06,1.0826353357911205e-06,424548868.3776093,36681572.78770202,33881743533613.26,0.0,1.0,1.0,0.0001502735354105322,32767,2047.9375,2049.63625,1525.87875,131.8379027771888,250.0,38.231174960409206,1028.01,378,8,()
yj_m,,False,1789176904098,4.726300644576494e-05,1.552526321168476e-06,1.552526321168476e-06,528916614.5154498,17374200.82831267,11190921913154.004,0.0,1.0,1.0,4.963438197105989e-05,32767,2047.9375,2049.63625,1900.988750000001,62.444928762770644,250.0,43.04217381424828,1028.01,378,8,()
yj_m,,False,1789176904206,0.0001497023430530541,2.1205400585411703e-06,2.1205400585411707e-06,556638297.1857164,7884805.162215365,3718300501071.284,0.0,1.0,1.0,1.6491540981661725e-05,24050,1503.125,1504.82375,2000.6237500000009,28.338920536737106,250.0,47.82738761665105,1028.01,378,8,()
yj_m,,False,1789176904314,0.00038592696746093995,2.4997312220425635e-05,2.499731222042564e-05,473215188.6472237,30651156.346723825,1226178081725.0566,0.0,1.0,1.0,5.438389414668898e-06,9216,576.0,577.69875,1700.7912500000007,110.16387421104753,250.0,52.645296980749606,1028.01,378,8,()
yj_m,,False,1789176904422,0.00030393181413048385,3.450910643695869e-05,3.4509106436958684e-05,372674528.8257331,42314309.93291581,1226178081725.0566,0.0,1.0,1.0,5.438389414668898e-06,2188,136.75,138.44875,1339.4362500000002,152.08262500919525,250.0,52.645296980749606,1028.01,378,8,()
yj_m,,False,1789176904528,0.00021702802482039248,3.5761257523312244e-05,3.576125752331225e-05,266115007.15484685,43849670.150010765,1226178081725.0566,0.0,1.0,1.0,5.438389414668898e-06,2141,133.8125,135.51125,956.4487499999997,157.60089087529772,250.0,52.645296980749606,1028.01,378,9,()
yj_m,,False,1789176904634,0.00011213365635184162,2.4310949429792678e-05,2.4310949429792678e-05,137495831.64231786,29809553.336738046,1226178081725.0566,0.0,1.0,1.0,5.438389414668898e-06,1793,112.0625,113.76125,494.17624999999975,107.13905364379272,250.0,52.645296980749606,1028.01,378,9,()
yj_m,,False,1789176904740,1.6483356009101252e-05,2.6358763687656334e-06,2.635876368765633e-06,61290070.90797755,9800980.42274321,3718300501071.284,0.0,1.0,1.0,1.6491540981661725e-05,1853,115.8125,117.51125,220.28374999999994,35.22588062330734,250.0,47.82738761665105,1028.01,378,9,()
yj_m,,False,1789176904848,4.40389529422328e-06,5.729769220191327e-07,5.729769220191327e-07,49283648.3513591,6412139.9923554445,11190921913154.004,0.0,1.0,1.0,4.963438197105989e-05,8624,539.0,540.69875,177.13124999999997,23.045988071408438,250.0,43.04217381424828,1028.01,378,9,()
yj_m,,False,1789176904956,3.0206429276736054e-06,6.16339724119663e-07,6.16339724119663e-07,102344648.9820598,20882664.462200373,33881743533613.26,0.0,1.0,1.0,0.0001502735354105322,19748,1234.25,1235.94875,367.8387499999997,75.05476122930176,250.0,38.231174960409206,1028.01,379,9,()
yj_m,,False,1789176905064,5.963468149780937e-06,1.1602057829028811e-06,1.160205782902881e-06,202052698.4217489,39309794.7825304,33881743533613.26,0.0,1.0,1.0,0.0001502735354105322,32767,2047.9375,2049.63625,726.2012499999997,141.28404288237044,250.0,38.231174960409206,1028.01,379,9,()
yj_m,,False,1789176905170,9.136656773592316e-06,1.2993621733201366e-06,1.2993621733201366e-06,309565861.55750525,44024655.91371121,33881743533613.26,0.0,1.0,1.0,0.0001502735354105322,32767,2047.9375,2049.63625,1112.6162499999998,158.22981036671786,250.0,38.231174960409206,1028.01,379,9,()
yj_m,,False,1789176905276,1.2911323602833261e-05,1.0325697944731873e-06,1.0325697944731873e-06,437458154.99068415,34985264.95689629,33881743533613.26,0.0,1.0,1.0,0.0001502735354105322,32767,2047.9375,2049.63625,1572.2762500000008,125.74117218790154,250.0,38.231174960409206,1028.01,379,9,()
yj_m,,False,1789176905383,4.670733340768786e-05,1.7472904464765035e-06,1.7472904464765033e-06,522698120.9370842,19553790.946118545,11190921913154.004,0.0,1.0,1.0,4.963438197105989e-05,32767,2047.9375,2049.63625,1878.638750000001,70.27863294193689,250.0,43.04217381424828,1028.01,379,9,()
yj_m,,False,1789176905490,0.0001500504795535102,2.0331782369684802e-06,2.0331782369684806e-06,557932773.3098035,7559967.657287131,3718300501071.284,0.0,1.0,1.0,1.6491540981661725e-05,24098,1506.125,1507.82375,2005.2762500000008,27.17141619767912,250.0,47.82738761665105,1028.01,379,9,()
yj_m,,False,1789176905598,0.0003877989770221089,2.477780428498568e-05,2.477780428498568e-05,475510605.7399088,30382000.52752263,1226178081725.0566,0.0,1.0,1.0,5.438389414668898e-06,8760,547.5,549.19875,1709.0412500000002,109.19649642359184,250.0,52.645296980749606,1028.01,379,10,()
yj_m,,False,1789176905706,0.00030624743323008744,3.4380361113598855e-05,3.4380361113598855e-05,375513890.21129096,42156445.23928738,1226178081725.0566,0.0,1.0,1.0,5.438389414668898e-06,2171,135.6875,137.38625,1349.6412499999997,151.5152406647183,250.0,52.645296980749606,1028.01,379,10,()
yj_m,,False,1789176905812,0.00021913488649014462,3.5906474059294103e-05,3.5906474059294103e-05,268698394.75552356,44027731.48353575,1226178081725.0566,0.0,1.0,1.0,5.438389414668898e-06,2148,134.25,135.94875,965.7337499999998,158.24086432773143,250.0,52.645296980749606,1028.01,379,10,()
yj_m,,False,1789176905918,0.00011497684178232022,2.478038067803239e-05,2.478038067803239e-05,140982083.29945076,30385159.644206416,1226178081725.0566,0.0,1.0,1.0,5.438389414668898e-06,2183,136.4375,138.13625,506.7062499999996,109.20785066188007,250.0,52.645296980749606,1028.01,380,10,()
yj_m,,False,1789176906025,1.7170649669861944e-05,2.597461458926581e-06,2.597461458926581e-06,63845635.271167144,9658142.244240055,3718300501071.284,0.0,1.0,1.0,1.6491540981661725e-05,1949,121.8125,123.51125,229.46874999999977,34.7125033480373,250.0,47.82738761665105,1028.01,380,10,()
yj_m,,False,1789176906132,4.7019946108471776e-06,6.027966206745733e-07,6.027966206745734e-07,52619654.52606171,6745849.911482265,11190921913154.004,0.0,1.0,1.0,4.963438197105989e-05,8369,523.0625,524.76125,189.12124999999992,24.245380914464924,250.0,43.04217381424828,1028.01,380,10,()
yj_m,,False,1789176906241,3.0052046175335615e-06,5.945489221959742e-07,5.945489221959742e-07,101821572.11730246,20144354.100030184,33881743533613.26,0.0,1.0,1.0,0.0001502735354105322,21270,1329.375,1331.07375,365.95874999999984,72.40118663176384,250.0,38.231174960409206,1028.01,380,10,()
yj_m,,False,1789176906348,5.9322835844847575e-06,1.1461540375828694e-06,1.1461540375828694e-06,200996110.97817653,38833697.151398115,33881743533613.26,0.0,1.0,1.0,0.0001502735354105322,32767,2047.9375,2049.63625,722.4037499999998,139.57289179381326,250.0,38.231174960409206,1028.01,380,10,()
yj_m,,False,1789176906454,9.699970326694294e-06,1.2903784490805145e-06,1.2903784490805147e-06,328651906.8927149,43720271.67304764,33881743533613.26,0.0,1.0,1.0,0.0001502735354105322,32767,2047.9375,2049.63625,1181.2137499999997,157.13581747388946,250.0,38.231174960409206,1028.01,380,10,()
yj_m,,False,1789176906561,1.282926652087879e-05,1.0486253772391482e-06,1.0486253772391484e-06,434677917.9847861,35529256.09445528,33881743533613.26,0.0,1.0,1.0,0.0001502735354105322,32767,2047.9375,2049.63625,1562.2837500000003,127.69634055323397,250.0,38.231174960409206,1028.01,380,11,()
yj_m,,False,1789176906667,4.648910432080994e-05,1.8574267390440657e-06,1.8574267390440657e-06,520255936.26665443,20786317.596046418,11190921913154.004,0.0,1.0,1.0,4.963438197105989e-05,32767,2047.9375,2049.63625,1869.8612500000006,74.70847921881092,250.0,43.04217381424828,1028.01,380,11,()
yj_m,,False,1789176906775,0.00014868898710304303,2.5380267885137685e-06,2.5380267885137685e-06,552870335.2490267,9437146.279463088,3718300501071.284,0.0,1.0,1.0,1.6491540981661725e-05,23155,1447.1875,1448.88625,1987.081250000001,33.91821776254613,250.0,47.82738761665105,1028.01,380,11,()
yj_m,,False,1789176906882,0.00039183968129611143,2.406743439902863e-05,2.406743439902863e-05,480465228.7554235,29510960.54344457,1226178081725.0566,0.0,1.0,1.0,5.438389414668898e-06,9242,577.625,579.32375,1726.8487500000012,106.06587589648001,250.0,52.645296980749606,1028.01,381,11,()
yj_m,,False,1789176906990,0.0003114470816051409,3.397353966914598e-05,3.397353966914599e-05,381889585.08145887,41657609.70092354,1226178081725.0566,0.0,1.0,1.0,5.438389414668898e-06,1887,117.9375,119.63625,1372.55625,149.7223668534114,250.0,52.645296980749606,1028.01,381,11,()
yj_m,,False,1789176907096,0.00020611477635440128,3.55657954281348e-05,3.55657954281348e-05,252733421.08542883,43609998.81309612,1226178081725.0566,0.0,1.0,1.0,5.438389414668898e-06,1799,112.4375,114.13625,908.3537499999999,156.73948379775754,250.0,52.645296980749606,1028.01,381,11,()
yj_m,,False,1789176907203,0.00011848544152045087,2.604060094662221e-05,2.6040600946622205e-05,145284251.39589283,31930414.11569691,1226178081725.0566,0.0,1.0,1.0,5.438389414668898e-06,2080,130.0,131.69875,522.1687499999998,114.76167764627483,250.0,52.645296980749606,1028.01,381,11,()
yj_m,,False,1789176907309,1.7379793467556695e-05,2.934597300896565e-06,2.934597300896565e-06,64623294.75893149,10911714.614366136,3718300501071.284,0.0,1.0,1.0,1.6491540981661725e-05,2038,127.375,129.07375,232.26375,39.217990427704216,250.0,47.82738761665105,1028.01,381,11,()
yj_m,,False,1789176907417,4.6525807333000585e-06,6.905986088693664e-07,6.905986088693663e-07,52066667.681005746,7728435.105189863,11190921913154.004,0.0,1.0,1.0,4.963438197105989e-05,9040,565.0,566.69875,187.13375,27.776908092649553,250.0,43.04217381424828,1028.01,381,11,()
yj_m,,False,1789176907525,2.9765041420338493e-06,6.152086085740814e-07,6.152086085740815e-07,100849149.96712847,20844340.295378096,33881743533613.26,0.0,1.0,1.0,0.0001502735354105322,21597,1349.8125,1351.51125,362.46374999999966,74.91701964965974,250.0,38.231174960409206,1028.01,381,12,()
yj_m,,False,1789176907632,5.921094915566772e-06,1.1496169100708932e-06,1.1496169100708932e-06,200617019.36741483,38951025.30892694,33881743533613.26,0.0,1.0,1.0,0.0001502735354105322,32767,2047.9375,2049.63625,721.0412499999998,139.9945830423002,250.0,38.231174960409206,1028.01,381,12,()
yj_m,,False,1789176907739,9.714053678763537e-06,1.2879854418576535e-06,1.2879854418576535e-06,329129075.4156186,43639192.41604857,33881743533613.26,0.0,1.0,1.0,0.0001502735354105322,32767,2047.9375,2049.63625,1182.9287499999998,156.84440905300866,250.0,38.231174960409206,1028.01,381,12,()
yj_m,,False,1789176907845,1.285285510911139e-05,1.0399192576975779e-06,1.0399192576975779e-06,435477140.481603,35234277.58497481,33881743533613.26,0.0,1.0,1.0,0.0001502735354105322,32767,2047.9375,2049.63625,1565.1562500000007,126.63615296860335,250.0,38.231174960409206,1028.01,381,12,()
yj_m,,False,1789176907951,4.65422475476059e-05,1.807851058328605e-06,1.807851058328605e-06,520850657.96794105,20231520.02436824,11190921913154.004,0.0,1.0,1.0,4.963438197105989e-05,32767,2047.9375,2049.63625,1871.9987500000007,72.71447125357857,250.0,43.04217381424828,1028.01,382,12,()
yj_m,,False,1789176908059,0.00014733067483554618,3.170798412949821e-06,3.1707984129498216e-06,547819722.0641818,11789981.327667354,3718300501071.284,0.0,1.0,1.0,1.6491540981661725e-05,20474,1279.625,1281.32375,1968.928750000001,42.37458467274341,250.0,47.82738761665105,1028.01,382,12,()
yj_m,,False,1789176908166,0.00038894544105941883,2.3941018771271585e-05,2.3941018771271585e-05,476916374.8139443,29355952.471501365,1226178081725.0566,0.0,1.0,1.0,5.438389414668898e-06,9121,570.0625,571.76125,1714.0937500000002,105.50875858755754,250.0,52.645296980749606,1028.01,382,12,()
yj_m,,False,1789176908274,0.0002923066347556235,3.441296538232438e-05,3.441296538232439e-05,358419988.6801572,42196423.8789693,1226178081725.0566,0.0,1.0,1.0,5.438389414668898e-06,1829,114.3125,116.01125,1288.2037499999997,151.65892861512472,250.0,52.645296980749606,1028.01,382,12,()
yj_m,,False,1789176908381,0.00020473346020850828,3.465335241735188e-05,3.465335241735188e-05,251039681.5034019,42491181.19245088,1226178081725.0566,0.0,1.0,1.0,5.438389414668898e-06,1945,121.5625,123.26125,902.2662499999997,152.71832119522367,250.0,52.645296980749606,1028.01,382,12,()
yj_m,,False,1789176908487,0.00011773890679848158,2.449134595353263e-05,2.449134595353263e-05,144368866.88256738,30030751.600167368,1226178081725.0566,0.0,1.0,1.0,5.438389414668898e-06,2081,130.0625,131.76125,518.8787499999997,107.93406631452137,250.0,52.645296980749606,1028.01,382,12,()
yj_m,,False,1789176908593,1.8446838388890117e-05,3.1820271769157405e-06,3.1820271769157405e-06,68590888.42459112,11831733.246348241,3718300501071.284,0.0,1.0,1.0,1.6491540981661725e-05,2126,132.875,134.57375,246.52374999999978,42.52464599720378,250.0,47.82738761665105,1028.01,382,13,()
yj_m,,False,1789176908701,4.7509112418277885e-06,6.871420455659027e-07,6.871420455659028e-07,53167076.7236203,7689752.975172929,11190921913154.004,0.0,1.0,1.0,4.963438197105989e-05,8831,551.9375,553.63625,191.0887499999999,27.63787995102917,250.0,43.04217381424828,1028.01,382,13,()
yj_m,,False,1789176908808,2.893461636027892e-06,5.807920299126291e-07,5.807920299126292e-07,98035525.07624608,19678246.603866342,33881743533613.26,0.0,1.0,1.0,0.0001502735354105322,19872,1242.0,1243.69875,352.3512499999999,70.72594126759643,250.0,38.231174960409206,1028.01,382,13,()
yj_m,,False,1789176908916,6.262380112066911e-06,1.1568068677940414e-06,1.1568068677940414e-06,212180356.86705133,39194633.61252017,33881743533613.26,0.0,1.0,1.0,0.0001502735354105322,32767,2047.9375,2049.63625,762.6012499999998,140.8701400428334,250.0,38.231174960409206,1028.01,383,13,()
yj_m,,False,1789176909023,9.41200067731343e-06,1.2729580303170713e-06,1.2729580303170713e-06,318894993.08692795,43130037.5122565,33881743533613.26,0.0,1.0,1.0,0.0001502735354105322,32767,2047.9375,2049.63625,1146.1462499999998,155.01444622417455,250.0,38.231174960409206,1028.01,383,13,()
yj_m,,False,1789176909129,1.2554887511541423e-05,1.0560214872565066e-06,1.0560214872565066e-06,425381478.7594105,35779849.197209805,33881743533613.26,0.0,1.0,1.0,0.0001502735354105322,32767,2047.9375,2049.63625,1528.87125,128.59700174649288,250.0,38.231174960409206,1028.01,383,13,()
yj_m,,False,1789176909235,4.706895597318366e-05,1.612045565680581e-06,1.6120455656805812e-06,526745010.8295821,18040276.04597756,11190921913154.004,0.0,1.0,1.0,4.963438197105989e-05,32767,2047.9375,2049.63625,1893.183750000001,64.83888172375815,250.0,43.04217381424828,1028.01,383,13,()
yj_m,,False,1789176909343,0.00014871929237605426,2.606914387463971e-06,2.606914387463971e-06,552983019.3608494,9693291.073157223,3718300501071.284,0.0,1.0,1.0,1.6491540981661725e-05,22445,1402.8125,1404.51125,1987.486250000001,34.83883238840678,250.0,47.82738761665105,1028.01,383,13,()
yj_m,,False,1789176909451,0.00039648169773218606,2.2880593112223148e-05,2.2880593112223148e-05,486157167.56434566,28055681.771077324,1226178081725.0566,0.0,1.0,1.0,5.438389414668898e-06,8745,546.5625,548.26125,1747.3062500000008,100.83543219616558,250.0,52.645296980749606,1028.01,383,13,()
yj_m,,False,1789176909559,0.0003000595907169867,3.44428332597222e-05,3.444283325972221e-05,367926493.3485604,42233047.215582155,1226178081725.0566,0.0,1.0,1.0,5.438389414668898e-06,2020,126.25,127.94875,1322.3712499999997,151.79055721021484,250.0,52.645296980749606,1028.01,383,14,()
yj_m,,False,1789176909665,0.00021277459218716654,3.53972878940146e-05,3.53972878940146e-05,260899541.2878911,43403378.56815239,1226178081725.0566,0.0,1.0,1.0,5.438389414668898e-06,2030,126.875,128.57375,937.7037499999999,155.99686624636882,250.0,52.645296980749606,1028.01,383,14,()
yj_m,,False,1789176909771,0.00012574203131029187,2.661228510503105e-05,2.6612285105031054e-05,154182122.7442657,32631400.700407274,1226178081725.0566,0.0,1.0,1.0,5.438389414668898e-06,1846,115.375,117.07375,554.14875,117.2811061816331,250.0,52.645296980749606,1028.01,383,14,()
yj_m,,False,1789176909877,1.6559680400388776e-05,2.6078921603180045e-06,2.607892160318005e-06,61573867.93034591,9696926.726450311,3718300501071.284,0.0,1.0,1.0,1.6491540981661725e-05,2146,134.125,135.82375,221.30374999999992,34.85189935552294,250.0,47.82738761665105,1028.01,384,14,()
yj_m,,False,1789176909985,4.752589448989767e-06,6.727668871959705e-07,6.727668871959704e-07,53185857.408924095,7528881.700365793,11190921913154.004,0.0,1.0,1.0,4.963438197105989e-05,9121,570.0625,571.76125,191.15624999999991,27.05968959887567,250.0,43.04217381424828,1028.01,384,14,()
yj_m,,False,1789176910093,2.8771405501750507e-06,5.831379540767837e-07,5.831379540767835e-07,97482538.23119003,19757730.60474553,33881743533613.26,0.0,1.0,1.0,0.0001502735354105322,21400,1337.5,1339.19875,350.3637499999997,71.01161614966598,250.0,38.231174960409206,1028.01,384,14,()
yj_m,,False,1789176910201,6.299477221672044e-06,1.1719105477245164e-06,1.1719105477245164e-06,213437271.6205308,39706372.62233831,33881743533613.26,0.0,1.0,1.0,0.0001502735354105322,32767,2047.9375,2049.63625,767.1187499999997,142.7093904537732,250.0,38.231174960409206,1028.01,384,14,()
yj_m,,False,1789176910307,9.4585414340787e-06,1.2805764577068743e-06,1.2805764577068743e-06,320471875.0715091,43388163.11520726,33881743533613.26,0.0,1.0,1.0,0.0001502735354105322,32767,2047.9375,2049.63625,1151.8137499999998,155.9421801123336,250.0,38.231174960409206,1028.01,384,14,()
yj_m,,False,1789176910413,1.260358388341933e-05,1.058763627619335e-06,1.058763627619335e-06,427031396.7423952,35872757.693716325,33881743533613.26,0.0,1.0,1.0,0.0001502735354105322,32767,2047.9375,2049.63625,1534.80125,128.93092585057897,250.0,38.231174960409206,1028.01,384,14,()
yj_m,,False,1789176910520,4.725921494069528e-05,1.55120888275039e-06,1.55120888275039e-06,528874184.0782819,17359457.47785048,11190921913154.004,0.0,1.0,1.0,4.963438197105989e-05,32767,2047.9375,2049.63625,1900.836250000001,62.391939420789754,250.0,43.04217381424828,1028.01,384,15,()
yj_m,,False,1789176910627,0.00014987744018600782,2.0816603738078183e-06,2.0816603738078183e-06,557289360.9429142,7740238.810989847,3718300501071.284,0.0,1.0,1.0,1.6491540981661725e-05,23754,1484.625,1486.32375,2002.9637500000008,27.819332004695955,250.0,47.82738761665105,1028.01,384,15,()
yj_m,,False,1789176910735,0.0003873179272924509,2.4507451847455147e-05,2.4507451847455147e-05,474920753.1051824,30050500.294281747,1226178081725.0566,0.0,1.0,1.0,5.438389414668898e-06,9278,579.875,581.57375,1706.9212500000003,108.0050454524579,250.0,52.645296980749606,1028.01,384,15,()
yj_m,,False,1789176910843,0.00030612603624642377,3.4056838399823945e-05,3.4056838399823945e-05,375365035.89073503,41759748.77871637,1226178081725.0566,0.0,1.0,1.0,5.438389414668898e-06,2200,137.5,139.19875,1349.1062499999998,150.08946675629005,250.0,52.645296980749606,1028.01,384,15,()
yj_m,,False,1789176910949,0.0002189720783858854,3.559350008988642e-05,3.5593500089886415e-05,268498763.0265537,43643969.66209756,1226178081725.0566,0.0,1.0,1.0,5.438389414668898e-06,2020,126.25,127.94875,965.0162499999997,156.86157903925198,250.0,52.645296980749606,1028.01,385,15,()
yj_m,,False,1789176911071,0.0001144878501939179,2.4341984951747017e-05,2.4341984951747017e-05,140382492.5316039,29847608.41351335,1226178081725.0566,0.0,1.0,1.0,5.438389414668898e-06,2122,132.625,134.32375,504.5512499999997,107.27582808204045,250.0,52.645296980749606,1028.01,385,15,()
yj_m,,False,1789176911177,1.5912606700723212e-05,2.454743167668949e-06,2.454743167668949e-06,59167853.468649395,9127472.750344764,3718300501071.284,0.0,1.0,1.0,1.6491540981661725e-05,2075,129.6875,131.38625,212.65624999999986,32.80521454262264,250.0,47.82738761665105,1028.01,385,15,()
yj_m,,False,1789176911285,4.713555593518581e-06,6.570318706037469e-07,6.570318706037469e-07,52749032.580376714,7352792.358380037,11190921913154.004,0.0,1.0,1.0,4.963438197105989e-05,8971,560.6875,562.38625,189.58624999999992,26.426803716823187,250.0,43.04217381424828,1028.01,385,15,()
yj_m,,False,1789176911392,2.865520758234541e-06,5.74438953482619e-07,5.74438953482619e-07,97088839.42074773,19462993.297615293,33881743533613.26,0.0,1.0,1.0,0.0001502735354105322,21293,1330.8125,1332.51125,348.9487499999999,69.9522954747555,250.0,38.231174960409206,1028.01,385,15,()
yj_m,,False,1789176911501,6.266424456611577e-06,1.1639720902983523e-06,1.1639720902983523e-06,212317386.31167528,39437403.84377251,33881743533613.26,0.0,1.0,1.0,0.0001502735354105322,32767,2047.9375,2049.63625,763.0937499999997,141.74268491244086,250.0,38.231174960409206,1028.01,385,15,()
yj_m,,False,1789176911607,9.413006631032664e-06,1.2798686664703606e-06,1.2798686664703606e-06,318929076.5528497,43364181.91405637,33881743533613.26,0.0,1.0,1.0,0.0001502735354105322,32767,2047.9375,2049.63625,1146.2687499999997,155.8559888444698,250.0,38.231174960409206,1028.01,385,16,()
yj_m,,False,1789176911713,1.255936297910862e-05,1.06274466452448e-06,1.06274466452448e-06,425533115.40371525,36007642.165134296,33881743533613.26,0.0,1.0,1.0,0.0001502735354105322,32767,2047.9375,2049.63625,1529.4162500000002,129.4157165636674,250.0,38.231174960409206,1028.01,385,16,()
yj_m,,False,1789176911819,4.7146899372484404e-05,1.589194051878798e-06,1.589194051878798e-06,527617269.32480246,17784546.53942444,11190921913154.004,0.0,1.0,1.0,4.963438197105989e-05,32767,2047.9375,2049.63625,1896.3187500000008,63.919759688906055,250.0,43.04217381424828,1028.01,385,16,()
yj_m,,False,1789176911927,0.00014887792738539694,2.5306395106304635e-06,2.5306395106304635e-06,553572871.9955757,9409678.160408042,3718300501071.284,0.0,1.0,1.0,1.6491540981661725e-05,22808,1425.5,1427.19875,1989.606250000001,33.81949410011186,250.0,47.82738761665105,1028.01,386,16,()
yj_m,,False,1789176912035,0.00038179549908700207,2.5396797467495995e-05,2.5396797467495992e-05,468149272.6817608,31140996.40065401,1226178081725.0566,0.0,1.0,1.0,5.438389414668898e-06,9184,574.0,575.69875,1682.5837500000002,111.9244171894029,250.0,52.645296980749606,1028.01,386,16,()
yj_m,,False,1789176912143,0.0003005258912804051,3.4221787074655e-05,3.4221787074655e-05,368498260.8789201,41962005.22840381,1226178081725.0566,0.0,1.0,1.0,5.438389414668898e-06,2078,129.875,131.57375,1324.4262499999998,150.81640031239138,250.0,52.645296980749606,1028.01,386,16,()
yj_m,,False,1789176912249,0.00021362834200218452,3.514755774388216e-05,3.5147557743882154e-05,261946390.59834296,43097164.93171408,1226178081725.0566,0.0,1.0,1.0,5.438389414668898e-06,2057,128.5625,130.26125,941.4662499999997,154.89629828916995,250.0,52.645296980749606,1028.01,386,16,()
yj_m,,False,1789176912355,0.00010874531904612551,2.2778867001693008e-05,2.2778867001693005e-05,133341126.70455745,27930947.444006123,1226178081725.0566,0.0,1.0,1.0,5.438389414668898e-06,2031,126.9375,128.63625,479.24374999999964,100.38712230006148,250.0,52.645296980749606,1028.01,386,16,()
yj_m,,False,1789176912461,1.674188617762909e-05,2.6029949952050214e-06,2.6029949952050214e-06,62251363.763156645,9678717.594956877,3718300501071.284,0.0,1.0,1.0,1.6491540981661725e-05,1818,113.625,115.32375,223.7387499999998,34.78645358738801,250.0,47.82738761665105,1028.01,386,16,()
yj_m,,False,1789176912569,4.4898567944090286e-06,5.640171633321574e-07,5.640171633321575e-07,50245636.78747539,6311872.032528803,11190921913154.004,0.0,1.0,1.0,4.963438197105989e-05,7979,498.6875,500.38625,180.58874999999998,22.685613187381556,250.0,43.04217381424828,1028.01,386,17,()
yj_m,,False,1789176912676,2.9001748373786825e-06,5.766484043239742e-07,5.766484043239742e-07,98262980.04270306,19537853.344372217,33881743533613.26,0.0,1.0,1.0,0.0001502735354105322,20204,1262.75,1264.44875,353.16874999999976,70.2213513198621,250.0,38.231174960409206,1028.01,386,17,()
yj_m,,False,1789176912784,5.847619234727385e-06,1.149317964758039e-06,1.149317964758039e-06,198127535.19325712,38940896.52050624,33881743533613.26,0.0,1.0,1.0,0.0001502735354105322,32767,2047.9375,2049.63625,712.0937499999999,139.95817898103525,250.0,38.231174960409206,1028.01,386,17,()
yj_m,,False,1789176912890,9.003706645311822e-06,1.3052026518366782e-06,1.3052026518366782e-06,305061279.40834457,44222541.50892225,33881743533613.26,0.0,1.0,1.0,0.0001502735354105322,32767,2047.9375,2049.63625,1096.4262499999998,158.94103455586128,250.0,38.231174960409206,1028.01,387,17,()
yj_m,,False,1789176912997,1.2771188090843968e-05,1.0622532252331168e-06,1.0622532252331168e-06,432710119.5135113,35990991.34510199,33881743533613.26,0.0,1.0,1.0,0.0001502735354105322,32767,2047.9375,2049.63625,1555.21125,129.35587155087896,250.0,38.231174960409206,1028.01,387,17,()
yj_m,,False,1789176913103,4.643440719849361e-05,1.8682521290059803e-06,1.8682521290059803e-06,519643825.0419382,20907463.689789645,11190921913154.004,0.0,1.0,1.0,4.963438197105989e-05,32767,2047.9375,2049.63625,1867.6612500000006,75.14389258075134,250.0,43.04217381424828,1028.01,387,17,()
yj_m,,False,1789176913211,0.00015023249826116403,1.9696796536488655e-06,1.969679653648865e-06,558609573.561677,7323860.843112489,3718300501071.284,0.0,1.0,1.0,1.6491540981661725e-05,24014,1500.875,1502.57375,2007.708750000001,26.32282043565051,250.0,47.82738761665105,1028.01,387,17,()
yj_m,,False,1789176913319,0.00038975267427322004,2.4577024394655673e-05,2.4577024394655673e-05,477906186.4875478,30135808.626748815,1226178081725.0566,0.0,1.0,1.0,5.438389414668898e-06,8139,508.6875,510.38625,1717.6512500000008,108.3116536698037,250.0,52.645296980749606,1028.01,387,17,()
yj_m,,False,1789176913426,0.0003087859916501578,3.424791926576998e-05,3.4247919265769984e-05,378626614.90515983,41994047.94837645,1226178081725.0566,0.0,1.0,1.0,5.438389414668898e-06,2287,142.9375,144.63625,1360.8287500000004,150.93156563054495,250.0,52.645296980749606,1028.01,387,17,()
yj_m,,False,1789176913532,0.00022220044396546523,3.5913798047119395e-05,3.5913798047119395e-05,272457314.1400301,44036711.996877946,1226178081725.0566,0.0,1.0,1.0,5.438389414668898e-06,2248,140.5,142.19875,979.2437499999997,158.27314135281293,250.0,52.645296980749606,1028.01,387,18,()
yj_m,,False,1789176913639,0.00011823130204063156,2.5275073788930825e-05,2.5275073788930825e-05,144972631.13603738,30991741.493970457,1226178081725.0566,0.0,1.0,1.0,5.438389414668898e-06,2163,135.1875,136.88625,521.0487499999998,111.38797743557201,250.0,52.645296980749606,1028.01,387,18,()
yj_m,,False,1789176913745,1.7583699316829736e-05,2.5983792264796737e-06,2.5983792264796737e-06,65381477.9804548,9661554.779792586,3718300501071.284,0.0,1.0,1.0,1.6491540981661725e-05,2105,131.5625,133.26125,234.98874999999992,34.72476840365534,250.0,47.82738761665105,1028.01,387,18,()
yj_m,,False,1789176913852,4.9187319580255636e-06,6.319160877261348e-07,6.319160877261348e-07,55045145.25399918,7071723.59340895,11190921913154.004,0.0,1.0,1.0,4.963438197105989e-05,9128,570.5,572.19875,197.83874999999992,25.41660939597373,250.0,43.04217381424828,1028.01,387,18,()
yj_m,,False,1789176913961,3.2353216632247328e-06,6.545229855859407e-07,6.545229855859407e-07,109618338.8421235,22176379.934477694,33881743533613.26,0.0,1.0,1.0,0.0001502735354105322,22787,1424.1875,1425.88625,393.98124999999965,79.70452735690425,250.0,38.231174960409206,1028.01,388,18,()
yj_m,,False,1789176914068,6.173445591419737e-06,1.1634042177669817e-06,1.1634042177669817e-06,209167100.24719897,39418163.33230483,33881743533613.26,0.0,1.0,1.0,0.0001502735354105322,32767,2047.9375,2049.63625,751.7712499999997,141.67353224292637,250.0,38.231174960409206,1028.01,388,18,()
yj_m,,False,1789176914175,9.941871401667893e-06,1.2773804626167887e-06,1.2773804626167887e-06,336847937.07547575,43279877.2292303,33881743533613.26,0.0,1.0,1.0,0.0001502735354105322,32767,2047.9375,2049.63625,1210.6712499999996,155.5529878552241,250.0,38.231174960409206,1028.01,388,18,()
yj_m,,False,1789176914281,1.3061847126698698e-05,1.0072254123031753e-06,1.0072254123031753e-06,442558154.4220686,34126553.10019406,33881743533613.26,0.0,1.0,1.0,0.0001502735354105322,32767,2047.9375,2049.63625,1590.606250000001,122.65486040588648,250.0,38.231174960409206,1028.01,388,18,()
yj_m,,False,1789176914387,4.7005805659236646e-05,1.6548592365735656e-06,1.6548592365735656e-06,526038300.59740984,18519400.49375642,11190921913154.004,0.0,1.0,1.0,4.963438197105989e-05,32767,2047.9375,2049.63625,1890.6437500000009,66.5609115486522,250.0,43.04217381424828,1028.01,388,18,()
yj_m,,False,1789176914495,0.00014860293509325807,2.592839764284957e-06,2.5928397642849574e-06,552550368.017925,9640957.394738307,3718300501071.284,0.0,1.0,1.0,1.6491540981661725e-05,22885,1430.3125,1432.01125,1985.9312500000008,34.65073897029471,250.0,47.82738761665105,1028.01,388,18,()
yj_m,,False,1789176914603,0.00039350690435680104,2.3490381949795627e-05,2.3490381949795627e-05,482509541.1297876,28803391.478189297,1226178081725.0566,0.0,1.0,1.0,5.438389414668898e-06,9384,586.5,588.19875,1734.1962500000006,103.52278914899608,250.0,52.645296980749606,1028.01,388,19,()
yj_m,,False,1789176914711,0.0003142250303387908,3.340375533369608e-05,3.340375533369609e-05,385295844.93081623,40958952.637484595,1226178081725.0566,0.0,1.0,1.0,5.438389414668898e-06,2280,142.5,144.19875,1384.7987499999997,147.21131089249738,250.0,52.645296980749606,1028.01,388,19,()
yj_m,,False,1789176914817,0.00021010669492468818,3.5105391222940454e-05,3.5105391222940454e-05,257628224.14034584,43045461.26795276,1226178081725.0566,0.0,1.0,1.0,5.438389414668898e-06,2149,134.3125,136.01125,925.9462499999997,154.71046921810913,250.0,52.645296980749606,1028.01,388,19,()
yj_m,,False,1789176914923,0.00012318815644835746,2.584927496404189e-05,2.584927496404189e-05,151050617.3650931,31695814.389392417,1226178081725.0566,0.0,1.0,1.0,5.438389414668898e-06,2133,133.3125,135.01125,542.8937499999996,113.9184985359599,250.0,52.645296980749606,1028.01,389,19,()
yj_m,,False,1789176915030,1.8831079319538584e-05,3.066930126109407e-06,3.0669301261094066e-06,70019611.66955341,11403767.824663224,3718300501071.284,0.0,1.0,1.0,1.6491540981661725e-05,2123,132.6875,134.38625,251.65874999999977,40.98648775130042,250.0,47.82738761665105,1028.01,389,19,()
yj_m,,False,1789176915137,5.0179948038655075e-06,6.97530149399861e-07,6.97530149399861e-07,56155988.01067144,7806005.434004491,11190921913154.004,0.0,1.0,1.0,4.963438197105989e-05,9058,566.125,567.82375,201.8312499999999,28.055705011414343,250.0,43.04217381424828,1028.01,389,19,()
yj_m,,False,1789176915245,3.0981013640544425e-06,6.288374735338679e-07,6.288374735338679e-07,104969075.85803004,21306110.00259983,33881743533613.26,0.0,1.0,1.0,0.0001502735354105322,22070,1379.375,1381.07375,377.27124999999984,76.57667448830288,250.0,38.231174960409206,1028.01,389,19,()
yj_m,,False,1789176915353,5.998656000286306e-06,1.1469606824247827e-06,1.1469606824247827e-06,203244924.14807093,38861027.68505453,33881743533613.26,0.0,1.0,1.0,0.0001502735354105322,32767,2047.9375,2049.63625,730.4862499999998,139.67112095808318,250.0,38.231174960409206,1028.01,389,19,()
yj_m,,False,1789176915459,9.773733422882035e-06,1.2813299649799063e-06,1.2813299649799063e-06,331151129.1999932,43413693.25538285,33881743533613.26,0.0,1.0,1.0,0.0001502735354105322,32767,2047.9375,2049.63625,1190.1962499999997,156.03393844990103,250.0,38.231174960409206,1028.01,389,19,()
yj_m,,False,1789176915565,1.29077514406466e-05,1.0265931285594988e-06,1.0265931285594988e-06,437337123.9076152,34782765.09522261,33881743533613.26,0.0,1.0,1.0,0.0001502735354105322,32767,2047.9375,2049.63625,1571.8412500000004,125.01336378038748,250.0,38.231174960409206,1028.01,389,20,()
yj_m,,False,1789176915671,4.664374800299514e-05,1.7599094728092882e-06,1.7599094728092882e-06,521986541.6383516,19695009.484428775,11190921913154.004,0.0,1.0,1.0,4.963438197105989e-05,32767,2047.9375,2049.63625,1876.0812500000006,70.78618903915861,250.0,43.04217381424828,1028.01,389,20,()
yj_m,,False,1789176915779,0.00014837209122353065,2.7743239876035696e-06,2.7743239876035696e-06,551692021.1414483,10315770.273240436,3718300501071.284,0.0,1.0,1.0,1.6491540981661725e-05,22083,1380.1875,1381.88625,1982.8462500000012,37.07609611579272,250.0,47.82738761665105,1028.01,389,20,()
yj_m,,False,1789176915887,0.00039394087020961754,2.3316663999175035e-05,2.331666399917504e-05,483041660.5467284,28590382.334736135,1226178081725.0566,0.0,1.0,1.0,5.438389414668898e-06,9432,589.5,591.19875,1736.1087500000012,102.75720914216919,250.0,52.645296980749606,1028.01,390,20,()
yj_m,,False,1789176915994,0.00029749437034256036,3.4460463437667025e-05,3.446046343766702e-05,364781076.35064423,42254664.953355,1226178081725.0566,0.0,1.0,1.0,5.438389414668898e-06,2158,134.875,136.57375,1311.0662499999996,151.86825391169643,250.0,52.645296980749606,1028.01,390,20,()
yj_m,,False,1789176916101,0.00020972321660246083,3.526155634820387e-05,3.526155634820387e-05,257158011.426814,43236947.521680616,1226178081725.0566,0.0,1.0,1.0,5.438389414668898e-06,1753,109.5625,111.26125,924.2562499999999,155.39869341853392,250.0,52.645296980749606,1028.01,390,20,()
yj_m,,False,1789176916207,0.0001224660145782459,2.6059149606027605e-05,2.6059149606027608e-05,150165142.8320664,31953158.075305197,1226178081725.0566,0.0,1.0,1.0,5.438389414668898e-06,2217,138.5625,140.26125,539.7112499999998,114.84342212198094,250.0,52.645296980749606,1028.01,390,20,()
yj_m,,False,1789176916315,1.642966703777891e-05,2.635836717610251e-06,2.635836717610251e-06,61090439.17900767,9800832.987832285,3718300501071.284,0.0,1.0,1.0,1.6491540981661725e-05,2135,133.4375,135.13625,219.56625,35.225350724833106,250.0,47.82738761665105,1028.01,390,20,()
yj_m,,False,1789176916423,4.7451929063129035e-06,6.853793558962225e-07,6.853793558962226e-07,53103083.27740001,7670026.852722414,11190921913154.004,0.0,1.0,1.0,4.963438197105989e-05,9025,564.0625,565.76125,190.85875,27.566981938317085,250.0,43.04217381424828,1028.01,390,20,()
yj_m,,False,1789176916531,2.9518685407465442e-06,6.211251443816263e-07,6.211251443816263e-07,100014452.84251563,21044802.844216768,33881743533613.26,0.0,1.0,1.0,0.0001502735354105322,22694,1418.375,1420.07375,359.46374999999966,75.63750571434453,250.0,38.231174960409206,1028.01,390,21,()
yj_m,,False,1789176916638,6.3888633950094845e-06,1.1734540823584952e-06,1.1734540823584952e-06,216465831.02100107,39758670.26694203,33881743533613.26,0.0,1.0,1.0,0.0001502735354105322,32767,2047.9375,2049.63625,778.0037499999997,142.89735436209975,250.0,38.231174960409206,1028.01,390,21,()
yj_m,,False,1789176916745,9.535076035411258e-06,1.2765751119429412e-06,1.2765751119429414e-06,323065000.8053062,43252590.54424438,33881743533613.26,0.0,1.0,1.0,0.0001502735354105322,32767,2047.9375,2049.63625,1161.1337499999997,155.45491628825218,250.0,38.231174960409206,1028.01,390,21,()
yj_m,,False,1789176916851,1.2677162212597423e-05,1.0460532845217437e-06,1.0460532845217435e-06,429524358.8212391,35442109.1086595,33881743533613.26,0.0,1.0,1.0,0.0001502735354105322,32767,2047.9375,2049.63625,1543.7612500000005,127.38312399877584,250.0,38.231174960409206,1028.01,390,21,()
yj_m,,False,1789176916957,4.743381064136178e-05,1.4634137534524336e-06,1.4634137534524338e-06,530828070.93081313,16376949.041521791,11190921913154.004,0.0,1.0,1.0,4.963438197105989e-05,32767,2047.9375,2049.63625,1907.8587500000008,58.860688117685974,250.0,43.04217381424828,1028.01,391,21,()
yj_m,,False,1789176917065,0.00014966848345789957,2.191372380709446e-06,2.1913723807094456e-06,556512397.0360872,8148181.021225705,3718300501071.284,0.0,1.0,1.0,1.6491540981661725e-05,23378,1461.125,1462.82375,2000.1712500000008,29.285524464955387,250.0,47.82738761665105,1028.01,391,21,()
yj_m,,False,1789176917173,0.0003994349346338365,2.2610643713110175e-05,2.2610643713110175e-05,489778361.9232911,27724675.734710146,1226178081725.0566,0.0,1.0,1.0,5.438389414668898e-06,9225,576.5625,578.26125,1760.3212500000006,99.64575742693462,250.0,52.645296980749606,1028.01,391,21,()
yj_m,,False,1789176917281,0.0003047169235949255,3.417196060582684e-05,3.417196060582684e-05,373637212.8427864,41900909.10443696,1226178081725.0566,0.0,1.0,1.0,5.438389414668898e-06,2193,137.0625,138.76125,1342.8962499999998,150.59681363059278,250.0,52.645296980749606,1028.01,391,21,()
yj_m,,False,1789176917387,0.0002176361442899602,3.555035319204455e-05,3.555035319204455e-05,266860669.91950104,43591063.88166943,1226178081725.0566,0.0,1.0,1.0,5.438389414668898e-06,2126,132.875,134.57375,959.1287499999997,156.6714294189834,250.0,52.645296980749606,1028.01,391,21,()
yj_m,,False,1789176917493,0.00013080212988169433,2.7410106678962397e-05,2.7410106678962397e-05,160386704.70388767,33609672.027489275,1226178081725.0566,0.0,1.0,1.0,5.438389414668898e-06,1997,124.8125,126.51125,576.4487499999997,120.79712881392298,250.0,52.645296980749606,1028.01,391,21,()
yj_m,,False,1789176917600,1.704157165518452e-05,2.766312507082912e-06,2.7663125070829125e-06,63365684.42451479,10285981.181206154,3718300501071.284,0.0,1.0,1.0,1.6491540981661725e-05,1871,116.9375,118.63625,227.74374999999986,36.969030602485375,250.0,47.82738761665105,1028.01,391,22,()
yj_m,,False,1789176917707,4.783605203575948e-06,6.950364486796538e-07,6.950364486796538e-07,53532952.2965756,7778098.623969876,11190921913154.004,0.0,1.0,1.0,4.963438197105989e-05,9317,582.3125,584.01125,192.4037499999999,27.955404641813,250.0,43.04217381424828,1028.01,391,22,()
yj_m,,False,1789176917815,3.241480563546561e-06,6.598406872083526e-07,6.598406872083526e-07,109827013.12327676,22356552.937036533,33881743533613.26,0.0,1.0,1.0,0.0001502735354105322,21851,1365.6875,1367.38625,394.7312499999999,80.35209039712346,250.0,38.231174960409206,1028.01,391,22,()
yj_m,,False,1789176917923,6.1846958493409425e-06,1.1617733141319696e-06,1.1617733141319696e-06,209548278.60077226,39362905.47361531,33881743533613.26,0.0,1.0,1.0,0.0001502735354105322,32767,2047.9375,2049.63625,753.1412499999999,141.47492897572874,250.0,38.231174960409206,1028.01,392,22,()
yj_m,,False,1789176918029,9.3428772860348e-06,1.2828781974347604e-06,1.2828781974347604e-06,316552972.07145184,43466150.070348635,33881743533613.26,0.0,1.0,1.0,0.0001502735354105322,32767,2047.9375,2049.63625,1137.7287499999998,156.22247443529852,250.0,38.231174960409206,1028.01,392,22,()
yj_m,,False,1789176918136,1.3097055506871799e-05,9.897358862779142e-07,9.897358862779142e-07,443751075.72932756,33533977.46488171,33881743533613.26,0.0,1.0,1.0,0.0001502735354105322,32767,2047.9375,2049.63625,1594.8937500000002,120.5250736203364,250.0,38.231174960409206,1028.01,392,22,()
yj_m,,False,1789176918242,4.6990391015674784e-05,1.6384499252494836e-06,1.6384499252494834e-06,525865796.52498996,18335765.172079984,11190921913154.004,0.0,1.0,1.0,4.963438197105989e-05,32767,2047.9375,2049.63625,1890.0237500000012,65.90090452480527,250.0,43.04217381424828,1028.01,392,22,()
yj_m,,False,1789176918350,0.00015036962026806052,1.894823852209007e-06,1.894823852209007e-06,559119434.3886281,7045524.479110572,3718300501071.284,0.0,1.0,1.0,1.6491540981661725e-05,24338,1521.125,1522.82375,2009.5412500000011,25.322446686438106,250.0,47.82738761665105,1028.01,392,22,()
yj_m,,False,1789176918458,0.0003919718565166423,2.3802547705011312e-05,2.3802547705011312e-05,480627299.11378556,29186162.28509992,1226178081725.0566,0.0,1.0,1.0,5.438389414668898e-06,9340,583.75,585.44875,1727.4312500000005,104.89851261427638,250.0,52.645296980749606,1028.01,392,22,()
yj_m,,False,1789176918565,0.0003113500774733349,3.385280527655608e-05,3.385280527655608e-05,381770640.7412015,41509567.8350194,1226178081725.0566,0.0,1.0,1.0,5.438389414668898e-06,2224,139.0,140.69875,1372.12875,149.1902869113385,250.0,52.645296980749606,1028.01,392,23,()
yj_m,,False,1789176918672,0.0002245211685456903,3.583872790163605e-05,3.583872790163605e-05,275302935.75402266,43944662.62989436,1226178081725.0566,0.0,1.0,1.0,5.438389414668898e-06,2121,132.5625,134.26125,989.4712499999998,157.94230506165061,250.0,52.645296980749606,1028.01,392,23,()
yj_m,,False,1789176918778,0.00012034894194725104,2.5577173456263963e-05,2.5577173456263963e-05,147569234.7745205,31362169.48455078,1226178081725.0566,0.0,1.0,1.0,5.438389414668898e-06,2101,131.3125,133.01125,530.3812499999999,112.71933936191917,250.0,52.645296980749606,1028.01,392,23,()
yj_m,,False,1789176918884,1.815949950404297e-05,2.9078278929969805e-06,2.907827892996981e-06,67522476.10508671,10812177.91155973,3718300501071.284,0.0,1.0,1.0,1.6491540981661725e-05,2127,132.9375,134.63625,242.68374999999986,38.86024376773132,250.0,47.82738761665105,1028.01,393,23,()
yj_m,,False,1789176918992,4.8067893247395674e-06,6.101298154735148e-07,6.101298154735148e-07,53792403.98614276,6827915.121851165,11190921913154.004,0.0,1.0,1.0,4.963438197105989e-05,8688,543.0,544.69875,193.33624999999992,24.540332968146547,250.0,43.04217381424828,1028.01,393,23,()
yj_m,,False,1789176919100,3.071577033335109e-06,6.031113156856968e-07,6.03111315685697e-07,104070385.28719684,20434462.92028285,33881743533613.26,0.0,1.0,1.0,0.0001502735354105322,21154,1322.125,1323.82375,374.0412499999997,73.44387197845373,250.0,38.231174960409206,1028.01,393,23,()
yj_m,,False,1789176919208,5.988350107081117e-06,1.1442311803993877e-06,1.1442311803993875e-06,202895742.5176079,38768547.39745562,33881743533613.26,0.0,1.0,1.0,0.0001502735354105322,32767,2047.9375,2049.63625,729.2312499999997,139.33873588736014,250.0,38.231174960409206,1028.01,393,23,()
yj_m,,False,1789176919314,9.760943439880372e-06,1.2807738464972542e-06,1.280773846497254e-06,330717782.2761316,43394850.99157932,33881743533613.26,0.0,1.0,1.0,0.0001502735354105322,32767,2047.9375,2049.63625,1188.6387499999996,155.96621712950372,250.0,38.231174960409206,1028.01,393,23,()
yj_m,,False,1789176919420,1.2879030435479146e-05,1.0344591050208753e-06,1.0344591050208753e-06,436364006.17650396,35049278.09232841,33881743533613.26,0.0,1.0,1.0,0.0001502735354105322,32767,2047.9375,2049.63625,1568.3437500000002,125.97124295325301,250.0,38.231174960409206,1028.01,393,23,()
yj_m,,False,1789176919526,4.65635669941451e-05,1.8139895030415339e-06,1.813989503041534e-06,521089242.2293929,20300214.879818846,11190921913154.004,0.0,1.0,1.0,4.963438197105989e-05,32767,2047.9375,2049.63625,1872.8562500000005,72.96136867334313,250.0,43.04217381424828,1028.01,393,24,()
yj_m,,False,1789176919634,0.00014888765500389438,2.473041019402981e-06,2.473041019402981e-06,553609042.204309,9195509.661615944,3718300501071.284,0.0,1.0,1.0,1.6491540981661725e-05,23105,1444.0625,1445.76125,1989.7362500000008,33.0497472333375,250.0,47.82738761665105,1028.01,393,24,()
yj_m,,False,1789176919742,0.0003929367923540813,2.3952051936440073e-05,2.3952051936440077e-05,481810482.28792435,29369481.09680302,1226178081725.0566,0.0,1.0,1.0,5.438389414668898e-06,8897,556.0625,557.76125,1731.6837500000006,105.55738206391584,250.0,52.645296980749606,1028.01,393,24,()
yj_m,,False,1789176919849,0.00031249200330564785,3.399140160452873e-05,3.399140160452873e-05,383170845.16773933,41679511.61458705,1226178081725.0566,0.0,1.0,1.0,5.438389414668898e-06,2132,133.25,134.94875,1377.1612499999997,149.80108491659033,250.0,52.645296980749606,1028.01,393,24,()
yj_m,,False,1789176919956,0.0002082500018053832,3.548677961170981e-05,3.548677961170981e-05,255351587.73296437,43513111.35088618,1226178081725.0566,0.0,1.0,1.0,5.438389414668898e-06,2100,131.25,132.94875,917.7637499999997,156.39125882122536,250.0,52.645296980749606,1028.01,394,24,()
yj_m,,False,1789176920062,0.00012134110701467063,2.611760439968672e-05,2.6117604399686716e-05,148785805.83364365,32024834.062061757,1226178081725.0566,0.0,1.0,1.0,5.438389414668898e-06,2070,129.375,131.07375,534.7537499999997,115.10103407957503,250.0,52.645296980749606,1028.01,394,24,()
yj_m,,False,1789176920168,1.7910696954012555e-05,2.901504242349483e-06,2.901504242349483e-06,66597353.45864081,10788664.678188538,3718300501071.284,0.0,1.0,1.0,1.6491540981661725e-05,1905,119.0625,120.76125,239.35874999999984,38.77573443131027,250.0,47.82738761665105,1028.01,394,24,()
yj_m,,False,1789176920276,4.906735884608464e-06,7.173444533856445e-07,7.173444533856445e-07,54910898.13312395,8027745.762672889,11190921913154.004,0.0,1.0,1.0,4.963438197105989e-05,9295,580.9375,582.63625,197.35624999999993,28.85266592860182,250.0,43.04217381424828,1028.01,394,24,()
yj_m,,False,1789176920384,3.0828272912563142e-06,6.340571136341274e-07,6.340571136341274e-07,104451563.64077011,21482960.509814583,33881743533613.26,0.0,1.0,1.0,0.0001502735354105322,22144,1384.0,1385.69875,375.41124999999994,77.21229608804224,250.0,38.231174960409206,1028.01,394,24,()
yj_m,,False,1789176920492,5.968970100735102e-06,1.1454539216771066e-06,1.1454539216771064e-06,202239114.11291245,38809976.00383525,33881743533613.26,0.0,1.0,1.0,0.0001502735354105322,32767,2047.9375,2049.63625,726.8712499999997,139.48763518924355,250.0,38.231174960409206,1028.01,394,24,()
yj_m,,False,1789176920598,9.749015702923771e-06,1.2821321780627685e-06,1.2821321780627685e-06,330313649.7516316,43440873.6333157,33881743533613.26,0.0,1.0,1.0,0.0001502735354105322,32767,2047.9375,2049.63625,1187.1862499999997,156.1316279367749,250.0,38.231174960409206,1028.01,394,25,()
yj_m,,False,1789176920705,1.2900073344912058e-05,1.0227609190274659e-06,1.0227609190274659e-06,437076976.63711095,34652923.1546912,33881743533613.26,0.0,1.0,1.0,0.0001502735354105322,32767,2047.9375,2049.63625,1570.9062500000007,124.54669651856489,250.0,38.231174960409206,1028.01,394,25,()
yj_m,,False,1789176920811,4.660390612185337e-05,1.7544864072057227e-06,1.7544864072057227e-06,521540674.25762093,19634320.380729362,11190921913154.004,0.0,1.0,1.0,4.963438197105989e-05,32767,2047.9375,2049.63625,1874.478750000001,70.56806523624904,250.0,43.04217381424828,1028.01,394,25,()
yj_m,,False,1789176920919,0.00014725378923549916,3.2164147023056565e-06,3.216414702305656e-06,547533838.2990018,11959596.399236167,3718300501071.284,0.0,1.0,1.0,1.6491540981661725e-05,21293,1330.8125,1332.51125,1967.9012500000008,42.98420126264417,250.0,47.82738761665105,1028.01,395,25,()
yj_m,,False,1789176921026,0.00039023939675912405,2.3730779448630125e-05,2.3730779448630125e-05,478502994.931646,29098161.622161683,1226178081725.0566,0.0,1.0,1.0,5.438389414668898e-06,8945,559.0625,560.76125,1719.7962500000006,104.58222784339358,250.0,52.645296980749606,1028.01,395,25,()
yj_m,,False,1789176921134,0.000294127589510579,3.424539891568991e-05,3.424539891568991e-05,360652803.48849666,41990957.55034999,1226178081725.0566,0.0,1.0,1.0,5.438389414668898e-06,2070,129.375,131.07375,1296.2287499999998,150.92045837522323,250.0,52.645296980749606,1028.01,395,25,()
yj_m,,False,1789176921240,0.00020692427867070073,3.459562492575912e-05,3.4595624925759114e-05,253726015.08278087,42420397.007546864,1226178081725.0566,0.0,1.0,1.0,5.438389414668898e-06,1800,112.5,114.19875,911.9212499999998,152.4639144787628,250.0,52.645296980749606,1028.01,395,25,()
yj_m,,False,1789176921346,0.00011947363565849826,2.4786876141969304e-05,2.4786876141969304e-05,146495953.38845572,30393124.239716493,1226178081725.0566,0.0,1.0,1.0,5.438389414668898e-06,1811,113.1875,114.88625,526.5237499999996,109.23647635834607,250.0,52.645296980749606,1028.01,395,25,()
yj_m,,False,1789176921453,1.8427009012722272e-05,3.252908903204369e-06,3.252908903204369e-06,68517156.8452503,12095292.804724047,3718300501071.284,0.0,1.0,1.0,1.6491540981661725e-05,1775,110.9375,112.63625,246.2587499999997,43.471910162626855,250.0,47.82738761665105,1028.01,395,25,()
yj_m,,False,1789176921561,4.402030619598861e-06,5.706508604322246e-07,5.706508604322246e-07,49262780.92324379,6386109.21877117,11190921913154.004,0.0,1.0,1.0,4.963438197105989e-05,7756,484.75,486.44875,177.05624999999998,22.952430398271556,250.0,43.04217381424828,1028.01,395,26,()
yj_m,,False,1789176921668,2.678392836789716e-06,5.54839694862873e-07,5.54839694862873e-07,90748619.17837603,18798936.2436121,33881743533613.26,0.0,1.0,1.0,0.0001502735354105322,20246,1265.375,1267.07375,326.16124999999977,67.56559603220784,250.0,38.231174960409206,1028.01,395,26,()
yj_m,,False,1789176921776,6.081328972272956e-06,1.1762714198244015e-06,1.1762714198244015e-06,206046028.5820842,39854126.57240951,33881743533613.26,0.0,1.0,1.0,0.0001502735354105322,32767,2047.9375,2049.63625,740.5537499999998,143.24043559235466,250.0,38.231174960409206,1028.01,395,26,()
yj_m,,False,1789176921883,9.253018930339354e-06,1.3026667454732208e-06,1.302666745473221e-06,313508414.30942655,44136620.57989034,33881743533613.26,0.0,1.0,1.0,0.0001502735354105322,32767,2047.9375,2049.63625,1126.7862499999999,158.63222459414578,250.0,38.231174960409206,1028.01,396,26,()
yj_m,,False,1789176921989,1.2428588995608507e-05,1.0963304396433679e-06,1.0963304396433677e-06,421102264.83389544,37145586.78409006,33881743533613.26,0.0,1.0,1.0,0.0001502735354105322,32767,2047.9375,2049.63625,1513.49125,133.505623856029,250.0,38.231174960409206,1028.01,396,26,()
yj_m,,False,1789176922095,4.704564754037841e-05,1.6367787838805773e-06,1.636778783880577e-06,526484167.9781405,18317063.559514713,11190921913154.004,0.0,1.0,1.0,4.963438197105989e-05,32767,2047.9375,2049.63625,1892.2462500000008,65.83368872156184,250.0,43.04217381424828,1028.01,396,26,()
yj_m,,False,1789176922203,0.00014908314272177542,2.491509143650586e-06,2.491509143650586e-06,554335924.2836593,9264179.69725966,3718300501071.284,0.0,1.0,1.0,1.6491540981661725e-05,22185,1386.5625,1388.26125,1992.3487500000008,33.29655544778619,250.0,47.82738761665105,1028.01,396,26,()
yj_m,,False,1789176922311,0.00039708130806738473,2.2842389775781132e-05,2.2842389775781135e-05,486892396.6149421,28008837.677283358,1226178081725.0566,0.0,1.0,1.0,5.438389414668898e-06,9454,590.875,592.57375,1749.9487500000005,100.66706899322887,250.0,52.645296980749606,1028.01,396,26,()
yj_m,,False,1789176922418,0.0003016309441971196,3.4262153452982626e-05,3.426215345298262e-05,369853252.54454166,42011501.596747756,1226178081725.0566,0.0,1.0,1.0,5.438389414668898e-06,1920,120.0,121.69875,1329.29625,150.99429610315582,250.0,52.645296980749606,1028.01,396,26,()
yj_m,,False,1789176922525,0.00021423475964487833,3.5400910514102184e-05,3.5400910514102184e-05,262689966.6201855,43407820.54550221,1226178081725.0566,0.0,1.0,1.0,5.438389414668898e-06,2204,137.75,139.44875,944.1387499999997,156.01283123732964,250.0,52.645296980749606,1028.01,396,27,()
yj_m,,False,1789176922631,0.00012755447693087825,2.6756112817199236e-05,2.675611281719924e-05,156404503.8385473,32807759.088612564,1226178081725.0566,0.0,1.0,1.0,5.438389414668898e-06,2247,140.4375,142.13625,562.1362499999998,117.91495904755892,250.0,52.645296980749606,1028.01,396,27,()
yj_m,,False,1789176922737,1.7273537942430922e-05,2.7143855801357646e-06,2.714385580135764e-06,64228204.78661473,10092901.26271948,3718300501071.284,0.0,1.0,1.0,1.6491540981661725e-05,2150,134.375,136.07375,230.84374999999991,36.27507858278877,250.0,47.82738761665105,1028.01,396,27,()
yj_m,,False,1789176922845,4.872239404056699e-06,6.770203517831244e-07,6.770203517831244e-07,54524850.712990515,7576481.890420999,11190921913154.004,0.0,1.0,1.0,4.963438197105989e-05,9295,580.9375,582.63625,195.96874999999991,27.230770301030784,250.0,43.04217381424828,1028.01,396,27,()
yj_m,,False,1789176922953,2.9502672266628705e-06,5.959938742955367e-07,5.959938742955367e-07,99960197.52941585,20193311.596485917,33881743533613.26,0.0,1.0,1.0,0.0001502735354105322,21654,1353.375,1355.07375,359.2687499999998,72.57714565334946,250.0,38.231174960409206,1028.01,397,27,()
yj_m,,False,1789176923061,6.325406192026933e-06,1.1608299878275336e-06,1.1608299878275336e-06,214315790.34418583,39330943.9336999,33881743533613.26,0.0,1.0,1.0,0.0001502735354105322,32767,2047.9375,2049.63625,770.2762499999997,141.36005542828394,250.0,38.231174960409206,1028.01,397,27,()
yj_m,,False,1789176923167,9.461025523875168e-06,1.2740595872078823e-06,1.2740595872078825e-06,320556040.3649075,43167360.18031865,33881743533613.26,0.0,1.0,1.0,0.0001502735354105322,32767,2047.9375,2049.63625,1152.1162499999998,155.148588299048,250.0,38.231174960409206,1028.01,397,27,()
yj_m,,False,1789176923273,1.2599929602561724e-05,1.05325693182057e-06,1.0532569318205702e-06,426907583.335578,35686181.23894495,33881743533613.26,0.0,1.0,1.0,0.0001502735354105322,32767,2047.9375,2049.63625,1534.356250000001,128.26034804719458,250.0,38.231174960409206,1028.01,397,27,()
yj_m,,False,1789176923380,4.721868934552456e-05,1.5421869905644431e-06,1.5421869905644431e-06,528420665.3072423,17258494.186888654,11190921913154.004,0.0,1.0,1.0,4.963438197105989e-05,32767,2047.9375,2049.63625,1899.2062500000009,62.02906543458074,250.0,43.04217381424828,1028.01,397,27,()
yj_m,,False,1789176923487,0.00015013260310197887,1.966229688714197e-06,1.9662296887141975e-06,558238133.3412243,7311032.836767235,3718300501071.284,0.0,1.0,1.0,1.6491540981661725e-05,24227,1514.1875,1515.88625,2006.3737500000009,26.276715066528013,250.0,47.82738761665105,1028.01,397,27,()
yj_m,,False,1789176923595,0.00038997164266431426,2.4131052462887692e-05,2.4131052462887692e-05,478174680.7292981,29588967.618950333,1226178081725.0566,0.0,1.0,1.0,5.438389414668898e-06,9408,588.0,589.69875,1718.6162500000003,106.3462425344097,250.0,52.645296980749606,1028.01,397,28,()
yj_m,,False,1789176923703,0.00030914280801802894,3.395147593804969e-05,3.395147593804969e-05,379064135.3146442,41630555.637452185,1226178081725.0566,0.0,1.0,1.0,5.438389414668898e-06,2216,138.5,140.19875,1362.4012499999997,149.62513135562324,250.0,52.645296980749606,1028.01,397,28,()
yj_m,,False,1789176923809,0.00022209152704554262,3.5765951668763536e-05,3.5765951668763536e-05,272323762.600092,43855426.00827556,1226178081725.0566,0.0,1.0,1.0,5.438389414668898e-06,1880,117.5,119.19875,978.7637499999997,157.6215781093677,250.0,52.645296980749606,1028.01,397,28,()
yj_m,,False,1789176923915,0.0001175057565167723,2.5132893656598645e-05,2.5132893656598645e-05,144082983.11738744,30817403.332047973,1226178081725.0566,0.0,1.0,1.0,5.438389414668898e-06,2136,133.5,135.19875,517.8512499999996,110.76138550138985,250.0,52.645296980749606,1028.01,398,28,()
yj_m,,False,1789176924022,1.7695005720790702e-05,2.860233885177663e-06,2.860233885177663e-06,65795348.63807531,10635209.088437172,3718300501071.284,0.0,1.0,1.0,1.6491540981661725e-05,1850,115.625,117.32375,236.4762499999998,38.22419692665236,250.0,47.82738761665105,1028.01,398,28,()
yj_m,,False,1789176924129,4.803992312802938e-06,6.66570088968841e-07,6.665700889688409e-07,53761102.843969785,7459533.815294416,11190921913154.004,0.0,1.0,1.0,4.963438197105989e-05,9389,586.8125,588.51125,193.22374999999994,26.81044511356535,250.0,43.04217381424828,1028.01,398,28,()
yj_m,,False,1789176924237,3.2021251904900894e-06,6.484452274264923e-07,6.484452274264923e-07,108493584.46670772,21970454.891259935,33881743533613.26,0.0,1.0,1.0,0.0001502735354105322,22223,1388.9375,1390.63625,389.93874999999986,78.9644084425857,250.0,38.231174960409206,1028.01,398,28,()
yj_m,,False,1789176924345,6.1807541531349715e-06,1.161744506591524e-06,1.161744506591524e-06,209414727.06083414,39361929.4239181,33881743533613.26,0.0,1.0,1.0,0.0001502735354105322,32767,2047.9375,2049.63625,752.6612499999999,141.47142093789648,250.0,38.231174960409206,1028.01,398,28,()
yj_m,,False,1789176924451,9.326125077159433e-06,1.2865620114907311e-06,1.2865620114907311e-06,315985378.0267151,43590964.11341855,33881743533613.26,0.0,1.0,1.0,0.0001502735354105322,32767,2047.9375,2049.63625,1135.6887499999998,156.67107084011235,250.0,38.231174960409206,1028.01,398,28,()
yj_m,,False,1789176924558,1.3074493402026176e-05,1.0003689645769225e-06,1.0003689645769225e-06,442986632.27936965,33894244.69678154,33881743533613.26,0.0,1.0,1.0,0.0001502735354105322,32767,2047.9375,2049.63625,1592.1462500000002,121.81991658053087,250.0,38.231174960409206,1028.01,398,29,()
yj_m,,False,1789176924664,4.698094333091105e-05,1.6612773136004062e-06,1.6612773136004062e-06,525760068.22253895,18591224.692596402,11190921913154.004,0.0,1.0,1.0,4.963438197105989e-05,32767,2047.9375,2049.63625,1889.6437500000009,66.81905619797021,250.0,43.04217381424828,1028.01,398,29,()
yj_m,,False,1789176924772,0.00015081391053597195,1.7445432532623173e-06,1.7445432532623175e-06,560771439.1144243,6486736.052745803,3718300501071.284,0.0,1.0,1.0,1.6491540981661725e-05,24746,1546.625,1548.32375,2015.4787500000011,23.31409511835062,250.0,47.82738761665105,1028.01,398,29,()
yj_m,,False,1789176924880,0.0003884972933159876,2.5469663624538036e-05,2.5469663624538032e-05,476366865.8735744,31230343.285318498,1226178081725.0566,0.0,1.0,1.0,5.438389414668898e-06,7754,484.625,486.32375,1712.1187500000012,112.24554044008833,250.0,52.645296980749606,1028.01,399,29,()
yj_m,,False,1789176924988,0.0003063682629381267,3.51131405582328e-05,3.51131405582328e-05,375662048.9509099,43054963.33303618,1226178081725.0566,0.0,1.0,1.0,5.438389414668898e-06,1877,117.3125,119.01125,1350.17375,154.7446207617166,250.0,52.645296980749606,1028.01,399,29,()
yj_m,,False,1789176925094,0.00020190502394426912,3.5900019013623025e-05,3.5900019013623025e-05,247571514.95063555,44019816.448017344,1226178081725.0566,0.0,1.0,1.0,5.438389414668898e-06,2162,135.125,136.82375,889.8012499999999,158.21241675572588,250.0,52.645296980749606,1028.01,399,29,()
yj_m,,False,1789176925200,0.00011436645321025426,2.5920080281214123e-05,2.5920080281214123e-05,140233638.211048,31782634.3173786,1226178081725.0566,0.0,1.0,1.0,5.438389414668898e-06,1822,113.875,115.57375,504.01624999999984,114.23053960604187,250.0,52.645296980749606,1028.01,399,29,()
yj_m,,False,1789176925306,1.620387404688665e-05,2.4456956526306677e-06,2.4456956526306677e-06,60250872.9878346,9093831.370644473,3718300501071.284,0.0,1.0,1.0,1.6491540981661725e-05,2236,139.75,141.44875,216.54875,32.68430345268964,250.0,47.82738761665105,1028.01,399,29,()
yj_m,,False,1789176925414,4.891756331792295e-06,7.36884734847542e-07,7.36884734847542e-07,54743263.12726424,8246419.526674036,11190921913154.004,0.0,1.0,1.0,4.963438197105989e-05,9275,579.6875,581.38625,196.75375,29.63860525037405,250.0,43.04217381424828,1028.01,399,29,()
yj_m,,False,1789176925522,2.969133991315397e-06,5.739645909206302e-07,5.739645909206302e-07,100599436.4106818,19446921.06694804,33881743533613.26,0.0,1.0,1.0,0.0001502735354105322,19551,1221.9375,1223.63625,361.5662499999996,69.89452998044626,250.0,38.231174960409206,1028.01,399,30,()
yj_m,,False,1789176925630,5.80267979204579e-06,1.1140250355078e-06,1.1140250355078e-06,196604908.52177578,37745110.54309969,33881743533613.26,0.0,1.0,1.0,0.0001502735354105322,32767,2047.9375,2049.63625,706.6212499999997,135.6603830183576,250.0,38.231174960409206,1028.01,399,30,()
yj_m,,False,1789176925736,9.604774257386596e-06,1.2680836141668702e-06,1.2680836141668702e-06,325426498.08702344,42964883.79437929,33881743533613.26,0.0,1.0,1.0,0.0001502735354105322,32767,2047.9375,2049.63625,1169.6212499999997,154.42086426609427,250.0,38.231174960409206,1028.01,399,30,()
yj_m,,False,1789176925842,1.2722655956307983e-05,1.0377999358187839e-06,1.0377999358187837e-06,431065766.17802423,35162471.26461233,33881743533613.26,0.0,1.0,1.0,0.0001502735354105322,32767,2047.9375,2049.63625,1549.3012500000007,126.37807257664399,250.0,38.231174960409206,1028.01,399,30,()
yj_m,,False,1789176925948,4.603946911304152e-05,1.9406373800667243e-06,1.9406373800667243e-06,515224103.76711327,21717521.382074483,11190921913154.004,0.0,1.0,1.0,4.963438197105989e-05,32767,2047.9375,2049.63625,1851.7762500000006,78.05533555233426,250.0,43.04217381424828,1028.01,400,30,()
yj_m,,False,1789176926056,0.00014902814426334763,2.4492776316403076e-06,2.4492776316403076e-06,554131423.4881291,9107150.244990844,3718300501071.284,0.0,1.0,1.0,1.6491540981661725e-05,22754,1422.125,1423.82375,1991.613750000001,32.73217305935403,250.0,47.82738761665105,1028.01,400,30,()
yj_m,,False,1789176926164,0.0003936521269166977,2.4003436503691523e-05,2.4003436503691523e-05,482687609.849705,29432487.726905674,1226178081725.0566,0.0,1.0,1.0,5.438389414668898e-06,8630,539.375,541.07375,1734.8362500000005,105.7838353302975,250.0,52.645296980749606,1028.01,400,30,()
yj_m,,False,1789176926272,0.0003134841683730675,3.401232962883796e-05,3.401232962883796e-05,384387416.22686255,41705173.099288836,1226178081725.0566,0.0,1.0,1.0,5.438389414668898e-06,2185,136.5625,138.26125,1381.5337499999996,149.89331532188982,250.0,52.645296980749606,1028.01,400,30,()
yj_m,,False,1789176926378,0.00020917806472722344,3.563609816707767e-05,3.5636098167077666e-05,256489558.14618656,43696202.4906731,1226178081725.0566,0.0,1.0,1.0,5.438389414668898e-06,2040,127.5,129.19875,921.8537499999998,157.04930999112187,250.0,52.645296980749606,1028.01,400,30,()
yj_m,,False,1789176926485,0.00012207572894852334,2.6469904385281457e-05,2.646990438528146e-05,149686583.14728832,32456816.582590085,1226178081725.0566,0.0,1.0,1.0,5.438389414668898e-06,1819,113.6875,115.38625,537.9912499999997,116.65363025293084,250.0,52.645296980749606,1028.01,400,30,()
yj_m,,False,1789176926591,1.789741501337183e-05,2.9143000069940554e-06,2.9143000069940554e-06,66547967.212101206,10836243.176278044,3718300501071.284,0.0,1.0,1.0,1.6491540981661725e-05,2180,136.25,137.94875,239.18124999999978,38.94673716997998,250.0,47.82738761665105,1028.01,400,31,()
yj_m,,False,1789176926699,4.846941984985405e-06,6.868545444234086e-07,6.868545444234086e-07,54241749.271559335,7686535.572337333,11190921913154.004,0.0,1.0,1.0,4.963438197105989e-05,8977,561.0625,562.76125,194.9512499999999,27.62631622543078,250.0,43.04217381424828,1028.01,400,31,()
yj_m,,False,1789176926806,2.9396328587738507e-06,5.85021148209858e-07,5.85021148209858e-07,99599886.60395798,19821536.50538636,33881743533613.26,0.0,1.0,1.0,0.0001502735354105322,21015,1313.4375,1315.13625,357.9737499999999,71.24094208871398,250.0,38.231174960409206,1028.01,400,31,()
yj_m,,False,1789176926914,6.410152660455265e-06,1.1829258175634636e-06,1.1829258175634636e-06,217187148.452854,40079589.169975065,33881743533613.26,0.0,1.0,1.0,0.0001502735354105322,32767,2047.9375,2049.63625,780.5962499999998,144.05077478336415,250.0,38.231174960409206,1028.01,401,31,()
yj_m,,False,1789176927021,9.576032722551407e-06,1.2779592148499018e-06,1.2779592148499016e-06,324452684.7749751,43299486.363962136,33881743533613.26,0.0,1.0,1.0,0.0001502735354105322,32767,2047.9375,2049.63625,1166.1212499999997,155.6234654002651,250.0,38.231174960409206,1028.01,401,31,()
yj_m,,False,1789176927127,1.2712411652106003e-05,1.0453141974141702e-06,1.04531419741417e-06,430718671.29037243,35417067.548831694,33881743533613.26,0.0,1.0,1.0,0.0001502735354105322,32767,2047.9375,2049.63625,1548.05375,127.29312167665421,250.0,38.231174960409206,1028.01,401,31,()
yj_m,,False,1789176927233,4.6116169395925994e-05,1.906644477404056e-06,1.906644477404056e-06,516082450.6435903,21337109.462775115,11190921913154.004,0.0,1.0,1.0,4.963438197105989e-05,32767,2047.9375,2049.63625,1854.861250000001,76.68809020759026,250.0,43.04217381424828,1028.01,401,31,()
yj_m,,False,1789176927341,0.00014854587886937897,2.7437288733946446e-06,2.7437288733946446e-06,552338215.8320861,10202008.444747057,3718300501071.284,0.0,1.0,1.0,1.6491540981661725e-05,21083,1317.6875,1319.38625,1985.1687500000012,36.667222674856355,250.0,47.82738761665105,1028.01,401,31,()
yj_m,,False,1789176927448,0.0003932391502619914,2.3601730603906563e-05,2.3601730603906563e-05,482181226.9274399,28939924.75728971,1226178081725.0566,0.0,1.0,1.0,5.438389414668898e-06,8633,539.5625,541.26125,1733.0162500000008,104.0135058715333,250.0,52.645296980749606,1028.01,401,31,()
yj_m,,False,1789176927556,0.0002963433681002537,3.465427289720756e-05,3.465427289720756e-05,363369742.6291114,42492309.86467459,1226178081725.0566,0.0,1.0,1.0,5.438389414668898e-06,2134,133.375,135.07375,1305.9937499999996,152.72237777643292,250.0,52.645296980749606,1028.01,401,32,()
yj_m,,False,1789176927663,0.00020934824741460247,3.5177514862910646e-05,3.517751486291064e-05,256698232.4273398,43133897.69445844,1226178081725.0566,0.0,1.0,1.0,5.438389414668898e-06,2093,130.8125,132.51125,922.6037499999999,155.02832017469422,250.0,52.645296980749606,1028.01,401,32,()
yj_m,,False,1789176927769,0.00012232192656959836,2.586068014611193e-05,2.586068014611193e-05,149988465.27402335,31709799.173664782,1226178081725.0566,0.0,1.0,1.0,5.438389414668898e-06,2080,130.0,131.69875,539.07625,113.9687615015075,250.0,52.645296980749606,1028.01,401,32,()
yj_m,,False,1789176927875,1.6554816591140062e-05,2.4961809460327976e-06,2.4961809460327976e-06,61555782.82597931,9281550.862398343,3718300501071.284,0.0,1.0,1.0,1.6491540981661725e-05,2217,138.5625,140.26125,221.23874999999992,33.35898946592208,250.0,47.82738761665105,1028.01,402,32,()
yj_m,,False,1789176927983,4.813937244133175e-06,6.34097461658571e-07,6.340974616585709e-07,53872395.79391815,7096135.178750232,11190921913154.004,0.0,1.0,1.0,4.963438197105989e-05,8284,517.75,519.44875,193.62374999999992,25.504347515423717,250.0,43.04217381424828,1028.01,402,32,()
yj_m,,False,1789176928091,2.7736504951006295e-06,5.387786518300898e-07,5.387786518300898e-07,93976114.72687897,18254760.102693018,33881743533613.26,0.0,1.0,1.0,0.0001502735354105322,20751,1296.9375,1298.63625,337.76124999999973,65.60976274295999,250.0,38.231174960409206,1028.01,402,32,()
yj_m,,False,1789176928199,6.233576988228502e-06,1.1747832565955296e-06,1.1747832565955296e-06,211204456.8121915,39803705.00755271,33881743533613.26,0.0,1.0,1.0,0.0001502735354105322,32767,2047.9375,2049.63625,759.0937499999997,143.05921453610566,250.0,38.231174960409206,1028.01,402,32,()
yj_m,,False,1789176928305,9.3832386128105e-06,1.292121047221868e-06,1.292121047221868e-06,317920484.1939424,43779313.93635513,33881743533613.26,0.0,1.0,1.0,0.0001502735354105322,32767,2047.9375,2049.63625,1142.6437499999997,157.34802233802463,250.0,38.231174960409206,1028.01,402,32,()
yj_m,,False,1789176928411,1.2521465212461646e-05,1.0843605850368902e-06,1.08436058503689e-06,424249072.9936858,36740027.24017874,33881743533613.26,0.0,1.0,1.0,0.0001502735354105322,32767,2047.9375,2049.63625,1524.80125,132.0479949798084,250.0,38.231174960409206,1028.01,402,32,()
yj_m,,False,1789176928517,4.7169524091260694e-05,1.6407399406477602e-06,1.6407399406477602e-06,527870460.785935,18361392.55558202,11190921913154.004,0.0,1.0,1.0,4.963438197105989e-05,32767,2047.9375,2049.63625,1897.228750000001,65.99301236636727,250.0,43.04217381424828,1028.01,402,33,()
yj_m,,False,1789176928625,0.00014913271616219504,2.5446071223411077e-06,2.5446071223411077e-06,554520253.2320114,9461613.9380305,3718300501071.284,0.0,1.0,1.0,1.6491540981661725e-05,21664,1354.0,1355.69875,1993.011250000001,34.006157415790156,250.0,47.82738761665105,1028.01,402,33,()
yj_m,,False,1789176928733,0.0003955882386234463,2.3498690527136333e-05,2.3498690527136333e-05,485061627.58829135,28813579.27361479,1226178081725.0566,0.0,1.0,1.0,5.438389414668898e-06,8776,548.5,550.19875,1743.3687500000005,103.55940528840193,250.0,52.645296980749606,1028.01,402,33,()
yj_m,,False,1789176928841,0.00029989224440773066,3.4568693014637265e-05,3.4568693014637265e-05,367721296.97209305,42387373.68843029,1226178081725.0566,0.0,1.0,1.0,5.438389414668898e-06,2149,134.3125,136.01125,1321.6337499999997,152.34522477152836,250.0,52.645296980749606,1028.01,402,33,()
yj_m,,False,1789176928947,0.00021305766272384022,3.541029550964009e-05,3.541029550964009e-05,261246636.1755425,43419328.22132787,1226178081725.0566,0.0,1.0,1.0,5.438389414668898e-06,2131,133.1875,134.88625,938.9512499999997,156.05419118270262,250.0,52.645296980749606,1028.01,403,33,()
yj_m,,False,1789176929053,0.00012606140748693976,2.6660911597300303e-05,2.6660911597300303e-05,154573734.8118965,32691025.439419,1226178081725.0566,0.0,1.0,1.0,5.438389414668898e-06,2144,134.0,135.69875,555.5562499999997,117.49540453220926,250.0,52.645296980749606,1028.01,403,33,()
yj_m,,False,1789176929160,1.6848702911514332e-05,2.5094246686389447e-06,2.5094246686389442e-06,62648540.47828494,9330795.002800828,3718300501071.284,0.0,1.0,1.0,1.6491540981661725e-05,2146,134.125,135.82375,225.16624999999993,33.53597871968999,250.0,47.82738761665105,1028.01,403,33,()
yj_m,,False,1789176929267,4.865588731229601e-06,6.545279738550084e-07,6.545279738550084e-07,54450423.55271254,7324771.4453863045,11190921913154.004,0.0,1.0,1.0,4.963438197105989e-05,8860,553.75,555.44875,195.7012499999999,26.326093247717175,250.0,43.04217381424828,1028.01,403,33,()
yj_m,,False,1789176929375,3.16028572763715e-06,6.216927757058063e-07,6.216927757058063e-07,107075990.51674029,21064035.18316428,33881743533613.26,0.0,1.0,1.0,0.0001502735354105322,21805,1362.8125,1364.51125,384.84374999999994,75.70662901085677,250.0,38.231174960409206,1028.01,403,33,()
yj_m,,False,1789176929483,6.115757225071964e-06,1.1511070190765688e-06,1.1511070190765688e-06,207212517.8137306,39001512.80009437,33881743533613.26,0.0,1.0,1.0,0.0001502735354105322,32767,2047.9375,2049.63625,744.7462499999997,140.17604104549213,250.0,38.231174960409206,1028.01,403,33,()
yj_m,,False,1789176929589,9.259711602022407e-06,1.2837144298794443e-06,1.2837144298794443e-06,313735173.69494635,43494483.08357389,33881743533613.26,0.0,1.0,1.0,0.0001502735354105322,32767,2047.9375,2049.63625,1127.6012499999997,156.3243066294794,250.0,38.231174960409206,1028.01,403,34,()
yj_m,,False,1789176929696,1.2979358921721702e-05,1.0195307295280282e-06,1.0195307295280282e-06,439763310.21648985,34543478.70250628,33881743533613.26,0.0,1.0,1.0,0.0001502735354105322,32767,2047.9375,2049.63625,1580.5612500000007,124.15334023773785,250.0,38.231174960409206,1028.01,403,34,()
yj_m,,False,1789176929802,4.6795532517422914e-05,1.739253274962589e-06,1.739253274962589e-06,523685150.28693885,19463847.5873037,11190921913154.004,0.0,1.0,1.0,4.963438197105989e-05,32767,2047.9375,2049.63625,1882.186250000001,69.95536589274263,250.0,43.04217381424828,1028.01,403,34,()
yj_m,,False,1789176929910,0.00014936543072778738,2.2801476817698217e-06,2.2801476817698217e-06,555385555.91786,8478274.267641256,3718300501071.284,0.0,1.0,1.0,1.6491540981661725e-05,23713,1482.0625,1483.76125,1996.121250000001,30.471918559347394,250.0,47.82738761665105,1028.01,404,34,()
yj_m,,False,1789176930017,0.00038691119066961517,2.4315715947078525e-05,2.4315715947078522e-05,474422021.57322633,29815397.93576011,1226178081725.0566,0.0,1.0,1.0,5.438389414668898e-06,9081,567.5625,569.26125,1705.1287500000005,107.16005982261997,250.0,52.645296980749606,1028.01,404,34,()
yj_m,,False,1789176930125,0.000306007475640883,3.380687152524639e-05,3.380687152524639e-05,375219659.4748649,41453244.87595206,1226178081725.0566,0.0,1.0,1.0,5.438389414668898e-06,2188,136.75,138.44875,1348.5837499999998,148.98785554765024,250.0,52.645296980749606,1028.01,404,34,()
yj_m,,False,1789176930231,0.000219148501105135,3.5279578183425656e-05,3.527957818342566e-05,268715088.69801587,43259045.50102203,1226178081725.0566,0.0,1.0,1.0,5.438389414668898e-06,2094,130.875,132.57375,965.7937499999997,155.47811616490435,250.0,52.645296980749606,1028.01,404,34,()
yj_m,,False,1789176930338,0.00011473745146874044,2.3901082919001466e-05,2.390108291900147e-05,140688548.14396194,29306984.004772738,1226178081725.0566,0.0,1.0,1.0,5.438389414668898e-06,2053,128.3125,130.01125,505.65124999999966,105.3327601375161,250.0,52.645296980749606,1028.01,404,34,()
yj_m,,False,1789176930444,1.772156960207214e-05,2.774431385772995e-06,2.7744313857729954e-06,65894121.13115447,10316169.611907626,3718300501071.284,0.0,1.0,1.0,1.6491540981661725e-05,2257,141.0625,142.76125,236.83124999999978,37.07753138610364,250.0,47.82738761665105,1028.01,404,34,()
yj_m,,False,1789176930552,4.817853060844457e-06,6.446440493137462e-07,6.446440493137462e-07,53916217.392960325,7214161.217649533,11190921913154.004,0.0,1.0,1.0,4.963438197105989e-05,9168,573.0,574.69875,193.78124999999991,25.92854703193953,250.0,43.04217381424828,1028.01,404,35,()
yj_m,,False,1789176930660,2.9703452417120242e-06,5.538318755212286e-07,5.538318755212287e-07,100640475.6859753,18764789.567150295,33881743533613.26,0.0,1.0,1.0,0.0001502735354105322,18869,1179.3125,1181.01125,361.7137499999998,67.44286884606481,250.0,38.231174960409206,1028.01,404,35,()
yj_m,,False,1789176930768,5.798738095839824e-06,1.1040947457831898e-06,1.10409474578319e-06,196471356.98183784,37408655.013435975,33881743533613.26,0.0,1.0,1.0,0.0001502735354105322,32767,2047.9375,2049.63625,706.1412499999999,134.4511221269183,250.0,38.231174960409206,1028.01,404,35,()
yj_m,,False,1789176930874,9.57818833766405e-06,1.2659854710415152e-06,1.2659854710415152e-06,324525720.77337885,42893795.047109194,33881743533613.26,0.0,1.0,1.0,0.0001502735354105322,32767,2047.9375,2049.63625,1166.38375,154.16536291653682,250.0,38.231174960409206,1028.01,405,35,()
yj_m,,False,1789176930980,1.2695269379543589e-05,1.0387951958130694e-06,1.0387951958130694e-06,430137861.2078294,35196192.40848798,33881743533613.26,0.0,1.0,1.0,0.0001502735354105322,32767,2047.9375,2049.63625,1545.96625,126.49927034843918,250.0,38.231174960409206,1028.01,405,35,()
yj_m,,False,1789176931086,4.5920813651107604e-05,1.98293883988636e-06,1.98293883988636e-06,513896239.7580416,22190913.715728443,11190921913154.004,0.0,1.0,1.0,4.963438197105989e-05,32767,2047.9375,2049.63625,1847.0037500000005,79.75676348240006,250.0,43.04217381424828,1028.01,405,35,()
yj_m,,False,1789176931194,0.00014835749979578446,2.8018032257090417e-06,2.801803225709042e-06,551637765.8283483,10417946.338057071,3718300501071.284,0.0,1.0,1.0,1.6491540981661725e-05,21645,1352.8125,1354.51125,1982.6512500000008,37.4433289544012,250.0,47.82738761665105,1028.01,405,35,()
yj_m,,False,1789176931302,0.00039024280041287146,2.4470834992838945e-05,2.4470834992838945e-05,478507168.4172689,30005601.509729646,1226178081725.0566,0.0,1.0,1.0,5.438389414668898e-06,7962,497.625,499.32375,1719.8112500000002,107.84367392057588,250.0,52.645296980749606,1028.01,405,35,()
yj_m,,False,1789176931411,0.00031034543234217406,3.393253192117247e-05,3.393253192117247e-05,380538766.90146035,41607326.899177514,1226178081725.0566,0.0,1.0,1.0,5.438389414668898e-06,2169,135.5625,137.26125,1367.7012500000003,149.54164452816312,250.0,52.645296980749606,1028.01,405,35,()
yj_m,,False,1789176931518,0.00020517650247131827,3.5362809313874345e-05,3.5362809313874345e-05,251582930.2153374,43361101.68889541,1226178081725.0566,0.0,1.0,1.0,5.438389414668898e-06,1911,119.4375,121.13625,904.2187499999997,155.84491815162755,250.0,52.645296980749606,1028.01,405,36,()
yj_m,,False,1789176931624,0.00011817287265129809,2.554696658787191e-05,2.554696658787191e-05,144900986.2995081,31325130.484610893,1226178081725.0566,0.0,1.0,1.0,5.438389414668898e-06,2172,135.75,137.44875,520.7912499999998,112.58621682376355,250.0,52.645296980749606,1028.01,405,36,()
yj_m,,False,1789176931730,1.7672931509585002e-05,2.8491646975604473e-06,2.849164697560448e-06,65713270.087488405,10594050.522573628,3718300501071.284,0.0,1.0,1.0,1.6491540981661725e-05,2063,128.9375,130.63625,236.18124999999992,38.076268182261515,250.0,47.82738761665105,1028.01,405,36,()
yj_m,,False,1789176931838,4.891010461942525e-06,7.33529798140445e-07,7.335297981404449e-07,54734916.156018086,8208874.691961338,11190921913154.004,0.0,1.0,1.0,4.963438197105989e-05,9462,591.375,593.07375,196.72374999999994,29.503664682332268,250.0,43.04217381424828,1028.01,405,36,()
yj_m,,False,1789176931946,3.061065843452526e-06,6.29514398024186e-07,6.29514398024186e-07,103714247.84736206,21329045.38457241,33881743533613.26,0.0,1.0,1.0,0.0001502735354105322,22235,1389.6875,1391.38625,372.76124999999985,76.65910695858322,250.0,38.231174960409206,1028.01,406,36,()
yj_m,,False,1789176932053,6.001838098785916e-06,1.1493537193365072e-06,1.1493537193365072e-06,203352739.19333342,38942107.94796406,33881743533613.26,0.0,1.0,1.0,0.0001502735354105322,32767,2047.9375,2049.63625,730.8737499999997,139.96253299432493,250.0,38.231174960409206,1028.01,406,36,()
yj_m,,False,1789176932160,9.780528742903779e-06,1.2821161539962397e-06,1.28211615399624e-06,331381366.4901988,43440330.710003205,33881743533613.26,0.0,1.0,1.0,0.0001502735354105322,32767,2047.9375,2049.63625,1191.0237499999996,156.12967660629894,250.0,38.231174960409206,1028.01,406,36,()
yj_m,,False,1789176932266,1.292130102135462e-05,1.0236645118495649e-06,1.0236645118495649e-06,437796207.3261523,34683538.45494837,33881743533613.26,0.0,1.0,1.0,0.0001502735354105322,32767,2047.9375,2049.63625,1573.491250000001,124.65673152175738,250.0,38.231174960409206,1028.01,406,36,()
yj_m,,False,1789176932372,4.663361660420246e-05,1.771999628166854e-06,1.771999628166854e-06,521873161.94559175,19830309.468953192,11190921913154.004,0.0,1.0,1.0,4.963438197105989e-05,32767,2047.9375,2049.63625,1875.6737500000008,71.272473155402,250.0,43.04217381424828,1028.01,406,36,()
yj_m,,False,1789176932480,0.00014879599090651476,2.6278950827789307e-06,2.6278950827789307e-06,553268207.5450921,9771303.603059663,3718300501071.284,0.0,1.0,1.0,1.6491540981661725e-05,21362,1335.125,1336.82375,1988.511250000001,35.11921863008202,250.0,47.82738761665105,1028.01,406,36,()
yj_m,,False,1789176932588,0.0003936305704429631,2.3693390861340874e-05,2.369339086134087e-05,482661177.77409226,29052316.555920936,1226178081725.0566,0.0,1.0,1.0,5.438389414668898e-06,8985,561.5625,563.26125,1734.7412500000005,104.4174552634161,250.0,52.645296980749606,1028.01,406,37,()
yj_m,,False,1789176932696,0.00029796067090597894,3.449765967876726e-05,3.449765967876726e-05,365352843.88100415,42300274.16891467,1226178081725.0566,0.0,1.0,1.0,5.438389414668898e-06,2140,133.75,135.44875,1313.1212499999997,152.03217881648445,250.0,52.645296980749606,1028.01,406,37,()
yj_m,,False,1789176932802,0.0002106178102624498,3.5255380875291837e-05,3.5255380875291837e-05,258254942.56474262,43229375.29215159,1226178081725.0566,0.0,1.0,1.0,5.438389414668898e-06,1891,118.1875,119.88625,928.1987499999997,155.37147793172173,250.0,52.645296980749606,1028.01,406,37,()
yj_m,,False,1789176932908,0.00012356312563621588,2.614060679641397e-05,2.6140606796413972e-05,151510396.36456737,32053039.096755862,1226178081725.0566,0.0,1.0,1.0,5.438389414668898e-06,2175,135.9375,137.63625,544.5462499999996,115.20240630380732,250.0,52.645296980749606,1028.01,407,37,()
yj_m,,False,1789176933014,1.6618233180959837e-05,2.6050418421931934e-06,2.605041842193193e-06,61791584.7636824,9686328.38713861,3718300501071.284,0.0,1.0,1.0,1.6491540981661725e-05,2137,133.5625,135.26125,222.0862499999998,34.813807672926266,250.0,47.82738761665105,1028.01,407,37,()
yj_m,,False,1789176933122,4.884359789115427e-06,7.141357899516031e-07,7.141357899516031e-07,54660488.9957401,7991837.860736939,11190921913154.004,0.0,1.0,1.0,4.963438197105989e-05,9429,589.3125,591.01125,196.4562499999999,28.72360869019595,250.0,43.04217381424828,1028.01,407,37,()
yj_m,,False,1789176933230,3.002987413417703e-06,6.197709768890428e-07,6.197709768890428e-07,101746449.37608728,20998921.288531497,33881743533613.26,0.0,1.0,1.0,0.0001502735354105322,22036,1377.25,1378.94875,365.6887499999998,75.47260198699593,250.0,38.231174960409206,1028.01,407,37,()
yj_m,,False,1789176933338,6.4626880802004435e-06,1.1793833456202135e-06,1.1793833456202135e-06,218967140.07109088,39959564.044118844,33881743533613.26,0.0,1.0,1.0,0.0001502735354105322,32767,2047.9375,2049.63625,786.9937499999999,143.61939031233734,250.0,38.231174960409206,1028.01,407,37,()
yj_m,,False,1789176933445,9.615121209927266e-06,1.2730840347746409e-06,1.2730840347746409e-06,325777070.87936085,43134306.76297197,33881743533613.26,0.0,1.0,1.0,0.0001502735354105322,32767,2047.9375,2049.63625,1170.8812499999997,155.0297904152215,250.0,38.231174960409206,1028.01,407,37,()
yj_m,,False,1789176933551,1.2758849760532573e-05,1.0313341258044153e-06,1.0313341258044153e-06,432292075.3702676,34943398.34796844,33881743533613.26,0.0,1.0,1.0,0.0001502735354105322,32767,2047.9375,2049.63625,1553.70875,125.59069865315465,250.0,38.231174960409206,1028.01,407,38,()
yj_m,,False,1789176933657,4.753736223883789e-05,1.43765703942158e-06,1.43765703942158e-06,531986908.77215064,16088707.66606307,11190921913154.004,0.0,1.0,1.0,4.963438197105989e-05,32767,2047.9375,2049.63625,1912.023750000001,57.82471458803321,250.0,43.04217381424828,1028.01,407,38,()
yj_m,,False,1789176933765,0.00014964584803793443,2.220953157085385e-06,2.220953157085385e-06,556428231.7426888,8258171.236846437,3718300501071.284,0.0,1.0,1.0,1.6491540981661725e-05,22868,1429.25,1430.94875,1999.8687500000008,29.680842283996935,250.0,47.82738761665105,1028.01,407,38,()
yj_m,,False,1789176933873,0.00039770814763256425,2.3101201811274026e-05,2.310120181127403e-05,487661013.5505233,28326187.322491392,1226178081725.0566,0.0,1.0,1.0,5.438389414668898e-06,9478,592.375,594.07375,1752.711250000001,101.80766108052725,250.0,52.645296980749606,1028.01,408,38,()
yj_m,,False,1789176933981,0.00030309905351357577,3.427256679484535e-05,3.427256679484535e-05,371653416.0099566,42024270.20829734,1226178081725.0566,0.0,1.0,1.0,5.438389414668898e-06,2198,137.375,139.07375,1335.76625,151.04018800037127,250.0,52.645296980749606,1028.01,408,38,()
yj_m,,False,1789176934087,0.00021591956824993058,3.550951632990478e-05,3.550951632990478e-05,264755842.00360233,43540990.61638721,1226178081725.0566,0.0,1.0,1.0,5.438389414668898e-06,2151,134.4375,136.13625,951.5637499999998,156.49146019252137,250.0,52.645296980749606,1028.01,408,38,()
yj_m,,False,1789176934193,0.0001290101061835934,2.7149056598603978e-05,2.7149056598603978e-05,158189364.52334443,33289578.140721217,1226178081725.0566,0.0,1.0,1.0,5.438389414668898e-06,2167,135.4375,137.13625,568.5512499999999,119.64667359850628,250.0,52.645296980749606,1028.01,408,38,()
yj_m,,False,1789176934299,1.7283452630514846e-05,2.6831268575090106e-06,2.6831268575090106e-06,64265070.57628516,9976671.938713575,3718300501071.284,0.0,1.0,1.0,1.6491540981661725e-05,1952,122.0,123.69875,230.97625,35.85733667169803,250.0,47.82738761665105,1028.01,408,38,()
yj_m,,False,1789176934407,4.765020613152568e-06,6.346554004684978e-07,6.346554004684978e-07,53324973.596359596,7102379.028404442,11190921913154.004,0.0,1.0,1.0,4.963438197105989e-05,8943,558.9375,560.63625,191.65625,25.52678864815353,250.0,43.04217381424828,1028.01,408,38,()
yj_m,,False,1789176934515,3.191655059942984e-06,6.372412903827407e-07,6.372412903827408e-07,108138838.18874724,21590845.969776798,33881743533613.26,0.0,1.0,1.0,0.0001502735354105322,20623,1288.9375,1290.63625,388.66374999999965,77.60004916678533,250.0,38.231174960409206,1028.01,408,39,()
yj_m,,False,1789176934623,6.112513537569135e-06,1.1493540849650334e-06,1.1493540849650334e-06,207102616.02565655,38942120.336096,33881743533613.26,0.0,1.0,1.0,0.0001502735354105322,32767,2047.9375,2049.63625,744.3512499999997,139.96257751873355,250.0,38.231174960409206,1028.01,408,39,()
yj_m,,False,1789176934729,9.257884461593597e-06,1.2821008780283004e-06,1.2821008780283006e-06,313673266.9915376,43439813.13357526,33881743533613.26,0.0,1.0,1.0,0.0001502735354105322,32767,2047.9375,2049.63625,1127.3787499999996,156.1278163755181,250.0,38.231174960409206,1028.01,408,39,()
yj_m,,False,1789176934835,1.2998718398399976e-05,1.008308360704947e-06,1.008308360704947e-06,440419243.0402481,34163245.28020302,33881743533613.26,0.0,1.0,1.0,0.0001502735354105322,32767,2047.9375,2049.63625,1582.9187500000005,122.78673643226904,250.0,38.231174960409206,1028.01,408,39,()
yj_m,,False,1789176934941,4.6830712712003615e-05,1.683455205679917e-06,1.6834552056799172e-06,524078849.09738106,18839415.751056567,11190921913154.004,0.0,1.0,1.0,4.963438197105989e-05,32767,2047.9375,2049.63625,1883.6012500000006,67.71108416047919,250.0,43.04217381424828,1028.01,409,39,()
yj_m,,False,1789176935049,0.00014964547389876144,2.275162141020384e-06,2.275162141020384e-06,556426840.5808145,8459736.528974509,3718300501071.284,0.0,1.0,1.0,1.6491540981661725e-05,22949,1434.3125,1436.01125,1999.863750000001,30.405291738240226,250.0,47.82738761665105,1028.01,409,39,()
yj_m,,False,1789176935157,0.0003874245751098752,2.4583378349123043e-05,2.4583378349123043e-05,475051522.32137185,30143599.706448983,1226178081725.0566,0.0,1.0,1.0,5.438389414668898e-06,8331,520.6875,522.38625,1707.3912500000004,108.33965572996576,250.0,52.645296980749606,1028.01,409,39,()
yj_m,,False,1789176935264,0.00030550600398873955,3.430549077564004e-05,3.430549077564004e-05,374604765.9264002,42064640.87191093,1226178081725.0566,0.0,1.0,1.0,5.438389414668898e-06,2152,134.5,136.19875,1346.3737499999997,151.18528493106567,250.0,52.645296980749606,1028.01,409,39,()
yj_m,,False,1789176935371,0.00021835715160882255,3.577017962633213e-05,3.577017962633213e-05,267744753.2906534,43860610.237176634,1226178081725.0566,0.0,1.0,1.0,5.438389414668898e-06,1900,118.75,120.44875,962.3062499999997,157.64021084002485,250.0,52.645296980749606,1028.01,409,39,()
yj_m,,False,1789176935477,0.00011348036868463416,2.4549490326535875e-05,2.4549490326535875e-05,139147140.7871769,30102046.955919594,1226178081725.0566,0.0,1.0,1.0,5.438389414668898e-06,2085,130.3125,132.01125,500.1112499999997,108.19031023935324,250.0,52.645296980749606,1028.01,409,39,()
yj_m,,False,1789176935583,1.6902578952423168e-05,2.7090389061973745e-06,2.709038906197374e-06,62848867.788192004,10073020.7223353,3718300501071.284,0.0,1.0,1.0,1.6491540981661725e-05,2080,130.0,131.69875,225.88624999999982,36.2036255737944,250.0,47.82738761665105,1028.01,409,40,()
yj_m,,False,1789176935692,4.598007922625371e-06,6.057330904495113e-07,6.057330904495113e-07,51455947.61816398,6778711.715433933,11190921913154.004,0.0,1.0,1.0,4.963438197105989e-05,8305,519.0625,520.76125,184.9387499999999,24.363490117130183,250.0,43.04217381424828,1028.01,409,40,()
yj_m,,False,1789176935800,3.086789517130022e-06,6.397872160872031e-07,6.39787216087203e-07,104585810.76164532,21677106.371551022,33881743533613.26,0.0,1.0,1.0,0.0001502735354105322,22174,1385.875,1387.57375,375.89374999999984,77.91007923361072,250.0,38.231174960409206,1028.01,409,40,()
yj_m,,False,1789176935908,6.058068858724191e-06,1.1652409501312922e-06,1.1652409501312922e-06,205257935.38026223,39480395.027212285,33881743533613.26,0.0,1.0,1.0,0.0001502735354105322,32767,2047.9375,2049.63625,737.7212499999998,141.8972003007371,250.0,38.231174960409206,1028.01,410,40,()
yj_m,,False,1789176936014,9.844868721599128e-06,1.2875947540748447e-06,1.2875947540748445e-06,333561317.1473127,43625955.23278972,33881743533613.26,0.0,1.0,1.0,0.0001502735354105322,32767,2047.9375,2049.63625,1198.8587499999996,156.79683305375625,250.0,38.231174960409206,1028.01,410,40,()
yj_m,,False,1789176936121,1.2964495442278357e-05,1.03197651025082e-06,1.0319765102508197e-06,439259709.6179733,34965163.453031495,33881743533613.26,0.0,1.0,1.0,0.0001502735354105322,32767,2047.9375,2049.63625,1578.7512500000003,125.66892501007361,250.0,38.231174960409206,1028.01,410,40,()
yj_m,,False,1789176936227,4.6896038479679146e-05,1.6999853535240438e-06,1.6999853535240442e-06,524809904.66235477,19024403.34479308,11190921913154.004,0.0,1.0,1.0,4.963438197105989e-05,32767,2047.9375,2049.63625,1886.2287500000011,68.37595140974274,250.0,43.04217381424828,1028.01,410,40,()
yj_m,,False,1789176936334,0.00014890954214551362,2.4008822349558257e-06,2.4008822349558253e-06,553690425.1739588,8927201.61724939,3718300501071.284,0.0,1.0,1.0,1.6491540981661725e-05,23651,1478.1875,1479.88625,1990.028750000001,32.085416448715456,250.0,47.82738761665105,1028.01,410,40,()
yj_m,,False,1789176936442,0.00039445652375237595,2.348054215837611e-05,2.348054215837611e-05,483673943.6186226,28791326.14162194,1226178081725.0566,0.0,1.0,1.0,5.438389414668898e-06,9346,584.125,585.82375,1738.3812500000008,103.47942490508683,250.0,52.645296980749606,1028.01,410,40,()
yj_m,,False,1789176936550,0.00031481896791774364,3.3606914537014243e-05,3.360691453701425e-05,386024118.17204106,41208061.99969405,1226178081725.0566,0.0,1.0,1.0,5.438389414668898e-06,1936,121.0,122.69875,1387.41625,148.10663934708504,250.0,52.645296980749606,1028.01,410,41,()
yj_m,,False,1789176936656,0.00021007606204096,3.5496420318867073e-05,3.549642031886707e-05,257590662.76973832,43524932.574694745,1226178081725.0566,0.0,1.0,1.0,5.438389414668898e-06,2197,137.3125,139.01125,925.8112499999999,156.43374569506256,250.0,52.645296980749606,1028.01,410,41,()
yj_m,,False,1789176936763,0.0001233458590719954,2.634747736628963e-05,2.634747736628963e-05,151243988.86562848,32306699.255291365,1226178081725.0566,0.0,1.0,1.0,5.438389414668898e-06,2148,134.25,135.94875,543.5887499999999,116.11409085760219,250.0,52.645296980749606,1028.01,410,41,()
yj_m,,False,1789176936869,1.843673663121972e-05,3.0676624476035505e-06,3.06766244760355e-06,68553327.05398358,11406490.816041842,3718300501071.284,0.0,1.0,1.0,1.6491540981661725e-05,2141,133.8125,135.51125,246.38874999999993,40.996274503758265,250.0,47.82738761665105,1028.01,411,41,()
yj_m,,False,1789176936977,4.879573790912751e-06,6.866361197315958e-07,6.866361197315958e-07,54606929.263577454,7684091.198667351,11190921913154.004,0.0,1.0,1.0,4.963438197105989e-05,8365,522.8125,524.51125,196.26374999999993,27.617530857907987,250.0,43.04217381424828,1028.01,411,41,()
yj_m,,False,1789176937085,3.013621781306723e-06,6.155413735788382e-07,6.155413735788383e-07,102106760.30154514,20855614.953926228,33881743533613.26,0.0,1.0,1.0,0.0001502735354105322,21951,1371.9375,1373.63625,366.9837499999997,74.95754210343013,250.0,38.231174960409206,1028.01,411,41,()
yj_m,,False,1789176937192,5.938360366135625e-06,1.153148549789409e-06,1.153148549789409e-06,201202002.935581,39070683.42012282,33881743533613.26,0.0,1.0,1.0,0.0001502735354105322,32767,2047.9375,2049.63625,723.1437499999997,140.4246484193124,250.0,38.231174960409206,1028.01,411,41,()
yj_m,,False,1789176937298,9.711549059299324e-06,1.2944253707020323e-06,1.294425370702032e-06,329044214.54128283,43857388.43352853,33881743533613.26,0.0,1.0,1.0,0.0001502735354105322,32767,2047.9375,2049.63625,1182.6237499999997,157.6286312973868,250.0,38.231174960409206,1028.01,411,41,()
yj_m,,False,1789176937405,1.2846121378092854e-05,1.0500729508831964e-06,1.0500729508831964e-06,435248989.93420863,35578302.413408935,33881743533613.26,0.0,1.0,1.0,0.0001502735354105322,32767,2047.9375,2049.63625,1564.3362500000003,127.87261881336244,250.0,38.231174960409206,1028.01,411,41,()
yj_m,,False,1789176937511,4.659166142515301e-05,1.8164835795885462e-06,1.8164835795885462e-06,521403644.812997,20328125.895701885,11190921913154.004,0.0,1.0,1.0,4.963438197105989e-05,32767,2047.9375,2049.63625,1873.9862500000006,73.06168415926021,250.0,43.04217381424828,1028.01,411,42,()
yj_m,,False,1789176937619,0.00014881638149144208,2.49628492596799e-06,2.49628492596799e-06,553344025.8672445,9281937.49104347,3718300501071.284,0.0,1.0,1.0,1.6491540981661725e-05,23719,1482.4375,1484.13625,1988.783750000001,33.36037905491332,250.0,47.82738761665105,1028.01,411,42,()
yj_m,,False,1789176937726,0.00039613736142805585,2.29618639786447e-05,2.29618639786447e-05,485734949.935479,28155334.326166235,1226178081725.0566,0.0,1.0,1.0,5.438389414668898e-06,9311,581.9375,583.63625,1745.7887500000006,101.19359524291791,250.0,52.645296980749606,1028.01,411,42,()
yj_m,,False,1789176937834,0.0003003761305155116,3.43024131672179e-05,3.43024131672179e-05,368314627.51150525,42060867.17591957,1226178081725.0566,0.0,1.0,1.0,5.438389414668898e-06,2099,131.1875,132.88625,1323.7662499999997,151.1717218221963,250.0,52.645296980749606,1028.01,411,42,()
yj_m,,False,1789176937941,0.00021302646256448742,3.5305689361841064e-05,3.530568936184106e-05,261208379.22399777,43291062.45568301,1226178081725.0566,0.0,1.0,1.0,5.438389414668898e-06,2129,133.0625,134.76125,938.8137499999997,155.5931888794863,250.0,52.645296980749606,1028.01,412,42,()
yj_m,,False,1789176938047,0.00012625201209680425,2.648581609995441e-05,2.6485816099954408e-05,154807450.00678807,32476327.178364716,1226178081725.0566,0.0,1.0,1.0,5.438389414668898e-06,2085,130.3125,132.01125,556.3962499999997,116.72375363732736,250.0,52.645296980749606,1028.01,412,42,()
yj_m,,False,1789176938153,1.9283974788428536e-05,3.3076370718414665e-06,3.307637071841466e-06,71703613.11845984,12298788.581590079,3718300501071.284,0.0,1.0,1.0,1.6491540981661725e-05,2125,132.8125,134.51125,257.71124999999984,44.20329800690781,250.0,47.82738761665105,1028.01,412,42,()
yj_m,,False,1789176938261,4.744633503925576e-06,6.075237134921287e-07,6.075237134921286e-07,53096823.048965394,6798750.438079758,11190921913154.004,0.0,1.0,1.0,4.963438197105989e-05,8162,510.125,511.82375,190.8362499999999,24.43551165184597,250.0,43.04217381424828,1028.01,412,42,()
yj_m,,False,1789176938368,2.7843053926573906e-06,5.55819425646263e-07,5.558194256462629e-07,94337121.23327407,18832131.230746906,33881743533613.26,0.0,1.0,1.0,0.0001502735354105322,21701,1356.3125,1358.01125,339.0587499999999,67.68490273456483,250.0,38.231174960409206,1028.01,412,42,()
yj_m,,False,1789176938476,6.256385449086999e-06,1.1828658183571424e-06,1.1828658183571424e-06,211977247.23339552,40077556.29225427,33881743533613.26,0.0,1.0,1.0,0.0001502735354105322,32767,2047.9375,2049.63625,761.8712499999997,144.04346838085888,250.0,38.231174960409206,1028.01,412,42,()
yj_m,,False,1789176938583,9.401468957763107e-06,1.2984312413762345e-06,1.2984312413762345e-06,318538160.06615597,43993114.31634068,33881743533613.26,0.0,1.0,1.0,0.0001502735354105322,32767,2047.9375,2049.63625,1144.8637499999998,158.11644614235263,250.0,38.231174960409206,1028.01,412,43,()
yj_m,,False,1789176938689,1.2543349838271873e-05,1.088229647272713e-06,1.088229647272713e-06,424990562.272717,36871117.81456848,33881743533613.26,0.0,1.0,1.0,0.0001502735354105322,32767,2047.9375,2049.63625,1527.4662500000004,132.51914997911624,250.0,38.231174960409206,1028.01,412,43,()
yj_m,,False,1789176938795,4.729420866781357e-05,1.598309561670244e-06,1.598309561670244e-06,529265796.1459129,17886557.497699104,11190921913154.004,0.0,1.0,1.0,4.963438197105989e-05,32767,2047.9375,2049.63625,1902.2437500000012,64.28639911511222,250.0,43.04217381424828,1028.01,412,43,()
yj_m,,False,1789176938903,0.00014927096058661043,2.395947425762975e-06,2.395947425762975e-06,555034287.5445855,8908852.513754923,3718300501071.284,0.0,1.0,1.0,1.6491540981661725e-05,22451,1403.1875,1404.88625,1994.8587500000012,32.01946760468544,250.0,47.82738761665105,1028.01,413,43,()
yj_m,,False,1789176939011,0.0003955428565734785,2.3379783707297268e-05,2.3379783707297264e-05,485005981.1133171,28667778.337360494,1226178081725.0566,0.0,1.0,1.0,5.438389414668898e-06,8791,549.4375,551.13625,1743.1687500000005,103.03537951202732,250.0,52.645296980749606,1028.01,413,43,()
yj_m,,False,1789176939119,0.00029956379182108914,3.454121509060293e-05,3.4541215090602935e-05,367318555.6094673,42353680.86024808,1226178081725.0566,0.0,1.0,1.0,5.438389414668898e-06,2134,133.375,135.07375,1320.1862499999997,152.22412876967798,250.0,52.645296980749606,1028.01,413,43,()
yj_m,,False,1789176939225,0.00021266851164536687,3.536373501110623e-05,3.536373501110623e-05,260769467.65263882,43362236.75855146,1226178081725.0566,0.0,1.0,1.0,5.438389414668898e-06,2065,129.0625,130.76125,937.2362499999997,155.84899772596387,250.0,52.645296980749606,1028.01,413,43,()
yj_m,,False,1789176939331,0.00012561325974350836,2.655663482244099e-05,2.655663482244099e-05,154024225.87152636,32563163.543653533,1226178081725.0566,0.0,1.0,1.0,5.438389414668898e-06,1978,123.625,125.32375,553.5812499999997,117.03585378501538,250.0,52.645296980749606,1028.01,413,43,()
yj_m,,False,1789176939438,1.686086243463611e-05,2.5831685408194776e-06,2.583168540819478e-06,62693753.23920145,9604996.879680643,3718300501071.284,0.0,1.0,1.0,1.6491540981661725e-05,1888,118.0,119.69875,225.32874999999981,34.52149263411854,250.0,47.82738761665105,1028.01,413,43,()
yj_m,,False,1789176939546,4.634369077801555e-06,5.986361606706556e-07,5.986361606706557e-07,51862862.46641274,6699290.528455622,11190921913154.004,0.0,1.0,1.0,4.963438197105989e-05,8987,561.6875,563.38625,186.40124999999992,24.078040995635423,250.0,43.04217381424828,1028.01,413,44,()
yj_m,,False,1789176939653,2.764843267640418e-06,5.550039684831381e-07,5.550039684831381e-07,93677710.5048299,18804502.120283265,33881743533613.26,0.0,1.0,1.0,0.0001502735354105322,20480,1280.0,1281.69875,336.6887499999998,67.5856004500034,250.0,38.231174960409206,1028.01,413,44,()
yj_m,,False,1789176939761,6.118631378555484e-06,1.160942301025068e-06,1.160942301025068e-06,207309899.14493546,39334749.300654195,33881743533613.26,0.0,1.0,1.0,0.0001502735354105322,32767,2047.9375,2049.63625,745.0962499999998,141.37373236633283,250.0,38.231174960409206,1028.01,413,44,()
yj_m,,False,1789176939867,9.271598279643532e-06,1.2899758285768958e-06,1.2899758285768956e-06,314137915.05757207,43706630.188402645,33881743533613.26,0.0,1.0,1.0,0.0001502735354105322,32767,2047.9375,2049.63625,1129.04875,157.08678836772845,250.0,38.231174960409206,1028.01,414,44,()
yj_m,,False,1789176939973,1.2426761855179698e-05,1.087634225464866e-06,1.0876342254648662e-06,421040358.13048667,36850943.885580696,33881743533613.26,0.0,1.0,1.0,0.0001502735354105322,32767,2047.9375,2049.63625,1513.26875,132.44664249684666,250.0,38.231174960409206,1028.01,414,44,()
yj_m,,False,1789176940080,4.6933021193063464e-05,1.6628535576363773e-06,1.6628535576363773e-06,525223775.3199752,18608864.31651903,11190921913154.004,0.0,1.0,1.0,4.963438197105989e-05,32767,2047.9375,2049.63625,1887.7162500000009,66.88245508866656,250.0,43.04217381424828,1028.01,414,44,()
yj_m,,False,1789176940187,0.0001493057555296974,2.3172648849973634e-06,2.317264884997363e-06,555163665.5989004,8616287.183000587,3718300501071.284,0.0,1.0,1.0,1.6491540981661725e-05,23003,1437.6875,1439.38625,1995.323750000001,30.967953269266925,250.0,47.82738761665105,1028.01,414,44,()
yj_m,,False,1789176940295,0.00038387796790489656,2.4784640179143778e-05,2.478464017914378e-05,470702750.3021389,30390382.551108286,1226178081725.0566,0.0,1.0,1.0,5.438389414668898e-06,9257,578.5625,580.26125,1691.7612500000002,109.22662240583794,250.0,52.645296980749606,1028.01,414,44,()
yj_m,,False,1789176940403,0.00030264806939202157,3.39501145380302e-05,3.39501145380302e-05,371100429.16490084,41628886.31858783,1226178081725.0566,0.0,1.0,1.0,5.438389414668898e-06,2124,132.75,134.44875,1333.7787500000004,149.61913162656538,250.0,52.645296980749606,1028.01,414,44,()
yj_m,,False,1789176940509,0.00021579703671501768,3.508411403415516e-05,3.508411403415516e-05,264605596.52117202,43019371.64542351,1226178081725.0566,0.0,1.0,1.0,5.438389414668898e-06,2144,134.0,135.69875,951.0237499999997,154.616700034917,250.0,52.645296980749606,1028.01,414,44,()
yj_m,,False,1789176940616,0.000110936137508318,2.307563570101927e-05,2.307563570101927e-05,136027460.28393647,28294838.71846204,1226178081725.0566,0.0,1.0,1.0,5.438389414668898e-06,1902,118.875,120.57375,488.8987499999998,101.69499049701268,250.0,52.645296980749606,1028.01,414,45,()
yj_m,,False,1789176940722,1.7504568881744873e-05,2.8243758101371886e-06,2.8243758101371886e-06,65087247.24402878,10501877.990046723,3718300501071.284,0.0,1.0,1.0,1.6491540981661725e-05,2046,127.875,129.57375,233.93124999999992,37.74498921959709,250.0,47.82738761665105,1028.01,414,45,()
yj_m,,False,1789176940830,4.652456421658428e-06,6.138309962684758e-07,6.138309962684758e-07,52065276.51913136,6869334.74711404,11190921913154.004,0.0,1.0,1.0,4.963438197105989e-05,8915,557.1875,558.88625,187.12874999999994,24.689199990836077,250.0,43.04217381424828,1028.01,414,45,()
yj_m,,False,1789176940938,3.0566724945562904e-06,6.275859607917917e-07,6.275859607917917e-07,103565393.52680612,21263706.568843756,33881743533613.26,0.0,1.0,1.0,0.0001502735354105322,22801,1425.0625,1426.76125,372.22624999999977,76.42427154175236,250.0,38.231174960409206,1028.01,415,45,()
yj_m,,False,1789176941045,6.0252008606733765e-06,1.1655039389856238e-06,1.1655039389856238e-06,204144310.29984123,39489305.54812694,33881743533613.26,0.0,1.0,1.0,0.0001502735354105322,32767,2047.9375,2049.63625,733.7187499999997,141.92922576477156,250.0,38.231174960409206,1028.01,415,45,()
yj_m,,False,1789176941152,9.181965750293217e-06,1.3022059456568377e-06,1.302205945656838e-06,311101008.6858556,44121007.87869131,33881743533613.26,0.0,1.0,1.0,0.0001502735354105322,32767,2047.9375,2049.63625,1118.1337499999997,158.57611070299177,250.0,38.231174960409206,1028.01,415,45,()
yj_m,,False,1789176941258,1.293380358900793e-05,1.0401294651445945e-06,1.0401294651445945e-06,438219816.1168935,35241399.77978349,33881743533613.26,0.0,1.0,1.0,0.0001502735354105322,32767,2047.9375,2049.63625,1575.013750000001,126.66175097750505,250.0,38.231174960409206,1028.01,415,45,()
yj_m,,False,1789176941364,4.6794413712648266e-05,1.766384647056621e-06,1.766384647056621e-06,523672629.83006966,19767472.65380474,11190921913154.004,0.0,1.0,1.0,4.963438197105989e-05,32767,2047.9375,2049.63625,1882.1412500000008,71.04663022401203,250.0,43.04217381424828,1028.01,415,45,()
yj_m,,False,1789176941472,0.00014817043020929542,2.9963070933658274e-06,2.9963070933658274e-06,550942184.8911709,11141170.166625598,3718300501071.284,0.0,1.0,1.0,1.6491540981661725e-05,20408,1275.5,1277.19875,1980.1512500000008,40.04268076924297,250.0,47.82738761665105,1028.01,415,45,()
yj_m,,False,1789176941580,0.00038307243651796927,2.4382575610864513e-05,2.4382575610864513e-05,469715025.37134707,29897379.790046,1226178081725.0566,0.0,1.0,1.0,5.438389414668898e-06,9247,577.9375,579.63625,1688.2112500000003,107.45471228469924,250.0,52.645296980749606,1028.01,415,46,()
yj_m,,False,1789176941688,0.0003029697146711677,3.3268670098675e-05,3.3268670098675e-05,371494823.5562802,40793314.083137065,1226178081725.0566,0.0,1.0,1.0,5.438389414668898e-06,2223,138.9375,140.63625,1335.1962499999997,146.61598637490897,250.0,52.645296980749606,1028.01,415,46,()
yj_m,,False,1789176941794,0.00019829147821558818,3.3722214677092184e-05,3.3722214677092184e-05,243140664.38081577,41349440.504277445,1226178081725.0566,0.0,1.0,1.0,5.438389414668898e-06,1947,121.6875,123.38625,873.8762499999997,148.6147703819762,250.0,52.645296980749606,1028.01,415,46,()
yj_m,,False,1789176941901,0.00011105810176760624,2.2201220534462026e-05,2.2201220534462026e-05,136177010.18542954,27222650.006901585,1226178081725.0566,0.0,1.0,1.0,5.438389414668898e-06,2132,133.25,134.94875,489.43624999999963,97.84141769816863,250.0,52.645296980749606,1028.01,416,46,()
yj_m,,False,1789176942007,1.8077563025160768e-05,2.98271712489272e-06,2.9827171248927203e-06,67217811.654603,11090638.580042502,3718300501071.284,0.0,1.0,1.0,1.6491540981661725e-05,2140,133.75,135.44875,241.58874999999978,39.86106428192178,250.0,47.82738761665105,1028.01,416,46,()
yj_m,,False,1789176942114,4.979396039140018e-06,7.290966478569627e-07,7.290966478569628e-07,55724032.24868428,8159263.653309613,11190921913154.004,0.0,1.0,1.0,4.963438197105989e-05,9309,581.8125,583.51125,200.2787499999999,29.32535675294505,250.0,43.04217381424828,1028.01,416,46,()
yj_m,,False,1789176942222,3.1124310721365575e-06,6.344851724908523e-07,6.344851724908523e-07,105454591.3521798,21497463.89021543,33881743533613.26,0.0,1.0,1.0,0.0001502735354105322,21945,1371.5625,1373.26125,379.0162499999998,77.26442294929471,250.0,38.231174960409206,1028.01,416,46,()
yj_m,,False,1789176942330,6.0679436289068515e-06,1.1570511272194416e-06,1.1570511272194416e-06,205592509.8110445,39202909.54772725,33881743533613.26,0.0,1.0,1.0,0.0001502735354105322,32767,2047.9375,2049.63625,738.9237499999998,140.8998847309234,250.0,38.231174960409206,1028.01,416,46,()
yj_m,,False,1789176942436,9.84936471883406e-06,1.2804949010587535e-06,1.2804949010587533e-06,333713649.3725545,43385399.83377217,33881743533613.26,0.0,1.0,1.0,0.0001502735354105322,32767,2047.9375,2049.63625,1199.4062499999998,155.93224855265666,250.0,38.231174960409206,1028.01,416,46,()
yj_m,,False,1789176942543,1.2974534449802937e-05,1.0202297823976157e-06,1.020229782397616e-06,439599848.6962532,34567163.832550086,33881743533613.26,0.0,1.0,1.0,0.0001502735354105322,32767,2047.9375,2049.63625,1579.9737500000003,124.23846739109227,250.0,38.231174960409206,1028.01,416,47,()
yj_m,,False,1789176942649,4.6778439666699056e-05,1.7433943002756353e-06,1.7433943002756355e-06,523493865.529215,19510189.4782224,11190921913154.004,0.0,1.0,1.0,4.963438197105989e-05,32767,2047.9375,2049.63625,1881.4987500000007,70.12192411926172,250.0,43.04217381424828,1028.01,416,47,()
yj_m,,False,1789176942766,0.00014892787496498955,2.461790701519045e-06,2.4617907015190448e-06,553758592.1058022,9153677.598990893,3718300501071.284,0.0,1.0,1.0,1.6491540981661725e-05,23331,1458.1875,1459.88625,1990.273750000001,32.899397862080995,250.0,47.82738761665105,1028.01,416,47,()
yj_m,,False,1789176942874,0.00038441687974826355,2.4613223196407387e-05,2.4613223196407387e-05,471363552.19245756,30180194.804041475,1226178081725.0566,0.0,1.0,1.0,5.438389414668898e-06,9224,576.5,578.19875,1694.136250000001,108.47118283068319,250.0,52.645296980749606,1028.01,417,47,()
yj_m,,False,1789176942982,0.00030331972373154396,3.3835506003873436e-05,3.383550600387343e-05,371923996.9945187,41488355.84602616,1226178081725.0566,0.0,1.0,1.0,5.438389414668898e-06,2235,139.6875,141.38625,1336.73875,149.1140485188686,250.0,52.645296980749606,1028.01,417,47,()
yj_m,,False,1789176943088,0.0002159524702361572,3.5150146854493105e-05,3.5150146854493105e-05,264796185.69795862,43100339.64239639,1226178081725.0566,0.0,1.0,1.0,5.438389414668898e-06,1809,113.0625,114.76125,951.7087499999999,154.9077085741297,250.0,52.645296980749606,1028.01,417,47,()
yj_m,,False,1789176943194,0.00011121240073749662,2.3186635172416922e-05,2.3186635172416922e-05,136366208.20034188,28430943.83737291,1226178081725.0566,0.0,1.0,1.0,5.438389414668898e-06,2100,131.25,132.94875,490.11624999999987,102.1841683612853,250.0,52.645296980749606,1028.01,417,47,()
yj_m,,False,1789176943301,1.7370627057818737e-05,2.7574584276989465e-06,2.7574584276989465e-06,64589211.29300982,10253059.053396229,3718300501071.284,0.0,1.0,1.0,1.6491540981661725e-05,2204,137.75,139.44875,232.14125,36.85070458875244,250.0,47.82738761665105,1028.01,417,47,()
yj_m,,False,1789176943408,4.866583224362629e-06,6.85538225560508e-07,6.85538225560508e-07,54461552.847707406,7671804.750729801,11190921913154.004,0.0,1.0,1.0,4.963438197105989e-05,9489,593.0625,594.76125,195.74125,27.573371913632545,250.0,43.04217381424828,1028.01,417,47,()
yj_m,,False,1789176943516,3.270612162068798e-06,6.591215133424e-07,6.591215133424e-07,110814042.47313139,22332186.07255425,33881743533613.26,0.0,1.0,1.0,0.0001502735354105322,21821,1363.8125,1365.51125,398.27874999999966,80.26451300971993,250.0,38.231174960409206,1028.01,417,48,()
yj_m,,False,1789176943624,6.243020635388636e-06,1.1560983719656963e-06,1.1560983719656963e-06,211524424.0432931,39170628.53856955,33881743533613.26,0.0,1.0,1.0,0.0001502735354105322,32767,2047.9375,2049.63625,760.2437499999997,140.7838629733092,250.0,38.231174960409206,1028.01,417,48,()
yj_m,,False,1789176943730,9.39691137152496e-06,1.2731099635835402e-06,1.2731099635835402e-06,318383741.0981027,43135185.27622523,33881743533613.26,0.0,1.0,1.0,0.0001502735354105322,32767,2047.9375,2049.63625,1144.3087499999997,155.03294789556023,250.0,38.231174960409206,1028.01,417,48,()
yj_m,,False,1789176943836,1.3117893119627318e-05,9.85381961307938e-07,9.85381961307938e-07,444457090.3805628,33386458.89568438,33881743533613.26,0.0,1.0,1.0,0.0001502735354105322,32767,2047.9375,2049.63625,1597.4312500000005,119.99487446840179,250.0,38.231174960409206,1028.01,417,48,()
yj_m,,False,1789176943943,4.703259481800748e-05,1.618391883778838e-06,1.618391883778838e-06,526338095.9813333,18111297.196251187,11190921913154.004,0.0,1.0,1.0,4.963438197105989e-05,32767,2047.9375,2049.63625,1891.721250000001,65.09414012173062,250.0,43.04217381424828,1028.01,418,48,()
yj_m,,False,1789176944051,0.0001493534582742521,2.363136607762134e-06,2.363136607762134e-06,555341038.7378807,8786852.032741839,3718300501071.284,0.0,1.0,1.0,1.6491540981661725e-05,22916,1432.25,1433.94875,1995.961250000001,31.580983474038618,250.0,47.82738761665105,1028.01,418,48,()
yj_m,,False,1789176944158,0.0003851106578371452,2.5161621312882902e-05,2.5161621312882902e-05,472214247.67862535,30852628.55452306,1226178081725.0566,0.0,1.0,1.0,5.438389414668898e-06,8711,544.4375,546.13625,1697.1937500000004,110.88798910922458,250.0,52.645296980749606,1028.01,418,48,()
yj_m,,False,1789176944266,0.0003045853156500191,3.4146106651804604e-05,3.414610665180461e-05,373475838.0653613,41869207.55268897,1226178081725.0566,0.0,1.0,1.0,5.438389414668898e-06,2199,137.4375,139.13625,1342.3162499999996,150.48287451131273,250.0,52.645296980749606,1028.01,418,48,()
yj_m,,False,1789176944372,0.00021763671156558475,3.548481136015006e-05,3.548481136015006e-05,266861365.50043815,43510697.9239643,1226178081725.0566,0.0,1.0,1.0,5.438389414668898e-06,1943,121.4375,123.13625,959.1312499999997,156.3825846799684,250.0,52.645296980749606,1028.01,418,48,()
yj_m,,False,1789176944479,0.00011293862046314433,2.3981475247077863e-05,2.3981475247077863e-05,138482860.99217254,29405559.315398864,1226178081725.0566,0.0,1.0,1.0,5.438389414668898e-06,2053,128.3125,130.01125,497.7237499999997,105.68705144050286,250.0,52.645296980749606,1028.01,418,48,()
yj_m,,False,1789176944585,1.7013511217211163e-05,2.5567527655865253e-06,2.5567527655865253e-06,63261347.28393818,9506775.089395769,3718300501071.284,0.0,1.0,1.0,1.6491540981661725e-05,2152,134.5,136.19875,227.3687499999998,34.16847192497054,250.0,47.82738761665105,1028.01,418,49,()
yj_m,,False,1789176944692,4.566557077293493e-06,5.394873063925898e-07,5.394873063925898e-07,51103983.663952254,6037360.318977261,11190921913154.004,0.0,1.0,1.0,4.963438197105989e-05,7749,484.3125,486.01125,183.67374999999993,21.6989856833793,250.0,43.04217381424828,1028.01,418,49,()
yj_m,,False,1789176944801,2.854475796990731e-06,5.65100029853314e-07,5.65100029853314e-07,96714616.87654626,19146574.282327183,33881743533613.26,0.0,1.0,1.0,0.0001502735354105322,20609,1288.0625,1289.76125,347.6037499999999,68.81504818124812,250.0,38.231174960409206,1028.01,418,49,()
yj_m,,False,1789176944908,5.788226905957239e-06,1.1440075873089013e-06,1.1440075873089011e-06,196115219.54200298,38760971.67370787,33881743533613.26,0.0,1.0,1.0,0.0001502735354105322,32767,2047.9375,2049.63625,704.8612499999998,139.3115078419134,250.0,38.231174960409206,1028.01,419,49,()
yj_m,,False,1789176945014,9.568908927845826e-06,1.3018387370663657e-06,1.3018387370663657e-06,324211318.1897745,44108566.21140559,33881743533613.26,0.0,1.0,1.0,0.0001502735354105322,32767,2047.9375,2049.63625,1165.2537499999996,158.5313938820557,250.0,38.231174960409206,1028.01,419,49,()
yj_m,,False,1789176945121,1.2692949527089034e-05,1.0803155151970238e-06,1.080315515197024e-06,430059260.5619284,36602973.221288845,33881743533613.26,0.0,1.0,1.0,0.0001502735354105322,32767,2047.9375,2049.63625,1545.68375,131.55540665699564,250.0,38.231174960409206,1028.01,419,49,()
yj_m,,False,1789176945227,4.62850467610776e-05,1.9375201913975347e-06,1.9375201913975347e-06,517972344.0499011,21682637.16708901,11190921913154.004,0.0,1.0,1.0,4.963438197105989e-05,32767,2047.9375,2049.63625,1861.653750000001,77.92995756567241,250.0,43.04217381424828,1028.01,419,49,()
yj_m,,False,1789176945335,0.00014757592306343333,3.1928879489304723e-06,3.1928879489304723e-06,548731628.6728214,11872116.86037264,3718300501071.284,0.0,1.0,1.0,1.6491540981661725e-05,20350,1271.875,1273.57375,1972.206250000001,42.6697894732034,250.0,47.82738761665105,1028.01,419,49,()
yj_m,,False,1789176945443,0.00038664684022855317,2.499368863739942e-05,2.4993688637399423e-05,474097880.85650176,30646713.188639767,1226178081725.0566,0.0,1.0,1.0,5.438389414668898e-06,8769,548.0625,549.76125,1703.9637500000008,110.14790497638846,250.0,52.645296980749606,1028.01,419,49,()
yj_m,,False,1789176945550,0.0003061458908932847,3.415915649380983e-05,3.415915649380983e-05,375389381.2235364,41885208.98292575,1226178081725.0566,0.0,1.0,1.0,5.438389414668898e-06,2030,126.875,128.57375,1349.19375,150.54038554051698,250.0,52.645296980749606,1028.01,419,50,()
yj_m,,False,1789176945657,0.0002013298064609281,3.50108041244756e-05,3.50108041244756e-05,246866195.88033774,42929480.641001195,1226178081725.0566,0.0,1.0,1.0,5.438389414668898e-06,2186,136.625,138.32375,887.2662499999999,154.2936211535898,250.0,52.645296980749606,1028.01,419,50,()
yj_m,,False,1789176945763,0.0001140124732205059,2.4561125119261737e-05,2.4561125119261737e-05,139799595.70624933,30116313.28374546,1226178081725.0566,0.0,1.0,1.0,5.438389414668898e-06,1853,115.8125,117.51125,502.45624999999995,108.24158510566771,250.0,52.645296980749606,1028.01,419,50,()
yj_m,,False,1789176945869,1.7267551715663273e-05,2.763156309820048e-06,2.763156309820048e-06,64205946.19662506,10274245.491342165,3718300501071.284,0.0,1.0,1.0,1.6491540981661725e-05,2117,132.3125,134.01125,230.76374999999993,36.92685114774207,250.0,47.82738761665105,1028.01,420,50,()
yj_m,,False,1789176945977,4.827114278145742e-06,7.244597386499465e-07,7.244597386499465e-07,54019858.95259975,8107372.364455508,11190921913154.004,0.0,1.0,1.0,4.963438197105989e-05,9278,579.875,581.57375,194.15374999999992,29.13885333515202,250.0,43.04217381424828,1028.01,420,50,()
yj_m,,False,1789176946085,2.9230654169081374e-06,5.760789249199596e-07,5.760789249199596e-07,99038552.78765583,19518558.38925772,33881743533613.26,0.0,1.0,1.0,0.0001502735354105322,20514,1282.125,1283.82375,355.9562499999997,70.15200297345402,250.0,38.231174960409206,1028.01,420,50,()
yj_m,,False,1789176946193,5.810398947115813e-06,1.1299655226763008e-06,1.1299655226763008e-06,196866446.9541545,38285202.041143686,33881743533613.26,0.0,1.0,1.0,0.0001502735354105322,32767,2047.9375,2049.63625,707.5612499999997,137.6015356189294,250.0,38.231174960409206,1028.01,420,50,()
yj_m,,False,1789176946299,9.606847753828279e-06,1.282711898876262e-06,1.282711898876262e-06,325496751.7616784,43460515.585239574,33881743533613.26,0.0,1.0,1.0,0.0001502735354105322,32767,2047.9375,2049.63625,1169.8737499999997,156.20222343067815,250.0,38.231174960409206,1028.01,420,50,()
yj_m,,False,1789176946405,1.274651143022118e-05,1.0459711804850474e-06,1.0459711804850474e-06,431874031.227024,35439327.28074508,33881743533613.26,0.0,1.0,1.0,0.0001502735354105322,32767,2047.9375,2049.63625,1552.20625,127.37312578086282,250.0,38.231174960409206,1028.01,420,50,()
yj_m,,False,1789176946511,4.6152717018564614e-05,1.939885124675574e-06,1.939885124675574e-06,516491452.2346505,21709102.95073337,11190921913154.004,0.0,1.0,1.0,4.963438197105989e-05,32767,2047.9375,2049.63625,1856.3312500000006,78.0250787163172,250.0,43.04217381424828,1028.01,420,51,()
yj_m,,False,1789176946619,0.00014690565273504306,3.403268205416263e-06,3.403268205416263e-06,546239362.1749147,12654373.873479262,3718300501071.284,0.0,1.0,1.0,1.6491540981661725e-05,20037,1252.3125,1254.01125,1963.2487500000009,45.4813135220114,250.0,47.82738761665105,1028.01,420,51,()
yj_m,,False,1789176946726,0.000384927995086025,2.506648618944552e-05,2.5066486189445522e-05,471990270.6168542,30735975.951361936,1226178081725.0566,0.0,1.0,1.0,5.438389414668898e-06,8140,508.75,510.44875,1696.3887500000003,110.46872588288281,250.0,52.645296980749606,1028.01,420,51,()
yj_m,,False,1789176946834,0.00028692035270007794,3.5030598163881926e-05,3.5030598163881926e-05,351815447.6816582,42953751.65827003,1226178081725.0566,0.0,1.0,1.0,5.438389414668898e-06,1941,121.3125,123.01125,1264.4662499999997,154.38085405479364,250.0,52.645296980749606,1028.01,420,51,()
yj_m,,False,1789176946941,0.00019979816227451696,3.4638638717037806e-05,3.4638638717037806e-05,244988127.34995878,42473139.5756247,1226178081725.0566,0.0,1.0,1.0,5.438389414668898e-06,2129,133.0625,134.76125,880.5162499999997,152.65347749457754,250.0,52.645296980749606,1028.01,421,51,()
yj_m,,False,1789176947047,0.00011286941283694352,2.3749136882120936e-05,2.374913688212094e-05,138398000.1178369,29120671.104744844,1226178081725.0566,0.0,1.0,1.0,5.438389414668898e-06,2058,128.625,130.32375,497.4187499999997,104.66312958099189,250.0,52.645296980749606,1028.01,421,51,()
yj_m,,False,1789176947153,1.7505691299263807e-05,2.722413387517245e-06,2.7224133875172444e-06,65091420.72965183,10122751.062928542,3718300501071.284,0.0,1.0,1.0,1.6491540981661725e-05,2156,134.75,136.44875,233.94624999999985,36.38236228844274,250.0,47.82738761665105,1028.01,421,51,()
yj_m,,False,1789176947263,4.806105610710611e-06,6.671489788108207e-07,6.671489788108207e-07,53784752.595833786,7466012.12631233,11190921913154.004,0.0,1.0,1.0,4.963438197105989e-05,8888,555.5,557.19875,193.3087499999999,26.833728928113963,250.0,43.04217381424828,1028.01,421,51,()
yj_m,,False,1789176947370,2.928505778859085e-06,5.87866190007967e-07,5.87866190007967e-07,99222881.73600787,19917931.4819323,33881743533613.26,0.0,1.0,1.0,0.0001502735354105322,21653,1353.3125,1355.01125,356.6187499999999,71.58739701363292,250.0,38.231174960409206,1028.01,421,51,()
yj_m,,False,1789176947478,6.363919848706087e-06,1.1742683076852455e-06,1.1742683076852455e-06,215620700.18233055,39786257.640641555,33881743533613.26,0.0,1.0,1.0,0.0001502735354105322,32767,2047.9375,2049.63625,774.9662499999997,142.99650663980398,250.0,38.231174960409206,1028.01,421,51,()
yj_m,,False,1789176947585,9.5118159218625e-06,1.2793404207844805e-06,1.2793404207844803e-06,322276907.6034844,43346284.02920464,33881743533613.26,0.0,1.0,1.0,0.0001502735354105322,32767,2047.9375,2049.63625,1158.3012499999998,155.7916617335071,250.0,38.231174960409206,1028.01,421,52,()
yj_m,,False,1789176947691,1.2650740530216784e-05,1.0535904944006332e-06,1.0535904944006332e-06,428629146.1550917,35697482.92073505,33881743533613.26,0.0,1.0,1.0,0.0001502735354105322,32767,2047.9375,2049.63625,1540.5437500000003,128.30096762568667,250.0,38.231174960409206,1028.01,421,52,()
yj_m,,False,1789176947797,4.7372773625322454e-05,1.5158166153404348e-06,1.5158166153404348e-06,530145010.4505051,16963385.376936205,11190921913154.004,0.0,1.0,1.0,4.963438197105989e-05,32767,2047.9375,2049.63625,1905.403750000001,60.96840953467213,250.0,43.04217381424828,1028.01,421,52,()
yj_m,,False,1789176947905,0.00014928293304014575,2.345238840042864e-06,2.345238840042864e-06,555078804.7245649,8720302.754063219,3718300501071.284,0.0,1.0,1.0,1.6491540981661725e-05,23194,1449.625,1451.32375,1995.018750000001,31.341797510473135,250.0,47.82738761665105,1028.01,422,52,()
yj_m,,False,1789176948013,0.00039858685757506444,2.262693863267167e-05,2.2626938632671672e-05,488738468.4222109,27744656.207919925,1226178081725.0566,0.0,1.0,1.0,5.438389414668898e-06,9115,569.6875,571.38625,1756.5837500000007,99.71756960630104,250.0,52.645296980749606,1028.01,422,52,()
yj_m,,False,1789176948121,0.0003028965361155947,3.4328883133581774e-05,3.4328883133581774e-05,371405093.6153843,42093324.068498954,1226178081725.0566,0.0,1.0,1.0,5.438389414668898e-06,2051,128.1875,129.88625,1334.8737499999997,151.28837572559067,250.0,52.645296980749606,1028.01,422,52,()
yj_m,,False,1789176948227,0.0002157703747606616,3.5532656946813394e-05,3.5532656946813394e-05,264572904.2171246,43569365.13363815,1226178081725.0566,0.0,1.0,1.0,5.438389414668898e-06,2031,126.9375,128.63625,950.9062499999997,156.59344155707,250.0,52.645296980749606,1028.01,422,52,()
yj_m,,False,1789176948333,0.00012876844676751518,2.7173664223267746e-05,2.717366422326775e-05,157893047.04410684,33319751.47072725,1226178081725.0566,0.0,1.0,1.0,5.438389414668898e-06,2044,127.75,129.44875,567.4862499999996,119.75512010844254,250.0,52.645296980749606,1028.01,422,52,()
yj_m,,False,1789176948439,1.6884246132947238e-05,2.668187254648798e-06,2.6681872546487983e-06,62780700.85634861,9921122.005912641,3718300501071.284,0.0,1.0,1.0,1.6491540981661725e-05,2015,125.9375,127.63625,225.64124999999981,35.6576836556653,250.0,47.82738761665105,1028.01,422,52,()
yj_m,,False,1789176948547,4.753894721226861e-06,6.653050881849424e-07,6.653050881849423e-07,53200464.60860482,7445377.290301728,11190921913154.004,0.0,1.0,1.0,4.963438197105989e-05,9195,574.6875,576.38625,191.20874999999992,26.7595648915953,250.0,43.04217381424828,1028.01,422,53,()
yj_m,,False,1789176948655,3.2675943009111037e-06,6.638634354993025e-07,6.638634354993025e-07,110711792.07536633,22492850.662930775,33881743533613.26,0.0,1.0,1.0,0.0001502735354105322,21946,1371.625,1373.32375,397.91124999999977,80.84196051363115,250.0,38.231174960409206,1028.01,422,53,()
yj_m,,False,1789176948763,6.225283002461777e-06,1.1624661841413313e-06,1.1624661841413313e-06,210923442.11357188,39386381.11757463,33881743533613.26,0.0,1.0,1.0,0.0001502735354105322,32767,2047.9375,2049.63625,758.0837499999999,141.55930321136617,250.0,38.231174960409206,1028.01,422,53,()
yj_m,,False,1789176948869,9.378126725543386e-06,1.2809217178750774e-06,1.2809217178750774e-06,317747284.54058534,43399861.13167869,33881743533613.26,0.0,1.0,1.0,0.0001502735354105322,32767,2047.9375,2049.63625,1142.0212499999998,155.98422416445678,250.0,38.231174960409206,1028.01,423,53,()
yj_m,,False,1789176948975,1.3115080555147014e-05,9.90438267356792e-07,9.90438267356792e-07,444361795.7921694,33557775.36045911,33881743533613.26,0.0,1.0,1.0,0.0001502735354105322,32767,2047.9375,2049.63625,1597.0887500000003,120.61060606633029,250.0,38.231174960409206,1028.01,423,53,()
yj_m,,False,1789176949082,4.708331396779169e-05,1.6002755617015088e-06,1.6002755617015088e-06,526905690.02607,17908558.850530248,11190921913154.004,0.0,1.0,1.0,4.963438197105989e-05,32767,2047.9375,2049.63625,1893.761250000001,64.36547457439819,250.0,43.04217381424828,1028.01,423,53,()
yj_m,,False,1789176949189,0.00014963163074936125,2.3555443861372943e-06,2.3555443861372943e-06,556375367.5914633,8758621.871269953,3718300501071.284,0.0,1.0,1.0,1.6491540981661725e-05,21981,1373.8125,1375.51125,1999.678750000001,31.4795209412008,250.0,47.82738761665105,1028.01,423,53,()
yj_m,,False,1789176949297,0.0003848315582298436,2.5223469174858055e-05,2.5223469174858055e-05,471872021.85753405,30928465.047278546,1226178081725.0566,0.0,1.0,1.0,5.438389414668898e-06,8574,535.875,537.57375,1695.9637500000003,111.1605544165173,250.0,52.645296980749606,1028.01,423,53,()
yj_m,,False,1789176949405,0.00030385863557491085,3.42783405482213e-05,3.42783405482213e-05,372584798.8848372,42031349.85813622,1226178081725.0566,0.0,1.0,1.0,5.438389414668898e-06,2188,136.75,138.44875,1339.1137500000002,151.06563309762913,250.0,52.645296980749606,1028.01,423,53,()
yj_m,,False,1789176949511,0.00021663206643442398,3.559942885234954e-05,3.559942885234954e-05,265629491.66069704,43651239.3806816,1226178081725.0566,0.0,1.0,1.0,5.438389414668898e-06,1949,121.8125,123.51125,954.7037499999997,156.88770726601715,250.0,52.645296980749606,1028.01,423,54,()
yj_m,,False,1789176949618,0.00011169628684527757,2.4008261628215455e-05,2.400826162821546e-05,136959538.73975414,29438404.188838515,1226178081725.0566,0.0,1.0,1.0,5.438389414668898e-06,1961,122.5625,124.26125,492.2487499999998,105.80509979290933,250.0,52.645296980749606,1028.01,423,54,()
yj_m,,False,1789176949724,1.6845148589371038e-05,2.649432322447357e-06,2.6494323224473576e-06,62635324.44047857,9851385.532110466,3718300501071.284,0.0,1.0,1.0,1.6491540981661725e-05,2183,136.4375,138.13625,225.11874999999992,35.40704253658444,250.0,47.82738761665105,1028.01,423,54,()
yj_m,,False,1789176949832,4.735931689011618e-06,6.763015422727764e-07,6.763015422727764e-07,52999441.71776057,7568437.749320263,11190921913154.004,0.0,1.0,1.0,4.963438197105989e-05,9445,590.3125,592.01125,190.48624999999993,27.20185870832175,250.0,43.04217381424828,1028.01,423,54,()
yj_m,,False,1789176949940,3.1891093811432974e-06,6.568490690463675e-07,6.568490690463675e-07,108052586.1525373,22255191.697721653,33881743533613.26,0.0,1.0,1.0,0.0001502735354105322,22068,1379.25,1380.94875,388.3537499999999,79.98778613755664,250.0,38.231174960409206,1028.01,424,54,()
yj_m,,False,1789176950048,6.141870962436508e-06,1.161244775431904e-06,1.161244775431904e-06,208097296.76582024,39344997.660932094,33881743533613.26,0.0,1.0,1.0,0.0001502735354105322,32767,2047.9375,2049.63625,747.9262499999998,141.41056618296773,250.0,38.231174960409206,1028.01,424,54,()
yj_m,,False,1789176950154,9.941932990671112e-06,1.2703437124675953e-06,1.2703437124675951e-06,336850023.8182873,43041459.86536521,33881743533613.26,0.0,1.0,1.0,0.0001502735354105322,32767,2047.9375,2049.63625,1210.6787499999998,154.69608770485274,250.0,38.231174960409206,1028.01,424,54,()
yj_m,,False,1789176950260,1.305934250723449e-05,9.993966370095207e-07,9.993966370095205e-07,442473293.54773295,33861300.543512166,33881743533613.26,0.0,1.0,1.0,0.0001502735354105322,32767,2047.9375,2049.63625,1590.301250000001,121.70151140469662,250.0,38.231174960409206,1028.01,424,54,()
yj_m,,False,1789176950366,4.692481662471602e-05,1.6713849408100218e-06,1.671384940810022e-06,525131958.6362678,18704338.359426484,11190921913154.004,0.0,1.0,1.0,4.963438197105989e-05,32767,2047.9375,2049.63625,1887.386250000001,67.22560006937462,250.0,43.04217381424828,1028.01,424,54,()
yj_m,,False,1789176950474,0.00014896341818642245,2.4484058878358292e-06,2.448405887835829e-06,553890752.4838659,9103908.839565845,3718300501071.284,0.0,1.0,1.0,1.6491540981661725e-05,23106,1444.125,1445.82375,1990.7487500000009,32.72052306561587,250.0,47.82738761665105,1028.01,424,54,()
yj_m,,False,1789176950582,0.00039187541966046087,2.450256356122112e-05,2.450256356122112e-05,480509050.3544655,30044506.384844385,1226178081725.0566,0.0,1.0,1.0,5.438389414668898e-06,8347,521.6875,523.38625,1727.0062500000006,107.98350263437233,250.0,52.645296980749606,1028.01,424,55,()
yj_m,,False,1789176950689,0.0003108775368780457,3.4430661054606624e-05,3.4430661054606624e-05,381191221.8205326,42218121.92446317,1226178081725.0566,0.0,1.0,1.0,5.438389414668898e-06,2055,128.4375,130.13625,1370.0462499999996,151.73691395203574,250.0,52.645296980749606,1028.01,424,55,()
yj_m,,False,1789176950796,0.00020663723720465476,3.5719537573489766e-05,3.571953757348976e-05,253374051.12856907,43798514.06196776,1226178081725.0566,0.0,1.0,1.0,5.438389414668898e-06,2036,127.25,128.94875,910.6562499999997,157.4170298560086,250.0,52.645296980749606,1028.01,424,55,()
yj_m,,False,1789176950902,0.00011964722199962486,2.623117340826016e-05,2.6231173408260157e-05,146708801.155232,32164089.891137756,1226178081725.0566,0.0,1.0,1.0,5.438389414668898e-06,2184,136.5,138.19875,527.2887499999996,115.60153596811547,250.0,52.645296980749606,1028.01,425,55,()
yj_m,,False,1789176951008,1.7459298041814522e-05,2.6966592244174376e-06,2.6966592244174376e-06,64918916.65723182,10026989.345369859,3718300501071.284,0.0,1.0,1.0,1.6491540981661725e-05,2138,133.625,135.32375,233.3262499999998,36.03818337107879,250.0,47.82738761665105,1028.01,425,55,()
yj_m,,False,1789176951116,4.750786930186161e-06,6.189705335330244e-07,6.189705335330245e-07,53165685.56174595,6926850.907311348,11190921913154.004,0.0,1.0,1.0,4.963438197105989e-05,8287,517.9375,519.63625,191.08374999999992,24.895919860240152,250.0,43.04217381424828,1028.01,425,55,()
yj_m,,False,1789176951224,2.862872431096154e-06,5.595668050813108e-07,5.595668050813107e-07,96999109.4798518,18959098.97968833,33881743533613.26,0.0,1.0,1.0,0.0001502735354105322,20281,1267.5625,1269.26125,348.62624999999986,68.14123981252104,250.0,38.231174960409206,1028.01,425,55,()
yj_m,,False,1789176951332,5.738791466040713e-06,1.128132559258739e-06,1.128132559258739e-06,194440260.64527988,38223098.04472336,33881743533613.26,0.0,1.0,1.0,0.0001502735354105322,32767,2047.9375,2049.63625,698.8412499999998,137.37832652455592,250.0,38.231174960409206,1028.01,425,55,()
yj_m,,False,1789176951438,9.515942385078123e-06,1.2946221757638875e-06,1.2946221757638875e-06,322416719.37185705,43864056.53216042,33881743533613.26,0.0,1.0,1.0,0.0001502735354105322,32767,2047.9375,2049.63625,1158.8037499999998,157.65259723102406,250.0,38.231174960409206,1028.01,425,55,()
yj_m,,False,1789176951545,1.264975510616529e-05,1.0737679489687446e-06,1.0737679489687446e-06,428595758.2701072,36381130.261572935,33881743533613.26,0.0,1.0,1.0,0.0001502735354105322,32767,2047.9375,2049.63625,1540.42375,130.75807687170803,250.0,38.231174960409206,1028.01,425,56,()
yj_m,,False,1789176951652,4.6098890077739694e-05,1.9619133286594917e-06,1.9619133286594917e-06,515889079.14305484,21955618.86140442,11190921913154.004,0.0,1.0,1.0,4.963438197105989e-05,32767,2047.9375,2049.63625,1854.1662500000007,78.91108599992462,250.0,43.04217381424828,1028.01,425,56,()
yj_m,,False,1789176951760,0.0001488397651897532,2.4642682273801377e-06,2.4642682273801373e-06,553430973.4843916,9162889.78464161,3718300501071.284,0.0,1.0,1.0,1.6491540981661725e-05,23188,1449.25,1450.94875,1989.096250000001,32.932507544787725,250.0,47.82738761665105,1028.01,425,56,()
yj_m,,False,1789176951867,0.00039523425863369796,2.3394945164049782e-05,2.339494516404978e-05,484627585.08349264,28686368.98331745,1226178081725.0566,0.0,1.0,1.0,5.438389414668898e-06,8928,558.0,559.69875,1741.8087500000008,103.1021964881811,250.0,52.645296980749606,1028.01,426,56,()
yj_m,,False,1789176951975,0.00029796577638660027,3.4854836474945836e-05,3.485483647494584e-05,365359104.1094387,42738236.52768963,1226178081725.0566,0.0,1.0,1.0,5.438389414668898e-06,2171,135.6875,137.38625,1313.1437499999997,153.60626723440524,250.0,52.645296980749606,1028.01,426,56,()
yj_m,,False,1789176952082,0.00021104780518589418,3.551866445673011e-05,3.551866445673011e-05,258782192.9151232,43552207.84898928,1226178081725.0566,0.0,1.0,1.0,5.438389414668898e-06,2083,130.1875,131.88625,930.0937499999999,156.5317762506626,250.0,52.645296980749606,1028.01,426,56,()
yj_m,,False,1789176952188,0.00012373160649672114,2.6588170647402e-05,2.6588170647401998e-05,151716983.90290907,32601832.08100984,1226178081725.0566,0.0,1.0,1.0,5.438389414668898e-06,1913,119.5625,121.26125,545.2887499999998,117.1748330730089,250.0,52.645296980749606,1028.01,426,56,()
yj_m,,False,1789176952294,1.60443036896115e-05,2.435436473260165e-06,2.435436473260165e-06,59657542.4484223,9055684.658850553,3718300501071.284,0.0,1.0,1.0,1.6491540981661725e-05,1876,117.25,118.94875,214.41625,32.5471996673677,250.0,47.82738761665105,1028.01,426,56,()
yj_m,,False,1789176952402,4.508627852294855e-06,5.75350062239604e-07,5.75350062239604e-07,50455702.23050296,6438697.619251704,11190921913154.004,0.0,1.0,1.0,4.963438197105989e-05,8155,509.6875,511.38625,181.34375,23.14143931754246,250.0,43.04217381424828,1028.01,426,56,()
yj_m,,False,1789176952509,2.719636939278211e-06,5.421359659220739e-07,5.421359659220738e-07,92146041.28116529,18368511.757719405,33881743533613.26,0.0,1.0,1.0,0.0001502735354105322,19588,1224.25,1225.94875,331.18374999999963,66.01859961925503,250.0,38.231174960409206,1028.01,426,56,()
yj_m,,False,1789176952617,6.053305975808645e-06,1.1568243867358362e-06,1.1568243867358362e-06,205096560.60283706,39195227.184813045,33881743533613.26,0.0,1.0,1.0,0.0001502735354105322,32767,2047.9375,2049.63625,737.1412499999997,140.87227341172388,250.0,38.231174960409206,1028.01,426,57,()
yj_m,,False,1789176952724,9.21770790182755e-06,1.2897659024925474e-06,1.2897659024925474e-06,312312015.0974814,43699517.52665174,33881743533613.26,0.0,1.0,1.0,0.0001502735354105322,32767,2047.9375,2049.63625,1122.4862499999997,157.06122462176174,250.0,38.231174960409206,1028.01,426,57,()
yj_m,,False,1789176952830,1.2372460884008937e-05,1.093804407042328e-06,1.0938044070423277e-06,419200546.5516528,37060000.39534408,33881743533613.26,0.0,1.0,1.0,0.0001502735354105322,32767,2047.9375,2049.63625,1506.6562500000007,133.19801627159282,250.0,38.231174960409206,1028.01,426,57,()
yj_m,,False,1789176952936,4.681287399143001e-05,1.70802866265722e-06,1.70802866265722e-06,523879217.36841124,19114415.38922581,11190921913154.004,0.0,1.0,1.0,4.963438197105989e-05,32767,2047.9375,2049.63625,1882.8837500000006,68.69946532315588,250.0,43.04217381424828,1028.01,427,57,()
yj_m,,False,1789176953044,0.00014810720068906213,2.9485530199247465e-06,2.948553019924747e-06,550707078.534405,10963606.171421435,3718300501071.284,0.0,1.0,1.0,1.6491540981661725e-05,21115,1319.6875,1321.38625,1979.3062500000008,39.404494809443996,250.0,47.82738761665105,1028.01,427,57,()
yj_m,,False,1789176953152,0.0003918737178335871,2.3699389998351625e-05,2.3699389998351628e-05,480506963.611654,29059672.566232793,1226178081725.0566,0.0,1.0,1.0,5.438389414668898e-06,9217,576.0625,577.76125,1726.9987500000007,104.44389363283757,250.0,52.645296980749606,1028.01,427,57,()
yj_m,,False,1789176953261,0.0002964392376808106,3.426820604405714e-05,3.4268206044057146e-05,363487295.80749446,42018923.15126098,1226178081725.0566,0.0,1.0,1.0,5.438389414668898e-06,1917,119.8125,121.51125,1306.4162499999998,151.02097004617437,250.0,52.645296980749606,1028.01,427,57,()
yj_m,,False,1789176953370,0.00020909467521040766,3.487936416130288e-05,3.487936416130289e-05,256387307.74842143,42768311.83909606,1226178081725.0566,0.0,1.0,1.0,5.438389414668898e-06,2125,132.8125,134.51125,921.4862499999997,153.7143614539237,250.0,52.645296980749606,1028.01,427,57,()
yj_m,,False,1789176953476,0.000104747160443968,2.1420240245404904e-05,2.14202402454049e-05,128438672.2593314,26265029.09420044,1226178081725.0566,0.0,1.0,1.0,5.438389414668898e-06,2051,128.1875,129.88625,461.6237499999997,94.39961509289911,250.0,52.645296980749606,1028.01,427,57,()
yj_m,,False,1789176953583,1.672823009781539e-05,2.6701582113502206e-06,2.6701582113502206e-06,62200586.3547427,9928450.61520313,3718300501071.284,0.0,1.0,1.0,1.6491540981661725e-05,1848,115.5,117.19875,223.5562499999998,35.68402354258135,250.0,47.82738761665105,1028.01,427,58,()
yj_m,,False,1789176953690,4.606026023510378e-06,6.397765536724057e-07,6.397765536724057e-07,51545677.55905988,7159689.454014674,11190921913154.004,0.0,1.0,1.0,4.963438197105989e-05,8931,558.1875,559.88625,185.26124999999993,25.732769083165145,250.0,43.04217381424828,1028.01,427,58,()
yj_m,,False,1789176953798,2.9707353053990735e-06,5.675193250928717e-07,5.675193250928717e-07,100653691.72378168,19228544.22316597,33881743533613.26,0.0,1.0,1.0,0.0001502735354105322,18817,1176.0625,1177.76125,361.76124999999985,69.10965782499215,250.0,38.231174960409206,1028.01,427,58,()
yj_m,,False,1789176953906,5.828752470074856e-06,1.118022588223494e-06,1.118022588223494e-06,197488296.3119911,37880554.59897493,33881743533613.26,0.0,1.0,1.0,0.0001502735354105322,32767,2047.9375,2049.63625,709.7962499999999,136.14718494404318,250.0,38.231174960409206,1028.01,428,58,()
yj_m,,False,1789176954012,8.98108295146298e-06,1.2805209905133354e-06,1.2805209905133354e-06,304294749.21557516,43386283.78998125,33881743533613.26,0.0,1.0,1.0,0.0001502735354105322,32767,2047.9375,2049.63625,1093.6712499999996,155.93542559562115,250.0,38.231174960409206,1028.01,428,58,()
yj_m,,False,1789176954118,1.2737067783061052e-05,1.0400937151997956e-06,1.0400937151997956e-06,431554063.99592257,35240188.509322464,33881743533613.26,0.0,1.0,1.0,0.0001502735354105322,32767,2047.9375,2049.63625,1551.05625,126.65739752848033,250.0,38.231174960409206,1028.01,428,58,()
yj_m,,False,1789176954225,4.613568632366159e-05,1.911770991965188e-06,1.911770991965188e-06,516300863.05786395,21394479.88691539,11190921913154.004,0.0,1.0,1.0,4.963438197105989e-05,32767,2047.9375,2049.63625,1855.6462500000011,76.89428628440153,250.0,43.04217381424828,1028.01,428,58,()
yj_m,,False,1789176954333,0.0001497577156506549,2.0763946020319016e-06,2.0763946020319016e-06,556844189.143121,7720659.089156929,3718300501071.284,0.0,1.0,1.0,1.6491540981661725e-05,23490,1468.125,1469.82375,2001.3637500000011,27.74896017308577,250.0,47.82738761665105,1028.01,428,58,()
yj_m,,False,1789176954441,0.00038862152667777433,2.435257676824438e-05,2.435257676824438e-05,476519198.0988163,29860595.866748076,1226178081725.0566,0.0,1.0,1.0,5.438389414668898e-06,9148,571.75,573.44875,1712.666250000001,107.32250652210608,250.0,52.645296980749606,1028.01,428,58,()
yj_m,,False,1789176954548,0.0003082510507361631,3.385830550445485e-05,3.385830550445485e-05,377970682.0814016,41516312.09391338,1226178081725.0566,0.0,1.0,1.0,5.438389414668898e-06,2113,132.0625,133.76125,1358.47125,149.2145265739482,250.0,52.645296980749606,1028.01,428,59,()
yj_m,,False,1789176954654,0.00020372257504547696,3.491288117392332e-05,3.491288117392332e-05,249800156.27335185,42809409.66533614,1226178081725.0566,0.0,1.0,1.0,5.438389414668898e-06,2145,134.0625,135.76125,897.8112499999999,153.8620718929376,250.0,52.645296980749606,1028.01,428,59,()
yj_m,,False,1789176954761,0.00011671497429608457,2.4717266323621306e-05,2.4717266323621306e-05,143113343.29096228,30307770.206185315,1226178081725.0566,0.0,1.0,1.0,5.438389414668898e-06,1959,122.4375,124.13625,514.3662499999999,108.92970388598097,250.0,52.645296980749606,1028.01,428,59,()
yj_m,,False,1789176954867,1.757939671634049e-05,2.8698384332521172e-06,2.8698384332521177e-06,65365479.618899725,10670921.684354978,3718300501071.284,0.0,1.0,1.0,1.6491540981661725e-05,1813,113.3125,115.01125,234.93124999999992,38.35255221217358,250.0,47.82738761665105,1028.01,429,59,()
yj_m,,False,1789176954975,4.499677414097639e-06,5.726236375399057e-07,5.726236375399058e-07,50355538.575549416,6408186.413335287,11190921913154.004,0.0,1.0,1.0,4.963438197105989e-05,7617,476.0625,477.76125,180.98374999999996,23.03177844169877,250.0,43.04217381424828,1028.01,429,59,()
yj_m,,False,1789176955083,2.8595671545901064e-06,5.955553398486388e-07,5.955553398486388e-07,96887120.94896622,20178453.284825467,33881743533613.26,0.0,1.0,1.0,0.0001502735354105322,21039,1314.9375,1316.63625,348.2237499999997,72.5237431272511,250.0,38.231174960409206,1028.01,429,59,()
yj_m,,False,1789176955190,5.78639976552843e-06,1.1617989658102831e-06,1.161798965810283e-06,196053312.83859417,39363774.59720113,33881743533613.26,0.0,1.0,1.0,0.0001502735354105322,32767,2047.9375,2049.63625,704.6387499999997,141.47805270849432,250.0,38.231174960409206,1028.01,429,59,()
yj_m,,False,1789176955297,9.573630751425897e-06,1.3160102789797067e-06,1.3160102789797067e-06,324371301.80532545,44588722.75998926,33881743533613.26,0.0,1.0,1.0,0.0001502735354105322,32767,2047.9375,2049.63625,1165.8287499999997,160.25713319907945,250.0,38.231174960409206,1028.01,429,59,()
yj_m,,False,1789176955403,1.2734830049277454e-05,1.0810911894462634e-06,1.0810911894462634e-06,431478245.67377025,36629254.4172672,33881743533613.26,0.0,1.0,1.0,0.0001502735354105322,32767,2047.9375,2049.63625,1550.78375,131.64986437777864,250.0,38.231174960409206,1028.01,429,59,()
yj_m,,False,1789176955509,4.651036161152832e-05,1.8456773381642968e-06,1.8456773381642968e-06,520493824.947169,20654830.968274582,11190921913154.004,0.0,1.0,1.0,4.963438197105989e-05,32767,2047.9375,2049.63625,1870.7162500000006,74.23590075689461,250.0,43.04217381424828,1028.01,429,59,()
yj_m,,False,1789176955617,0.00014867925948454562,2.596819250071843e-06,2.5968192500718424e-06,552834165.0402935,9655754.318733688,3718300501071.284,0.0,1.0,1.0,1.6491540981661725e-05,22738,1421.125,1422.82375,1986.951250000001,34.70392086187812,250.0,47.82738761665105,1028.01,429,60,()
yj_m,,False,1789176955725,0.0003943277521855924,2.335033586260212e-05,2.335033586260212e-05,483516046.74588317,28631670.03564126,1226178081725.0566,0.0,1.0,1.0,5.438389414668898e-06,9112,569.5,571.19875,1737.8137500000005,102.9056020131436,250.0,52.645296980749606,1028.01,429,60,()
yj_m,,False,1789176955833,0.00031349437933431026,3.382167554868652e-05,3.382167554868652e-05,384399936.6837318,41471397.24501569,1226178081725.0566,0.0,1.0,1.0,5.438389414668898e-06,1859,116.1875,117.88625,1381.5787499999997,149.05309730491177,250.0,52.645296980749606,1028.01,429,60,()
yj_m,,False,1789176955939,0.00020846102833773318,3.560268076037789e-05,3.560268076037789e-05,255610343.84159434,43655226.79902974,1226178081725.0566,0.0,1.0,1.0,5.438389414668898e-06,2068,129.25,130.94875,918.6937499999997,156.90203851826627,250.0,52.645296980749606,1028.01,430,60,()
yj_m,,False,1789176956045,0.00012161396659010165,2.629422762117046e-05,2.629422762117046e-05,149120380.26442596,32241405.584968794,1226178081725.0566,0.0,1.0,1.0,5.438389414668898e-06,2098,131.125,132.82375,535.9562499999997,115.87941769869013,250.0,52.645296980749606,1028.01,430,60,()
yj_m,,False,1789176956151,1.8203086717694913e-05,3.1262812429949884e-06,3.1262812429949884e-06,67684546.46344903,11624453.112318022,3718300501071.284,0.0,1.0,1.0,1.6491540981661725e-05,2170,135.625,137.32375,243.26624999999984,41.77965672653978,250.0,47.82738761665105,1028.01,430,60,()
yj_m,,False,1789176956259,4.806478545635496e-06,7.080460589712525e-07,7.080460589712525e-07,53788926.081456855,7923688.156863721,11190921913154.004,0.0,1.0,1.0,4.963438197105989e-05,9250,578.125,579.82375,193.3237499999999,28.478670609554445,250.0,43.04217381424828,1028.01,430,60,()
yj_m,,False,1789176956366,2.979501473523807e-06,5.935216250009481e-07,5.935216250009481e-07,100950704.78395644,20109547.479935512,33881743533613.26,0.0,1.0,1.0,0.0001502735354105322,20913,1307.0625,1308.76125,362.8287499999999,72.2760875302994,250.0,38.231174960409206,1028.01,430,60,()
yj_m,,False,1789176956474,6.456385472204439e-06,1.1796258384479983e-06,1.1796258384479983e-06,218753596.72337738,39967780.123918585,33881743533613.26,0.0,1.0,1.0,0.0001502735354105322,32767,2047.9375,2049.63625,786.2262499999997,143.64891987302758,250.0,38.231174960409206,1028.01,430,60,()
yj_m,,False,1789176956581,9.601797455564382e-06,1.275824828872837e-06,1.275824828872837e-06,325325638.85113275,43227169.64568549,33881743533613.26,0.0,1.0,1.0,0.0001502735354105322,32767,2047.9375,2049.63625,1169.2587499999997,155.3635505779509,250.0,38.231174960409206,1028.01,430,61,()
yj_m,,False,1789176956687,1.2739880347541354e-05,1.0388636780335729e-06,1.0388636780335729e-06,431649358.58431596,35198512.7055197,33881743533613.26,0.0,1.0,1.0,0.0001502735354105322,32767,2047.9375,2049.63625,1551.3987500000003,126.50760976987709,250.0,38.231174960409206,1028.01,430,61,()
yj_m,,False,1789176956793,4.6159119068108464e-05,1.8868498403918326e-06,1.8868498403918328e-06,516563097.07117987,21115589.225672096,11190921913154.004,0.0,1.0,1.0,4.963438197105989e-05,32767,2047.9375,2049.63625,1856.5887500000013,75.89192032547008,250.0,43.04217381424828,1028.01,430,61,()
yj_m,,False,1789176956901,0.00014860910838961227,2.644922720816729e-06,2.644922720816729e-06,552573322.1888521,9834617.478107668,3718300501071.284,0.0,1.0,1.0,1.6491540981661725e-05,22873,1429.5625,1431.26125,1986.0137500000012,35.34677617106686,250.0,47.82738761665105,1028.01,431,61,()
yj_m,,False,1789176957008,0.00039559334410406763,2.2976577548874412e-05,2.2976577548874416e-05,485067887.8167259,28173375.783485834,1226178081725.0566,0.0,1.0,1.0,5.438389414668898e-06,9249,578.0625,579.76125,1743.3912500000006,101.25843837027851,250.0,52.645296980749606,1028.01,431,61,()
yj_m,,False,1789176957116,0.0002993085177900207,3.437928610604299e-05,3.4379286106042995e-05,367005544.1877376,42155127.08858469,1226178081725.0566,0.0,1.0,1.0,5.438389414668898e-06,2117,132.3125,134.01125,1319.0612499999997,151.5105030754881,250.0,52.645296980749606,1028.01,431,61,()
yj_m,,False,1789176957223,0.00021215966541010363,3.523290730413876e-05,3.523290730413876e-05,260145531.55199072,43201818.691785604,1226178081725.0566,0.0,1.0,1.0,5.438389414668898e-06,1991,124.4375,126.13625,934.9937499999997,155.2724362570109,250.0,52.645296980749606,1028.01,431,61,()
yj_m,,False,1789176957329,0.00012522127228691202,2.629795161310168e-05,2.6297951613101682e-05,153543579.4439368,32245971.86225138,1226178081725.0566,0.0,1.0,1.0,5.438389414668898e-06,2122,132.625,134.32375,551.8537499999996,115.89582943828263,250.0,52.645296980749606,1028.01,431,61,()
yj_m,,False,1789176957435,1.6880691810803947e-05,2.6467649785049003e-06,2.6467649785049003e-06,62767484.81854224,9841467.545792697,3718300501071.284,0.0,1.0,1.0,1.6491540981661725e-05,2123,132.6875,134.38625,225.59374999999983,35.371396122962125,250.0,47.82738761665105,1028.01,431,61,()
yj_m,,False,1789176957543,4.695033158916011e-06,6.135332902580209e-07,6.135332902580209e-07,52541749.46109786,6866003.1423979625,11190921913154.004,0.0,1.0,1.0,4.963438197105989e-05,8657,541.0625,542.76125,188.84124999999992,24.677225810197953,250.0,43.04217381424828,1028.01,431,62,()
yj_m,,False,1789176957651,2.841665284321332e-06,5.756247274513601e-07,5.756247274513601e-07,96280574.37174757,19503169.387113016,33881743533613.26,0.0,1.0,1.0,0.0001502735354105322,21442,1340.125,1341.82375,346.04374999999976,70.09669308310842,250.0,38.231174960409206,1028.01,431,62,()
yj_m,,False,1789176957759,6.2568371017772685e-06,1.171294570629761e-06,1.171294570629761e-06,211992550.0140135,39685502.244391225,33881743533613.26,0.0,1.0,1.0,0.0001502735354105322,32767,2047.9375,2049.63625,761.9262499999999,142.63437985172962,250.0,38.231174960409206,1028.01,431,62,()
yj_m,,False,1789176957865,9.400339826037442e-06,1.2882632379969397e-06,1.2882632379969397e-06,318499903.1146113,43648604.6335945,33881743533613.26,0.0,1.0,1.0,0.0001502735354105322,32767,2047.9375,2049.63625,1144.72625,156.87823767396006,250.0,38.231174960409206,1028.01,431,62,()
yj_m,,False,1789176957971,1.2546408758765044e-05,1.0744472262099052e-06,1.0744472262099052e-06,425094203.83235633,36404145.35884616,33881743533613.26,0.0,1.0,1.0,0.0001502735354105322,32767,2047.9375,2049.63625,1527.83875,130.84079584818912,250.0,38.231174960409206,1028.01,432,62,()
yj_m,,False,1789176958078,4.7232115002820375e-05,1.5624526856319114e-06,1.5624526856319116e-06,528570910.78967255,17485285.997904483,11190921913154.004,0.0,1.0,1.0,4.963438197105989e-05,32767,2047.9375,2049.63625,1899.7462500000008,62.844181975641135,250.0,43.04217381424828,1028.01,432,62,()
yj_m,,False,1789176958186,0.00014873874761304914,2.6381148918873404e-06,2.638114891887341e-06,553055359.7783159,9809303.924388316,3718300501071.284,0.0,1.0,1.0,1.6491540981661725e-05,21931,1370.6875,1372.38625,1987.7462500000008,35.25579627079072,250.0,47.82738761665105,1028.01,432,62,()
yj_m,,False,1789176958293,0.0003943407995249581,2.3512863059230217e-05,2.3512863059230217e-05,483532045.1074382,28830957.321830854,1226178081725.0566,0.0,1.0,1.0,5.438389414668898e-06,8454,528.375,530.07375,1737.8712500000006,103.62186404513047,250.0,52.645296980749606,1028.01,432,62,()
yj_m,,False,1789176958401,0.00029793854715661963,3.461798954251778e-05,3.4617989542517775e-05,365325716.22445416,42447820.01042252,1226178081725.0566,0.0,1.0,1.0,5.438389414668898e-06,1952,122.0,123.69875,1313.0237499999996,152.56247598832255,250.0,52.645296980749606,1028.01,432,62,()
yj_m,,False,1789176958507,0.00021047826045879906,3.539505729262419e-05,3.539505729262419e-05,258083829.65419707,43400643.45361841,1226178081725.0566,0.0,1.0,1.0,5.438389414668898e-06,1923,120.1875,121.88625,927.5837499999997,155.98703592185953,250.0,52.645296980749606,1028.01,432,62,()
yj_m,,False,1789176958613,0.00012338159743634496,2.631594413825175e-05,2.631594413825175e-05,151287810.46467063,32268033.90222528,1226178081725.0566,0.0,1.0,1.0,5.438389414668898e-06,2095,130.9375,132.63625,543.7462499999998,115.97512301432363,250.0,52.645296980749606,1028.01,432,63,()
yj_m,,False,1789176958720,1.6230250858581594e-05,2.500402683097382e-06,2.5004026830973824e-06,60348949.89997658,9297248.54944098,3718300501071.284,0.0,1.0,1.0,1.6491540981661725e-05,2021,126.3125,128.01125,216.90124999999992,33.415408806230396,250.0,47.82738761665105,1028.01,432,63,()
yj_m,,False,1789176958827,4.579236864739547e-06,6.207192572332389e-07,6.207192572332389e-07,51245882.17513643,6946420.73768813,11190921913154.004,0.0,1.0,1.0,4.963438197105989e-05,8773,548.3125,550.01125,184.18374999999992,24.966256140789312,250.0,43.04217381424828,1028.01,432,63,()
yj_m,,False,1789176958935,3.1213820072709463e-06,6.269619846694416e-07,6.269619846694416e-07,105757864.64078917,21242565.16989519,33881743533613.26,0.0,1.0,1.0,0.0001502735354105322,21606,1350.375,1352.07375,380.1062499999999,76.34828685823605,250.0,38.231174960409206,1028.01,433,63,()
yj_m,,False,1789176959043,6.100462622606096e-06,1.1568281388168355e-06,1.1568281388168353e-06,206694310.01553348,39195354.311859176,33881743533613.26,0.0,1.0,1.0,0.0001502735354105322,32767,2047.9375,2049.63625,742.8837499999997,140.87273032133473,250.0,38.231174960409206,1028.01,433,63,()
yj_m,,False,1789176959149,9.249077234133386e-06,1.2891608157000009e-06,1.2891608157000007e-06,313374862.76948845,43679016.1311311,33881743533613.26,0.0,1.0,1.0,0.0001502735354105322,32767,2047.9375,2049.63625,1126.3062499999996,156.98754018611635,250.0,38.231174960409206,1028.01,433,63,()
yj_m,,False,1789176959256,1.2992805854091028e-05,1.0172483744183018e-06,1.0172483744183016e-06,440218915.7303412,34466148.532025896,33881743533613.26,0.0,1.0,1.0,0.0001502735354105322,32767,2047.9375,2049.63625,1582.198750000001,123.87540647637648,250.0,38.231174960409206,1028.01,433,63,()
yj_m,,False,1789176959362,4.684221153885422e-05,1.7116953241450525e-06,1.7116953241450525e-06,524207531.570759,19155448.711618114,11190921913154.004,0.0,1.0,1.0,4.963438197105989e-05,32767,2047.9375,2049.63625,1884.063750000001,68.84694392772639,250.0,43.04217381424828,1028.01,433,63,()
yj_m,,False,1789176959470,0.00014905826246677236,2.5319863665545727e-06,2.5319863665545727e-06,554243412.0190147,9414686.175465528,3718300501071.284,0.0,1.0,1.0,1.6491540981661725e-05,22078,1379.875,1381.57375,1992.0162500000008,33.83749349741351,250.0,47.82738761665105,1028.01,433,63,()
yj_m,,False,1789176959577,0.00038392561905736274,2.4955027981876504e-05,2.4955027981876504e-05,470761179.1008619,30599308.340212442,1226178081725.0566,0.0,1.0,1.0,5.438389414668898e-06,8733,545.8125,547.51125,1691.9712500000003,109.97752635510362,250.0,52.645296980749606,1028.01,433,64,()
yj_m,,False,1789176959685,0.00030259077455393714,3.410111945350878e-05,3.4101119453508775e-05,371030175.4902457,41814045.2361804,1226178081725.0566,0.0,1.0,1.0,5.438389414668898e-06,2073,129.5625,131.26125,1333.5262499999997,150.28461463399202,250.0,52.645296980749606,1028.01,433,64,()
yj_m,,False,1789176959791,0.00021545950771838265,3.528354121134349e-05,3.528354121134349e-05,264191725.86355147,43263904.87899214,1226178081725.0566,0.0,1.0,1.0,5.438389414668898e-06,2070,129.375,131.07375,949.5362499999997,155.49558134296774,250.0,52.645296980749606,1028.01,433,64,()
yj_m,,False,1789176959898,0.000111170989616901,2.3236575353692514e-05,2.3236575353692514e-05,136315430.79192784,28492179.393050417,1226178081725.0566,0.0,1.0,1.0,5.438389414668898e-06,2165,135.3125,137.01125,489.93374999999963,102.4042561771116,250.0,52.645296980749606,1028.01,434,64,()
yj_m,,False,1789176960004,1.7181686775464793e-05,2.6678745564274305e-06,2.6678745564274305e-06,63886674.5464606,9919959.299959445,3718300501071.284,0.0,1.0,1.0,1.6491540981661725e-05,2050,128.125,129.82375,229.61624999999978,35.653504753214655,250.0,47.82738761665105,1028.01,434,64,()
yj_m,,False,1789176960112,4.716601228738467e-06,6.300169926352045e-07,6.300169926352045e-07,52783116.04629841,7050470.9685406955,11190921913154.004,0.0,1.0,1.0,4.963438197105989e-05,9045,565.3125,567.01125,189.70874999999992,25.34022495337206,250.0,43.04217381424828,1028.01,434,64,()
yj_m,,False,1789176960220,3.0907722726714688e-06,6.169649231700674e-07,6.169649231700674e-07,104720753.4634577,20903847.296083633,33881743533613.26,0.0,1.0,1.0,0.0001502735354105322,21607,1350.4375,1352.13625,376.3787499999998,75.1308948348647,250.0,38.231174960409206,1028.01,434,64,()
yj_m,,False,1789176960328,6.029573679901874e-06,1.1503884746512999e-06,1.1503884746512997e-06,204292469.03946003,38977167.2621599,33881743533613.26,0.0,1.0,1.0,0.0001502735354105322,32767,2047.9375,2049.63625,734.2512499999998,140.08854030821897,250.0,38.231174960409206,1028.01,434,64,()
yj_m,,False,1789176960434,9.802700784062357e-06,1.2812873332016453e-06,1.2812873332016453e-06,332132593.9023504,43412248.81640543,33881743533613.26,0.0,1.0,1.0,0.0001502735354105322,32767,2047.9375,2049.63625,1193.7237499999997,156.02874696570336,250.0,38.231174960409206,1028.01,434,64,()
yj_m,,False,1789176960540,1.2927767866692534e-05,1.0268503511441905e-06,1.0268503511441905e-06,438015315.3213631,34791480.24486818,33881743533613.26,0.0,1.0,1.0,0.0001502735354105322,32767,2047.9375,2049.63625,1574.2787500000004,125.04468705701774,250.0,38.231174960409206,1028.01,434,65,()
yj_m,,False,1789176960646,4.666438373550538e-05,1.7827148893965027e-06,1.782714889396503e-06,522217474.5094945,19950223.120653242,11190921913154.004,0.0,1.0,1.0,4.963438197105989e-05,32767,2047.9375,2049.63625,1876.9112500000006,71.7034569751522,250.0,43.04217381424828,1028.01,434,65,()
yj_m,,False,1789176960754,0.00014662766732952042,3.2545888093648553e-06,3.2545888093648553e-06,545205728.9022694,12101539.200642336,3718300501071.284,0.0,1.0,1.0,1.6491540981661725e-05,22373,1398.3125,1400.01125,1959.533750000001,43.494360446930344,250.0,47.82738761665105,1028.01,434,65,()
yj_m,,False,1789176960862,0.000386021135214623,2.4267854551899424e-05,2.4267854551899427e-05,473330655.08279514,29756711.342030723,1226178081725.0566,0.0,1.0,1.0,5.438389414668898e-06,8515,532.1875,533.88625,1701.2062500000009,106.94913327693452,250.0,52.645296980749606,1028.01,434,65,()
yj_m,,False,1789176960970,0.00030577999811541985,3.350782039878455e-05,3.350782039878455e-05,374940731.5190569,41086554.93936936,1226178081725.0566,0.0,1.0,1.0,5.438389414668898e-06,1978,123.625,125.32375,1347.58125,147.66992862863952,250.0,52.645296980749606,1028.01,435,65,()
yj_m,,False,1789176961076,0.00020064737388453827,3.439430205034887e-05,3.4394302050348874e-05,246029412.01291338,42173539.31036896,1226178081725.0566,0.0,1.0,1.0,5.438389414668898e-06,1828,114.25,115.94875,884.2587499999998,151.57667877410262,250.0,52.645296980749606,1028.01,435,65,()
yj_m,,False,1789176961182,0.00011343895756403865,2.355724309548327e-05,2.355724309548327e-05,139096363.37876302,28885375.149550512,1226178081725.0566,0.0,1.0,1.0,5.438389414668898e-06,2129,133.0625,134.76125,499.92874999999987,103.81744814185859,250.0,52.645296980749606,1028.01,435,65,()
yj_m,,False,1789176961288,1.7649734880860364e-05,2.919659487609996e-06,2.919659487609996e-06,65627018.05127842,10856171.335737778,3718300501071.284,0.0,1.0,1.0,1.6491540981661725e-05,2155,134.6875,136.38625,235.87124999999992,39.018361327553215,250.0,47.82738761665105,1028.01,435,65,()
yj_m,,False,1789176961396,4.8169207235322496e-06,6.998022308480861e-07,6.998022308480862e-07,53905783.67890269,7831432.120071905,11190921913154.004,0.0,1.0,1.0,4.963438197105989e-05,8986,561.625,563.32375,193.74375,28.14709152270444,250.0,43.04217381424828,1028.01,435,65,()
yj_m,,False,1789176961504,3.0361428268168673e-06,6.229996385154524e-07,6.229996385154524e-07,102869812.58962868,21108313.97371433,33881743533613.26,0.0,1.0,1.0,0.0001502735354105322,22001,1375.0625,1376.76125,369.72624999999965,75.86577221110653,250.0,38.231174960409206,1028.01,435,65,()
yj_m,,False,1789176961612,5.972685970595938e-06,1.1485078690712888e-06,1.1485078690712888e-06,202365014.26254156,38913449.06621008,33881743533613.26,0.0,1.0,1.0,0.0001502735354105322,32767,2047.9375,2049.63625,727.3237499999997,139.85952959018383,250.0,38.231174960409206,1028.01,435,66,()
yj_m,,False,1789176961718,9.75297792879748e-06,1.2843583899677987e-06,1.2843583899677987e-06,330447896.87250686,43516301.5741334,33881743533613.26,0.0,1.0,1.0,0.0001502735354105322,32767,2047.9375,2049.63625,1187.6687499999998,156.40272486017466,250.0,38.231174960409206,1028.01,435,66,()
yj_m,,False,1789176961825,1.288260259766581e-05,1.034862658700167e-06,1.034862658700167e-06,436485037.259573,35062951.194592215,33881743533613.26,0.0,1.0,1.0,0.0001502735354105322,32767,2047.9375,2049.63625,1568.7787500000006,126.0203856968685,250.0,38.231174960409206,1028.01,435,66,()
yj_m,,False,1789176961931,4.66004875517086e-05,1.7913124215128174e-06,1.7913124215128174e-06,521502417.30607617,20046437.43121275,11190921913154.004,0.0,1.0,1.0,4.963438197105989e-05,32767,2047.9375,2049.63625,1874.3412500000006,72.04926256518873,250.0,43.04217381424828,1028.01,436,66,()
yj_m,,False,1789176962039,0.00014921932938073945,2.3315922427880768e-06,2.3315922427880768e-06,554842307.2059245,8669560.604652826,3718300501071.284,0.0,1.0,1.0,1.6491540981661725e-05,23429,1464.3125,1466.01125,1994.168750000001,31.15942423549416,250.0,47.82738761665105,1028.01,436,66,()
yj_m,,False,1789176962146,0.00039681582307507355,2.3048964041101444e-05,2.304896404110144e-05,486566864.73634315,28262134.513667576,1226178081725.0566,0.0,1.0,1.0,5.438389414668898e-06,9131,570.6875,572.38625,1748.7787500000006,101.57744772432262,250.0,52.645296980749606,1028.01,436,66,()
yj_m,,False,1789176962254,0.0003001100782475758,3.466538307670726e-05,3.466538307670726e-05,367988400.0519692,42505932.92326115,1226178081725.0566,0.0,1.0,1.0,5.438389414668898e-06,2123,132.6875,134.38625,1322.5937499999998,152.7713406571648,250.0,52.645296980749606,1028.01,436,66,()
yj_m,,False,1789176962361,0.00021306730640945835,3.556882160936174e-05,3.556882160936174e-05,261258461.0514745,43613709.45018792,1226178081725.0566,0.0,1.0,1.0,5.438389414668898e-06,2072,129.5,131.19875,938.9937499999997,156.75282026549795,250.0,52.645296980749606,1028.01,436,66,()
yj_m,,False,1789176962467,0.00012593490502265468,2.689185623644398e-05,2.6891856236443984e-05,154418620.26290593,32974204.694028884,1226178081725.0566,0.0,1.0,1.0,5.438389414668898e-06,2088,130.5,132.19875,554.9987499999996,118.51318420195916,250.0,52.645296980749606,1028.01,436,66,()
yj_m,,False,1789176962573,1.884997334777397e-05,3.2341432539290763e-06,3.2341432539290767e-06,70089865.34420832,12025516.4816208,3718300501071.284,0.0,1.0,1.0,1.6491540981661725e-05,2039,127.4375,129.13625,251.91124999999977,43.22112582045383,250.0,47.82738761665105,1028.01,436,67,()
yj_m,,False,1789176962681,4.744944283029646e-06,6.47939205670174e-07,6.479392056701739e-07,53100300.95365128,7251037.055125949,11190921913154.004,0.0,1.0,1.0,4.963438197105989e-05,8751,546.9375,548.63625,190.84874999999994,26.061083144940472,250.0,43.04217381424828,1028.01,436,67,()
yj_m,,False,1789176962789,2.910768145932224e-06,5.959780033876592e-07,5.959780033876592e-07,98621899.80628659,20192773.86245556,33881743533613.26,0.0,1.0,1.0,0.0001502735354105322,21751,1359.4375,1361.13625,354.45874999999984,72.57521297376606,250.0,38.231174960409206,1028.01,436,67,()
yj_m,,False,1789176962897,6.4010785473144404e-06,1.1921361299961718e-06,1.1921361299961718e-06,216879701.67862162,40391650.613684535,33881743533613.26,0.0,1.0,1.0,0.0001502735354105322,32767,2047.9375,2049.63625,779.4912499999998,145.1723604502162,250.0,38.231174960409206,1028.01,437,67,()
yj_m,,False,1789176963003,9.552382545315594e-06,1.2912506327143292e-06,1.291250632714329e-06,323651375.5353468,43749822.77524275,33881743533613.26,0.0,1.0,1.0,0.0001502735354105322,32767,2047.9375,2049.63625,1163.2412499999998,157.24202762362071,250.0,38.231174960409206,1028.01,437,67,()
yj_m,,False,1789176963111,1.2701017686510625e-05,1.0589989355039628e-06,1.0589989355039628e-06,430332623.870239,35880730.33511472,33881743533613.26,0.0,1.0,1.0,0.0001502735354105322,32767,2047.9375,2049.63625,1546.66625,128.95958046491737,250.0,38.231174960409206,1028.01,437,67,()
yj_m,,False,1789176963217,4.7574780042967924e-05,1.467259942796541e-06,1.467259942796541e-06,532405648.4963315,16419991.4461349,11190921913154.004,0.0,1.0,1.0,4.963438197105989e-05,32767,2047.9375,2049.63625,1913.528750000001,59.01538760092573,250.0,43.04217381424828,1028.01,437,67,()
yj_m,,False,1789176963325,0.00014939592307038513,2.299686865448211e-06,2.299686865448211e-06,555498935.61062,8550926.824103134,3718300501071.284,0.0,1.0,1.0,1.6491540981661725e-05,23209,1450.5625,1452.26125,1996.528750000001,30.73304042374429,250.0,47.82738761665105,1028.01,437,67,()
yj_m,,False,1789176963433,0.00039959093543060067,2.2319693097101424e-05,2.2319693097101424e-05,489969646.6810149,27367918.466495812,1226178081725.0566,0.0,1.0,1.0,5.438389414668898e-06,9387,586.6875,588.38625,1761.0087500000009,98.36352969056925,250.0,52.645296980749606,1028.01,437,67,()
yj_m,,False,1789176963541,0.0003046363704562329,3.405168233679365e-05,3.4051682336793644e-05,373538440.34970737,41753426.52724063,1226178081725.0566,0.0,1.0,1.0,5.438389414668898e-06,2160,135.0,136.69875,1342.54125,150.06674383815854,250.0,52.645296980749606,1028.01,437,68,()
yj_m,,False,1789176963647,0.000217570340317507,3.542367773428509e-05,3.542367773428509e-05,266779982.53078848,43435737.211872295,1226178081725.0566,0.0,1.0,1.0,5.438389414668898e-06,2053,128.3125,130.01125,958.8387499999999,156.11316703176416,250.0,52.645296980749606,1028.01,437,68,()
yj_m,,False,1789176963753,0.00013052076117189444,2.7268764418555555e-05,2.7268764418555555e-05,160041696.5590478,33436361.245756928,1226178081725.0566,0.0,1.0,1.0,5.438389414668898e-06,2113,132.0625,133.76125,575.2087499999999,120.17422940542411,250.0,52.645296980749606,1028.01,437,68,()
yj_m,,False,1789176963860,1.7327413983339758e-05,2.792302052385841e-06,2.7923020523858415e-06,64428532.0965218,10382618.12052865,3718300501071.284,0.0,1.0,1.0,1.6491540981661725e-05,1967,122.9375,124.63625,231.5637499999999,37.31635517018644,250.0,47.82738761665105,1028.01,437,68,()
yj_m,,False,1789176963967,4.733383300358244e-06,6.419650799115509e-07,6.41965079911551e-07,52970922.8993363,7184181.080261838,11190921913154.004,0.0,1.0,1.0,4.963438197105989e-05,8878,554.875,556.57375,190.38374999999994,25.82079487907953,250.0,43.04217381424828,1028.01,438,68,()
yj_m,,False,1789176964075,3.2016324784643425e-06,6.489429873389668e-07,6.489429873389668e-07,108476890.52421543,21987319.864955712,33881743533613.26,0.0,1.0,1.0,0.0001502735354105322,21869,1366.8125,1368.51125,389.8787499999997,79.025023148921,250.0,38.231174960409206,1028.01,438,68,()
yj_m,,False,1789176964183,6.1679846998010515e-06,1.1623898220312598e-06,1.1623898220312598e-06,208982075.7179098,39383793.836145505,33881743533613.26,0.0,1.0,1.0,0.0001502735354105322,32767,2047.9375,2049.63625,751.1062499999997,141.55000421648705,250.0,38.231174960409206,1028.01,438,68,()
yj_m,,False,1789176964289,9.316188717973554e-06,1.2876714253782152e-06,1.2876714253782152e-06,315648716.8531213,43628552.99022692,33881743533613.26,0.0,1.0,1.0,0.0001502735354105322,32767,2047.9375,2049.63625,1134.4787499999998,156.80616970064503,250.0,38.231174960409206,1028.01,438,68,()
yj_m,,False,1789176964396,1.3062791491414706e-05,1.0039467249531426e-06,1.0039467249531428e-06,442590151.14517856,34015465.456273355,33881743533613.26,0.0,1.0,1.0,0.0001502735354105322,32767,2047.9375,2049.63625,1590.7212500000003,122.25559829998585,250.0,38.231174960409206,1028.01,438,68,()
yj_m,,False,1789176964502,4.6998968518947096e-05,1.645153145643843e-06,1.645153145643843e-06,525961786.69432026,18410780.388079923,11190921913154.004,0.0,1.0,1.0,4.963438197105989e-05,32767,2047.9375,2049.63625,1890.3687500000008,66.17051806648865,250.0,43.04217381424828,1028.01,438,68,()
yj_m,,False,1789176964610,0.00014869478626022422,2.6656703396330634e-06,2.6656703396330634e-06,552891898.2580792,9911763.35954848,3718300501071.284,0.0,1.0,1.0,1.6491540981661725e-05,21721,1357.5625,1359.26125,1987.158750000001,35.624047575865085,250.0,47.82738761665105,1028.01,438,69,()
yj_m,,False,1789176964717,0.0003854504559362786,2.4164163928270248e-05,2.416416392827025e-05,472630900.6599946,29629568.172056224,1226178081725.0566,0.0,1.0,1.0,5.438389414668898e-06,9381,586.3125,588.01125,1698.6912500000003,106.49216571507736,250.0,52.645296980749606,1028.01,438,69,()
yj_m,,False,1789176964825,0.0003048377533029647,3.349325362714861e-05,3.349325362714861e-05,373785371.58240527,41068693.48326788,1226178081725.0566,0.0,1.0,1.0,5.438389414668898e-06,2125,132.8125,134.51125,1343.4287499999998,147.60573244690565,250.0,52.645296980749606,1028.01,438,69,()
yj_m,,False,1789176964931,0.0002179203493778831,3.487532593462549e-05,3.487532593462549e-05,267209155.96902683,42763360.2540552,1226178081725.0566,0.0,1.0,1.0,5.438389414668898e-06,2129,133.0625,134.76125,960.3812499999997,153.6965648727632,250.0,52.645296980749606,1028.01,439,69,()
yj_m,,False,1789176965038,0.0001137123844150942,2.304975953387101e-05,2.3049759533871008e-05,139431633.39048243,28263109.92946579,1226178081725.0566,0.0,1.0,1.0,5.438389414668898e-06,2160,135.0,136.69875,501.13374999999974,101.58095348384707,250.0,52.645296980749606,1028.01,439,69,()
yj_m,,False,1789176965144,1.801583006161939e-05,2.9061024524137654e-06,2.9061024524137654e-06,66988269.94533449,10805762.204974592,3718300501071.284,0.0,1.0,1.0,1.6491540981661725e-05,2044,127.75,129.44875,240.76374999999985,38.83718496090441,250.0,47.82738761665105,1028.01,439,69,()
yj_m,,False,1789176965252,4.767258222701868e-06,6.183345006538466e-07,6.183345006538467e-07,53350014.51009794,6919733.113026272,11190921913154.004,0.0,1.0,1.0,4.963438197105989e-05,8720,545.0,546.69875,191.7462499999999,24.870337667339783,250.0,43.04217381424828,1028.01,439,69,()
yj_m,,False,1789176965360,3.0655002516842424e-06,6.059817843116243e-07,6.059817843116244e-07,103864493.32979241,20531719.402087804,33881743533613.26,0.0,1.0,1.0,0.0001502735354105322,21038,1314.875,1316.57375,373.3012499999999,73.79342325497238,250.0,38.231174960409206,1028.01,439,69,()
yj_m,,False,1789176965468,5.983525635162353e-06,1.146594206466923e-06,1.146594206466923e-06,202732280.99737123,38848610.8406391,33881743533613.26,0.0,1.0,1.0,0.0001502735354105322,32767,2047.9375,2049.63625,728.6437499999997,139.62649335347322,250.0,38.231174960409206,1028.01,439,69,()
yj_m,,False,1789176965574,9.756981214006667e-06,1.283221037967802e-06,1.283221037967802e-06,330583535.15525645,43477766.10536207,33881743533613.26,0.0,1.0,1.0,0.0001502735354105322,32767,2047.9375,2049.63625,1188.1562499999998,156.26422383638396,250.0,38.231174960409206,1028.01,439,70,()
yj_m,,False,1789176965680,1.2882951602017377e-05,1.0343775065738353e-06,1.0343775065738353e-06,436496862.1355049,35046513.39467306,33881743533613.26,0.0,1.0,1.0,0.0001502735354105322,32767,2047.9375,2049.63625,1568.8212500000002,125.9613063035133,250.0,38.231174960409206,1028.01,439,70,()
yj_m,,False,1789176965786,4.65808463123314e-05,1.8074429210032767e-06,1.807442921003277e-06,521282613.7299283,20226952.591430653,11190921913154.004,0.0,1.0,1.0,4.963438197105989e-05,32767,2047.9375,2049.63625,1873.5512500000011,72.69805536042556,250.0,43.04217381424828,1028.01,439,70,()
yj_m,,False,1789176965894,0.00014739483970371196,2.838696122081975e-06,2.838696122081975e-06,548058306.3256338,10555125.21312652,3718300501071.284,0.0,1.0,1.0,1.6491540981661725e-05,23127,1445.4375,1447.13625,1969.7862500000012,37.936366025062284,250.0,47.82738761665105,1028.01,440,70,()
yj_m,,False,1789176966002,0.00038841503835042096,2.3886487838550824e-05,2.3886487838550824e-05,476266006.63768345,29289087.837023143,1226178081725.0566,0.0,1.0,1.0,5.438389414668898e-06,8821,551.3125,553.01125,1711.7562500000006,105.26843919802121,250.0,52.645296980749606,1028.01,440,70,()
yj_m,,False,1789176966109,0.0003075283415904268,3.362933438172056e-05,3.3629334381720554e-05,377084511.96743745,41235552.721868604,1226178081725.0566,0.0,1.0,1.0,5.438389414668898e-06,2191,136.9375,138.63625,1355.2862499999997,148.2054442477991,250.0,52.645296980749606,1028.01,440,70,()
yj_m,,False,1789176966216,0.00020336235502385803,3.453093340327007e-05,3.453093340327007e-05,249358462.3782442,42341073.68059738,1226178081725.0566,0.0,1.0,1.0,5.438389414668898e-06,2131,133.1875,134.88625,896.2237499999997,152.1788170777638,250.0,52.645296980749606,1028.01,440,70,()
yj_m,,False,1789176966322,0.00011656975173618779,2.409196760244534e-05,2.4091967602445342e-05,142935274.57104483,29541042.61974864,1226178081725.0566,0.0,1.0,1.0,5.438389414668898e-06,2131,133.1875,134.88625,513.7262499999997,106.1739944298391,250.0,52.645296980749606,1028.01,440,70,()
yj_m,,False,1789176966428,1.7767027511588976e-05,2.8957625640720537e-06,2.8957625640720537e-06,66063147.29888858,10767315.392972585,3718300501071.284,0.0,1.0,1.0,1.6491540981661725e-05,1896,118.5,120.19875,237.43874999999977,38.69900258000845,250.0,47.82738761665105,1028.01,440,70,()
yj_m,,False,1789176966536,4.5945271966597885e-06,5.858231013768823e-07,5.858231013768822e-07,51416995.085682064,6555900.582430392,11190921913154.004,0.0,1.0,1.0,4.963438197105989e-05,8365,522.8125,524.51125,184.79874999999993,23.562680602756128,250.0,43.04217381424828,1028.01,440,71,()
yj_m,,False,1789176966644,2.9257753330497405e-06,6.061219665928995e-07,6.061219665928995e-07,99130369.47136323,20536469.022189926,33881743533613.26,0.0,1.0,1.0,0.0001502735354105322,21271,1329.4375,1331.13625,356.28624999999977,73.81049395030152,250.0,38.231174960409206,1028.01,440,71,()
yj_m,,False,1789176966752,5.725488241345568e-06,1.123831999270667e-06,1.123831999270667e-06,193989524.19798896,38077387.57415658,33881743533613.26,0.0,1.0,1.0,0.0001502735354105322,32767,2047.9375,2049.63625,697.2212499999998,136.85462589254155,250.0,38.231174960409206,1028.01,440,71,()
yj_m,,False,1789176966858,9.50547225453102e-06,1.2916779137135582e-06,1.291677913713558e-06,322061973.0938966,43764299.80047541,33881743533613.26,0.0,1.0,1.0,0.0001502735354105322,32767,2047.9375,2049.63625,1157.52875,157.29405976128754,250.0,38.231174960409206,1028.01,440,71,()
yj_m,,False,1789176966965,1.2663735809895836e-05,1.06082970646126e-06,1.06082970646126e-06,429069448.8883249,35942760.04715865,33881743533613.26,0.0,1.0,1.0,0.0001502735354105322,32767,2047.9375,2049.63625,1542.12625,129.182522572473,250.0,38.231174960409206,1028.01,441,71,()
yj_m,,False,1789176967071,4.619591531403034e-05,1.8455834865255833e-06,1.8455834865255833e-06,516974880.9859888,20653780.68191432,11190921913154.004,0.0,1.0,1.0,4.963438197105989e-05,32767,2047.9375,2049.63625,1858.0687500000006,74.23212590373186,250.0,43.04217381424828,1028.01,441,71,()
yj_m,,False,1789176967179,0.00014757685841136576,2.9971683995803875e-06,2.9971683995803875e-06,548735106.5775073,11144372.761954773,3718300501071.284,0.0,1.0,1.0,1.6491540981661725e-05,22163,1385.1875,1386.88625,1972.218750000001,40.05419127491529,250.0,47.82738761665105,1028.01,441,71,()
yj_m,,False,1789176967286,0.0003913557951883303,2.3357953310156645e-05,2.3357953310156645e-05,479871898.216011,28641010.38287131,1226178081725.0566,0.0,1.0,1.0,5.438389414668898e-06,9202,575.125,576.82375,1724.7162500000006,102.93917232369562,250.0,52.645296980749606,1028.01,441,71,()
yj_m,,False,1789176967395,0.000294124753132456,3.4408662512758704e-05,3.44086625127587e-05,360649325.58381075,42191147.79461933,1226178081725.0566,0.0,1.0,1.0,5.438389414668898e-06,2027,126.6875,128.38625,1296.2162499999997,151.63996574514087,250.0,52.645296980749606,1028.01,441,71,()
yj_m,,False,1789176967502,0.00020714211251054586,3.4711501540700376e-05,3.4711501540700376e-05,253993118.16265696,42562482.37297233,1226178081725.0566,0.0,1.0,1.0,5.438389414668898e-06,2122,132.625,134.32375,912.8812499999997,152.97458605496374,250.0,52.645296980749606,1028.01,441,71,()
yj_m,,False,1789176967608,0.0001196449528971265,2.4985792185069078e-05,2.4985792185069078e-05,146706018.83148333,30637030.73186891,1226178081725.0566,0.0,1.0,1.0,5.438389414668898e-06,1825,114.0625,115.76125,527.2787499999998,110.11310508376148,250.0,52.645296980749606,1028.01,441,72,()
yj_m,,False,1789176967714,1.6067874457509117e-05,2.6500147348468452e-06,2.6500147348468452e-06,59745185.64650664,9853551.116427312,3718300501071.284,0.0,1.0,1.0,1.6491540981661725e-05,1827,114.1875,115.88625,214.73124999999993,35.41482590226161,250.0,47.82738761665105,1028.01,441,72,()
yj_m,,False,1789176967822,4.44877179685098e-06,6.120163632880203e-07,6.120163632880203e-07,49785857.78800115,6849027.331128729,11190921913154.004,0.0,1.0,1.0,4.963438197105989e-05,8196,512.25,513.94875,178.93624999999997,24.616212740539517,250.0,43.04217381424828,1028.01,441,72,()
yj_m,,False,1789176967929,2.6272123751153393e-06,5.14661005735154e-07,5.14661005735154e-07,89014535.90199289,17437612.20306995,33881743533613.26,0.0,1.0,1.0,0.0001502735354105322,18814,1175.875,1177.57375,319.9287499999999,62.67283672922024,250.0,38.231174960409206,1028.01,442,72,()
yj_m,,False,1789176968037,5.939674264870948e-06,1.1505344475326947e-06,1.1505344475326947e-06,201246520.11556035,38982113.07789019,33881743533613.26,0.0,1.0,1.0,0.0001502735354105322,32767,2047.9375,2049.63625,723.3037499999997,140.1063161537962,250.0,38.231174960409206,1028.01,442,72,()
yj_m,,False,1789176968144,9.113992020407994e-06,1.292790183074718e-06,1.292790183074718e-06,308797940.2028614,43801985.42571054,33881743533613.26,0.0,1.0,1.0,0.0001502735354105322,32767,2047.9375,2049.63625,1109.8562499999998,157.42950634708697,250.0,38.231174960409206,1028.01,442,72,()
yj_m,,False,1789176968250,1.2286318398174326e-05,1.1020770381167206e-06,1.1020770381167206e-06,416281888.9392566,37340291.559754856,33881743533613.26,0.0,1.0,1.0,0.0001502735354105322,32767,2047.9375,2049.63625,1496.166250000001,134.20541580423455,250.0,38.231174960409206,1028.01,442,72,()
yj_m,,False,1789176968356,4.655275188132346e-05,1.8156080135983978e-06,1.8156080135983978e-06,520968211.14632404,20318327.505076323,11190921913154.004,0.0,1.0,1.0,4.963438197105989e-05,32767,2047.9375,2049.63625,1872.4212500000008,73.02646758667368,250.0,43.04217381424828,1028.01,442,72,()
yj_m,,False,1789176968464,0.00014801123399119329,3.011997767231053e-06,3.0119977672310534e-06,550350245.5136331,11199512.807120815,3718300501071.284,0.0,1.0,1.0,1.6491540981661725e-05,20557,1284.8125,1286.51125,1978.023750000001,40.252371106401895,250.0,47.82738761665105,1028.01,442,72,()
yj_m,,False,1789176968572,0.00039342011118623764,2.3160316704768773e-05,2.3160316704768773e-05,482403117.24639934,28398672.70919816,1226178081725.0566,0.0,1.0,1.0,5.438389414668898e-06,8974,560.875,562.57375,1733.8137500000005,102.06818211709025,250.0,52.645296980749606,1028.01,442,73,()
yj_m,,False,1789176968680,0.0002973718388076474,3.419743497787161e-05,3.419743497787161e-05,364630830.8682139,41932145.22108397,1226178081725.0566,0.0,1.0,1.0,5.438389414668898e-06,2005,125.3125,127.01125,1310.5262499999997,150.7090799211763,250.0,52.645296980749606,1028.01,442,73,()
yj_m,,False,1789176968786,0.00021039090001261112,3.482758306438753e-05,3.482758306438753e-05,257976710.1898717,42704818.993010774,1226178081725.0566,0.0,1.0,1.0,5.438389414668898e-06,2172,135.75,137.44875,927.1987499999997,153.4861606699037,250.0,52.645296980749606,1028.01,442,73,()
yj_m,,False,1789176968892,0.0001237094827473618,2.5475056275156494e-05,2.547505627515649e-05,151689856.24635908,31236955.635309253,1226178081725.0566,0.0,1.0,1.0,5.438389414668898e-06,2198,137.375,139.07375,545.1912499999996,112.26930600652834,250.0,52.645296980749606,1028.01,443,73,()
yj_m,,False,1789176968999,1.716204446888345e-05,2.6505829372392033e-06,2.6505829372392033e-06,63813638.54805699,9855663.863667525,3718300501071.284,0.0,1.0,1.0,1.6491540981661725e-05,2192,137.0,138.69875,229.3537499999998,35.42241936524806,250.0,47.82738761665105,1028.01,443,73,()
yj_m,,False,1789176969106,4.861548602876693e-06,6.57469179749898e-07,6.57469179749898e-07,54405210.79179602,7357686.250886522,11190921913154.004,0.0,1.0,1.0,4.963438197105989e-05,8972,560.75,562.44875,195.53874999999994,26.444392944204637,250.0,43.04217381424828,1028.01,443,73,()
yj_m,,False,1789176969214,3.274574387942506e-06,6.495831286533995e-07,6.495831286533996e-07,110948289.59400661,22009008.968796592,33881743533613.26,0.0,1.0,1.0,0.0001502735354105322,21723,1357.6875,1359.38625,398.7612499999998,79.10297634847565,250.0,38.231174960409206,1028.01,443,73,()
yj_m,,False,1789176969322,6.237025972408727e-06,1.1576564344815356e-06,1.1576564344815356e-06,211321314.40963733,39223418.41314055,33881743533613.26,0.0,1.0,1.0,0.0001502735354105322,32767,2047.9375,2049.63625,759.5137499999998,140.9735960142448,250.0,38.231174960409206,1028.01,443,73,()
yj_m,,False,1789176969428,9.376217466443622e-06,1.2789403483313953e-06,1.2789403483313953e-06,317682595.5134279,43332728.87695435,33881743533613.26,0.0,1.0,1.0,0.0001502735354105322,32767,2047.9375,2049.63625,1141.78875,155.74294291616394,250.0,38.231174960409206,1028.01,443,73,()
yj_m,,False,1789176969534,1.3096357498168663e-05,9.961296332851715e-07,9.961296332851715e-07,443727425.97746366,33750608.76120041,33881743533613.26,0.0,1.0,1.0,0.0001502735354105322,32767,2047.9375,2049.63625,1594.8087500000004,121.30367207214917,250.0,38.231174960409206,1028.01,443,74,()
yj_m,,False,1789176969641,4.706124865140272e-05,1.6159991303273495e-06,1.6159991303273493e-06,526658758.793372,18084520.079218145,11190921913154.004,0.0,1.0,1.0,4.963438197105989e-05,32767,2047.9375,2049.63625,1892.8737500000009,64.99790000213468,250.0,43.04217381424828,1028.01,443,74,()
yj_m,,False,1789176969748,0.00014935551603970345,2.4231954058208195e-06,2.4231954058208195e-06,555348690.1281896,9010168.691657187,3718300501071.284,0.0,1.0,1.0,1.6491540981661725e-05,22175,1385.9375,1387.63625,1995.988750000001,32.38360990821592,250.0,47.82738761665105,1028.01,443,74,()
yj_m,,False,1789176969856,0.0003860160297340016,2.4450006092624162e-05,2.4450006092624162e-05,473324394.8543605,29980061.568819843,1226178081725.0566,0.0,1.0,1.0,5.438389414668898e-06,9486,592.875,594.57375,1701.1837500000008,107.75188035801277,250.0,52.645296980749606,1028.01,443,74,()
yj_m,,False,1789176969964,0.00030526661367515973,3.378809690826106e-05,3.378809690826106e-05,374311230.77091134,41430223.85211187,1226178081725.0566,0.0,1.0,1.0,5.438389414668898e-06,2081,130.0625,131.76125,1345.31875,148.90511527038788,250.0,52.645296980749606,1028.01,444,74,()
yj_m,,False,1789176970070,0.00021782958527794767,3.531250645787744e-05,3.531250645787743e-05,267097863.0190785,43299421.429423824,1226178081725.0566,0.0,1.0,1.0,5.438389414668898e-06,2032,127.0,128.69875,959.9812499999997,155.62323201786904,250.0,52.645296980749606,1028.01,444,74,()
yj_m,,False,1789176970176,0.00011276389957076857,2.381221358105307e-05,2.381221358105307e-05,138268622.06352195,29198014.370442994,1226178081725.0566,0.0,1.0,1.0,5.438389414668898e-06,2136,133.5,135.19875,496.95374999999984,104.94111040811174,250.0,52.645296980749606,1028.01,444,74,()
yj_m,,False,1789176970283,1.7449196284144122e-05,2.914105575935771e-06,2.914105575935771e-06,64881355.28662428,10835520.2231766,3718300501071.284,0.0,1.0,1.0,1.6491540981661725e-05,2057,128.5625,130.26125,233.19124999999994,38.94413879119039,250.0,47.82738761665105,1028.01,444,74,()
yj_m,,False,1789176970390,4.558352508946048e-06,5.9877695115207e-07,5.9877695115207e-07,51012166.98024486,6700866.103739244,11190921913154.004,0.0,1.0,1.0,4.963438197105989e-05,8402,525.125,526.82375,183.34375,24.08370379919792,250.0,43.04217381424828,1028.01,444,74,()
yj_m,,False,1789176970498,3.0542499937630372e-06,6.234586757942283e-07,6.234586757942284e-07,103483314.97621913,21123866.957066186,33881743533613.26,0.0,1.0,1.0,0.0001502735354105322,21358,1334.875,1336.57375,371.93124999999964,75.92167146926826,250.0,38.231174960409206,1028.01,444,74,()
yj_m,,False,1789176970606,5.999169241979791e-06,1.15506973712556e-06,1.1550697371255597e-06,203262313.67150036,39135776.596726306,33881743533613.26,0.0,1.0,1.0,0.0001502735354105322,32767,2047.9375,2049.63625,730.5487499999997,140.65860098013025,250.0,38.231174960409206,1028.01,444,75,()
yj_m,,False,1789176970712,9.163571167998696e-06,1.2934847978194739e-06,1.2934847978194737e-06,310477768.1661447,43825520.18434701,33881743533613.26,0.0,1.0,1.0,0.0001502735354105322,32767,2047.9375,2049.63625,1115.8937499999997,157.51409304785238,250.0,38.231174960409206,1028.01,444,75,()
yj_m,,False,1789176970819,1.2911918963197705e-05,1.03336274214838e-06,1.03336274214838e-06,437478326.8378623,35012131.40666274,33881743533613.26,0.0,1.0,1.0,0.0001502735354105322,32767,2047.9375,2049.63625,1572.3487500000006,125.83773337988688,250.0,38.231174960409206,1028.01,444,75,()
yj_m,,False,1789176970927,4.6714481327081464e-05,1.7509552462970652e-06,1.7509552462970654e-06,522778112.74485946,19594803.434737794,11190921913154.004,0.0,1.0,1.0,4.963438197105989e-05,32767,2047.9375,2049.63625,1878.9262500000007,70.42603666746764,250.0,43.04217381424828,1028.01,445,75,()
yj_m,,False,1789176971035,0.00014863062139205843,2.5248131176418557e-06,2.5248131176418557e-06,552653313.9966272,9388013.880439064,3718300501071.284,0.0,1.0,1.0,1.6491540981661725e-05,23129,1445.5625,1447.26125,1986.301250000001,33.74163012048322,250.0,47.82738761665105,1028.01,445,75,()
yj_m,,False,1789176971142,0.0003930292582808906,2.360825157941551e-05,2.360825157941551e-05,481923861.9806842,28947920.63453025,1226178081725.0566,0.0,1.0,1.0,5.438389414668898e-06,9407,587.9375,589.63625,1732.0912500000006,104.04224399823133,250.0,52.645296980749606,1028.01,445,75,()
yj_m,,False,1789176971250,0.00031308594088460065,3.363041023019688e-05,3.363041023019687e-05,383899118.4089641,41236871.903689526,1226178081725.0566,0.0,1.0,1.0,5.438389414668898e-06,2114,132.125,133.82375,1379.7787499999997,148.21018554298996,250.0,52.645296980749606,1028.01,445,75,()
yj_m,,False,1789176971356,0.0002088507466918311,3.5210179332587595e-05,3.5210179332587595e-05,256088207.94543517,43173950.15122749,1226178081725.0566,0.0,1.0,1.0,5.438389414668898e-06,2113,132.0625,133.76125,920.4112499999997,155.17227343242573,250.0,52.645296980749606,1028.01,445,75,()
yj_m,,False,1789176971463,0.00012198439757296326,2.58154830487953e-05,2.5815483048795302e-05,149574594.61640275,31654379.48357754,1226178081725.0566,0.0,1.0,1.0,5.438389414668898e-06,2115,132.1875,133.88625,537.5887499999997,113.76957659316264,250.0,52.645296980749606,1028.01,445,75,()
yj_m,,False,1789176971569,1.8383047659897354e-05,3.0128108519653226e-06,3.0128108519653222e-06,68353695.32501362,11202536.10049566,3718300501071.284,0.0,1.0,1.0,1.6491540981661725e-05,2065,129.0625,130.76125,245.6712499999998,40.26323717968415,250.0,47.82738761665105,1028.01,445,76,()
yj_m,,False,1789176971677,4.894304720445666e-06,6.809806279896187e-07,6.809806279896186e-07,54771781.94568848,7620801.0322023975,11190921913154.004,0.0,1.0,1.0,4.963438197105989e-05,8955,559.6875,561.38625,196.8562499999999,27.390058528369373,250.0,43.04217381424828,1028.01,445,76,()
yj_m,,False,1789176971785,3.0651512473326715e-06,6.265640494068463e-07,6.265640494068464e-07,103852668.45386037,21229082.429384958,33881743533613.26,0.0,1.0,1.0,0.0001502735354105322,22023,1376.4375,1378.13625,373.25874999999985,76.29982829723471,250.0,38.231174960409206,1028.01,445,76,()
yj_m,,False,1789176971892,5.96373503546155e-06,1.1498042268303302e-06,1.1498042268303302e-06,202061740.97393224,38957371.927329734,33881743533613.26,0.0,1.0,1.0,0.0001502735354105322,32767,2047.9375,2049.63625,726.2337499999999,140.01739353804405,250.0,38.231174960409206,1028.01,446,76,()
yj_m,,False,1789176971999,9.741234958850531e-06,1.287322768793715e-06,1.2873227687937147e-06,330050024.5764414,43616739.897249565,33881743533613.26,0.0,1.0,1.0,0.0001502735354105322,32767,2047.9375,2049.63625,1186.2387499999998,156.76371204997506,250.0,38.231174960409206,1028.01,446,76,()
yj_m,,False,1789176972105,1.2882048296636845e-05,1.0348955168195754e-06,1.0348955168195754e-06,436466256.5742691,35064064.484967,33881743533613.26,0.0,1.0,1.0,0.0001502735354105322,32767,2047.9375,2049.63625,1568.7112500000003,126.02438699389693,250.0,38.231174960409206,1028.01,446,76,()
yj_m,,False,1789176972211,4.661702100004513e-05,1.7779739334225692e-06,1.777973933422569e-06,521687441.8353654,19897167.452555247,11190921913154.004,0.0,1.0,1.0,4.963438197105989e-05,32767,2047.9375,2049.63625,1875.0062500000008,71.51276864090426,250.0,43.04217381424828,1028.01,446,76,()
yj_m,,False,1789176972319,0.0001483249496877354,2.6600266413861538e-06,2.6600266413861538e-06,551516734.7452796,9890778.3935291,3718300501071.284,0.0,1.0,1.0,1.6491540981661725e-05,22907,1431.6875,1433.38625,1982.216250000001,35.5486251307628,250.0,47.82738761665105,1028.01,446,76,()
yj_m,,False,1789176972426,0.0003925686304737181,2.3590481495451853e-05,2.3590481495451853e-05,481359050.25969625,28926131.347063597,1226178081725.0566,0.0,1.0,1.0,5.438389414668898e-06,8933,558.3125,560.01125,1730.0612500000009,103.9639307268992,250.0,52.645296980749606,1028.01,446,76,()
yj_m,,False,1789176972534,0.0002950607579130406,3.476182595603389e-05,3.476182595603389e-05,361797034.1301534,42624189.06802992,1226178081725.0566,0.0,1.0,1.0,5.438389414668898e-06,2159,134.9375,136.63625,1300.3412499999997,153.19636720133897,250.0,52.645296980749606,1028.01,446,77,()
yj_m,,False,1789176972641,0.00020814789219295585,3.514015545345561e-05,3.514015545345561e-05,255226383.1642725,43088088.40543848,1226178081725.0566,0.0,1.0,1.0,5.438389414668898e-06,2056,128.5,130.19875,917.3137499999998,154.8636761822717,250.0,52.645296980749606,1028.01,446,77,()
yj_m,,False,1789176972747,0.00012070405648824858,2.570733385868959e-05,2.570733385868959e-05,148004668.44119352,31521769.3171136,1226178081725.0566,0.0,1.0,1.0,5.438389414668898e-06,1981,123.8125,125.51125,531.94625,113.29296000055565,250.0,52.645296980749606,1028.01,446,77,()
yj_m,,False,1789176972853,1.8126014048061446e-05,3.0753782511344985e-06,3.075378251134498e-06,67397967.11733201,11435180.492177134,3718300501071.284,0.0,1.0,1.0,1.6491540981661725e-05,1791,111.9375,113.63625,242.23625,41.09938858654104,250.0,47.82738761665105,1028.01,446,77,()
yj_m,,False,1789176972961,4.599251039041653e-06,6.439810103285052e-07,6.439810103285054e-07,51469859.23690756,7206741.200140325,11190921913154.004,0.0,1.0,1.0,4.963438197105989e-05,8726,545.375,547.07375,184.98875,25.90187861309485,250.0,43.04217381424828,1028.01,447,77,()
yj_m,,False,1789176973068,2.7377441062243817e-06,5.389348805731071e-07,5.389348805731071e-07,92759543.66775577,18260053.404896505,33881743533613.26,0.0,1.0,1.0,0.0001502735354105322,20230,1264.375,1266.07375,333.38874999999973,65.62878749594189,250.0,38.231174960409206,1028.01,447,77,()
yj_m,,False,1789176973177,6.12446180419348e-06,1.161540261896612e-06,1.161540261896612e-06,207507444.13109383,39355009.25754698,33881743533613.26,0.0,1.0,1.0,0.0001502735354105322,32767,2047.9375,2049.63625,745.8062499999997,141.44654904304844,250.0,38.231174960409206,1028.01,447,77,()
yj_m,,False,1789176973284,9.281555168497148e-06,1.2888846674691413e-06,1.2888846674691415e-06,314475271.81210303,43669659.74759586,33881743533613.26,0.0,1.0,1.0,0.0001502735354105322,32767,2047.9375,2049.63625,1130.2612499999998,156.95391223919046,250.0,38.231174960409206,1028.01,447,77,()
yj_m,,False,1789176973390,1.2448974955673753e-05,1.0800233206007341e-06,1.0800233206007341e-06,421792976.70451266,36593073.158915445,33881743533613.26,0.0,1.0,1.0,0.0001502735354105322,32767,2047.9375,2049.63625,1515.9737500000003,131.51982466414523,250.0,38.231174960409206,1028.01,447,77,()
yj_m,,False,1789176973496,4.6880250901192385e-05,1.7135787290120042e-06,1.7135787290120042e-06,524633227.1043116,19176525.748415023,11190921913154.004,0.0,1.0,1.0,4.963438197105989e-05,32767,2047.9375,2049.63625,1885.593750000001,68.92269728607185,250.0,43.04217381424828,1028.01,447,77,()
yj_m,,False,1789176973604,0.00014972011466377053,2.1222613700291556e-06,2.122261370029156e-06,556704377.3747481,7891205.51558364,3718300501071.284,0.0,1.0,1.0,1.6491540981661725e-05,23847,1490.4375,1492.13625,2000.8612500000008,28.36192416229018,250.0,47.82738761665105,1028.01,447,78,()
yj_m,,False,1789176973712,0.0003976026343663892,2.348374984045836e-05,2.3483749840458356e-05,487531635.4962082,28795259.331084333,1226178081725.0566,0.0,1.0,1.0,5.438389414668898e-06,8147,509.1875,510.88625,1752.2462500000006,103.49356125231894,250.0,52.645296980749606,1028.01,447,78,()
yj_m,,False,1789176973820,0.0003014652997147373,3.490297401161938e-05,3.490297401161938e-05,369650142.9108858,42797261.72006695,1226178081725.0566,0.0,1.0,1.0,5.438389414668898e-06,1861,116.3125,118.01125,1328.5662499999996,153.81841074360216,250.0,52.645296980749606,1028.01,447,78,()
yj_m,,False,1789176973926,0.0002137508735370974,3.607070064368353e-05,3.607070064368353e-05,262096636.08077326,44229102.52175064,1226178081725.0566,0.0,1.0,1.0,5.438389414668898e-06,1874,117.125,118.82375,942.0062499999997,158.96461561047948,250.0,52.645296980749606,1028.01,448,78,()
yj_m,,False,1789176974032,0.00012623953203306314,2.7692351004821232e-05,2.7692351004821232e-05,154792147.22617018,33955753.83354864,1226178081725.0566,0.0,1.0,1.0,5.438389414668898e-06,2036,127.25,128.94875,556.3412499999997,122.04098767908883,250.0,52.645296980749606,1028.01,448,78,()
yj_m,,False,1789176974139,1.5916161022866507e-05,2.4673504272027582e-06,2.4673504272027582e-06,59181069.50645577,9174350.329786463,3718300501071.284,0.0,1.0,1.0,1.6491540981661725e-05,2176,136.0,137.69875,212.70374999999984,32.97369809693023,250.0,47.82738761665105,1028.01,448,78,()
yj_m,,False,1789176974246,4.43491104880946e-06,5.727498501149975e-07,5.727498501149975e-07,49630743.239010595,6409598.848407596,11190921913154.004,0.0,1.0,1.0,4.963438197105989e-05,7770,485.625,487.32375,178.37874999999994,23.036854900083476,250.0,43.04217381424828,1028.01,448,78,()
yj_m,,False,1789176974354,2.972562445827883e-06,5.870852829934593e-07,5.870852829934593e-07,100715598.4271905,19891472.99074315,33881743533613.26,0.0,1.0,1.0,0.0001502735354105322,19576,1223.5,1225.19875,361.98374999999993,71.492302072933,250.0,38.231174960409206,1028.01,448,78,()
yj_m,,False,1789176974476,6.540803465948939e-06,1.1967287862602574e-06,1.1967287862602574e-06,221613825.53705066,40547257.81536232,33881743533613.26,0.0,1.0,1.0,0.0001502735354105322,32767,2047.9375,2049.63625,796.5062499999997,145.73163110213068,250.0,38.231174960409206,1028.01,448,78,()
yj_m,,False,1789176974582,9.69299023966289e-06,1.281583278632181e-06,1.2815832786321808e-06,328415409.3740746,43422275.96358278,33881743533613.26,0.0,1.0,1.0,0.0001502735354105322,32767,2047.9375,2049.63625,1180.3637499999998,156.0647857163412,250.0,38.231174960409206,1028.01,448,79,()
yj_m,,False,1789176974688,1.2797096531531117e-05,1.0491366564683212e-06,1.0491366564683212e-06,433587942.65622914,35546579.12617218,33881743533613.26,0.0,1.0,1.0,0.0001502735354105322,32767,2047.9375,2049.63625,1558.3662500000003,127.75860157416993,250.0,38.231174960409206,1028.01,448,79,()
yj_m,,False,1789176974795,4.761959438977481e-05,1.539342027500935e-06,1.5393420275009352e-06,532907162.3520364,17226656.42739913,11190921913154.004,0.0,1.0,1.0,4.963438197105989e-05,32767,2047.9375,2049.63625,1915.331250000001,61.914636768598584,250.0,43.04217381424828,1028.01,448,79,()
yj_m,,False,1789176974902,0.00014802208402720963,2.9992967960722727e-06,2.9992967960722727e-06,550390589.2079893,11152286.779697029,3718300501071.284,0.0,1.0,1.0,1.6491540981661725e-05,20718,1294.875,1296.57375,1978.1687500000012,40.082635188913166,250.0,47.82738761665105,1028.01,449,79,()
yj_m,,False,1789176975010,0.00039141082092391616,2.3722067178147306e-05,2.3722067178147306e-05,479939369.5669172,29087478.82705359,1226178081725.0566,0.0,1.0,1.0,5.438389414668898e-06,9393,587.0625,588.76125,1724.9587500000007,104.54383261669486,250.0,52.645296980749606,1028.01,449,79,()
yj_m,,False,1789176975118,0.0002955344330595788,3.433520219666138e-05,3.433520219666139e-05,362377844.2126965,42101072.36514421,1226178081725.0566,0.0,1.0,1.0,5.438389414668898e-06,1940,121.25,122.94875,1302.4287499999998,151.31622401840295,250.0,52.645296980749606,1028.01,449,79,()
yj_m,,False,1789176975224,0.00020836062055217957,3.4819409575360315e-05,3.4819409575360315e-05,255487226.01571396,42694796.83991438,1226178081725.0566,0.0,1.0,1.0,5.438389414668898e-06,2197,137.3125,139.01125,918.2512499999997,153.45013986858237,250.0,52.645296980749606,1028.01,449,79,()
yj_m,,False,1789176975330,0.0001210869675348513,2.52720592562812e-05,2.52720592562812e-05,148474185.57378817,30988045.140108846,1226178081725.0566,0.0,1.0,1.0,5.438389414668898e-06,1873,117.0625,118.76125,533.6337499999997,111.37469230344702,250.0,52.645296980749606,1028.01,449,79,()
yj_m,,False,1789176975437,1.6810727785457052e-05,2.692020245227856e-06,2.6920202452278555e-06,62507337.54803792,10009740.226724777,3718300501071.284,0.0,1.0,1.0,1.6491540981661725e-05,2189,136.8125,138.51125,224.65874999999983,35.976188002448225,250.0,47.82738761665105,1028.01,449,79,()
yj_m,,False,1789176975545,4.695903340407407e-06,6.400862864456046e-07,6.400862864456046e-07,52551487.594218336,7163155.649293487,11190921913154.004,0.0,1.0,1.0,4.963438197105989e-05,8218,513.625,515.32375,188.8762499999999,25.74522699817385,250.0,43.04217381424828,1028.01,449,80,()
yj_m,,False,1789176975652,2.7174402648300944e-06,5.403034076265045e-07,5.403034076265044e-07,92071614.12088735,18306421.487538528,33881743533613.26,0.0,1.0,1.0,0.0001502735354105322,20895,1305.9375,1307.63625,330.91624999999976,65.79543985860647,250.0,38.231174960409206,1028.01,449,80,()
yj_m,,False,1789176975761,6.114361207665684e-06,1.1650311894301473e-06,1.1650311894301473e-06,207165218.31000257,39473287.96893266,33881743533613.26,0.0,1.0,1.0,0.0001502735354105322,32767,2047.9375,2049.63625,744.5762499999998,141.8716566943077,250.0,38.231174960409206,1028.01,449,80,()
yj_m,,False,1789176975867,9.279871735742516e-06,1.2908736586175158e-06,1.290873658617516e-06,314418234.17525446,43737050.23557571,33881743533613.26,0.0,1.0,1.0,0.0001502735354105322,32767,2047.9375,2049.63625,1130.0562499999999,157.19612160828746,250.0,38.231174960409206,1028.01,450,80,()
yj_m,,False,1789176975973,1.2420623484525611e-05,1.09375221078998e-06,1.0937522107899803e-06,420832379.4302707,37058231.89530862,33881743533613.26,0.0,1.0,1.0,0.0001502735354105322,32767,2047.9375,2049.63625,1512.52125,133.1916600736979,250.0,38.231174960409206,1028.01,450,80,()
yj_m,,False,1789176976079,4.6956143158406274e-05,1.6859281299699202e-06,1.6859281299699202e-06,525482531.4286052,18867090.053683132,11190921913154.004,0.0,1.0,1.0,4.963438197105989e-05,32767,2047.9375,2049.63625,1888.646250000001,67.81054887100902,250.0,43.04217381424828,1028.01,450,80,()
yj_m,,False,1789176976187,0.0001474466579791694,3.3336028269294188e-06,3.3336028269294184e-06,548250982.2452319,12395337.061744306,3718300501071.284,0.0,1.0,1.0,1.6491540981661725e-05,19479,1217.4375,1219.13625,1970.478750000001,44.55030464191573,250.0,47.82738761665105,1028.01,450,80,()
yj_m,,False,1789176976295,0.00037431256632294705,2.6453709935054106e-05,2.6453709935054102e-05,458973864.5394542,32436959.302675713,1226178081725.0566,0.0,1.0,1.0,5.438389414668898e-06,9001,562.5625,564.26125,1649.6062500000003,116.58226084481079,250.0,52.645296980749606,1028.01,450,80,()
yj_m,,False,1789176976402,0.000293051467650719,3.429417998497487e-05,3.429417998497487e-05,359333286.45067114,42050771.82831032,1226178081725.0566,0.0,1.0,1.0,5.438389414668898e-06,2190,136.875,138.57375,1291.4862499999997,151.13543795115527,250.0,52.645296980749606,1028.01,450,80,()
yj_m,,False,1789176976508,0.00020612555459126856,3.4478214354019226e-05,3.4478214354019226e-05,252746637.12323514,42276430.73791661,1226178081725.0566,0.0,1.0,1.0,5.438389414668898e-06,2138,133.625,135.32375,908.4012499999997,151.94648271081334,250.0,52.645296980749606,1028.01,450,80,()
yj_m,,False,1789176976615,0.00010078814385990765,2.02980182800076e-05,2.02980182800076e-05,123584212.89877062,24888985.117399853,1226178081725.0566,0.0,1.0,1.0,5.438389414668898e-06,1852,115.75,117.44875,444.17624999999975,89.45395060134292,250.0,52.645296980749606,1028.01,450,81,()
yj_m,,False,1789176976721,1.6474937877709247e-05,2.4934512615239776e-06,2.493451261523978e-06,61258769.765804574,9271401.075121433,3718300501071.284,0.0,1.0,1.0,1.6491540981661725e-05,2006,125.375,127.07375,220.17124999999993,33.322509932289016,250.0,47.82738761665105,1028.01,450,81,()
yj_m,,False,1789176976828,4.587441433086994e-06,6.013971543470491e-07,6.013971543470491e-07,51337698.85884385,6730188.593090853,11190921913154.004,0.0,1.0,1.0,4.963438197105989e-05,8443,527.6875,529.38625,184.51374999999993,24.18909228738234,250.0,43.04217381424828,1028.01,450,81,()
yj_m,,False,1789176976936,3.0978755377093097e-06,6.4350119702354e-07,6.4350119702354e-07,104961424.4677211,21802942.521124717,33881743533613.26,0.0,1.0,1.0,0.0001502735354105322,21864,1366.5,1368.19875,377.24374999999986,78.36234920985652,250.0,38.231174960409206,1028.01,451,81,()
yj_m,,False,1789176977044,6.051396716708878e-06,1.1656861929456543e-06,1.1656861929456543e-06,205031871.57567957,39495480.63005868,33881743533613.26,0.0,1.0,1.0,0.0001502735354105322,32767,2047.9375,2049.63625,736.9087499999997,141.95141973818895,250.0,38.231174960409206,1028.01,451,81,()
yj_m,,False,1789176977150,9.22622771393941e-06,1.2952493040383895e-06,1.2952493040383895e-06,312600681.18641007,43885304.73151978,33881743533613.26,0.0,1.0,1.0,0.0001502735354105322,32767,2047.9375,2049.63625,1123.5237499999996,157.72896576782435,250.0,38.231174960409206,1028.01,451,81,()
yj_m,,False,1789176977257,1.2970941757948543e-05,1.028076188072054e-06,1.028076188072054e-06,439478122.03224725,34833013.73727209,33881743533613.26,0.0,1.0,1.0,0.0001502735354105322,32767,2047.9375,2049.63625,1579.5362500000008,125.19396333165389,250.0,38.231174960409206,1028.01,451,81,()
yj_m,,False,1789176977363,4.6891128169834835e-05,1.6931485999049577e-06,1.6931485999049574e-06,524754953.76831764,18947893.76890241,11190921913154.004,0.0,1.0,1.0,4.963438197105989e-05,32767,2047.9375,2049.63625,1886.031250000001,68.1009669622062,250.0,43.04217381424828,1028.01,451,81,()
yj_m,,False,1789176977471,0.00015022819566067478,1.966980307248964e-06,1.9669803072489644e-06,558593575.200122,7313823.862041173,3718300501071.284,0.0,1.0,1.0,1.6491540981661725e-05,23938,1496.125,1497.82375,2007.6512500000008,26.286746340836878,250.0,47.82738761665105,1028.01,451,81,()
yj_m,,False,1789176977579,0.00038973281962635913,2.4112498868744327e-05,2.4112498868744324e-05,477881841.15474653,29566217.608474515,1226178081725.0566,0.0,1.0,1.0,5.438389414668898e-06,9392,587.0,588.69875,1717.5637500000003,106.26447631117139,250.0,52.645296980749606,1028.01,451,82,()
yj_m,,False,1789176977686,0.00030761116383161793,3.427838042236469e-05,3.427838042236469e-05,377186066.7842654,42031398.75093687,1226178081725.0566,0.0,1.0,1.0,5.438389414668898e-06,1813,113.3125,115.01125,1355.6512499999997,151.06580882412638,250.0,52.645296980749606,1028.01,451,82,()
yj_m,,False,1789176977792,0.00021990184313459943,3.606860026733225e-05,3.606860026733224e-05,269638820.18258744,44226527.08630531,1226178081725.0566,0.0,1.0,1.0,5.438389414668898e-06,1975,123.4375,125.13625,969.1137499999998,158.95535919146454,250.0,52.645296980749606,1028.01,451,82,()
yj_m,,False,1789176977899,0.00011563034330185561,2.5157587167673813e-05,2.5157587167673813e-05,141783392.53907907,30847681.974089175,1226178081725.0566,0.0,1.0,1.0,5.438389414668898e-06,2146,134.125,135.82375,509.5862499999996,110.87021051521235,250.0,52.645296980749606,1028.01,452,82,()
yj_m,,False,1789176978005,1.704830616029812e-05,2.9117040714651948e-06,2.9117040714651948e-06,63390725.338253155,10826590.707900332,3718300501071.284,0.0,1.0,1.0,1.6491540981661725e-05,1772,110.75,112.44875,227.83374999999978,38.91204505917803,250.0,47.82738761665105,1028.01,452,82,()
yj_m,,False,1789176978112,4.334342930732425e-06,5.844957511307533e-07,5.844957511307532e-07,48505293.28265764,6541046.309474556,11190921913154.004,0.0,1.0,1.0,4.963438197105989e-05,8767,547.9375,549.63625,174.33375,23.509292592238925,250.0,43.04217381424828,1028.01,452,82,()
yj_m,,False,1789176978221,3.028711087095198e-06,6.322700385728786e-07,6.322700385728786e-07,102618012.29037052,21422411.290914036,33881743533613.26,0.0,1.0,1.0,0.0001502735354105322,21840,1365.0,1366.69875,368.8212499999998,76.99467504761287,250.0,38.231174960409206,1028.01,452,82,()
yj_m,,False,1789176978328,5.965438997883923e-06,1.1597911475315687e-06,1.1597911475315685e-06,202119474.19171798,39295746.21321963,33881743533613.26,0.0,1.0,1.0,0.0001502735354105322,32767,2047.9375,2049.63625,726.4412499999999,141.23355066586515,250.0,38.231174960409206,1028.01,452,82,()
yj_m,,False,1789176978434,9.744642883695272e-06,1.2955856529253392e-06,1.2955856529253394e-06,330165491.0120128,43896700.81824523,33881743533613.26,0.0,1.0,1.0,0.0001502735354105322,32767,2047.9375,2049.63625,1186.6537499999997,157.76992464879834,250.0,38.231174960409206,1028.01,452,82,()
yj_m,,False,1789176978541,1.2905472647527522e-05,1.0355648268416003e-06,1.0355648268416005e-06,437259914.42358845,35086741.87547773,33881743533613.26,0.0,1.0,1.0,0.0001502735354105322,32767,2047.9375,2049.63625,1571.5637500000003,126.1058922124081,250.0,38.231174960409206,1028.01,452,83,()
yj_m,,False,1789176978647,4.671367330141088e-05,1.747618614682171e-06,1.7476186146821709e-06,522769070.1926761,19557463.45088255,11190921913154.004,0.0,1.0,1.0,4.963438197105989e-05,32767,2047.9375,2049.63625,1878.8937500000006,70.29183235758975,250.0,43.04217381424828,1028.01,452,83,()
yj_m,,False,1789176978755,0.00014665367000204235,3.268321160762227e-06,3.2683211607622274e-06,545302414.6525369,12152600.20972407,3718300501071.284,0.0,1.0,1.0,1.6491540981661725e-05,21273,1329.5625,1331.26125,1959.8812500000008,43.677879741208805,250.0,47.82738761665105,1028.01,452,83,()
yj_m,,False,1789176978863,0.00038482248181985024,2.4658341983677433e-05,2.4658341983677433e-05,471860892.56253946,30235518.472066022,1226178081725.0566,0.0,1.0,1.0,5.438389414668898e-06,8927,557.9375,559.63625,1695.9237500000008,108.67002262439951,250.0,52.645296980749606,1028.01,452,83,()
yj_m,,False,1789176978970,0.00030450703161382476,3.369003996451105e-05,3.369003996451105e-05,373379847.89603084,41309988.57692465,1226178081725.0566,0.0,1.0,1.0,5.438389414668898e-06,2192,137.0,138.69875,1341.97125,148.47297549785787,250.0,52.645296980749606,1028.01,453,83,()
yj_m,,False,1789176979077,0.0001998911954769509,3.4313949949508326e-05,3.4313949949508326e-05,245102202.62365597,42075013.325497724,1226178081725.0566,0.0,1.0,1.0,5.438389414668898e-06,2159,134.9375,136.63625,880.9262499999999,151.2225647537017,250.0,52.645296980749606,1028.01,453,83,()
yj_m,,False,1789176979183,0.00011299704985247782,2.3282017606974962e-05,2.3282017606974962e-05,138554505.82870185,28547899.688009553,1226178081725.0566,0.0,1.0,1.0,5.438389414668898e-06,2190,136.875,138.57375,497.9812499999999,102.60452149485177,250.0,52.645296980749606,1028.01,453,83,()
yj_m,,False,1789176979289,1.7476321374185032e-05,2.791425830893075e-06,2.791425830893075e-06,64982214.522515,10379360.065713046,3718300501071.284,0.0,1.0,1.0,1.6491540981661725e-05,2137,133.5625,135.26125,233.55374999999992,37.30464533657303,250.0,47.82738761665105,1028.01,453,83,()
yj_m,,False,1789176979397,4.7852212549171145e-06,6.763704408661274e-07,6.763704408661273e-07,53551037.400942236,7569208.788098379,11190921913154.004,0.0,1.0,1.0,4.963438197105989e-05,8942,558.875,560.57375,192.46875,27.204629912709713,250.0,43.04217381424828,1028.01,453,83,()
yj_m,,False,1789176979505,2.806682730493357e-06,5.444265341891581e-07,5.444265341891581e-07,95095304.45479731,18446120.204290986,33881743533613.26,0.0,1.0,1.0,0.0001502735354105322,19882,1242.625,1244.32375,341.78374999999966,66.29753353773803,250.0,38.231174960409206,1028.01,453,83,()
