channel,laser,autolevel,t_ms,tp,tp_err,tp_pd_err,pd_power_nw,pd_power_err_nw,delivered_power_nw,delivered_power_err_nw,laser_output_power_uw,laser_output_power_err_uw,pd_route_tx,laser_route_tx,atten_tx,pd_mv,pd_net_mv,pd_net_err_mv,laser_current_ma,atten_db,wavelength_nm,pd_raw,pd_ontime_s,laser_current_ontime_s,flags,step_index,step_label
yj_m,,False,1789621109906,,,,0.0,0.015650598414093782,0.0,0.0010677929077185701,0.0,435.67499999999995,1.0,0.0024488678200343937,1.0008270799054182e-06,2.4375,-48.4609375,291.1011305021443,0.0,59.996409522211266,1028.01,39,3,0,(),0,dark
yj_m,,False,1789621109956,,,,0.0,0.015650598414093782,0.0,0.0010677929077185701,0.0,435.67499999999995,1.0,0.0024488678200343937,1.0008270799054182e-06,2.375,-48.5234375,291.1011305021443,0.0,59.996409522211266,1028.01,38,3,0,(),0,dark
yj_m,,False,1789621110006,,,,0.0,0.015650598414093782,0.0,0.0010677929077185701,0.0,435.67499999999995,1.0,0.0024488678200343937,1.0008270799054182e-06,2.3125,-48.5859375,291.1011305021443,0.0,59.996409522211266,1028.01,37,3,0,(),0,dark
yj_m,,False,1789621110056,,,,0.0,0.015650598414093782,0.0,0.0010677929077185701,0.0,435.67499999999995,1.0,0.0024488678200343937,1.0008270799054182e-06,2.75,-48.1484375,291.1011305021443,0.0,59.996409522211266,1028.01,44,3,0,(),0,dark
yj_m,,False,1789621110107,,,,0.0,0.015650598414093782,0.0,0.0010677929077185701,0.0,435.67499999999995,1.0,0.0024488678200343937,1.0008270799054182e-06,2.3125,-48.5859375,291.1011305021443,0.0,59.996409522211266,1028.01,37,3,0,(),0,dark
yj_m,,False,1789621110156,,,,0.0,0.015650598414093782,0.0,0.0010677929077185701,0.0,435.67499999999995,1.0,0.0024488678200343937,1.0008270799054182e-06,2.25,-48.6484375,291.1011305021443,0.0,59.996409522211266,1028.01,36,3,0,(),0,dark
yj_m,,False,1789621110206,,,,0.0,0.015650598414093782,0.0,0.0010677929077185701,0.0,435.67499999999995,1.0,0.0024488678200343937,1.0008270799054182e-06,2.125,-48.7734375,291.1011305021443,0.0,59.996409522211266,1028.01,34,3,0,(),0,dark
yj_m,,False,1789621110256,,,,0.0,0.015650598414093782,0.0,0.0010677929077185701,0.0,435.67499999999995,1.0,0.0024488678200343937,1.0008270799054182e-06,2.0625,-48.8359375,291.1011305021443,0.0,59.996409522211266,1028.01,33,3,0,(),0,dark
yj_m,,False,1789621110306,,,,0.0,0.015650598414093782,0.0,0.0010677929077185701,0.0,435.67499999999995,1.0,0.0024488678200343937,1.0008270799054182e-06,2.625,-48.2734375,291.1011305021443,0.0,59.996409522211266,1028.01,42,3,0,(),0,dark
yj_m,,False,1789621110356,,,,0.0,0.015650598414093782,0.0,0.0010677929077185701,0.0,435.67499999999995,1.0,0.0024488678200343937,1.0008270799054182e-06,2.375,-48.5234375,291.1011305021443,0.0,59.996409522211266,1028.01,38,3,0,(),0,dark
yj_m,,False,1789621110406,,,,0.0,0.015650598414093782,0.0,0.0010677929077185701,0.0,435.67499999999995,1.0,0.0024488678200343937,1.0008270799054182e-06,2.125,-48.7734375,291.1011305021443,0.0,59.996409522211266,1028.01,34,3,0,(),0,dark
yj_m,,False,1789621110456,,,,0.0,0.015650598414093782,0.0,0.0010677929077185701,0.0,435.67499999999995,1.0,0.0024488678200343937,1.0008270799054182e-06,2.25,-48.6484375,291.1011305021443,0.0,59.996409522211266,1028.01,36,3,0,(),0,dark
yj_m,,False,1789621110506,,,,0.0,0.015650598414093782,0.0,0.0010677929077185701,0.0,435.67499999999995,1.0,0.0024488678200343937,1.0008270799054182e-06,2.5625,-48.3359375,291.1011305021443,0.0,59.996409522211266,1028.01,41,3,0,(),0,dark
yj_m,,False,1789621110556,,,,0.0,0.015650598414093782,0.0,0.0010677929077185701,0.0,435.67499999999995,1.0,0.0024488678200343937,1.0008270799054182e-06,2.1875,-48.7109375,291.1011305021443,0.0,59.996409522211266,1028.01,35,3,0,(),0,dark
yj_m,,False,1789621110606,,,,0.0,0.015650598414093782,0.0,0.0010677929077185701,0.0,435.67499999999995,1.0,0.0024488678200343937,1.0008270799054182e-06,2.1875,-48.7109375,291.1011305021443,0.0,59.996409522211266,1028.01,35,3,0,(),0,dark
yj_m,,False,1789621110656,,,,0.0,0.015650598414093782,0.0,0.0010677929077185701,0.0,435.67499999999995,1.0,0.0024488678200343937,1.0008270799054182e-06,2.5,-48.3984375,291.1011305021443,0.0,59.996409522211266,1028.01,40,3,0,(),0,dark
yj_m,,False,1789621110706,,,,0.0,0.015650598414093782,0.0,0.0010677929077185701,0.0,435.67499999999995,1.0,0.0024488678200343937,1.0008270799054182e-06,2.5,-48.3984375,291.1011305021443,0.0,59.996409522211266,1028.01,40,3,0,(),0,dark
yj_m,,False,1789621110756,,,,0.0,0.015650598414093782,0.0,0.0010677929077185701,0.0,435.67499999999995,1.0,0.0024488678200343937,1.0008270799054182e-06,2.1875,-48.7109375,291.1011305021443,0.0,59.996409522211266,1028.01,35,4,0,(),0,dark
yj_m,,False,1789621110806,,,,0.0,0.015650598414093782,0.0,0.0010677929077185701,0.0,435.67499999999995,1.0,0.0024488678200343937,1.0008270799054182e-06,1.8125,-49.0859375,291.1011305021443,0.0,59.996409522211266,1028.01,29,4,0,(),0,dark
yj_m,,False,1789621110856,,,,0.0,0.015650598414093782,0.0,0.0010677929077185701,0.0,435.67499999999995,1.0,0.0024488678200343937,1.0008270799054182e-06,2.4375,-48.4609375,291.1011305021443,0.0,59.996409522211266,1028.01,39,4,0,(),0,dark
yj_m,,False,1789621110906,,,,0.0,0.015650598414093782,0.0,0.0010677929077185701,0.0,435.67499999999995,1.0,0.0024488678200343937,1.0008270799054182e-06,1.8125,-49.0859375,291.1011305021443,0.0,59.996409522211266,1028.01,29,4,0,(),0,dark
yj_m,,False,1789621110956,,,,0.0,0.015650598414093782,0.0,0.0010677929077185701,0.0,435.67499999999995,1.0,0.0024488678200343937,1.0008270799054182e-06,1.5625,-49.3359375,291.1011305021443,0.0,59.996409522211266,1028.01,25,4,0,(),0,dark
yj_m,,False,1789621111006,,,,0.0,0.015650598414093782,0.0,0.0010677929077185701,0.0,435.67499999999995,1.0,0.0024488678200343937,1.0008270799054182e-06,1.625,-49.2734375,291.1011305021443,0.0,59.996409522211266,1028.01,26,4,0,(),0,dark
yj_m,,False,1789621111056,,,,0.0,0.015650598414093782,0.0,0.0010677929077185701,0.0,435.67499999999995,1.0,0.0024488678200343937,1.0008270799054182e-06,1.4375,-49.4609375,291.1011305021443,0.0,59.996409522211266,1028.01,23,4,0,(),0,dark
yj_m,,False,1789621111106,,,,0.0,0.015650598414093782,0.0,0.0010677929077185701,0.0,435.67499999999995,1.0,0.0024488678200343937,1.0008270799054182e-06,2.1875,-48.7109375,291.1011305021443,0.0,59.996409522211266,1028.01,35,4,0,(),0,dark
yj_m,,False,1789621111156,,,,0.0,0.015650598414093782,0.0,0.0010677929077185701,0.0,435.67499999999995,1.0,0.0024488678200343937,1.0008270799054182e-06,2.1875,-48.7109375,291.1011305021443,0.0,59.996409522211266,1028.01,35,4,0,(),0,dark
yj_m,,False,1789621111206,,,,0.0,0.015650598414093782,0.0,0.0010677929077185701,0.0,435.67499999999995,1.0,0.0024488678200343937,1.0008270799054182e-06,2.6875,-48.2109375,291.1011305021443,0.0,59.996409522211266,1028.01,43,4,0,(),0,dark
yj_m,,False,1789621111256,,,,0.0,0.015650598414093782,0.0,0.0010677929077185701,0.0,435.67499999999995,1.0,0.0024488678200343937,1.0008270799054182e-06,2.0625,-48.8359375,291.1011305021443,0.0,59.996409522211266,1028.01,33,4,0,(),0,dark
yj_m,,False,1789621111306,,,,0.0,0.015650598414093782,0.0,0.0010677929077185701,0.0,435.67499999999995,1.0,0.0024488678200343937,1.0008270799054182e-06,2.125,-48.7734375,291.1011305021443,0.0,59.996409522211266,1028.01,34,4,0,(),0,dark
yj_m,,False,1789621111356,,,,0.0,0.015650598414093782,0.0,0.0010677929077185701,0.0,435.67499999999995,1.0,0.0024488678200343937,1.0008270799054182e-06,2.4375,-48.4609375,291.1011305021443,0.0,59.996409522211266,1028.01,39,4,0,(),0,dark
yj_m,,False,1789621111406,,,,0.0,0.015650598414093782,0.0,0.0010677929077185701,0.0,435.67499999999995,1.0,0.0024488678200343937,1.0008270799054182e-06,1.4375,-49.4609375,291.1011305021443,0.0,59.996409522211266,1028.01,23,4,0,(),0,dark
yj_m,,False,1789621111456,,,,0.0,0.015650598414093782,0.0,0.0010677929077185701,0.0,435.67499999999995,1.0,0.0024488678200343937,1.0008270799054182e-06,2.25,-48.6484375,291.1011305021443,0.0,59.996409522211266,1028.01,36,4,0,(),0,dark
yj_m,,False,1789621111506,,,,0.0,0.015650598414093782,0.0,0.0010677929077185701,0.0,435.67499999999995,1.0,0.0024488678200343937,1.0008270799054182e-06,1.875,-49.0234375,291.1011305021443,0.0,59.996409522211266,1028.01,30,4,0,(),0,dark
yj_m,,False,1789621111556,,,,0.0,0.015650598414093782,0.0,0.0010677929077185701,0.0,435.67499999999995,1.0,0.0024488678200343937,1.0008270799054182e-06,2.25,-48.6484375,291.1011305021443,0.0,59.996409522211266,1028.01,36,4,0,(),0,dark
yj_m,,False,1789621111606,,,,0.0,0.015650598414093782,0.0,0.0010677929077185701,0.0,435.67499999999995,1.0,0.0024488678200343937,1.0008270799054182e-06,1.9375,-48.9609375,291.1011305021443,0.0,59.996409522211266,1028.01,31,4,0,(),0,dark
yj_m,,False,1789621111656,,,,0.0,0.015650598414093782,0.0,0.0010677929077185701,0.0,435.67499999999995,1.0,0.0024488678200343937,1.0008270799054182e-06,2.0,-48.8984375,291.1011305021443,0.0,59.996409522211266,1028.01,32,4,0,(),0,dark
yj_m,,False,1789621111706,,,,0.0,0.015650598414093782,0.0,0.0010677929077185701,0.0,435.67499999999995,1.0,0.0024488678200343937,1.0008270799054182e-06,2.25,-48.6484375,291.1011305021443,0.0,59.996409522211266,1028.01,36,4,0,(),0,dark
yj_m,,False,1789621111756,,,,0.0,0.015650598414093782,0.0,0.0010677929077185701,0.0,435.67499999999995,1.0,0.0024488678200343937,1.0008270799054182e-06,2.3125,-48.5859375,291.1011305021443,0.0,59.996409522211266,1028.01,37,5,0,(),0,dark
yj_m,,False,1789621111806,,,,0.0,0.015650598414093782,0.0,0.0010677929077185701,0.0,435.67499999999995,1.0,0.0024488678200343937,1.0008270799054182e-06,1.9375,-48.9609375,291.1011305021443,0.0,59.996409522211266,1028.01,31,5,0,(),0,dark
yj_m,,False,1789621111856,,,,0.0,0.015650598414093782,0.0,0.0010677929077185701,0.0,435.67499999999995,1.0,0.0024488678200343937,1.0008270799054182e-06,2.0,-48.8984375,291.1011305021443,0.0,59.996409522211266,1028.01,32,5,0,(),0,dark
yj_m,,False,1789621111906,,,,0.0,0.015650598414093782,0.0,0.0010677929077185701,0.0,435.67499999999995,1.0,0.0024488678200343937,1.0008270799054182e-06,2.3125,-48.5859375,291.1011305021443,0.0,59.996409522211266,1028.01,37,5,0,(),0,dark
yj_m,,False,1789621111956,,,,0.0,0.015650598414093782,0.0,0.0010677929077185701,0.0,435.67499999999995,1.0,0.0024488678200343937,1.0008270799054182e-06,1.9375,-48.9609375,291.1011305021443,0.0,59.996409522211266,1028.01,31,5,0,(),0,dark
yj_m,,False,1789621112006,,,,0.0,0.015650598414093782,0.0,0.0010677929077185701,0.0,435.67499999999995,1.0,0.0024488678200343937,1.0008270799054182e-06,2.25,-48.6484375,291.1011305021443,0.0,59.996409522211266,1028.01,36,5,0,(),0,dark
yj_m,,False,1789621112056,,,,0.0,0.015650598414093782,0.0,0.0010677929077185701,0.0,435.67499999999995,1.0,0.0024488678200343937,1.0008270799054182e-06,1.875,-49.0234375,291.1011305021443,0.0,59.996409522211266,1028.01,30,5,0,(),0,dark
yj_m,,False,1789621112106,,,,0.0,0.015650598414093782,0.0,0.0010677929077185701,0.0,435.67499999999995,1.0,0.0024488678200343937,1.0008270799054182e-06,1.9375,-48.9609375,291.1011305021443,0.0,59.996409522211266,1028.01,31,5,0,(),0,dark
yj_m,,False,1789621112156,,,,0.0,0.015650598414093782,0.0,0.0010677929077185701,0.0,435.67499999999995,1.0,0.0024488678200343937,1.0008270799054182e-06,1.6875,-49.2109375,291.1011305021443,0.0,59.996409522211266,1028.01,27,5,0,(),0,dark
yj_m,,False,1789621112206,,,,0.0,0.015650598414093782,0.0,0.0010677929077185701,0.0,435.67499999999995,1.0,0.0024488678200343937,1.0008270799054182e-06,1.75,-49.1484375,291.1011305021443,0.0,59.996409522211266,1028.01,28,5,0,(),0,dark
yj_m,,False,1789621112256,,,,0.0,0.015650598414093782,0.0,0.0010677929077185701,0.0,435.67499999999995,1.0,0.0024488678200343937,1.0008270799054182e-06,2.1875,-48.7109375,291.1011305021443,0.0,59.996409522211266,1028.01,35,5,0,(),0,dark
yj_m,,False,1789621112306,,,,0.0,0.015650598414093782,0.0,0.0010677929077185701,0.0,435.67499999999995,1.0,0.0024488678200343937,1.0008270799054182e-06,1.375,-49.5234375,291.1011305021443,0.0,59.996409522211266,1028.01,22,5,0,(),0,dark
yj_m,,False,1789621112356,,,,0.0,0.015650598414093782,0.0,0.0010677929077185701,0.0,435.67499999999995,1.0,0.0024488678200343937,1.0008270799054182e-06,1.25,-49.6484375,291.1011305021443,0.0,59.996409522211266,1028.01,20,5,0,(),0,dark
yj_m,,False,1789621112406,,,,0.0,0.015650598414093782,0.0,0.0010677929077185701,0.0,435.67499999999995,1.0,0.0024488678200343937,1.0008270799054182e-06,2.0,-48.8984375,291.1011305021443,0.0,59.996409522211266,1028.01,32,5,0,(),0,dark
yj_m,,False,1789621112456,,,,0.0,0.015650598414093782,0.0,0.0010677929077185701,0.0,435.67499999999995,1.0,0.0024488678200343937,1.0008270799054182e-06,1.625,-49.2734375,291.1011305021443,0.0,59.996409522211266,1028.01,26,5,0,(),0,dark
yj_m,,False,1789621112506,,,,0.0,0.015650598414093782,0.0,0.0010677929077185701,0.0,435.67499999999995,1.0,0.0024488678200343937,1.0008270799054182e-06,1.4375,-49.4609375,291.1011305021443,0.0,59.996409522211266,1028.01,23,5,0,(),0,dark
yj_m,,False,1789621112556,,,,0.0,0.015650598414093782,0.0,0.0010677929077185701,0.0,435.67499999999995,1.0,0.0024488678200343937,1.0008270799054182e-06,1.375,-49.5234375,291.1011305021443,0.0,59.996409522211266,1028.01,22,5,0,(),0,dark
yj_m,,False,1789621112606,,,,0.0,0.015650598414093782,0.0,0.0010677929077185701,0.0,435.67499999999995,1.0,0.0024488678200343937,1.0008270799054182e-06,1.875,-49.0234375,291.1011305021443,0.0,59.996409522211266,1028.01,30,5,0,(),0,dark
yj_m,,False,1789621112656,,,,0.0,0.015650598414093782,0.0,0.0010677929077185701,0.0,435.67499999999995,1.0,0.0024488678200343937,1.0008270799054182e-06,1.25,-49.6484375,291.1011305021443,0.0,59.996409522211266,1028.01,20,5,0,(),0,dark
yj_m,,False,1789621112706,,,,0.0,0.015650598414093782,0.0,0.0010677929077185701,0.0,435.67499999999995,1.0,0.0024488678200343937,1.0008270799054182e-06,1.375,-49.5234375,291.1011305021443,0.0,59.996409522211266,1028.01,22,5,0,(),0,dark
yj_m,,False,1789621112756,,,,0.0,0.015650598414093782,0.0,0.0010677929077185701,0.0,435.67499999999995,1.0,0.0024488678200343937,1.0008270799054182e-06,0.9375,-49.9609375,291.1011305021443,0.0,59.996409522211266,1028.01,15,6,0,(),0,dark
yj_m,,False,1789621112806,,,,0.0,0.015650598414093782,0.0,0.0010677929077185701,0.0,435.67499999999995,1.0,0.0024488678200343937,1.0008270799054182e-06,2.5,-48.3984375,291.1011305021443,0.0,59.996409522211266,1028.01,40,6,0,(),0,dark
yj_m,,False,1789621112856,,,,0.0,0.015650598414093782,0.0,0.0010677929077185701,0.0,435.67499999999995,1.0,0.0024488678200343937,1.0008270799054182e-06,2.0625,-48.8359375,291.1011305021443,0.0,59.996409522211266,1028.01,33,6,0,(),0,dark
yj_m,,False,1789621112906,,,,0.0,0.015650598414093782,0.0,0.0010677929077185701,0.0,435.67499999999995,1.0,0.0024488678200343937,1.0008270799054182e-06,1.4375,-49.4609375,291.1011305021443,0.0,59.996409522211266,1028.01,23,6,0,(),0,dark
yj_m,,False,1789621112956,,,,0.0,0.015650598414093782,0.0,0.0010677929077185701,0.0,435.67499999999995,1.0,0.0024488678200343937,1.0008270799054182e-06,1.5625,-49.3359375,291.1011305021443,0.0,59.996409522211266,1028.01,25,6,0,(),0,dark
yj_m,,False,1789621113006,,,,0.0,0.015650598414093782,0.0,0.0010677929077185701,0.0,435.67499999999995,1.0,0.0024488678200343937,1.0008270799054182e-06,1.6875,-49.2109375,291.1011305021443,0.0,59.996409522211266,1028.01,27,6,0,(),0,dark
yj_m,,False,1789621113056,,,,0.0,0.015650598414093782,0.0,0.0010677929077185701,0.0,435.67499999999995,1.0,0.0024488678200343937,1.0008270799054182e-06,1.75,-49.1484375,291.1011305021443,0.0,59.996409522211266,1028.01,28,6,0,(),0,dark
yj_m,,False,1789621113106,,,,0.0,0.015650598414093782,0.0,0.0010677929077185701,0.0,435.67499999999995,1.0,0.0024488678200343937,1.0008270799054182e-06,1.6875,-49.2109375,291.1011305021443,0.0,59.996409522211266,1028.01,27,6,0,(),0,dark
yj_m,,False,1789621113156,,,,0.0,0.015650598414093782,0.0,0.0010677929077185701,0.0,435.67499999999995,1.0,0.0024488678200343937,1.0008270799054182e-06,2.25,-48.6484375,291.1011305021443,0.0,59.996409522211266,1028.01,36,6,0,(),0,dark
yj_m,,False,1789621113206,,,,0.0,0.015650598414093782,0.0,0.0010677929077185701,0.0,435.67499999999995,1.0,0.0024488678200343937,1.0008270799054182e-06,1.75,-49.1484375,291.1011305021443,0.0,59.996409522211266,1028.01,28,6,0,(),0,dark
yj_m,,False,1789621113256,,,,0.0,0.015650598414093782,0.0,0.0010677929077185701,0.0,435.67499999999995,1.0,0.0024488678200343937,1.0008270799054182e-06,1.75,-49.1484375,291.1011305021443,0.0,59.996409522211266,1028.01,28,6,0,(),0,dark
yj_m,,False,1789621113306,,,,0.0,0.015650598414093782,0.0,0.0010677929077185701,0.0,435.67499999999995,1.0,0.0024488678200343937,1.0008270799054182e-06,1.875,-49.0234375,291.1011305021443,0.0,59.996409522211266,1028.01,30,6,0,(),0,dark
yj_m,,False,1789621113356,,,,0.0,0.015650598414093782,0.0,0.0010677929077185701,0.0,435.67499999999995,1.0,0.0024488678200343937,1.0008270799054182e-06,1.9375,-48.9609375,291.1011305021443,0.0,59.996409522211266,1028.01,31,6,0,(),0,dark
yj_m,,False,1789621113406,,,,0.0,0.015650598414093782,0.0,0.0010677929077185701,0.0,435.67499999999995,1.0,0.0024488678200343937,1.0008270799054182e-06,1.1875,-49.7109375,291.1011305021443,0.0,59.996409522211266,1028.01,19,6,0,(),0,dark
yj_m,,False,1789621113456,,,,0.0,0.015650598414093782,0.0,0.0010677929077185701,0.0,435.67499999999995,1.0,0.0024488678200343937,1.0008270799054182e-06,2.0,-48.8984375,291.1011305021443,0.0,59.996409522211266,1028.01,32,6,0,(),0,dark
yj_m,,False,1789621113506,,,,0.0,0.015650598414093782,0.0,0.0010677929077185701,0.0,435.67499999999995,1.0,0.0024488678200343937,1.0008270799054182e-06,1.8125,-49.0859375,291.1011305021443,0.0,59.996409522211266,1028.01,29,6,0,(),0,dark
yj_m,,False,1789621113556,,,,0.0,0.015650598414093782,0.0,0.0010677929077185701,0.0,435.67499999999995,1.0,0.0024488678200343937,1.0008270799054182e-06,1.5625,-49.3359375,291.1011305021443,0.0,59.996409522211266,1028.01,25,6,0,(),0,dark
yj_m,,False,1789621113606,,,,0.0,0.015650598414093782,0.0,0.0010677929077185701,0.0,435.67499999999995,1.0,0.0024488678200343937,1.0008270799054182e-06,1.3125,-49.5859375,291.1011305021443,0.0,59.996409522211266,1028.01,21,6,0,(),0,dark
yj_m,,False,1789621113656,,,,0.0,0.015650598414093782,0.0,0.0010677929077185701,0.0,435.67499999999995,1.0,0.0024488678200343937,1.0008270799054182e-06,1.4375,-49.4609375,291.1011305021443,0.0,59.996409522211266,1028.01,23,6,0,(),0,dark
yj_m,,False,1789621113706,,,,0.0,0.015650598414093782,0.0,0.0010677929077185701,0.0,435.67499999999995,1.0,0.0024488678200343937,1.0008270799054182e-06,1.5625,-49.3359375,291.1011305021443,0.0,59.996409522211266,1028.01,25,6,0,(),0,dark
yj_m,,False,1789621113756,,,,0.0,0.015650598414093782,0.0,0.0010677929077185701,0.0,435.67499999999995,1.0,0.0024488678200343937,1.0008270799054182e-06,1.625,-49.2734375,291.1011305021443,0.0,59.996409522211266,1028.01,26,7,0,(),0,dark
yj_m,,False,1789621113806,,,,0.0,0.015650598414093782,0.0,0.0010677929077185701,0.0,435.67499999999995,1.0,0.0024488678200343937,1.0008270799054182e-06,2.375,-48.5234375,291.1011305021443,0.0,59.996409522211266,1028.01,38,7,0,(),0,dark
yj_m,,False,1789621113856,,,,0.0,0.015650598414093782,0.0,0.0010677929077185701,0.0,435.67499999999995,1.0,0.0024488678200343937,1.0008270799054182e-06,1.75,-49.1484375,291.1011305021443,0.0,59.996409522211266,1028.01,28,7,0,(),0,dark
yj_m,,False,1789621113906,,,,0.0,0.015650598414093782,0.0,0.0010677929077185701,0.0,435.67499999999995,1.0,0.0024488678200343937,1.0008270799054182e-06,1.6875,-49.2109375,291.1011305021443,0.0,59.996409522211266,1028.01,27,7,0,(),0,dark
yj_m,,False,1789621113956,,,,0.0,0.015650598414093782,0.0,0.0010677929077185701,0.0,435.67499999999995,1.0,0.0024488678200343937,1.0008270799054182e-06,1.25,-49.6484375,291.1011305021443,0.0,59.996409522211266,1028.01,20,7,0,(),0,dark
yj_m,,False,1789621114006,,,,0.0,0.015650598414093782,0.0,0.0010677929077185701,0.0,435.67499999999995,1.0,0.0024488678200343937,1.0008270799054182e-06,1.6875,-49.2109375,291.1011305021443,0.0,59.996409522211266,1028.01,27,7,0,(),0,dark
yj_m,,False,1789621114056,,,,0.0,0.015650598414093782,0.0,0.0010677929077185701,0.0,435.67499999999995,1.0,0.0024488678200343937,1.0008270799054182e-06,1.6875,-49.2109375,291.1011305021443,0.0,59.996409522211266,1028.01,27,7,0,(),0,dark
yj_m,,False,1789621114106,,,,0.0,0.015650598414093782,0.0,0.0010677929077185701,0.0,435.67499999999995,1.0,0.0024488678200343937,1.0008270799054182e-06,1.5,-49.3984375,291.1011305021443,0.0,59.996409522211266,1028.01,24,7,0,(),0,dark
yj_m,,False,1789621114156,,,,0.0,0.015650598414093782,0.0,0.0010677929077185701,0.0,435.67499999999995,1.0,0.0024488678200343937,1.0008270799054182e-06,1.5,-49.3984375,291.1011305021443,0.0,59.996409522211266,1028.01,24,7,0,(),0,dark
yj_m,,False,1789621114206,,,,0.0,0.015650598414093782,0.0,0.0010677929077185701,0.0,435.67499999999995,1.0,0.0024488678200343937,1.0008270799054182e-06,1.75,-49.1484375,291.1011305021443,0.0,59.996409522211266,1028.01,28,7,0,(),0,dark
yj_m,,False,1789621114256,,,,0.0,0.015650598414093782,0.0,0.0010677929077185701,0.0,435.67499999999995,1.0,0.0024488678200343937,1.0008270799054182e-06,1.125,-49.7734375,291.1011305021443,0.0,59.996409522211266,1028.01,18,7,0,(),0,dark
yj_m,,False,1789621114306,,,,0.0,0.015650598414093782,0.0,0.0010677929077185701,0.0,435.67499999999995,1.0,0.0024488678200343937,1.0008270799054182e-06,1.5625,-49.3359375,291.1011305021443,0.0,59.996409522211266,1028.01,25,7,0,(),0,dark
yj_m,,False,1789621114356,,,,0.0,0.015650598414093782,0.0,0.0010677929077185701,0.0,435.67499999999995,1.0,0.0024488678200343937,1.0008270799054182e-06,1.625,-49.2734375,291.1011305021443,0.0,59.996409522211266,1028.01,26,7,0,(),0,dark
yj_m,,False,1789621114406,,,,0.0,0.015650598414093782,0.0,0.0010677929077185701,0.0,435.67499999999995,1.0,0.0024488678200343937,1.0008270799054182e-06,1.25,-49.6484375,291.1011305021443,0.0,59.996409522211266,1028.01,20,7,0,(),0,dark
yj_m,,False,1789621114456,,,,0.0,0.015650598414093782,0.0,0.0010677929077185701,0.0,435.67499999999995,1.0,0.0024488678200343937,1.0008270799054182e-06,1.8125,-49.0859375,291.1011305021443,0.0,59.996409522211266,1028.01,29,7,0,(),0,dark
yj_m,,False,1789621114506,,,,0.0,0.015650598414093782,0.0,0.0010677929077185701,0.0,435.67499999999995,1.0,0.0024488678200343937,1.0008270799054182e-06,1.4375,-49.4609375,291.1011305021443,0.0,59.996409522211266,1028.01,23,7,0,(),0,dark
yj_m,,False,1789621114556,,,,0.0,0.015650598414093782,0.0,0.0010677929077185701,0.0,435.67499999999995,1.0,0.0024488678200343937,1.0008270799054182e-06,1.625,-49.2734375,291.1011305021443,0.0,59.996409522211266,1028.01,26,7,0,(),0,dark
yj_m,,False,1789621114606,,,,0.0,0.015650598414093782,0.0,0.0010677929077185701,0.0,435.67499999999995,1.0,0.0024488678200343937,1.0008270799054182e-06,1.75,-49.1484375,291.1011305021443,0.0,59.996409522211266,1028.01,28,7,0,(),0,dark
yj_m,,False,1789621114656,,,,0.0,0.015650598414093782,0.0,0.0010677929077185701,0.0,435.67499999999995,1.0,0.0024488678200343937,1.0008270799054182e-06,0.75,-50.1484375,291.1011305021443,0.0,59.996409522211266,1028.01,12,7,0,(),0,dark
yj_m,,False,1789621114706,,,,0.0,0.015650598414093782,0.0,0.0010677929077185701,0.0,435.67499999999995,1.0,0.0024488678200343937,1.0008270799054182e-06,1.4375,-49.4609375,291.1011305021443,0.0,59.996409522211266,1028.01,23,7,0,(),0,dark
yj_m,,False,1789621114756,,,,0.0,0.015650598414093782,0.0,0.0010677929077185701,0.0,435.67499999999995,1.0,0.0024488678200343937,1.0008270799054182e-06,1.8125,-49.0859375,291.1011305021443,0.0,59.996409522211266,1028.01,29,8,0,(),0,dark
yj_m,,False,1789621114806,,,,0.0,0.015650598414093782,0.0,0.0010677929077185701,0.0,435.67499999999995,1.0,0.0024488678200343937,1.0008270799054182e-06,1.4375,-49.4609375,291.1011305021443,0.0,59.996409522211266,1028.01,23,8,0,(),0,dark
yj_m,,False,1789621114856,,,,0.0,0.015650598414093782,0.0,0.0010677929077185701,0.0,435.67499999999995,1.0,0.0024488678200343937,1.0008270799054182e-06,1.5625,-49.3359375,291.1011305021443,0.0,59.996409522211266,1028.01,25,8,0,(),0,dark
yj_m,,False,1789621114906,,,,0.0,0.015650598414093782,0.0,0.0010677929077185701,0.0,435.67499999999995,1.0,0.0024488678200343937,1.0008270799054182e-06,1.0,-49.8984375,291.1011305021443,0.0,59.996409522211266,1028.01,16,8,0,(),0,dark
yj_m,,False,1789621114956,,,,0.0,0.015650598414093782,0.0,0.0010677929077185701,0.0,435.67499999999995,1.0,0.0024488678200343937,1.0008270799054182e-06,1.6875,-49.2109375,291.1011305021443,0.0,59.996409522211266,1028.01,27,8,0,(),0,dark
yj_m,,False,1789621115006,,,,0.0,0.015650598414093782,0.0,0.0010677929077185701,0.0,435.67499999999995,1.0,0.0024488678200343937,1.0008270799054182e-06,1.5,-49.3984375,291.1011305021443,0.0,59.996409522211266,1028.01,24,8,0,(),0,dark
yj_m,,False,1789621115056,,,,0.0,0.015650598414093782,0.0,0.0010677929077185701,0.0,435.67499999999995,1.0,0.0024488678200343937,1.0008270799054182e-06,1.4375,-49.4609375,291.1011305021443,0.0,59.996409522211266,1028.01,23,8,0,(),0,dark
yj_m,,False,1789621115106,,,,0.0,0.015650598414093782,0.0,0.0010677929077185701,0.0,435.67499999999995,1.0,0.0024488678200343937,1.0008270799054182e-06,1.6875,-49.2109375,291.1011305021443,0.0,59.996409522211266,1028.01,27,8,0,(),0,dark
yj_m,,False,1789621115156,,,,0.0,0.015650598414093782,0.0,0.0010677929077185701,0.0,435.67499999999995,1.0,0.0024488678200343937,1.0008270799054182e-06,1.625,-49.2734375,291.1011305021443,0.0,59.996409522211266,1028.01,26,8,0,(),0,dark
yj_m,,False,1789621115206,,,,0.0,0.015650598414093782,0.0,0.0010677929077185701,0.0,435.67499999999995,1.0,0.0024488678200343937,1.0008270799054182e-06,1.8125,-49.0859375,291.1011305021443,0.0,59.996409522211266,1028.01,29,8,0,(),0,dark
yj_m,,False,1789621115256,,,,0.0,0.015650598414093782,0.0,0.0010677929077185701,0.0,435.67499999999995,1.0,0.0024488678200343937,1.0008270799054182e-06,1.3125,-49.5859375,291.1011305021443,0.0,59.996409522211266,1028.01,21,8,0,(),0,dark
yj_m,,False,1789621115306,,,,0.0,0.015650598414093782,0.0,0.0010677929077185701,0.0,435.67499999999995,1.0,0.0024488678200343937,1.0008270799054182e-06,1.875,-49.0234375,291.1011305021443,0.0,59.996409522211266,1028.01,30,8,0,(),0,dark
yj_m,,False,1789621115356,,,,0.0,0.015650598414093782,0.0,0.0010677929077185701,0.0,435.67499999999995,1.0,0.0024488678200343937,1.0008270799054182e-06,1.1875,-49.7109375,291.1011305021443,0.0,59.996409522211266,1028.01,19,8,0,(),0,dark
yj_m,,False,1789621115406,,,,0.0,0.015650598414093782,0.0,0.0010677929077185701,0.0,435.67499999999995,1.0,0.0024488678200343937,1.0008270799054182e-06,1.625,-49.2734375,291.1011305021443,0.0,59.996409522211266,1028.01,26,8,0,(),0,dark
yj_m,,False,1789621115456,,,,0.0,0.015650598414093782,0.0,0.0010677929077185701,0.0,435.67499999999995,1.0,0.0024488678200343937,1.0008270799054182e-06,1.5,-49.3984375,291.1011305021443,0.0,59.996409522211266,1028.01,24,8,0,(),0,dark
yj_m,,False,1789621115506,,,,0.0,0.015650598414093782,0.0,0.0010677929077185701,0.0,435.67499999999995,1.0,0.0024488678200343937,1.0008270799054182e-06,1.25,-49.6484375,291.1011305021443,0.0,59.996409522211266,1028.01,20,8,0,(),0,dark
yj_m,,False,1789621115556,,,,0.0,0.015650598414093782,0.0,0.0010677929077185701,0.0,435.67499999999995,1.0,0.0024488678200343937,1.0008270799054182e-06,1.5,-49.3984375,291.1011305021443,0.0,59.996409522211266,1028.01,24,8,0,(),0,dark
yj_m,,False,1789621115606,,,,0.0,0.015650598414093782,0.0,0.0010677929077185701,0.0,435.67499999999995,1.0,0.0024488678200343937,1.0008270799054182e-06,1.25,-49.6484375,291.1011305021443,0.0,59.996409522211266,1028.01,20,8,0,(),0,dark
yj_m,,False,1789621115656,,,,0.0,0.015650598414093782,0.0,0.0010677929077185701,0.0,435.67499999999995,1.0,0.0024488678200343937,1.0008270799054182e-06,1.5625,-49.3359375,291.1011305021443,0.0,59.996409522211266,1028.01,25,8,0,(),0,dark
yj_m,,False,1789621115706,,,,0.0,0.015650598414093782,0.0,0.0010677929077185701,0.0,435.67499999999995,1.0,0.0024488678200343937,1.0008270799054182e-06,1.3125,-49.5859375,291.1011305021443,0.0,59.996409522211266,1028.01,21,8,0,(),0,dark
yj_m,,False,1789621115756,,,,0.0,0.015650598414093782,0.0,0.0010677929077185701,0.0,435.67499999999995,1.0,0.0024488678200343937,1.0008270799054182e-06,1.3125,-49.5859375,291.1011305021443,0.0,59.996409522211266,1028.01,21,9,0,(),0,dark
yj_m,,False,1789621115806,,,,0.0,0.015650598414093782,0.0,0.0010677929077185701,0.0,435.67499999999995,1.0,0.0024488678200343937,1.0008270799054182e-06,1.5,-49.3984375,291.1011305021443,0.0,59.996409522211266,1028.01,24,9,0,(),0,dark
yj_m,,False,1789621115856,,,,0.0,0.015650598414093782,0.0,0.0010677929077185701,0.0,435.67499999999995,1.0,0.0024488678200343937,1.0008270799054182e-06,1.4375,-49.4609375,291.1011305021443,0.0,59.996409522211266,1028.01,23,9,0,(),0,dark
yj_m,,False,1789621115906,,,,0.0,0.015650598414093782,0.0,0.0010677929077185701,0.0,435.67499999999995,1.0,0.0024488678200343937,1.0008270799054182e-06,1.4375,-49.4609375,291.1011305021443,0.0,59.996409522211266,1028.01,23,9,0,(),0,dark
yj_m,,False,1789621115956,,,,0.0,0.015650598414093782,0.0,0.0010677929077185701,0.0,435.67499999999995,1.0,0.0024488678200343937,1.0008270799054182e-06,1.6875,-49.2109375,291.1011305021443,0.0,59.996409522211266,1028.01,27,9,0,(),0,dark
yj_m,,False,1789621116006,,,,0.0,0.015650598414093782,0.0,0.0010677929077185701,0.0,435.67499999999995,1.0,0.0024488678200343937,1.0008270799054182e-06,1.8125,-49.0859375,291.1011305021443,0.0,59.996409522211266,1028.01,29,9,0,(),0,dark
yj_m,,False,1789621116056,,,,0.0,0.015650598414093782,0.0,0.0010677929077185701,0.0,435.67499999999995,1.0,0.0024488678200343937,1.0008270799054182e-06,1.9375,-48.9609375,291.1011305021443,0.0,59.996409522211266,1028.01,31,9,0,(),0,dark
yj_m,,False,1789621116106,,,,0.0,0.015650598414093782,0.0,0.0010677929077185701,0.0,435.67499999999995,1.0,0.0024488678200343937,1.0008270799054182e-06,0.9375,-49.9609375,291.1011305021443,0.0,59.996409522211266,1028.01,15,9,0,(),0,dark
yj_m,,False,1789621116156,,,,0.0,0.015650598414093782,0.0,0.0010677929077185701,0.0,435.67499999999995,1.0,0.0024488678200343937,1.0008270799054182e-06,1.5625,-49.3359375,291.1011305021443,0.0,59.996409522211266,1028.01,25,9,0,(),0,dark
yj_m,,False,1789621116206,,,,0.0,0.015650598414093782,0.0,0.0010677929077185701,0.0,435.67499999999995,1.0,0.0024488678200343937,1.0008270799054182e-06,1.5,-49.3984375,291.1011305021443,0.0,59.996409522211266,1028.01,24,9,0,(),0,dark
yj_m,,False,1789621116256,,,,0.0,0.015650598414093782,0.0,0.0010677929077185701,0.0,435.67499999999995,1.0,0.0024488678200343937,1.0008270799054182e-06,1.3125,-49.5859375,291.1011305021443,0.0,59.996409522211266,1028.01,21,9,0,(),0,dark
yj_m,,False,1789621116306,,,,0.0,0.015650598414093782,0.0,0.0010677929077185701,0.0,435.67499999999995,1.0,0.0024488678200343937,1.0008270799054182e-06,1.625,-49.2734375,291.1011305021443,0.0,59.996409522211266,1028.01,26,9,0,(),0,dark
yj_m,,False,1789621116356,,,,0.0,0.015650598414093782,0.0,0.0010677929077185701,0.0,435.67499999999995,1.0,0.0024488678200343937,1.0008270799054182e-06,1.75,-49.1484375,291.1011305021443,0.0,59.996409522211266,1028.01,28,9,0,(),0,dark
yj_m,,False,1789621116407,,,,0.0,0.015650598414093782,0.0,0.0010677929077185701,0.0,435.67499999999995,1.0,0.0024488678200343937,1.0008270799054182e-06,1.6875,-49.2109375,291.1011305021443,0.0,59.996409522211266,1028.01,27,9,0,(),0,dark
yj_m,,False,1789621116456,,,,0.0,0.015650598414093782,0.0,0.0010677929077185701,0.0,435.67499999999995,1.0,0.0024488678200343937,1.0008270799054182e-06,2.125,-48.7734375,291.1011305021443,0.0,59.996409522211266,1028.01,34,9,0,(),0,dark
yj_m,,False,1789621116506,,,,0.0,0.015650598414093782,0.0,0.0010677929077185701,0.0,435.67499999999995,1.0,0.0024488678200343937,1.0008270799054182e-06,2.0,-48.8984375,291.1011305021443,0.0,59.996409522211266,1028.01,32,9,0,(),0,dark
yj_m,,False,1789621116556,,,,0.0,0.015650598414093782,0.0,0.0010677929077185701,0.0,435.67499999999995,1.0,0.0024488678200343937,1.0008270799054182e-06,1.25,-49.6484375,291.1011305021443,0.0,59.996409522211266,1028.01,20,9,0,(),0,dark
yj_m,,False,1789621116606,,,,0.0,0.015650598414093782,0.0,0.0010677929077185701,0.0,435.67499999999995,1.0,0.0024488678200343937,1.0008270799054182e-06,1.3125,-49.5859375,291.1011305021443,0.0,59.996409522211266,1028.01,21,9,0,(),0,dark
yj_m,,False,1789621116656,,,,0.0,0.015650598414093782,0.0,0.0010677929077185701,0.0,435.67499999999995,1.0,0.0024488678200343937,1.0008270799054182e-06,1.5,-49.3984375,291.1011305021443,0.0,59.996409522211266,1028.01,24,9,0,(),0,dark
yj_m,,False,1789621116706,,,,0.0,0.015650598414093782,0.0,0.0010677929077185701,0.0,435.67499999999995,1.0,0.0024488678200343937,1.0008270799054182e-06,1.25,-49.6484375,291.1011305021443,0.0,59.996409522211266,1028.01,20,9,0,(),0,dark
yj_m,,False,1789621116756,,,,0.0,0.015650598414093782,0.0,0.0010677929077185701,0.0,435.67499999999995,1.0,0.0024488678200343937,1.0008270799054182e-06,1.4375,-49.4609375,291.1011305021443,0.0,59.996409522211266,1028.01,23,10,0,(),0,dark
yj_m,,False,1789621116806,,,,0.0,0.015650598414093782,0.0,0.0010677929077185701,0.0,435.67499999999995,1.0,0.0024488678200343937,1.0008270799054182e-06,1.25,-49.6484375,291.1011305021443,0.0,59.996409522211266,1028.01,20,10,0,(),0,dark
yj_m,,False,1789621116856,,,,0.0,0.015650598414093782,0.0,0.0010677929077185701,0.0,435.67499999999995,1.0,0.0024488678200343937,1.0008270799054182e-06,1.6875,-49.2109375,291.1011305021443,0.0,59.996409522211266,1028.01,27,10,0,(),0,dark
yj_m,,False,1789621116906,,,,0.0,0.015650598414093782,0.0,0.0010677929077185701,0.0,435.67499999999995,1.0,0.0024488678200343937,1.0008270799054182e-06,1.4375,-49.4609375,291.1011305021443,0.0,59.996409522211266,1028.01,23,10,0,(),0,dark
yj_m,,False,1789621116956,,,,0.0,0.015650598414093782,0.0,0.0010677929077185701,0.0,435.67499999999995,1.0,0.0024488678200343937,1.0008270799054182e-06,1.6875,-49.2109375,291.1011305021443,0.0,59.996409522211266,1028.01,27,10,0,(),0,dark
yj_m,,False,1789621117006,,,,0.0,0.015650598414093782,0.0,0.0010677929077185701,0.0,435.67499999999995,1.0,0.0024488678200343937,1.0008270799054182e-06,1.5625,-49.3359375,291.1011305021443,0.0,59.996409522211266,1028.01,25,10,0,(),0,dark
yj_m,,False,1789621117056,,,,0.0,0.015650598414093782,0.0,0.0010677929077185701,0.0,435.67499999999995,1.0,0.0024488678200343937,1.0008270799054182e-06,1.625,-49.2734375,291.1011305021443,0.0,59.996409522211266,1028.01,26,10,0,(),0,dark
yj_m,,False,1789621117106,,,,0.0,0.015650598414093782,0.0,0.0010677929077185701,0.0,435.67499999999995,1.0,0.0024488678200343937,1.0008270799054182e-06,1.25,-49.6484375,291.1011305021443,0.0,59.996409522211266,1028.01,20,10,0,(),0,dark
yj_m,,False,1789621117156,,,,0.0,0.015650598414093782,0.0,0.0010677929077185701,0.0,435.67499999999995,1.0,0.0024488678200343937,1.0008270799054182e-06,1.1875,-49.7109375,291.1011305021443,0.0,59.996409522211266,1028.01,19,10,0,(),0,dark
yj_m,,False,1789621117206,,,,0.0,0.015650598414093782,0.0,0.0010677929077185701,0.0,435.67499999999995,1.0,0.0024488678200343937,1.0008270799054182e-06,1.375,-49.5234375,291.1011305021443,0.0,59.996409522211266,1028.01,22,10,0,(),0,dark
yj_m,,False,1789621117256,,,,0.0,0.015650598414093782,0.0,0.0010677929077185701,0.0,435.67499999999995,1.0,0.0024488678200343937,1.0008270799054182e-06,1.375,-49.5234375,291.1011305021443,0.0,59.996409522211266,1028.01,22,10,0,(),0,dark
yj_m,,False,1789621117306,,,,0.0,0.015650598414093782,0.0,0.0010677929077185701,0.0,435.67499999999995,1.0,0.0024488678200343937,1.0008270799054182e-06,1.3125,-49.5859375,291.1011305021443,0.0,59.996409522211266,1028.01,21,10,0,(),0,dark
yj_m,,False,1789621117356,,,,0.0,0.015650598414093782,0.0,0.0010677929077185701,0.0,435.67499999999995,1.0,0.0024488678200343937,1.0008270799054182e-06,1.25,-49.6484375,291.1011305021443,0.0,59.996409522211266,1028.01,20,10,0,(),0,dark
yj_m,,False,1789621117406,,,,0.0,0.015650598414093782,0.0,0.0010677929077185701,0.0,435.67499999999995,1.0,0.0024488678200343937,1.0008270799054182e-06,1.0625,-49.8359375,291.1011305021443,0.0,59.996409522211266,1028.01,17,10,0,(),0,dark
yj_m,,False,1789621117456,,,,0.0,0.015650598414093782,0.0,0.0010677929077185701,0.0,435.67499999999995,1.0,0.0024488678200343937,1.0008270799054182e-06,1.5625,-49.3359375,291.1011305021443,0.0,59.996409522211266,1028.01,25,10,0,(),0,dark
yj_m,,False,1789621117506,,,,0.0,0.015650598414093782,0.0,0.0010677929077185701,0.0,435.67499999999995,1.0,0.0024488678200343937,1.0008270799054182e-06,2.0625,-48.8359375,291.1011305021443,0.0,59.996409522211266,1028.01,33,10,0,(),0,dark
yj_m,,False,1789621117556,,,,0.0,0.015650598414093782,0.0,0.0010677929077185701,0.0,435.67499999999995,1.0,0.0024488678200343937,1.0008270799054182e-06,1.0625,-49.8359375,291.1011305021443,0.0,59.996409522211266,1028.01,17,10,0,(),0,dark
yj_m,,False,1789621117606,,,,0.0,0.015650598414093782,0.0,0.0010677929077185701,0.0,435.67499999999995,1.0,0.0024488678200343937,1.0008270799054182e-06,0.9375,-49.9609375,291.1011305021443,0.0,59.996409522211266,1028.01,15,10,0,(),0,dark
yj_m,,False,1789621117656,,,,0.0,0.015650598414093782,0.0,0.0010677929077185701,0.0,435.67499999999995,1.0,0.0024488678200343937,1.0008270799054182e-06,1.375,-49.5234375,291.1011305021443,0.0,59.996409522211266,1028.01,22,10,0,(),0,dark
yj_m,,False,1789621117706,,,,0.0,0.015650598414093782,0.0,0.0010677929077185701,0.0,435.67499999999995,1.0,0.0024488678200343937,1.0008270799054182e-06,1.4375,-49.4609375,291.1011305021443,0.0,59.996409522211266,1028.01,23,10,0,(),0,dark
yj_m,,False,1789621117756,,,,0.0,0.015650598414093782,0.0,0.0010677929077185701,0.0,435.67499999999995,1.0,0.0024488678200343937,1.0008270799054182e-06,1.125,-49.7734375,291.1011305021443,0.0,59.996409522211266,1028.01,18,11,0,(),0,dark
yj_m,,False,1789621117806,,,,0.0,0.015650598414093782,0.0,0.0010677929077185701,0.0,435.67499999999995,1.0,0.0024488678200343937,1.0008270799054182e-06,1.125,-49.7734375,291.1011305021443,0.0,59.996409522211266,1028.01,18,11,0,(),0,dark
yj_m,,False,1789621117856,,,,0.0,0.015650598414093782,0.0,0.0010677929077185701,0.0,435.67499999999995,1.0,0.0024488678200343937,1.0008270799054182e-06,0.9375,-49.9609375,291.1011305021443,0.0,59.996409522211266,1028.01,15,11,0,(),0,dark
yj_m,,False,1789621117906,,,,0.0,0.015650598414093782,0.0,0.0010677929077185701,0.0,435.67499999999995,1.0,0.0024488678200343937,1.0008270799054182e-06,1.375,-49.5234375,291.1011305021443,0.0,59.996409522211266,1028.01,22,11,0,(),0,dark
yj_m,,False,1789621117956,,,,0.0,0.015650598414093782,0.0,0.0010677929077185701,0.0,435.67499999999995,1.0,0.0024488678200343937,1.0008270799054182e-06,1.0625,-49.8359375,291.1011305021443,0.0,59.996409522211266,1028.01,17,11,0,(),0,dark
yj_m,,False,1789621118006,,,,0.0,0.015650598414093782,0.0,0.0010677929077185701,0.0,435.67499999999995,1.0,0.0024488678200343937,1.0008270799054182e-06,1.125,-49.7734375,291.1011305021443,0.0,59.996409522211266,1028.01,18,11,0,(),0,dark
yj_m,,False,1789621118056,,,,0.0,0.015650598414093782,0.0,0.0010677929077185701,0.0,435.67499999999995,1.0,0.0024488678200343937,1.0008270799054182e-06,1.3125,-49.5859375,291.1011305021443,0.0,59.996409522211266,1028.01,21,11,0,(),0,dark
yj_m,,False,1789621118106,,,,0.0,0.015650598414093782,0.0,0.0010677929077185701,0.0,435.67499999999995,1.0,0.0024488678200343937,1.0008270799054182e-06,1.875,-49.0234375,291.1011305021443,0.0,59.996409522211266,1028.01,30,11,0,(),0,dark
yj_m,,False,1789621118156,,,,0.0,0.015650598414093782,0.0,0.0010677929077185701,0.0,435.67499999999995,1.0,0.0024488678200343937,1.0008270799054182e-06,1.1875,-49.7109375,291.1011305021443,0.0,59.996409522211266,1028.01,19,11,0,(),0,dark
yj_m,,False,1789621118206,,,,0.0,0.015650598414093782,0.0,0.0010677929077185701,0.0,435.67499999999995,1.0,0.0024488678200343937,1.0008270799054182e-06,1.3125,-49.5859375,291.1011305021443,0.0,59.996409522211266,1028.01,21,11,0,(),0,dark
yj_m,,False,1789621118256,,,,0.0,0.015650598414093782,0.0,0.0010677929077185701,0.0,435.67499999999995,1.0,0.0024488678200343937,1.0008270799054182e-06,1.5,-49.3984375,291.1011305021443,0.0,59.996409522211266,1028.01,24,11,0,(),0,dark
yj_m,,False,1789621118306,,,,0.0,0.015650598414093782,0.0,0.0010677929077185701,0.0,435.67499999999995,1.0,0.0024488678200343937,1.0008270799054182e-06,1.125,-49.7734375,291.1011305021443,0.0,59.996409522211266,1028.01,18,11,0,(),0,dark
yj_m,,False,1789621118356,,,,0.0,0.015650598414093782,0.0,0.0010677929077185701,0.0,435.67499999999995,1.0,0.0024488678200343937,1.0008270799054182e-06,1.75,-49.1484375,291.1011305021443,0.0,59.996409522211266,1028.01,28,11,0,(),0,dark
yj_m,,False,1789621118406,,,,0.0,0.015650598414093782,0.0,0.0010677929077185701,0.0,435.67499999999995,1.0,0.0024488678200343937,1.0008270799054182e-06,1.6875,-49.2109375,291.1011305021443,0.0,59.996409522211266,1028.01,27,11,0,(),0,dark
yj_m,,False,1789621118456,,,,0.0,0.015650598414093782,0.0,0.0010677929077185701,0.0,435.67499999999995,1.0,0.0024488678200343937,1.0008270799054182e-06,1.125,-49.7734375,291.1011305021443,0.0,59.996409522211266,1028.01,18,11,0,(),0,dark
yj_m,,False,1789621118506,,,,0.0,0.015650598414093782,0.0,0.0010677929077185701,0.0,435.67499999999995,1.0,0.0024488678200343937,1.0008270799054182e-06,1.75,-49.1484375,291.1011305021443,0.0,59.996409522211266,1028.01,28,11,0,(),0,dark
yj_m,,False,1789621118556,,,,0.0,0.015650598414093782,0.0,0.0010677929077185701,0.0,435.67499999999995,1.0,0.0024488678200343937,1.0008270799054182e-06,1.6875,-49.2109375,291.1011305021443,0.0,59.996409522211266,1028.01,27,11,0,(),0,dark
yj_m,,False,1789621118606,,,,0.0,0.015650598414093782,0.0,0.0010677929077185701,0.0,435.67499999999995,1.0,0.0024488678200343937,1.0008270799054182e-06,1.875,-49.0234375,291.1011305021443,0.0,59.996409522211266,1028.01,30,11,0,(),0,dark
yj_m,,False,1789621118656,,,,0.0,0.015650598414093782,0.0,0.0010677929077185701,0.0,435.67499999999995,1.0,0.0024488678200343937,1.0008270799054182e-06,2.125,-48.7734375,291.1011305021443,0.0,59.996409522211266,1028.01,34,11,0,(),0,dark
yj_m,,False,1789621118706,,,,0.0,0.015650598414093782,0.0,0.0010677929077185701,0.0,435.67499999999995,1.0,0.0024488678200343937,1.0008270799054182e-06,1.8125,-49.0859375,291.1011305021443,0.0,59.996409522211266,1028.01,29,11,0,(),0,dark
yj_m,,False,1789621118756,,,,0.0,0.015650598414093782,0.0,0.0010677929077185701,0.0,435.67499999999995,1.0,0.0024488678200343937,1.0008270799054182e-06,1.8125,-49.0859375,291.1011305021443,0.0,59.996409522211266,1028.01,29,12,0,(),0,dark
yj_m,,False,1789621118806,,,,0.0,0.015650598414093782,0.0,0.0010677929077185701,0.0,435.67499999999995,1.0,0.0024488678200343937,1.0008270799054182e-06,1.6875,-49.2109375,291.1011305021443,0.0,59.996409522211266,1028.01,27,12,0,(),0,dark
yj_m,,False,1789621118856,,,,0.0,0.015650598414093782,0.0,0.0010677929077185701,0.0,435.67499999999995,1.0,0.0024488678200343937,1.0008270799054182e-06,1.8125,-49.0859375,291.1011305021443,0.0,59.996409522211266,1028.01,29,12,0,(),0,dark
yj_m,,False,1789621118906,,,,0.0,0.015650598414093782,0.0,0.0010677929077185701,0.0,435.67499999999995,1.0,0.0024488678200343937,1.0008270799054182e-06,1.5625,-49.3359375,291.1011305021443,0.0,59.996409522211266,1028.01,25,12,0,(),0,dark
yj_m,,False,1789621118956,,,,0.0,0.015650598414093782,0.0,0.0010677929077185701,0.0,435.67499999999995,1.0,0.0024488678200343937,1.0008270799054182e-06,1.1875,-49.7109375,291.1011305021443,0.0,59.996409522211266,1028.01,19,12,0,(),0,dark
yj_m,,False,1789621119006,,,,0.0,0.015650598414093782,0.0,0.0010677929077185701,0.0,435.67499999999995,1.0,0.0024488678200343937,1.0008270799054182e-06,0.6875,-50.2109375,291.1011305021443,0.0,59.996409522211266,1028.01,11,12,0,(),0,dark
yj_m,,False,1789621119056,,,,0.0,0.015650598414093782,0.0,0.0010677929077185701,0.0,435.67499999999995,1.0,0.0024488678200343937,1.0008270799054182e-06,1.875,-49.0234375,291.1011305021443,0.0,59.996409522211266,1028.01,30,12,0,(),0,dark
yj_m,,False,1789621119106,,,,0.0,0.015650598414093782,0.0,0.0010677929077185701,0.0,435.67499999999995,1.0,0.0024488678200343937,1.0008270799054182e-06,1.4375,-49.4609375,291.1011305021443,0.0,59.996409522211266,1028.01,23,12,0,(),0,dark
yj_m,,False,1789621119156,,,,0.0,0.015650598414093782,0.0,0.0010677929077185701,0.0,435.67499999999995,1.0,0.0024488678200343937,1.0008270799054182e-06,2.375,-48.5234375,291.1011305021443,0.0,59.996409522211266,1028.01,38,12,0,(),0,dark
yj_m,,False,1789621119206,,,,0.0,0.015650598414093782,0.0,0.0010677929077185701,0.0,435.67499999999995,1.0,0.0024488678200343937,1.0008270799054182e-06,0.8125,-50.0859375,291.1011305021443,0.0,59.996409522211266,1028.01,13,12,0,(),0,dark
yj_m,,False,1789621119256,,,,0.0,0.015650598414093782,0.0,0.0010677929077185701,0.0,435.67499999999995,1.0,0.0024488678200343937,1.0008270799054182e-06,1.375,-49.5234375,291.1011305021443,0.0,59.996409522211266,1028.01,22,12,0,(),0,dark
yj_m,,False,1789621119306,,,,0.0,0.015650598414093782,0.0,0.0010677929077185701,0.0,435.67499999999995,1.0,0.0024488678200343937,1.0008270799054182e-06,1.5,-49.3984375,291.1011305021443,0.0,59.996409522211266,1028.01,24,12,0,(),0,dark
yj_m,,False,1789621119356,,,,0.0,0.015650598414093782,0.0,0.0010677929077185701,0.0,435.67499999999995,1.0,0.0024488678200343937,1.0008270799054182e-06,1.6875,-49.2109375,291.1011305021443,0.0,59.996409522211266,1028.01,27,12,0,(),0,dark
yj_m,,False,1789621119406,,,,0.0,0.015650598414093782,0.0,0.0010677929077185701,0.0,435.67499999999995,1.0,0.0024488678200343937,1.0008270799054182e-06,1.3125,-49.5859375,291.1011305021443,0.0,59.996409522211266,1028.01,21,12,0,(),0,dark
yj_m,,False,1789621119456,,,,0.0,0.015650598414093782,0.0,0.0010677929077185701,0.0,435.67499999999995,1.0,0.0024488678200343937,1.0008270799054182e-06,1.125,-49.7734375,291.1011305021443,0.0,59.996409522211266,1028.01,18,12,0,(),0,dark
yj_m,,False,1789621119506,,,,0.0,0.015650598414093782,0.0,0.0010677929077185701,0.0,435.67499999999995,1.0,0.0024488678200343937,1.0008270799054182e-06,1.25,-49.6484375,291.1011305021443,0.0,59.996409522211266,1028.01,20,12,0,(),0,dark
yj_m,,False,1789621119556,,,,0.0,0.015650598414093782,0.0,0.0010677929077185701,0.0,435.67499999999995,1.0,0.0024488678200343937,1.0008270799054182e-06,1.3125,-49.5859375,291.1011305021443,0.0,59.996409522211266,1028.01,21,12,0,(),0,dark
yj_m,,False,1789621119606,,,,0.0,0.015650598414093782,0.0,0.0010677929077185701,0.0,435.67499999999995,1.0,0.0024488678200343937,1.0008270799054182e-06,1.3125,-49.5859375,291.1011305021443,0.0,59.996409522211266,1028.01,21,12,0,(),0,dark
yj_m,,False,1789621119656,,,,0.0,0.015650598414093782,0.0,0.0010677929077185701,0.0,435.67499999999995,1.0,0.0024488678200343937,1.0008270799054182e-06,1.625,-49.2734375,291.1011305021443,0.0,59.996409522211266,1028.01,26,12,0,(),0,dark
yj_m,,False,1789621119706,,,,0.0,0.015650598414093782,0.0,0.0010677929077185701,0.0,435.67499999999995,1.0,0.0024488678200343937,1.0008270799054182e-06,1.6875,-49.2109375,291.1011305021443,0.0,59.996409522211266,1028.01,27,12,0,(),0,dark
yj_m,,False,1789621119756,,,,0.0,0.015650598414093782,0.0,0.0010677929077185701,0.0,435.67499999999995,1.0,0.0024488678200343937,1.0008270799054182e-06,1.875,-49.0234375,291.1011305021443,0.0,59.996409522211266,1028.01,30,13,0,(),0,dark
yj_m,,False,1789621119806,,,,0.0,0.015650598414093782,0.0,0.0010677929077185701,0.0,435.67499999999995,1.0,0.0024488678200343937,1.0008270799054182e-06,1.5,-49.3984375,291.1011305021443,0.0,59.996409522211266,1028.01,24,13,0,(),0,dark
yj_m,,False,1789621119856,,,,0.0,0.015650598414093782,0.0,0.0010677929077185701,0.0,435.67499999999995,1.0,0.0024488678200343937,1.0008270799054182e-06,1.4375,-49.4609375,291.1011305021443,0.0,59.996409522211266,1028.01,23,13,0,(),0,dark
yj_m,,False,1789621119906,,,,0.0,0.015650598414093782,0.0,0.0010677929077185701,0.0,435.67499999999995,1.0,0.0024488678200343937,1.0008270799054182e-06,0.75,-50.1484375,291.1011305021443,0.0,59.996409522211266,1028.01,12,13,0,(),0,dark
yj_m,,False,1789621119956,,,,0.0,0.015650598414093782,0.0,0.0010677929077185701,0.0,435.67499999999995,1.0,0.0024488678200343937,1.0008270799054182e-06,1.625,-49.2734375,291.1011305021443,0.0,59.996409522211266,1028.01,26,13,0,(),0,dark
yj_m,,False,1789621120006,,,,0.0,0.015650598414093782,0.0,0.0010677929077185701,0.0,435.67499999999995,1.0,0.0024488678200343937,1.0008270799054182e-06,1.5,-49.3984375,291.1011305021443,0.0,59.996409522211266,1028.01,24,13,0,(),0,dark
yj_m,,False,1789621120056,,,,0.0,0.015650598414093782,0.0,0.0010677929077185701,0.0,435.67499999999995,1.0,0.0024488678200343937,1.0008270799054182e-06,1.6875,-49.2109375,291.1011305021443,0.0,59.996409522211266,1028.01,27,13,0,(),0,dark
yj_m,,False,1789621120106,,,,0.0,0.015650598414093782,0.0,0.0010677929077185701,0.0,435.67499999999995,1.0,0.0024488678200343937,1.0008270799054182e-06,1.3125,-49.5859375,291.1011305021443,0.0,59.996409522211266,1028.01,21,13,0,(),0,dark
yj_m,,False,1789621120156,,,,0.0,0.015650598414093782,0.0,0.0010677929077185701,0.0,435.67499999999995,1.0,0.0024488678200343937,1.0008270799054182e-06,1.6875,-49.2109375,291.1011305021443,0.0,59.996409522211266,1028.01,27,13,0,(),0,dark
yj_m,,False,1789621120206,,,,0.0,0.015650598414093782,0.0,0.0010677929077185701,0.0,435.67499999999995,1.0,0.0024488678200343937,1.0008270799054182e-06,1.125,-49.7734375,291.1011305021443,0.0,59.996409522211266,1028.01,18,13,0,(),0,dark
yj_m,,False,1789621120256,,,,0.0,0.015650598414093782,0.0,0.0010677929077185701,0.0,435.67499999999995,1.0,0.0024488678200343937,1.0008270799054182e-06,2.125,-48.7734375,291.1011305021443,0.0,59.996409522211266,1028.01,34,13,0,(),0,dark
yj_m,,False,1789621120306,,,,0.0,0.015650598414093782,0.0,0.0010677929077185701,0.0,435.67499999999995,1.0,0.0024488678200343937,1.0008270799054182e-06,1.75,-49.1484375,291.1011305021443,0.0,59.996409522211266,1028.01,28,13,0,(),0,dark
yj_m,,False,1789621120356,,,,0.0,0.015650598414093782,0.0,0.0010677929077185701,0.0,435.67499999999995,1.0,0.0024488678200343937,1.0008270799054182e-06,1.375,-49.5234375,291.1011305021443,0.0,59.996409522211266,1028.01,22,13,0,(),0,dark
yj_m,,False,1789621120406,,,,0.0,0.015650598414093782,0.0,0.0010677929077185701,0.0,435.67499999999995,1.0,0.0024488678200343937,1.0008270799054182e-06,1.6875,-49.2109375,291.1011305021443,0.0,59.996409522211266,1028.01,27,13,0,(),0,dark
yj_m,,False,1789621120456,,,,0.0,0.015650598414093782,0.0,0.0010677929077185701,0.0,435.67499999999995,1.0,0.0024488678200343937,1.0008270799054182e-06,1.5,-49.3984375,291.1011305021443,0.0,59.996409522211266,1028.01,24,13,0,(),0,dark
yj_m,,False,1789621120506,,,,0.0,0.015650598414093782,0.0,0.0010677929077185701,0.0,435.67499999999995,1.0,0.0024488678200343937,1.0008270799054182e-06,1.8125,-49.0859375,291.1011305021443,0.0,59.996409522211266,1028.01,29,13,0,(),0,dark
yj_m,,False,1789621120556,,,,0.0,0.015650598414093782,0.0,0.0010677929077185701,0.0,435.67499999999995,1.0,0.0024488678200343937,1.0008270799054182e-06,1.125,-49.7734375,291.1011305021443,0.0,59.996409522211266,1028.01,18,13,0,(),0,dark
yj_m,,False,1789621120606,,,,0.0,0.015650598414093782,0.0,0.0010677929077185701,0.0,435.67499999999995,1.0,0.0024488678200343937,1.0008270799054182e-06,1.4375,-49.4609375,291.1011305021443,0.0,59.996409522211266,1028.01,23,13,0,(),0,dark
yj_m,,False,1789621120656,,,,0.0,0.015650598414093782,0.0,0.0010677929077185701,0.0,435.67499999999995,1.0,0.0024488678200343937,1.0008270799054182e-06,0.875,-50.0234375,291.1011305021443,0.0,59.996409522211266,1028.01,14,13,0,(),0,dark
yj_m,,False,1789621120706,,,,0.0,0.015650598414093782,0.0,0.0010677929077185701,0.0,435.67499999999995,1.0,0.0024488678200343937,1.0008270799054182e-06,1.1875,-49.7109375,291.1011305021443,0.0,59.996409522211266,1028.01,19,13,0,(),0,dark
yj_m,,False,1789621120756,,,,0.0,0.015650598414093782,0.0,0.0010677929077185701,0.0,435.67499999999995,1.0,0.0024488678200343937,1.0008270799054182e-06,0.625,-50.2734375,291.1011305021443,0.0,59.996409522211266,1028.01,10,14,0,(),0,dark
yj_m,,False,1789621120806,,,,0.0,0.015650598414093782,0.0,0.0010677929077185701,0.0,435.67499999999995,1.0,0.0024488678200343937,1.0008270799054182e-06,1.5,-49.3984375,291.1011305021443,0.0,59.996409522211266,1028.01,24,14,0,(),0,dark
yj_m,,False,1789621120856,,,,0.0,0.015650598414093782,0.0,0.0010677929077185701,0.0,435.67499999999995,1.0,0.0024488678200343937,1.0008270799054182e-06,1.375,-49.5234375,291.1011305021443,0.0,59.996409522211266,1028.01,22,14,0,(),0,dark
yj_m,,False,1789621120906,,,,0.0,0.015650598414093782,0.0,0.0010677929077185701,0.0,435.67499999999995,1.0,0.0024488678200343937,1.0008270799054182e-06,1.4375,-49.4609375,291.1011305021443,0.0,59.996409522211266,1028.01,23,14,0,(),0,dark
yj_m,,False,1789621120956,,,,0.0,0.015650598414093782,0.0,0.0010677929077185701,0.0,435.67499999999995,1.0,0.0024488678200343937,1.0008270799054182e-06,0.9375,-49.9609375,291.1011305021443,0.0,59.996409522211266,1028.01,15,14,0,(),0,dark
yj_m,,False,1789621121006,,,,0.0,0.015650598414093782,0.0,0.0010677929077185701,0.0,435.67499999999995,1.0,0.0024488678200343937,1.0008270799054182e-06,1.75,-49.1484375,291.1011305021443,0.0,59.996409522211266,1028.01,28,14,0,(),0,dark
yj_m,,False,1789621121056,,,,0.0,0.015650598414093782,0.0,0.0010677929077185701,0.0,435.67499999999995,1.0,0.0024488678200343937,1.0008270799054182e-06,1.0625,-49.8359375,291.1011305021443,0.0,59.996409522211266,1028.01,17,14,0,(),0,dark
yj_m,,False,1789621121106,,,,0.0,0.015650598414093782,0.0,0.0010677929077185701,0.0,435.67499999999995,1.0,0.0024488678200343937,1.0008270799054182e-06,1.625,-49.2734375,291.1011305021443,0.0,59.996409522211266,1028.01,26,14,0,(),0,dark
yj_m,,False,1789621121156,,,,0.0,0.015650598414093782,0.0,0.0010677929077185701,0.0,435.67499999999995,1.0,0.0024488678200343937,1.0008270799054182e-06,1.1875,-49.7109375,291.1011305021443,0.0,59.996409522211266,1028.01,19,14,0,(),0,dark
yj_m,,False,1789621121206,,,,0.0,0.015650598414093782,0.0,0.0010677929077185701,0.0,435.67499999999995,1.0,0.0024488678200343937,1.0008270799054182e-06,1.1875,-49.7109375,291.1011305021443,0.0,59.996409522211266,1028.01,19,14,0,(),0,dark
yj_m,,False,1789621121256,,,,0.0,0.015650598414093782,0.0,0.0010677929077185701,0.0,435.67499999999995,1.0,0.0024488678200343937,1.0008270799054182e-06,1.5625,-49.3359375,291.1011305021443,0.0,59.996409522211266,1028.01,25,14,0,(),0,dark
yj_m,,False,1789621121306,,,,0.0,0.015650598414093782,0.0,0.0010677929077185701,0.0,435.67499999999995,1.0,0.0024488678200343937,1.0008270799054182e-06,1.5625,-49.3359375,291.1011305021443,0.0,59.996409522211266,1028.01,25,14,0,(),0,dark
yj_m,,False,1789621121356,,,,0.0,0.015650598414093782,0.0,0.0010677929077185701,0.0,435.67499999999995,1.0,0.0024488678200343937,1.0008270799054182e-06,1.25,-49.6484375,291.1011305021443,0.0,59.996409522211266,1028.01,20,14,0,(),0,dark
yj_m,,False,1789621121406,,,,0.0,0.015650598414093782,0.0,0.0010677929077185701,0.0,435.67499999999995,1.0,0.0024488678200343937,1.0008270799054182e-06,1.9375,-48.9609375,291.1011305021443,0.0,59.996409522211266,1028.01,31,14,0,(),0,dark
yj_m,,False,1789621121456,,,,0.0,0.015650598414093782,0.0,0.0010677929077185701,0.0,435.67499999999995,1.0,0.0024488678200343937,1.0008270799054182e-06,1.625,-49.2734375,291.1011305021443,0.0,59.996409522211266,1028.01,26,14,0,(),0,dark
yj_m,,False,1789621121506,,,,0.0,0.015650598414093782,0.0,0.0010677929077185701,0.0,435.67499999999995,1.0,0.0024488678200343937,1.0008270799054182e-06,1.5625,-49.3359375,291.1011305021443,0.0,59.996409522211266,1028.01,25,14,0,(),0,dark
yj_m,,False,1789621121556,,,,0.0,0.015650598414093782,0.0,0.0010677929077185701,0.0,435.67499999999995,1.0,0.0024488678200343937,1.0008270799054182e-06,1.75,-49.1484375,291.1011305021443,0.0,59.996409522211266,1028.01,28,14,0,(),0,dark
yj_m,,False,1789621121606,,,,0.0,0.015650598414093782,0.0,0.0010677929077185701,0.0,435.67499999999995,1.0,0.0024488678200343937,1.0008270799054182e-06,1.3125,-49.5859375,291.1011305021443,0.0,59.996409522211266,1028.01,21,14,0,(),0,dark
yj_m,,False,1789621121656,,,,0.0,0.015650598414093782,0.0,0.0010677929077185701,0.0,435.67499999999995,1.0,0.0024488678200343937,1.0008270799054182e-06,1.25,-49.6484375,291.1011305021443,0.0,59.996409522211266,1028.01,20,14,0,(),0,dark
yj_m,,False,1789621121706,,,,0.0,0.015650598414093782,0.0,0.0010677929077185701,0.0,435.67499999999995,1.0,0.0024488678200343937,1.0008270799054182e-06,1.8125,-49.0859375,291.1011305021443,0.0,59.996409522211266,1028.01,29,14,0,(),0,dark
yj_m,,False,1789621121756,,,,0.0,0.015650598414093782,0.0,0.0010677929077185701,0.0,435.67499999999995,1.0,0.0024488678200343937,1.0008270799054182e-06,0.5625,-50.3359375,291.1011305021443,0.0,59.996409522211266,1028.01,9,15,0,(),0,dark
yj_m,,False,1789621121806,,,,0.0,0.015650598414093782,0.0,0.0010677929077185701,0.0,435.67499999999995,1.0,0.0024488678200343937,1.0008270799054182e-06,1.375,-49.5234375,291.1011305021443,0.0,59.996409522211266,1028.01,22,15,0,(),0,dark
yj_m,,False,1789621121856,,,,0.0,0.015650598414093782,0.0,0.0010677929077185701,0.0,435.67499999999995,1.0,0.0024488678200343937,1.0008270799054182e-06,1.5,-49.3984375,291.1011305021443,0.0,59.996409522211266,1028.01,24,15,0,(),0,dark
yj_m,,False,1789621121906,,,,0.0,0.015650598414093782,0.0,0.0010677929077185701,0.0,435.67499999999995,1.0,0.0024488678200343937,1.0008270799054182e-06,1.4375,-49.4609375,291.1011305021443,0.0,59.996409522211266,1028.01,23,15,0,(),0,dark
yj_m,,False,1789621121956,,,,0.0,0.015650598414093782,0.0,0.0010677929077185701,0.0,435.67499999999995,1.0,0.0024488678200343937,1.0008270799054182e-06,1.5,-49.3984375,291.1011305021443,0.0,59.996409522211266,1028.01,24,15,0,(),0,dark
yj_m,,False,1789621122006,,,,0.0,0.015650598414093782,0.0,0.0010677929077185701,0.0,435.67499999999995,1.0,0.0024488678200343937,1.0008270799054182e-06,1.625,-49.2734375,291.1011305021443,0.0,59.996409522211266,1028.01,26,15,0,(),0,dark
yj_m,,False,1789621122056,,,,0.0,0.015650598414093782,0.0,0.0010677929077185701,0.0,435.67499999999995,1.0,0.0024488678200343937,1.0008270799054182e-06,2.0,-48.8984375,291.1011305021443,0.0,59.996409522211266,1028.01,32,15,0,(),0,dark
yj_m,,False,1789621122106,,,,0.0,0.015650598414093782,0.0,0.0010677929077185701,0.0,435.67499999999995,1.0,0.0024488678200343937,1.0008270799054182e-06,1.0625,-49.8359375,291.1011305021443,0.0,59.996409522211266,1028.01,17,15,0,(),0,dark
yj_m,,False,1789621122156,,,,0.0,0.015650598414093782,0.0,0.0010677929077185701,0.0,435.67499999999995,1.0,0.0024488678200343937,1.0008270799054182e-06,1.25,-49.6484375,291.1011305021443,0.0,59.996409522211266,1028.01,20,15,0,(),0,dark
yj_m,,False,1789621122206,,,,0.0,0.015650598414093782,0.0,0.0010677929077185701,0.0,435.67499999999995,1.0,0.0024488678200343937,1.0008270799054182e-06,1.4375,-49.4609375,291.1011305021443,0.0,59.996409522211266,1028.01,23,15,0,(),0,dark
yj_m,,False,1789621122256,,,,0.0,0.015650598414093782,0.0,0.0010677929077185701,0.0,435.67499999999995,1.0,0.0024488678200343937,1.0008270799054182e-06,1.4375,-49.4609375,291.1011305021443,0.0,59.996409522211266,1028.01,23,15,0,(),0,dark
yj_m,,False,1789621122306,,,,0.0,0.015650598414093782,0.0,0.0010677929077185701,0.0,435.67499999999995,1.0,0.0024488678200343937,1.0008270799054182e-06,0.6875,-50.2109375,291.1011305021443,0.0,59.996409522211266,1028.01,11,15,0,(),0,dark
yj_m,,False,1789621122356,,,,0.0,0.015650598414093782,0.0,0.0010677929077185701,0.0,435.67499999999995,1.0,0.0024488678200343937,1.0008270799054182e-06,1.625,-49.2734375,291.1011305021443,0.0,59.996409522211266,1028.01,26,15,0,(),0,dark
yj_m,,False,1789621122406,,,,0.0,0.015650598414093782,0.0,0.0010677929077185701,0.0,435.67499999999995,1.0,0.0024488678200343937,1.0008270799054182e-06,1.1875,-49.7109375,291.1011305021443,0.0,59.996409522211266,1028.01,19,15,0,(),0,dark
yj_m,,False,1789621122456,,,,0.0,0.015650598414093782,0.0,0.0010677929077185701,0.0,435.67499999999995,1.0,0.0024488678200343937,1.0008270799054182e-06,1.25,-49.6484375,291.1011305021443,0.0,59.996409522211266,1028.01,20,15,0,(),0,dark
yj_m,,False,1789621122506,,,,0.0,0.015650598414093782,0.0,0.0010677929077185701,0.0,435.67499999999995,1.0,0.0024488678200343937,1.0008270799054182e-06,1.8125,-49.0859375,291.1011305021443,0.0,59.996409522211266,1028.01,29,15,0,(),0,dark
yj_m,,False,1789621122556,,,,0.0,0.015650598414093782,0.0,0.0010677929077185701,0.0,435.67499999999995,1.0,0.0024488678200343937,1.0008270799054182e-06,1.8125,-49.0859375,291.1011305021443,0.0,59.996409522211266,1028.01,29,15,0,(),0,dark
yj_m,,False,1789621122606,,,,0.0,0.015650598414093782,0.0,0.0010677929077185701,0.0,435.67499999999995,1.0,0.0024488678200343937,1.0008270799054182e-06,1.375,-49.5234375,291.1011305021443,0.0,59.996409522211266,1028.01,22,15,0,(),0,dark
yj_m,,False,1789621122656,,,,0.0,0.015650598414093782,0.0,0.0010677929077185701,0.0,435.67499999999995,1.0,0.0024488678200343937,1.0008270799054182e-06,1.1875,-49.7109375,291.1011305021443,0.0,59.996409522211266,1028.01,19,15,0,(),0,dark
yj_m,,False,1789621122706,,,,0.0,0.015650598414093782,0.0,0.0010677929077185701,0.0,435.67499999999995,1.0,0.0024488678200343937,1.0008270799054182e-06,1.25,-49.6484375,291.1011305021443,0.0,59.996409522211266,1028.01,20,15,0,(),0,dark
yj_m,,False,1789621122756,,,,0.0,0.015650598414093782,0.0,0.0010677929077185701,0.0,435.67499999999995,1.0,0.0024488678200343937,1.0008270799054182e-06,1.625,-49.2734375,291.1011305021443,0.0,59.996409522211266,1028.01,26,16,0,(),0,dark
yj_m,,False,1789621122806,,,,0.0,0.015650598414093782,0.0,0.0010677929077185701,0.0,435.67499999999995,1.0,0.0024488678200343937,1.0008270799054182e-06,2.0625,-48.8359375,291.1011305021443,0.0,59.996409522211266,1028.01,33,16,0,(),0,dark
yj_m,,False,1789621122856,,,,0.0,0.015650598414093782,0.0,0.0010677929077185701,0.0,435.67499999999995,1.0,0.0024488678200343937,1.0008270799054182e-06,1.625,-49.2734375,291.1011305021443,0.0,59.996409522211266,1028.01,26,16,0,(),0,dark
yj_m,,False,1789621122906,,,,0.0,0.015650598414093782,0.0,0.0010677929077185701,0.0,435.67499999999995,1.0,0.0024488678200343937,1.0008270799054182e-06,1.0,-49.8984375,291.1011305021443,0.0,59.996409522211266,1028.01,16,16,0,(),0,dark
yj_m,,False,1789621122956,,,,0.0,0.015650598414093782,0.0,0.0010677929077185701,0.0,435.67499999999995,1.0,0.0024488678200343937,1.0008270799054182e-06,1.5,-49.3984375,291.1011305021443,0.0,59.996409522211266,1028.01,24,16,0,(),0,dark
yj_m,,False,1789621123006,,,,0.0,0.015650598414093782,0.0,0.0010677929077185701,0.0,435.67499999999995,1.0,0.0024488678200343937,1.0008270799054182e-06,1.5625,-49.3359375,291.1011305021443,0.0,59.996409522211266,1028.01,25,16,0,(),0,dark
yj_m,,False,1789621123056,,,,0.0,0.015650598414093782,0.0,0.0010677929077185701,0.0,435.67499999999995,1.0,0.0024488678200343937,1.0008270799054182e-06,1.1875,-49.7109375,291.1011305021443,0.0,59.996409522211266,1028.01,19,16,0,(),0,dark
yj_m,,False,1789621123106,,,,0.0,0.015650598414093782,0.0,0.0010677929077185701,0.0,435.67499999999995,1.0,0.0024488678200343937,1.0008270799054182e-06,0.5625,-50.3359375,291.1011305021443,0.0,59.996409522211266,1028.01,9,16,0,(),0,dark
yj_m,,False,1789621123156,,,,0.0,0.015650598414093782,0.0,0.0010677929077185701,0.0,435.67499999999995,1.0,0.0024488678200343937,1.0008270799054182e-06,1.25,-49.6484375,291.1011305021443,0.0,59.996409522211266,1028.01,20,16,0,(),0,dark
yj_m,,False,1789621123206,,,,0.0,0.015650598414093782,0.0,0.0010677929077185701,0.0,435.67499999999995,1.0,0.0024488678200343937,1.0008270799054182e-06,1.0,-49.8984375,291.1011305021443,0.0,59.996409522211266,1028.01,16,16,0,(),0,dark
yj_m,,False,1789621123256,,,,0.0,0.015650598414093782,0.0,0.0010677929077185701,0.0,435.67499999999995,1.0,0.0024488678200343937,1.0008270799054182e-06,1.3125,-49.5859375,291.1011305021443,0.0,59.996409522211266,1028.01,21,16,0,(),0,dark
yj_m,,False,1789621123306,,,,0.0,0.015650598414093782,0.0,0.0010677929077185701,0.0,435.67499999999995,1.0,0.0024488678200343937,1.0008270799054182e-06,1.8125,-49.0859375,291.1011305021443,0.0,59.996409522211266,1028.01,29,16,0,(),0,dark
yj_m,,False,1789621123356,,,,0.0,0.015650598414093782,0.0,0.0010677929077185701,0.0,435.67499999999995,1.0,0.0024488678200343937,1.0008270799054182e-06,1.375,-49.5234375,291.1011305021443,0.0,59.996409522211266,1028.01,22,16,0,(),0,dark
yj_m,,False,1789621123406,,,,0.0,0.015650598414093782,0.0,0.0010677929077185701,0.0,435.67499999999995,1.0,0.0024488678200343937,1.0008270799054182e-06,1.3125,-49.5859375,291.1011305021443,0.0,59.996409522211266,1028.01,21,16,0,(),0,dark
yj_m,,False,1789621123456,,,,0.0,0.015650598414093782,0.0,0.0010677929077185701,0.0,435.67499999999995,1.0,0.0024488678200343937,1.0008270799054182e-06,1.5625,-49.3359375,291.1011305021443,0.0,59.996409522211266,1028.01,25,16,0,(),0,dark
yj_m,,False,1789621123506,,,,0.0,0.015650598414093782,0.0,0.0010677929077185701,0.0,435.67499999999995,1.0,0.0024488678200343937,1.0008270799054182e-06,1.25,-49.6484375,291.1011305021443,0.0,59.996409522211266,1028.01,20,16,0,(),0,dark
yj_m,,False,1789621123556,,,,0.0,0.015650598414093782,0.0,0.0010677929077185701,0.0,435.67499999999995,1.0,0.0024488678200343937,1.0008270799054182e-06,1.75,-49.1484375,291.1011305021443,0.0,59.996409522211266,1028.01,28,16,0,(),0,dark
yj_m,,False,1789621123606,,,,0.0,0.015650598414093782,0.0,0.0010677929077185701,0.0,435.67499999999995,1.0,0.0024488678200343937,1.0008270799054182e-06,1.3125,-49.5859375,291.1011305021443,0.0,59.996409522211266,1028.01,21,16,0,(),0,dark
yj_m,,False,1789621123656,,,,0.0,0.015650598414093782,0.0,0.0010677929077185701,0.0,435.67499999999995,1.0,0.0024488678200343937,1.0008270799054182e-06,1.5625,-49.3359375,291.1011305021443,0.0,59.996409522211266,1028.01,25,16,0,(),0,dark
yj_m,,False,1789621123706,,,,0.0,0.015650598414093782,0.0,0.0010677929077185701,0.0,435.67499999999995,1.0,0.0024488678200343937,1.0008270799054182e-06,2.25,-48.6484375,291.1011305021443,0.0,59.996409522211266,1028.01,36,16,0,(),0,dark
yj_m,,False,1789621123756,,,,0.0,0.015650598414093782,0.0,0.0010677929077185701,0.0,435.67499999999995,1.0,0.0024488678200343937,1.0008270799054182e-06,1.1875,-49.7109375,291.1011305021443,0.0,59.996409522211266,1028.01,19,17,0,(),0,dark
yj_m,,False,1789621123806,,,,0.0,0.015650598414093782,0.0,0.0010677929077185701,0.0,435.67499999999995,1.0,0.0024488678200343937,1.0008270799054182e-06,1.375,-49.5234375,291.1011305021443,0.0,59.996409522211266,1028.01,22,17,0,(),0,dark
yj_m,,False,1789621123856,,,,0.0,0.015650598414093782,0.0,0.0010677929077185701,0.0,435.67499999999995,1.0,0.0024488678200343937,1.0008270799054182e-06,1.125,-49.7734375,291.1011305021443,0.0,59.996409522211266,1028.01,18,17,0,(),0,dark
yj_m,,False,1789621123906,,,,0.0,0.015650598414093782,0.0,0.0010677929077185701,0.0,435.67499999999995,1.0,0.0024488678200343937,1.0008270799054182e-06,1.0625,-49.8359375,291.1011305021443,0.0,59.996409522211266,1028.01,17,17,0,(),0,dark
yj_m,,False,1789621123956,,,,0.0,0.015650598414093782,0.0,0.0010677929077185701,0.0,435.67499999999995,1.0,0.0024488678200343937,1.0008270799054182e-06,1.875,-49.0234375,291.1011305021443,0.0,59.996409522211266,1028.01,30,17,0,(),0,dark
yj_m,,False,1789621124006,,,,0.0,0.015650598414093782,0.0,0.0010677929077185701,0.0,435.67499999999995,1.0,0.0024488678200343937,1.0008270799054182e-06,1.4375,-49.4609375,291.1011305021443,0.0,59.996409522211266,1028.01,23,17,0,(),0,dark
yj_m,,False,1789621124056,,,,0.0,0.015650598414093782,0.0,0.0010677929077185701,0.0,435.67499999999995,1.0,0.0024488678200343937,1.0008270799054182e-06,1.125,-49.7734375,291.1011305021443,0.0,59.996409522211266,1028.01,18,17,0,(),0,dark
yj_m,,False,1789621124106,,,,0.0,0.015650598414093782,0.0,0.0010677929077185701,0.0,435.67499999999995,1.0,0.0024488678200343937,1.0008270799054182e-06,1.75,-49.1484375,291.1011305021443,0.0,59.996409522211266,1028.01,28,17,0,(),0,dark
yj_m,,False,1789621124156,,,,0.0,0.015650598414093782,0.0,0.0010677929077185701,0.0,435.67499999999995,1.0,0.0024488678200343937,1.0008270799054182e-06,1.375,-49.5234375,291.1011305021443,0.0,59.996409522211266,1028.01,22,17,0,(),0,dark
yj_m,,False,1789621124206,,,,0.0,0.015650598414093782,0.0,0.0010677929077185701,0.0,435.67499999999995,1.0,0.0024488678200343937,1.0008270799054182e-06,1.0625,-49.8359375,291.1011305021443,0.0,59.996409522211266,1028.01,17,17,0,(),0,dark
yj_m,,False,1789621124256,,,,0.0,0.015650598414093782,0.0,0.0010677929077185701,0.0,435.67499999999995,1.0,0.0024488678200343937,1.0008270799054182e-06,0.875,-50.0234375,291.1011305021443,0.0,59.996409522211266,1028.01,14,17,0,(),0,dark
yj_m,,False,1789621124306,,,,0.0,0.015650598414093782,0.0,0.0010677929077185701,0.0,435.67499999999995,1.0,0.0024488678200343937,1.0008270799054182e-06,1.5,-49.3984375,291.1011305021443,0.0,59.996409522211266,1028.01,24,17,0,(),0,dark
yj_m,,False,1789621124356,,,,0.0,0.015650598414093782,0.0,0.0010677929077185701,0.0,435.67499999999995,1.0,0.0024488678200343937,1.0008270799054182e-06,1.5625,-49.3359375,291.1011305021443,0.0,59.996409522211266,1028.01,25,17,0,(),0,dark
yj_m,,False,1789621124406,,,,0.0,0.015650598414093782,0.0,0.0010677929077185701,0.0,435.67499999999995,1.0,0.0024488678200343937,1.0008270799054182e-06,1.0625,-49.8359375,291.1011305021443,0.0,59.996409522211266,1028.01,17,17,0,(),0,dark
yj_m,,False,1789621124456,,,,0.0,0.015650598414093782,0.0,0.0010677929077185701,0.0,435.67499999999995,1.0,0.0024488678200343937,1.0008270799054182e-06,1.625,-49.2734375,291.1011305021443,0.0,59.996409522211266,1028.01,26,17,0,(),0,dark
yj_m,,False,1789621124506,,,,0.0,0.015650598414093782,0.0,0.0010677929077185701,0.0,435.67499999999995,1.0,0.0024488678200343937,1.0008270799054182e-06,0.9375,-49.9609375,291.1011305021443,0.0,59.996409522211266,1028.01,15,17,0,(),0,dark
yj_m,,False,1789621124556,,,,0.0,0.015650598414093782,0.0,0.0010677929077185701,0.0,435.67499999999995,1.0,0.0024488678200343937,1.0008270799054182e-06,1.375,-49.5234375,291.1011305021443,0.0,59.996409522211266,1028.01,22,17,0,(),0,dark
yj_m,,False,1789621124606,,,,0.0,0.015650598414093782,0.0,0.0010677929077185701,0.0,435.67499999999995,1.0,0.0024488678200343937,1.0008270799054182e-06,1.75,-49.1484375,291.1011305021443,0.0,59.996409522211266,1028.01,28,17,0,(),0,dark
yj_m,,False,1789621124656,,,,0.0,0.015650598414093782,0.0,0.0010677929077185701,0.0,435.67499999999995,1.0,0.0024488678200343937,1.0008270799054182e-06,1.625,-49.2734375,291.1011305021443,0.0,59.996409522211266,1028.01,26,17,0,(),0,dark
yj_m,,False,1789621124706,,,,0.0,0.015650598414093782,0.0,0.0010677929077185701,0.0,435.67499999999995,1.0,0.0024488678200343937,1.0008270799054182e-06,1.25,-49.6484375,291.1011305021443,0.0,59.996409522211266,1028.01,20,17,0,(),0,dark
yj_m,,False,1789621124756,,,,0.0,0.015650598414093782,0.0,0.0010677929077185701,0.0,435.67499999999995,1.0,0.0024488678200343937,1.0008270799054182e-06,1.5,-49.3984375,291.1011305021443,0.0,59.996409522211266,1028.01,24,18,0,(),0,dark
yj_m,,False,1789621124806,,,,0.0,0.015650598414093782,0.0,0.0010677929077185701,0.0,435.67499999999995,1.0,0.0024488678200343937,1.0008270799054182e-06,1.75,-49.1484375,291.1011305021443,0.0,59.996409522211266,1028.01,28,18,0,(),0,dark
yj_m,,False,1789621124856,,,,0.0,0.015650598414093782,0.0,0.0010677929077185701,0.0,435.67499999999995,1.0,0.0024488678200343937,1.0008270799054182e-06,1.4375,-49.4609375,291.1011305021443,0.0,59.996409522211266,1028.01,23,18,0,(),0,dark
yj_m,,False,1789621124906,,,,0.0,0.015650598414093782,0.0,0.0010677929077185701,0.0,435.67499999999995,1.0,0.0024488678200343937,1.0008270799054182e-06,1.5625,-49.3359375,291.1011305021443,0.0,59.996409522211266,1028.01,25,18,0,(),0,dark
yj_m,,False,1789621124956,,,,0.0,0.015650598414093782,0.0,0.0010677929077185701,0.0,435.67499999999995,1.0,0.0024488678200343937,1.0008270799054182e-06,1.625,-49.2734375,291.1011305021443,0.0,59.996409522211266,1028.01,26,18,0,(),0,dark
yj_m,,False,1789621125006,,,,0.0,0.015650598414093782,0.0,0.0010677929077185701,0.0,435.67499999999995,1.0,0.0024488678200343937,1.0008270799054182e-06,1.4375,-49.4609375,291.1011305021443,0.0,59.996409522211266,1028.01,23,18,0,(),0,dark
yj_m,,False,1789621125056,,,,0.0,0.015650598414093782,0.0,0.0010677929077185701,0.0,435.67499999999995,1.0,0.0024488678200343937,1.0008270799054182e-06,1.375,-49.5234375,291.1011305021443,0.0,59.996409522211266,1028.01,22,18,0,(),0,dark
yj_m,,False,1789621125106,,,,0.0,0.015650598414093782,0.0,0.0010677929077185701,0.0,435.67499999999995,1.0,0.0024488678200343937,1.0008270799054182e-06,0.875,-50.0234375,291.1011305021443,0.0,59.996409522211266,1028.01,14,18,0,(),0,dark
yj_m,,False,1789621125156,,,,0.0,0.015650598414093782,0.0,0.0010677929077185701,0.0,435.67499999999995,1.0,0.0024488678200343937,1.0008270799054182e-06,1.625,-49.2734375,291.1011305021443,0.0,59.996409522211266,1028.01,26,18,0,(),0,dark
yj_m,,False,1789621125206,,,,0.0,0.015650598414093782,0.0,0.0010677929077185701,0.0,435.67499999999995,1.0,0.0024488678200343937,1.0008270799054182e-06,1.625,-49.2734375,291.1011305021443,0.0,59.996409522211266,1028.01,26,18,0,(),0,dark
yj_m,,False,1789621125256,,,,0.0,0.015650598414093782,0.0,0.0010677929077185701,0.0,435.67499999999995,1.0,0.0024488678200343937,1.0008270799054182e-06,1.0625,-49.8359375,291.1011305021443,0.0,59.996409522211266,1028.01,17,18,0,(),0,dark
yj_m,,False,1789621125306,,,,0.0,0.015650598414093782,0.0,0.0010677929077185701,0.0,435.67499999999995,1.0,0.0024488678200343937,1.0008270799054182e-06,1.0625,-49.8359375,291.1011305021443,0.0,59.996409522211266,1028.01,17,18,0,(),0,dark
yj_m,,False,1789621125356,,,,0.0,0.015650598414093782,0.0,0.0010677929077185701,0.0,435.67499999999995,1.0,0.0024488678200343937,1.0008270799054182e-06,2.0625,-48.8359375,291.1011305021443,0.0,59.996409522211266,1028.01,33,18,0,(),0,dark
yj_m,,False,1789621125406,,,,0.0,0.015650598414093782,0.0,0.0010677929077185701,0.0,435.67499999999995,1.0,0.0024488678200343937,1.0008270799054182e-06,1.25,-49.6484375,291.1011305021443,0.0,59.996409522211266,1028.01,20,18,0,(),0,dark
yj_m,,False,1789621125456,,,,0.0,0.015650598414093782,0.0,0.0010677929077185701,0.0,435.67499999999995,1.0,0.0024488678200343937,1.0008270799054182e-06,1.625,-49.2734375,291.1011305021443,0.0,59.996409522211266,1028.01,26,18,0,(),0,dark
yj_m,,False,1789621125506,,,,0.0,0.015650598414093782,0.0,0.0010677929077185701,0.0,435.67499999999995,1.0,0.0024488678200343937,1.0008270799054182e-06,1.5625,-49.3359375,291.1011305021443,0.0,59.996409522211266,1028.01,25,18,0,(),0,dark
yj_m,,False,1789621125556,,,,0.0,0.015650598414093782,0.0,0.0010677929077185701,0.0,435.67499999999995,1.0,0.0024488678200343937,1.0008270799054182e-06,2.0625,-48.8359375,291.1011305021443,0.0,59.996409522211266,1028.01,33,18,0,(),0,dark
yj_m,,False,1789621125606,,,,0.0,0.015650598414093782,0.0,0.0010677929077185701,0.0,435.67499999999995,1.0,0.0024488678200343937,1.0008270799054182e-06,0.875,-50.0234375,291.1011305021443,0.0,59.996409522211266,1028.01,14,18,0,(),0,dark
yj_m,,False,1789621125656,,,,0.0,0.015650598414093782,0.0,0.0010677929077185701,0.0,435.67499999999995,1.0,0.0024488678200343937,1.0008270799054182e-06,1.25,-49.6484375,291.1011305021443,0.0,59.996409522211266,1028.01,20,18,0,(),0,dark
yj_m,,False,1789621125706,,,,0.0,0.015650598414093782,0.0,0.0010677929077185701,0.0,435.67499999999995,1.0,0.0024488678200343937,1.0008270799054182e-06,0.9375,-49.9609375,291.1011305021443,0.0,59.996409522211266,1028.01,15,18,0,(),0,dark
yj_m,,False,1789621125756,,,,0.0,0.015650598414093782,0.0,0.0010677929077185701,0.0,435.67499999999995,1.0,0.0024488678200343937,1.0008270799054182e-06,0.9375,-49.9609375,291.1011305021443,0.0,59.996409522211266,1028.01,15,19,0,(),0,dark
yj_m,,False,1789621125806,,,,0.0,0.015650598414093782,0.0,0.0010677929077185701,0.0,435.67499999999995,1.0,0.0024488678200343937,1.0008270799054182e-06,1.625,-49.2734375,291.1011305021443,0.0,59.996409522211266,1028.01,26,19,0,(),0,dark
yj_m,,False,1789621125856,,,,0.0,0.015650598414093782,0.0,0.0010677929077185701,0.0,435.67499999999995,1.0,0.0024488678200343937,1.0008270799054182e-06,1.625,-49.2734375,291.1011305021443,0.0,59.996409522211266,1028.01,26,19,0,(),0,dark
yj_m,,False,1789621125906,,,,0.0,0.015650598414093782,0.0,0.0010677929077185701,0.0,435.67499999999995,1.0,0.0024488678200343937,1.0008270799054182e-06,2.0,-48.8984375,291.1011305021443,0.0,59.996409522211266,1028.01,32,19,0,(),0,dark
yj_m,,False,1789621125956,,,,0.0,0.015650598414093782,0.0,0.0010677929077185701,0.0,435.67499999999995,1.0,0.0024488678200343937,1.0008270799054182e-06,0.8125,-50.0859375,291.1011305021443,0.0,59.996409522211266,1028.01,13,19,0,(),0,dark
yj_m,,False,1789621126006,,,,0.0,0.015650598414093782,0.0,0.0010677929077185701,0.0,435.67499999999995,1.0,0.0024488678200343937,1.0008270799054182e-06,1.1875,-49.7109375,291.1011305021443,0.0,59.996409522211266,1028.01,19,19,0,(),0,dark
yj_m,,False,1789621126956,0.5783762863192276,0.5105269574832495,0.0975376526836707,0.09280451948924731,0.015650598414093782,0.16045699259188684,0.13902485027875183,4356.749999999999,454.8580538269604,1.0,0.0024488678200343937,1.5039405317764934e-05,1777.0625,1726.1640625,291.1011305021443,38.05,48.22769336106029,1024.83075,28433,20,0,(),1,5e+01 a1
yj_m,,False,1789621127006,0.5767009638545669,0.5091022202844977,0.0975376526836707,0.09253570228494624,0.015650598414093782,0.16045699259188684,0.13902485027875183,4356.749999999999,454.8580538269604,1.0,0.0024488678200343937,1.5039405317764934e-05,1772.0625,1721.1640625,291.1011305021443,38.05,48.22769336106029,1024.83075,28353,20,0,(),1,5e+01 a1
yj_m,,False,1789621127056,0.5777899234565963,0.5100282822631298,0.0975376526836707,0.09271043346774194,0.015650598414093782,0.16045699259188684,0.13902485027875183,4356.749999999999,454.8580538269604,1.0,0.0024488678200343937,1.5039405317764934e-05,1775.3125,1724.4140625,291.1011305021443,38.05,48.22769336106029,1024.83075,28405,20,0,(),1,5e+01 a1
yj_m,,False,1789621127106,0.5491000262492827,0.4856525352671378,0.0975376526836707,0.08810693884408602,0.015650598414093782,0.16045699259188684,0.13902485027875183,4356.749999999999,454.8580538269604,1.0,0.0024488678200343937,1.5039405317764934e-05,1689.6875,1638.7890625,291.1011305021443,38.05,48.22769336106029,1024.83075,27035,20,0,(),1,5e+01 a1
yj_m,,False,1789621127156,0.6069405343416916,0.5348409159064351,0.0975376526836707,0.09738785282258064,0.015650598414093782,0.16045699259188684,0.13902485027875183,4356.749999999999,454.8580538269604,1.0,0.0024488678200343937,1.5039405317764934e-05,1862.3125,1811.4140625,291.1011305021443,38.05,48.22769336106029,1024.83075,29797,20,0,(),1,5e+01 a1
yj_m,,False,1789621127206,0.6032757664502464,0.5317192120282851,0.0975376526836707,0.09679981518817204,0.015650598414093782,0.16045699259188684,0.13902485027875183,4356.749999999999,454.8580538269604,1.0,0.0024488678200343937,1.5039405317764934e-05,1851.375,1800.4765625,291.1011305021443,38.05,48.22769336106029,1024.83075,29622,20,0,(),1,5e+01 a1
yj_m,,False,1789621127256,0.5864597172112151,0.517403409159384,0.0975376526836707,0.0941015625,0.015650598414093782,0.16045699259188684,0.13902485027875183,4356.749999999999,454.8580538269604,1.0,0.0024488678200343937,1.5039405317764934e-05,1801.1875,1750.2890625,291.1011305021443,38.05,48.22769336106029,1024.83075,28819,20,0,(),1,5e+01 a1
yj_m,,False,1789621127306,0.6133486427690186,0.5403009382278189,0.0975376526836707,0.09841607862903226,0.015650598414093782,0.16045699259188684,0.13902485027875183,4356.749999999999,454.8580538269604,1.0,0.0024488678200343937,1.5039405317764934e-05,1881.4375,1830.5390625,291.1011305021443,38.05,48.22769336106029,1024.83075,30103,20,0,(),1,5e+01 a1
yj_m,,False,1789621127356,0.5676751640762076,0.5014290950852708,0.0975376526836707,0.09108744959677419,0.015650598414093782,0.16045699259188684,0.13902485027875183,4356.749999999999,454.8580538269604,1.0,0.0024488678200343937,1.5039405317764934e-05,1745.125,1694.2265625,291.1011305021443,38.05,48.22769336106029,1024.83075,27922,20,0,(),1,5e+01 a1
yj_m,,False,1789621127406,0.5681358777539893,0.5018206527313321,0.0975376526836707,0.091161374327957,0.015650598414093782,0.16045699259188684,0.13902485027875183,4356.749999999999,454.8580538269604,1.0,0.0024488678200343937,1.5039405317764934e-05,1746.5,1695.6015625,291.1011305021443,38.05,48.22769336106029,1024.83075,27944,20,0,(),1,5e+01 a1
yj_m,,False,1789621127456,0.5767009638545669,0.5091022202844977,0.0975376526836707,0.09253570228494624,0.015650598414093782,0.16045699259188684,0.13902485027875183,4356.749999999999,454.8580538269604,1.0,0.0024488678200343937,1.5039405317764934e-05,1772.0625,1721.1640625,291.1011305021443,38.05,48.22769336106029,1024.83075,28353,20,0,(),1,5e+01 a1
yj_m,,False,1789621127506,0.5957368153592735,0.5252994402213262,0.0975376526836707,0.0955901377688172,0.015650598414093782,0.16045699259188684,0.13902485027875183,4356.749999999999,454.8580538269604,1.0,0.0024488678200343937,1.5039405317764934e-05,1828.875,1777.9765625,291.1011305021443,38.05,48.22769336106029,1024.83075,29262,20,0,(),1,5e+01 a1
yj_m,,False,1789621127556,0.5651202973176002,0.49925794895423137,0.0975376526836707,0.09067750336021506,0.015650598414093782,0.16045699259188684,0.13902485027875183,4356.749999999999,454.8580538269604,1.0,0.0024488678200343937,1.5039405317764934e-05,1737.5,1686.6015625,291.1011305021443,38.05,48.22769336106029,1024.83075,27800,20,0,(),1,5e+01 a1
yj_m,,False,1789621127606,0.5874020860975868,0.5182052899246156,0.0975376526836707,0.09425277217741936,0.015650598414093782,0.16045699259188684,0.13902485027875183,4356.749999999999,454.8580538269604,1.0,0.0024488678200343937,1.5039405317764934e-05,1804.0,1753.1015625,291.1011305021443,38.05,48.22769336106029,1024.83075,28864,20,0,(),1,5e+01 a1
yj_m,,False,1789621127656,0.6028569358340813,0.5313624862879536,0.0975376526836707,0.09673261088709678,0.015650598414093782,0.16045699259188684,0.13902485027875183,4356.749999999999,454.8580538269604,1.0,0.0024488678200343937,1.5039405317764934e-05,1850.125,1799.2265625,291.1011305021443,38.05,48.22769336106029,1024.83075,29602,20,0,(),1,5e+01 a1
yj_m,,False,1789621127706,0.5561992051932823,0.4916797038938801,0.0975376526836707,0.08924605174731183,0.015650598414093782,0.16045699259188684,0.13902485027875183,4356.749999999999,454.8580538269604,1.0,0.0024488678200343937,1.5039405317764934e-05,1710.875,1659.9765625,291.1011305021443,38.05,48.22769336106029,1024.83075,27374,20,0,(),1,5e+01 a1
yj_m,,False,1789621127756,0.5361581602097791,0.47467312501333164,0.0975376526836707,0.08603032594086021,0.015650598414093782,0.16045699259188684,0.13902485027875183,4356.749999999999,454.8580538269604,1.0,0.0024488678200343937,1.5039405317764934e-05,1651.0625,1600.1640625,291.1011305021443,38.05,48.22769336106029,1024.83075,26417,21,0,(),1,5e+01 a1
yj_m,,False,1789621127806,0.5793605382672157,0.5113640609185174,0.0975376526836707,0.09296244959677419,0.015650598414093782,0.16045699259188684,0.13902485027875183,4356.749999999999,454.8580538269604,1.0,0.0024488678200343937,1.5039405317764934e-05,1780.0,1729.1015625,291.1011305021443,38.05,48.22769336106029,1024.83075,28480,21,0,(),1,5e+01 a1
yj_m,,False,1789621127856,0.5747534014893989,0.5074461543266597,0.0975376526836707,0.09222320228494624,0.015650598414093782,0.16045699259188684,0.13902485027875183,4356.749999999999,454.8580538269604,1.0,0.0024488678200343937,1.5039405317764934e-05,1766.25,1715.3515625,291.1011305021443,38.05,48.22769336106029,1024.83075,28260,21,1,(),1,5e+01 a1
yj_m,,False,1789621127906,0.606898651280075,0.5348052357280392,0.0975376526836707,0.09738113239247312,0.015650598414093782,0.16045699259188684,0.13902485027875183,4356.749999999999,454.8580538269604,1.0,0.0024488678200343937,1.5039405317764934e-05,1862.1875,1811.2890625,291.1011305021443,38.05,48.22769336106029,1024.83075,29795,21,1,(),1,5e+01 a1
yj_m,,False,1789621127956,0.6070661835265412,0.5349479569328797,0.0975376526836707,0.09740801411290323,0.015650598414093782,0.16045699259188684,0.13902485027875183,4356.749999999999,454.8580538269604,1.0,0.0024488678200343937,1.5039405317764934e-05,1862.6875,1811.7890625,291.1011305021443,38.05,48.22769336106029,1024.83075,29803,21,1,(),1,5e+01 a1
yj_m,,False,1789621128006,0.6073174818962402,0.5351620411949497,0.0975376526836707,0.09744833669354838,0.015650598414093782,0.16045699259188684,0.13902485027875183,4356.749999999999,454.8580538269604,1.0,0.0024488678200343937,1.5039405317764934e-05,1863.4375,1812.5390625,291.1011305021443,38.05,48.22769336106029,1024.83075,29815,21,1,(),1,5e+01 a1
yj_m,,False,1789621128056,0.5308390113844816,0.47016375211547046,0.0975376526836707,0.0851768313172043,0.015650598414093782,0.16045699259188684,0.13902485027875183,4356.749999999999,454.8580538269604,1.0,0.0024488678200343937,1.5039405317764934e-05,1635.1875,1584.2890625,291.1011305021443,38.05,48.22769336106029,1024.83075,26163,21,1,(),1,5e+01 a1
yj_m,,False,1789621128106,0.5684500007161132,0.502087630733108,0.0975376526836707,0.09121177755376345,0.015650598414093782,0.16045699259188684,0.13902485027875183,4356.749999999999,454.8580538269604,1.0,0.0024488678200343937,1.5039405317764934e-05,1747.4375,1696.5390625,291.1011305021443,38.05,48.22769336106029,1024.83075,27959,21,1,(),1,5e+01 a1
yj_m,,False,1789621128156,0.6068777097492667,0.5347873956695538,0.0975376526836707,0.09737777217741934,0.015650598414093782,0.16045699259188684,0.13902485027875183,4356.749999999999,454.8580538269604,1.0,0.0024488678200343937,1.5039405317764934e-05,1862.125,1811.2265625,291.1011305021443,38.05,48.22769336106029,1024.83075,29794,21,1,(),1,5e+01 a1
yj_m,,False,1789621128206,0.5978728515017158,0.5271180956542291,0.0975376526836707,0.09593287970430107,0.015650598414093782,0.16045699259188684,0.13902485027875183,4356.749999999999,454.8580538269604,1.0,0.0024488678200343937,1.5039405317764934e-05,1835.25,1784.3515625,291.1011305021443,38.05,48.22769336106029,1024.83075,29364,21,1,(),1,5e+01 a1
yj_m,,False,1789621128256,0.5739366817878768,0.5067517366351171,0.0975376526836707,0.09209215389784946,0.015650598414093782,0.16045699259188684,0.13902485027875183,4356.749999999999,454.8580538269604,1.0,0.0024488678200343937,1.5039405317764934e-05,1763.8125,1712.9140625,291.1011305021443,38.05,48.22769336106029,1024.83075,28221,21,1,(),1,5e+01 a1
yj_m,,False,1789621128306,0.5197190585252965,0.46074302567489417,0.0975376526836707,0.08339255712365591,0.015650598414093782,0.16045699259188684,0.13902485027875183,4356.749999999999,454.8580538269604,1.0,0.0024488678200343937,1.5039405317764934e-05,1602.0,1551.1015625,291.1011305021443,38.05,48.22769336106029,1024.83075,25632,21,1,(),1,5e+01 a1
yj_m,,False,1789621128356,0.5644292268009276,0.49867073588679556,0.0975376526836707,0.09056661626344086,0.015650598414093782,0.16045699259188684,0.13902485027875183,4356.749999999999,454.8580538269604,1.0,0.0024488678200343937,1.5039405317764934e-05,1735.4375,1684.5390625,291.1011305021443,38.05,48.22769336106029,1024.83075,27767,21,1,(),1,5e+01 a1
yj_m,,False,1789621128406,0.5986686296724297,0.5277956909600033,0.0975376526836707,0.0960605678763441,0.015650598414093782,0.16045699259188684,0.13902485027875183,4356.749999999999,454.8580538269604,1.0,0.0024488678200343937,1.5039405317764934e-05,1837.625,1786.7265625,291.1011305021443,38.05,48.22769336106029,1024.83075,29402,21,1,(),1,5e+01 a1
yj_m,,False,1789621128456,0.5877162090597107,0.5184725936517809,0.0975376526836707,0.0943031754032258,0.015650598414093782,0.16045699259188684,0.13902485027875183,4356.749999999999,454.8580538269604,1.0,0.0024488678200343937,1.5039405317764934e-05,1804.9375,1754.0390625,291.1011305021443,38.05,48.22769336106029,1024.83075,28879,21,1,(),1,5e+01 a1
yj_m,,False,1789621128506,0.5420427303668998,0.4796640399749655,0.0975376526836707,0.08697454637096774,0.015650598414093782,0.16045699259188684,0.13902485027875183,4356.749999999999,454.8580538269604,1.0,0.0024488678200343937,1.5039405317764934e-05,1668.625,1617.7265625,291.1011305021443,38.05,48.22769336106029,1024.83075,26698,21,1,(),1,5e+01 a1
yj_m,,False,1789621128556,0.5790673568359,0.5111147055368981,0.0975376526836707,0.09291540658602152,0.015650598414093782,0.16045699259188684,0.13902485027875183,4356.749999999999,454.8580538269604,1.0,0.0024488678200343937,1.5039405317764934e-05,1779.125,1728.2265625,291.1011305021443,38.05,48.22769336106029,1024.83075,28466,21,1,(),1,5e+01 a1
yj_m,,False,1789621128606,0.5713818150292693,0.5045796927176424,0.0975376526836707,0.09168220766129033,0.015650598414093782,0.16045699259188684,0.13902485027875183,4356.749999999999,454.8580538269604,1.0,0.0024488678200343937,1.5039405317764934e-05,1756.1875,1705.2890625,291.1011305021443,38.05,48.22769336106029,1024.83075,28099,21,1,(),1,5e+01 a1
yj_m,,False,1789621128656,0.5873602030359703,0.5181696498101133,0.0975376526836707,0.09424605174731183,0.015650598414093782,0.16045699259188684,0.13902485027875183,4356.749999999999,454.8580538269604,1.0,0.0024488678200343937,1.5039405317764934e-05,1803.875,1752.9765625,291.1011305021443,38.05,48.22769336106029,1024.83075,28862,21,1,(),1,5e+01 a1
yj_m,,False,1789621128706,0.5286610921804228,0.46831795257653763,0.0975376526836707,0.0848273689516129,0.015650598414093782,0.16045699259188684,0.13902485027875183,4356.749999999999,454.8580538269604,1.0,0.0024488678200343937,1.5039405317764934e-05,1628.6875,1577.7890625,291.1011305021443,38.05,48.22769336106029,1024.83075,26059,21,1,(),1,5e+01 a1
yj_m,,False,1789621128756,0.5710048674747207,0.5042592578286218,0.0975376526836707,0.09162172379032259,0.015650598414093782,0.16045699259188684,0.13902485027875183,4356.749999999999,454.8580538269604,1.0,0.0024488678200343937,1.5039405317764934e-05,1755.0625,1704.1640625,291.1011305021443,38.05,48.22769336106029,1024.83075,28081,22,1,(),1,5e+01 a1
yj_m,,False,1789621128806,0.5308599529152899,0.4701815017762615,0.0975376526836707,0.08518019153225806,0.015650598414093782,0.16045699259188684,0.13902485027875183,4356.749999999999,454.8580538269604,1.0,0.0024488678200343937,1.5039405317764934e-05,1635.25,1584.3515625,291.1011305021443,38.05,48.22769336106029,1024.83075,26164,22,1,(),1,5e+01 a1
yj_m,,False,1789621128856,0.5782925201959945,0.5104557170349941,0.0975376526836707,0.09279107862903226,0.015650598414093782,0.16045699259188684,0.13902485027875183,4356.749999999999,454.8580538269604,1.0,0.0024488678200343937,1.5039405317764934e-05,1776.8125,1725.9140625,291.1011305021443,38.05,48.22769336106029,1024.83075,28429,22,2,(),1,5e+01 a1
yj_m,,False,1789621128906,0.5962184705678634,0.5257095096438972,0.0975376526836707,0.09566742271505375,0.015650598414093782,0.16045699259188684,0.13902485027875183,4356.749999999999,454.8580538269604,1.0,0.0024488678200343937,1.5039405317764934e-05,1830.3125,1779.4140625,291.1011305021443,38.05,48.22769336106029,1024.83075,29285,22,2,(),1,5e+01 a1
yj_m,,False,1789621128956,0.5852660499551445,0.5163877592842151,0.0975376526836707,0.09391003024193549,0.015650598414093782,0.16045699259188684,0.13902485027875183,4356.749999999999,454.8580538269604,1.0,0.0024488678200343937,1.5039405317764934e-05,1797.625,1746.7265625,291.1011305021443,38.05,48.22769336106029,1024.83075,28762,22,2,(),1,5e+01 a1
yj_m,,False,1789621129006,0.5450164277416725,0.4821869961543225,0.0975376526836707,0.08745169690860216,0.015650598414093782,0.16045699259188684,0.13902485027875183,4356.749999999999,454.8580538269604,1.0,0.0024488678200343937,1.5039405317764934e-05,1677.5,1626.6015625,291.1011305021443,38.05,48.22769336106029,1024.83075,26840,22,2,(),1,5e+01 a1
yj_m,,False,1789621129056,0.5428385085376135,0.4803391415546723,0.0975376526836707,0.08710223454301075,0.015650598414093782,0.16045699259188684,0.13902485027875183,4356.749999999999,454.8580538269604,1.0,0.0024488678200343937,1.5039405317764934e-05,1671.0,1620.1015625,291.1011305021443,38.05,48.22769336106029,1024.83075,26736,22,2,(),1,5e+01 a1
yj_m,,False,1789621129106,0.5646386421090102,0.49884867634042257,0.0975376526836707,0.09060021841397849,0.015650598414093782,0.16045699259188684,0.13902485027875183,4356.749999999999,454.8580538269604,1.0,0.0024488678200343937,1.5039405317764934e-05,1736.0625,1685.1640625,291.1011305021443,38.05,48.22769336106029,1024.83075,27777,22,2,(),1,5e+01 a1
yj_m,,False,1789621129156,0.5797374858217643,0.5116846674397076,0.0975376526836707,0.09302293346774194,0.015650598414093782,0.16045699259188684,0.13902485027875183,4356.749999999999,454.8580538269604,1.0,0.0024488678200343937,1.5039405317764934e-05,1781.125,1730.2265625,291.1011305021443,38.05,48.22769336106029,1024.83075,28498,22,2,(),1,5e+01 a1
yj_m,,False,1789621129206,0.5763240163000183,0.5087816753049746,0.0975376526836707,0.0924752184139785,0.015650598414093782,0.16045699259188684,0.13902485027875183,4356.749999999999,454.8580538269604,1.0,0.0024488678200343937,1.5039405317764934e-05,1770.9375,1720.0390625,291.1011305021443,38.05,48.22769336106029,1024.83075,28335,22,2,(),1,5e+01 a1
yj_m,,False,1789621129256,0.5921348720602532,0.5222331983089468,0.0975376526836707,0.0950121807795699,0.015650598414093782,0.16045699259188684,0.13902485027875183,4356.749999999999,454.8580538269604,1.0,0.0024488678200343937,1.5039405317764934e-05,1818.125,1767.2265625,291.1011305021443,38.05,48.22769336106029,1024.83075,29090,22,2,(),1,5e+01 a1
yj_m,,False,1789621129306,0.5937892529941055,0.5236414502554052,0.0975376526836707,0.0952776377688172,0.015650598414093782,0.16045699259188684,0.13902485027875183,4356.749999999999,454.8580538269604,1.0,0.0024488678200343937,1.5039405317764934e-05,1823.0625,1772.1640625,291.1011305021443,38.05,48.22769336106029,1024.83075,29169,22,2,(),1,5e+01 a1
yj_m,,False,1789621129356,0.56981120021865,0.5032445996311561,0.0975376526836707,0.09143019153225806,0.015650598414093782,0.16045699259188684,0.13902485027875183,4356.749999999999,454.8580538269604,1.0,0.0024488678200343937,1.5039405317764934e-05,1751.5,1700.6015625,291.1011305021443,38.05,48.22769336106029,1024.83075,28024,22,2,(),1,5e+01 a1
yj_m,,False,1789621129406,0.6030454096113556,0.5315230118387243,0.0975376526836707,0.09676285282258064,0.015650598414093782,0.16045699259188684,0.13902485027875183,4356.749999999999,454.8580538269604,1.0,0.0024488678200343937,1.5039405317764934e-05,1850.6875,1799.7890625,291.1011305021443,38.05,48.22769336106029,1024.83075,29611,22,2,(),1,5e+01 a1
yj_m,,False,1789621129456,0.6130973443993194,0.5400867843053451,0.0975376526836707,0.0983757560483871,0.015650598414093782,0.16045699259188684,0.13902485027875183,4356.749999999999,454.8580538269604,1.0,0.0024488678200343937,1.5039405317764934e-05,1880.6875,1829.7890625,291.1011305021443,38.05,48.22769336106029,1024.83075,30091,22,2,(),1,5e+01 a1
yj_m,,False,1789621129506,0.61525432207257,0.5419250316260725,0.0975376526836707,0.09872185819892473,0.015650598414093782,0.16045699259188684,0.13902485027875183,4356.749999999999,454.8580538269604,1.0,0.0024488678200343937,1.5039405317764934e-05,1887.125,1836.2265625,291.1011305021443,38.05,48.22769336106029,1024.83075,30194,22,2,(),1,5e+01 a1
yj_m,,False,1789621129556,0.5683034100004554,0.5019630403055405,0.0975376526836707,0.0911882560483871,0.015650598414093782,0.16045699259188684,0.13902485027875183,4356.749999999999,454.8580538269604,1.0,0.0024488678200343937,1.5039405317764934e-05,1747.0,1696.1015625,291.1011305021443,38.05,48.22769336106029,1024.83075,27952,22,2,(),1,5e+01 a1
yj_m,,False,1789621129606,0.5844912133152389,0.5157285173140641,0.0975376526836707,0.09378570228494623,0.015650598414093782,0.16045699259188684,0.13902485027875183,4356.749999999999,454.8580538269604,1.0,0.0024488678200343937,1.5039405317764934e-05,1795.3125,1744.4140625,291.1011305021443,38.05,48.22769336106029,1024.83075,28725,22,2,(),1,5e+01 a1
yj_m,,False,1789621129656,0.5581467675584503,0.4933337090273376,0.0975376526836707,0.08955855174731184,0.015650598414093782,0.16045699259188684,0.13902485027875183,4356.749999999999,454.8580538269604,1.0,0.0024488678200343937,1.5039405317764934e-05,1716.6875,1665.7890625,291.1011305021443,38.05,48.22769336106029,1024.83075,27467,22,2,(),1,5e+01 a1
yj_m,,False,1789621129706,0.5703975630812813,0.503743018271906,0.0975376526836707,0.09152427755376345,0.015650598414093782,0.16045699259188684,0.13902485027875183,4356.749999999999,454.8580538269604,1.0,0.0024488678200343937,1.5039405317764934e-05,1753.25,1702.3515625,291.1011305021443,38.05,48.22769336106029,1024.83075,28052,22,2,(),1,5e+01 a1
yj_m,,False,1789621129756,0.5566389773402556,0.49205316908519925,0.0975376526836707,0.08931661626344085,0.015650598414093782,0.16045699259188684,0.13902485027875183,4356.749999999999,454.8580538269604,1.0,0.0024488678200343937,1.5039405317764934e-05,1712.1875,1661.2890625,291.1011305021443,38.05,48.22769336106029,1024.83075,27395,23,2,(),1,5e+01 a1
yj_m,,False,1789621129806,0.5057719990069967,0.44894003676088656,0.0975376526836707,0.08115465389784945,0.015650598414093782,0.16045699259188684,0.13902485027875183,4356.749999999999,454.8580538269604,1.0,0.0024488678200343937,1.5039405317764934e-05,1560.375,1509.4765625,291.1011305021443,38.05,48.22769336106029,1024.83075,24966,23,2,(),1,5e+01 a1
yj_m,,False,1789621129856,0.5093320592444005,0.451951399192075,0.0975376526836707,0.08172589045698925,0.015650598414093782,0.16045699259188684,0.13902485027875183,4356.749999999999,454.8580538269604,1.0,0.0024488678200343937,1.5039405317764934e-05,1571.0,1520.1015625,291.1011305021443,38.05,48.22769336106029,1024.83075,25136,23,3,(),1,5e+01 a1
yj_m,,False,1789621129906,0.4846419944214642,0.4310880145143427,0.0975376526836707,0.07776419690860215,0.015650598414093782,0.16045699259188684,0.13902485027875183,4356.749999999999,454.8580538269604,1.0,0.0024488678200343937,1.5039405317764934e-05,1497.3125,1446.4140625,291.1011305021443,38.05,48.22769336106029,1024.83075,23957,23,3,(),1,5e+01 a1
yj_m,,False,1789621129956,0.48857900221341677,0.43441138340475466,0.0975376526836707,0.07839591733870968,0.015650598414093782,0.16045699259188684,0.13902485027875183,4356.749999999999,454.8580538269604,1.0,0.0024488678200343937,1.5039405317764934e-05,1509.0625,1458.1640625,291.1011305021443,38.05,48.22769336106029,1024.83075,24145,23,3,(),1,5e+01 a1
yj_m,,False,1789621130006,0.4886418268058415,0.43446442691595943,0.0975376526836707,0.07840599798387096,0.015650598414093782,0.16045699259188684,0.13902485027875183,4356.749999999999,454.8580538269604,1.0,0.0024488678200343937,1.5039405317764934e-05,1509.25,1458.3515625,291.1011305021443,38.05,48.22769336106029,1024.83075,24148,23,3,(),1,5e+01 a1
yj_m,,False,1789621130056,0.5133528331595861,0.4553536454458085,0.0975376526836707,0.08237105174731182,0.015650598414093782,0.16045699259188684,0.13902485027875183,4356.749999999999,454.8580538269604,1.0,0.0024488678200343937,1.5039405317764934e-05,1583.0,1532.1015625,291.1011305021443,38.05,48.22769336106029,1024.83075,25328,23,3,(),1,5e+01 a1
yj_m,,False,1789621130106,0.5676332810145911,0.501393499531433,0.0975376526836707,0.09108072916666667,0.015650598414093782,0.16045699259188684,0.13902485027875183,4356.749999999999,454.8580538269604,1.0,0.0024488678200343937,1.5039405317764934e-05,1745.0,1694.1015625,291.1011305021443,38.05,48.22769336106029,1024.83075,27920,23,3,(),1,5e+01 a1
yj_m,,False,1789621130156,0.5530998586336601,0.4890479945541744,0.0975376526836707,0.08874873991935485,0.015650598414093782,0.16045699259188684,0.13902485027875183,4356.749999999999,454.8580538269604,1.0,0.0024488678200343937,1.5039405317764934e-05,1701.625,1650.7265625,291.1011305021443,38.05,48.22769336106029,1024.83075,27226,23,3,(),1,5e+01 a1
yj_m,,False,1789621130206,0.5839886165758407,0.5153009176073642,0.0975376526836707,0.09370505712365591,0.015650598414093782,0.16045699259188684,0.13902485027875183,4356.749999999999,454.8580538269604,1.0,0.0024488678200343937,1.5039405317764934e-05,1793.8125,1742.9140625,291.1011305021443,38.05,48.22769336106029,1024.83075,28701,23,3,(),1,5e+01 a1
yj_m,,False,1789621130256,0.5525553788326453,0.4885857275418954,0.0975376526836707,0.08866137432795698,0.015650598414093782,0.16045699259188684,0.13902485027875183,4356.749999999999,454.8580538269604,1.0,0.0024488678200343937,1.5039405317764934e-05,1700.0,1649.1015625,291.1011305021443,38.05,48.22769336106029,1024.83075,27200,23,3,(),1,5e+01 a1
yj_m,,False,1789621130306,0.5929097087001587,0.5228927423279687,0.0975376526836707,0.09513650873655914,0.015650598414093782,0.16045699259188684,0.13902485027875183,4356.749999999999,454.8580538269604,1.0,0.0024488678200343937,1.5039405317764934e-05,1820.4375,1769.5390625,291.1011305021443,38.05,48.22769336106029,1024.83075,29127,23,3,(),1,5e+01 a1
yj_m,,False,1789621130356,0.49354214501497395,0.43860286993819086,0.0975376526836707,0.07919228830645161,0.015650598414093782,0.16045699259188684,0.13902485027875183,4356.749999999999,454.8580538269604,1.0,0.0024488678200343937,1.5039405317764934e-05,1523.875,1472.9765625,291.1011305021443,38.05,48.22769336106029,1024.83075,24382,23,3,(),1,5e+01 a1
yj_m,,False,1789621130406,0.5607854004402907,0.49557497869371386,0.0975376526836707,0.08998193884408602,0.015650598414093782,0.16045699259188684,0.13902485027875183,4356.749999999999,454.8580538269604,1.0,0.0024488678200343937,1.5039405317764934e-05,1724.5625,1673.6640625,291.1011305021443,38.05,48.22769336106029,1024.83075,27593,23,3,(),1,5e+01 a1
yj_m,,False,1789621130456,0.5841980318839233,0.5154790825514025,0.0975376526836707,0.09373865927419354,0.015650598414093782,0.16045699259188684,0.13902485027875183,4356.749999999999,454.8580538269604,1.0,0.0024488678200343937,1.5039405317764934e-05,1794.4375,1743.5390625,291.1011305021443,38.05,48.22769336106029,1024.83075,28711,23,3,(),1,5e+01 a1
yj_m,,False,1789621130507,0.5703556800196646,0.5037074163026952,0.0975376526836707,0.0915175571236559,0.015650598414093782,0.16045699259188684,0.13902485027875183,4356.749999999999,454.8580538269604,1.0,0.0024488678200343937,1.5039405317764934e-05,1753.125,1702.2265625,291.1011305021443,38.05,48.22769336106029,1024.83075,28050,23,3,(),1,5e+01 a1
yj_m,,False,1789621130556,0.5733712604560538,0.5062710073613275,0.0975376526836707,0.09200142809139784,0.015650598414093782,0.16045699259188684,0.13902485027875183,4356.749999999999,454.8580538269604,1.0,0.0024488678200343937,1.5039405317764934e-05,1762.125,1711.2265625,291.1011305021443,38.05,48.22769336106029,1024.83075,28194,23,3,(),1,5e+01 a1
yj_m,,False,1789621130606,0.587339261505162,0.5181518297866291,0.0975376526836707,0.09424269153225806,0.015650598414093782,0.16045699259188684,0.13902485027875183,4356.749999999999,454.8580538269604,1.0,0.0024488678200343937,1.5039405317764934e-05,1803.8125,1752.9140625,291.1011305021443,38.05,48.22769336106029,1024.83075,28861,23,3,(),1,5e+01 a1
yj_m,,False,1789621130656,0.5767637884469916,0.5091556451958391,0.0975376526836707,0.09254578293010753,0.015650598414093782,0.16045699259188684,0.13902485027875183,4356.749999999999,454.8580538269604,1.0,0.0024488678200343937,1.5039405317764934e-05,1772.25,1721.3515625,291.1011305021443,38.05,48.22769336106029,1024.83075,28356,23,3,(),1,5e+01 a1
yj_m,,False,1789621130706,0.5756957703757705,0.5082474508021408,0.0975376526836707,0.0923744119623656,0.015650598414093782,0.16045699259188684,0.13902485027875183,4356.749999999999,454.8580538269604,1.0,0.0024488678200343937,1.5039405317764934e-05,1769.0625,1718.1640625,291.1011305021443,38.05,48.22769336106029,1024.83075,28305,23,3,(),1,5e+01 a1
yj_m,,False,1789621130756,0.5961347044446305,0.5256381924026579,0.0975376526836707,0.09565398185483871,0.015650598414093782,0.16045699259188684,0.13902485027875183,4356.749999999999,454.8580538269604,1.0,0.0024488678200343937,1.5039405317764934e-05,1830.0625,1779.1640625,291.1011305021443,38.05,48.22769336106029,1024.83075,29281,24,3,(),1,5e+01 a1
yj_m,,False,1789621130806,0.5983545067103059,0.5275282154474983,0.0975376526836707,0.09601016465053765,0.015650598414093782,0.16045699259188684,0.13902485027875183,4356.749999999999,454.8580538269604,1.0,0.0024488678200343937,1.5039405317764934e-05,1836.6875,1785.7890625,291.1011305021443,38.05,48.22769336106029,1024.83075,29387,24,3,(),1,5e+01 a1
yj_m,,False,1789621130856,0.5754654135368796,0.5080515738604581,0.0975376526836707,0.09233744959677419,0.015650598414093782,0.16045699259188684,0.13902485027875183,4356.749999999999,454.8580538269604,1.0,0.0024488678200343937,1.5039405317764934e-05,1768.375,1717.4765625,291.1011305021443,38.05,48.22769336106029,1024.83075,28294,24,4,(),1,5e+01 a1
yj_m,,False,1789621130906,0.5174992562596212,0.45886349247189007,0.0975376526836707,0.08303637432795699,0.015650598414093782,0.16045699259188684,0.13902485027875183,4356.749999999999,454.8580538269604,1.0,0.0024488678200343937,1.5039405317764934e-05,1595.375,1544.4765625,291.1011305021443,38.05,48.22769336106029,1024.83075,25526,24,4,(),1,5e+01 a1
yj_m,,False,1789621130956,0.5580211183736007,0.4932269921859122,0.0975376526836707,0.08953839045698925,0.015650598414093782,0.16045699259188684,0.13902485027875183,4356.749999999999,454.8580538269604,1.0,0.0024488678200343937,1.5039405317764934e-05,1716.3125,1665.4140625,291.1011305021443,38.05,48.22769336106029,1024.83075,27461,24,4,(),1,5e+01 a1
yj_m,,False,1789621131006,0.5730152544323135,0.5059683349907174,0.0975376526836707,0.09194430443548388,0.015650598414093782,0.16045699259188684,0.13902485027875183,4356.749999999999,454.8580538269604,1.0,0.0024488678200343937,1.5039405317764934e-05,1761.0625,1710.1640625,291.1011305021443,38.05,48.22769336106029,1024.83075,28177,24,4,(),1,5e+01 a1
yj_m,,False,1789621131056,0.49182493948869677,0.43715241200098465,0.0975376526836707,0.07891675067204301,0.015650598414093782,0.16045699259188684,0.13902485027875183,4356.749999999999,454.8580538269604,1.0,0.0024488678200343937,1.5039405317764934e-05,1518.75,1467.8515625,291.1011305021443,38.05,48.22769336106029,1024.83075,24300,24,4,(),1,5e+01 a1
yj_m,,False,1789621131106,0.5846796870925133,0.5158888705965563,0.0975376526836707,0.09381594422043012,0.015650598414093782,0.16045699259188684,0.13902485027875183,4356.749999999999,454.8580538269604,1.0,0.0024488678200343937,1.5039405317764934e-05,1795.875,1744.9765625,291.1011305021443,38.05,48.22769336106029,1024.83075,28734,24,4,(),1,5e+01 a1
yj_m,,False,1789621131156,0.538336079413838,0.47652003068610704,0.0975376526836707,0.08637978830645161,0.015650598414093782,0.16045699259188684,0.13902485027875183,4356.749999999999,454.8580538269604,1.0,0.0024488678200343937,1.5039405317764934e-05,1657.5625,1606.6640625,291.1011305021443,38.05,48.22769336106029,1024.83075,26521,24,4,(),1,5e+01 a1
yj_m,,False,1789621131206,0.5646595836398185,0.4988664705245965,0.0975376526836707,0.09060357862903226,0.015650598414093782,0.16045699259188684,0.13902485027875183,4356.749999999999,454.8580538269604,1.0,0.0024488678200343937,1.5039405317764934e-05,1736.125,1685.2265625,291.1011305021443,38.05,48.22769336106029,1024.83075,27778,24,4,(),1,5e+01 a1
yj_m,,False,1789621131256,0.593914902178955,0.5237484116757644,0.0975376526836707,0.09529779905913978,0.015650598414093782,0.16045699259188684,0.13902485027875183,4356.749999999999,454.8580538269604,1.0,0.0024488678200343937,1.5039405317764934e-05,1823.4375,1772.5390625,291.1011305021443,38.05,48.22769336106029,1024.83075,29175,24,4,(),1,5e+01 a1
yj_m,,False,1789621131306,0.5773920343712393,0.5096899060439728,0.0975376526836707,0.09264658938172042,0.015650598414093782,0.16045699259188684,0.13902485027875183,4356.749999999999,454.8580538269604,1.0,0.0024488678200343937,1.5039405317764934e-05,1774.125,1723.2265625,291.1011305021443,38.05,48.22769336106029,1024.83075,28386,24,4,(),1,5e+01 a1
yj_m,,False,1789621131356,0.4816892385774999,0.42859639295199364,0.0975376526836707,0.07729040658602152,0.015650598414093782,0.16045699259188684,0.13902485027875183,4356.749999999999,454.8580538269604,1.0,0.0024488678200343937,1.5039405317764934e-05,1488.5,1437.6015625,291.1011305021443,38.05,48.22769336106029,1024.83075,23816,24,4,(),1,5e+01 a1
yj_m,,False,1789621131406,0.518776689638925,0.4599450664286633,0.0975376526836707,0.08324134744623655,0.015650598414093782,0.16045699259188684,0.13902485027875183,4356.749999999999,454.8580538269604,1.0,0.0024488678200343937,1.5039405317764934e-05,1599.1875,1548.2890625,291.1011305021443,38.05,48.22769336106029,1024.83075,25587,24,4,(),1,5e+01 a1
yj_m,,False,1789621131456,0.573706324948986,0.5065558818471869,0.0975376526836707,0.09205519153225807,0.015650598414093782,0.16045699259188684,0.13902485027875183,4356.749999999999,454.8580538269604,1.0,0.0024488678200343937,1.5039405317764934e-05,1763.125,1712.2265625,291.1011305021443,38.05,48.22769336106029,1024.83075,28210,24,4,(),1,5e+01 a1
yj_m,,False,1789621131506,0.5723870085080657,0.5054342243326947,0.0975376526836707,0.09184349798387097,0.015650598414093782,0.16045699259188684,0.13902485027875183,4356.749999999999,454.8580538269604,1.0,0.0024488678200343937,1.5039405317764934e-05,1759.1875,1708.2890625,291.1011305021443,38.05,48.22769336106029,1024.83075,28147,24,4,(),1,5e+01 a1
yj_m,,False,1789621131556,0.5834860198364424,0.514873331085328,0.0975376526836707,0.09362441196236558,0.015650598414093782,0.16045699259188684,0.13902485027875183,4356.749999999999,454.8580538269604,1.0,0.0024488678200343937,1.5039405317764934e-05,1792.3125,1741.4140625,291.1011305021443,38.05,48.22769336106029,1024.83075,28677,24,4,(),1,5e+01 a1
yj_m,,False,1789621131606,0.5520737236240553,0.4881768141615425,0.0975376526836707,0.08858408938172042,0.015650598414093782,0.16045699259188684,0.13902485027875183,4356.749999999999,454.8580538269604,1.0,0.0024488678200343937,1.5039405317764934e-05,1698.5625,1647.6640625,291.1011305021443,38.05,48.22769336106029,1024.83075,27177,24,4,(),1,5e+01 a1
yj_m,,False,1789621131656,0.4943379231856877,0.4392751181582868,0.0975376526836707,0.07931997647849462,0.015650598414093782,0.16045699259188684,0.13902485027875183,4356.749999999999,454.8580538269604,1.0,0.0024488678200343937,1.5039405317764934e-05,1526.25,1475.3515625,291.1011305021443,38.05,48.22769336106029,1024.83075,24420,24,4,(),1,5e+01 a1
yj_m,,False,1789621131706,0.5172479578899221,0.458650737996671,0.0975376526836707,0.08299605174731182,0.015650598414093782,0.16045699259188684,0.13902485027875183,4356.749999999999,454.8580538269604,1.0,0.0024488678200343937,1.5039405317764934e-05,1594.625,1543.7265625,291.1011305021443,38.05,48.22769336106029,1024.83075,25514,24,4,(),1,5e+01 a1
yj_m,,False,1789621131756,0.5968676580229195,0.5262622299475641,0.0975376526836707,0.09577158938172044,0.015650598414093782,0.16045699259188684,0.13902485027875183,4356.749999999999,454.8580538269604,1.0,0.0024488678200343937,1.5039405317764934e-05,1832.25,1781.3515625,291.1011305021443,38.05,48.22769336106029,1024.83075,29316,25,4,(),1,5e+01 a1
yj_m,,False,1789621131806,0.5927212349228843,0.5227323099370511,0.0975376526836707,0.09510626680107527,0.015650598414093782,0.16045699259188684,0.13902485027875183,4356.749999999999,454.8580538269604,1.0,0.0024488678200343937,1.5039405317764934e-05,1819.875,1768.9765625,291.1011305021443,38.05,48.22769336106029,1024.83075,29118,25,4,(),1,5e+01 a1
yj_m,,False,1789621131856,0.5859361789410087,0.5169579396173737,0.0975376526836707,0.09401755712365592,0.015650598414093782,0.16045699259188684,0.13902485027875183,4356.749999999999,454.8580538269604,1.0,0.0024488678200343937,1.5039405317764934e-05,1799.625,1748.7265625,291.1011305021443,38.05,48.22769336106029,1024.83075,28794,25,5,(),1,5e+01 a1
yj_m,,False,1789621131906,0.5983963897719223,0.5275638785719704,0.0975376526836707,0.09601688508064517,0.015650598414093782,0.16045699259188684,0.13902485027875183,4356.749999999999,454.8580538269604,1.0,0.0024488678200343937,1.5039405317764934e-05,1836.8125,1785.9140625,291.1011305021443,38.05,48.22769336106029,1024.83075,29389,25,5,(),1,5e+01 a1
yj_m,,False,1789621131956,0.5841980318839233,0.5154790825514025,0.0975376526836707,0.09373865927419354,0.015650598414093782,0.16045699259188684,0.13902485027875183,4356.749999999999,454.8580538269604,1.0,0.0024488678200343937,1.5039405317764934e-05,1794.4375,1743.5390625,291.1011305021443,38.05,48.22769336106029,1024.83075,28711,25,5,(),1,5e+01 a1
yj_m,,False,1789621132006,0.5919254567521706,0.522054948331688,0.0975376526836707,0.09497857862903226,0.015650598414093782,0.16045699259188684,0.13902485027875183,4356.749999999999,454.8580538269604,1.0,0.0024488678200343937,1.5039405317764934e-05,1817.5,1766.6015625,291.1011305021443,38.05,48.22769336106029,1024.83075,29080,25,5,(),1,5e+01 a1
yj_m,,False,1789621132056,0.5988152203880874,0.5279205145065787,0.0975376526836707,0.09608408938172043,0.015650598414093782,0.16045699259188684,0.13902485027875183,4356.749999999999,454.8580538269604,1.0,0.0024488678200343937,1.5039405317764934e-05,1838.0625,1787.1640625,291.1011305021443,38.05,48.22769336106029,1024.83075,29409,25,5,(),1,5e+01 a1
yj_m,,False,1789621132106,0.587255495381929,0.5180805499178578,0.0975376526836707,0.09422925067204302,0.015650598414093782,0.16045699259188684,0.13902485027875183,4356.749999999999,454.8580538269604,1.0,0.0024488678200343937,1.5039405317764934e-05,1803.5625,1752.6640625,291.1011305021443,38.05,48.22769336106029,1024.83075,28857,25,5,(),1,5e+01 a1
yj_m,,False,1789621132156,0.5958205814825066,0.525370755822303,0.0975376526836707,0.09560357862903227,0.015650598414093782,0.16045699259188684,0.13902485027875183,4356.749999999999,454.8580538269604,1.0,0.0024488678200343937,1.5039405317764934e-05,1829.125,1778.2265625,291.1011305021443,38.05,48.22769336106029,1024.83075,29266,25,5,(),1,5e+01 a1
yj_m,,False,1789621132206,0.5235513586632079,0.46398872447066547,0.0975376526836707,0.08400747647849463,0.015650598414093782,0.16045699259188684,0.13902485027875183,4356.749999999999,454.8580538269604,1.0,0.0024488678200343937,1.5039405317764934e-05,1613.4375,1562.5390625,291.1011305021443,38.05,48.22769336106029,1024.83075,25815,25,5,(),1,5e+01 a1
yj_m,,False,1789621132256,0.507258847694383,0.4501976029170934,0.0975376526836707,0.08139322916666666,0.015650598414093782,0.16045699259188684,0.13902485027875183,4356.749999999999,454.8580538269604,1.0,0.0024488678200343937,1.5039405317764934e-05,1564.8125,1513.9140625,291.1011305021443,38.05,48.22769336106029,1024.83075,25037,25,5,(),1,5e+01 a1
yj_m,,False,1789621132306,0.501667458968578,0.44546935592509573,0.0975376526836707,0.08049605174731182,0.015650598414093782,0.16045699259188684,0.13902485027875183,4356.749999999999,454.8580538269604,1.0,0.0024488678200343937,1.5039405317764934e-05,1548.125,1497.2265625,291.1011305021443,38.05,48.22769336106029,1024.83075,24770,25,5,(),1,5e+01 a1
yj_m,,False,1789621132356,0.5729524298398887,0.5059149229444806,0.0975376526836707,0.09193422379032258,0.015650598414093782,0.16045699259188684,0.13902485027875183,4356.749999999999,454.8580538269604,1.0,0.0024488678200343937,1.5039405317764934e-05,1760.875,1709.9765625,291.1011305021443,38.05,48.22769336106029,1024.83075,28174,25,5,(),1,5e+01 a1
yj_m,,False,1789621132406,0.5468802239836074,0.4837685733377875,0.0975376526836707,0.0877507560483871,0.015650598414093782,0.16045699259188684,0.13902485027875183,4356.749999999999,454.8580538269604,1.0,0.0024488678200343937,1.5039405317764934e-05,1683.0625,1632.1640625,291.1011305021443,38.05,48.22769336106029,1024.83075,26929,25,5,(),1,5e+01 a1
yj_m,,False,1789621132456,0.5256455117440336,0.4657627754672831,0.0975376526836707,0.08434349798387096,0.015650598414093782,0.16045699259188684,0.13902485027875183,4356.749999999999,454.8580538269604,1.0,0.0024488678200343937,1.5039405317764934e-05,1619.6875,1568.7890625,291.1011305021443,38.05,48.22769336106029,1024.83075,25915,25,5,(),1,5e+01 a1
yj_m,,False,1789621132506,0.5310274851617559,0.4703235001470671,0.0975376526836707,0.08520707325268817,0.015650598414093782,0.16045699259188684,0.13902485027875183,4356.749999999999,454.8580538269604,1.0,0.0024488678200343937,1.5039405317764934e-05,1635.75,1584.8515625,291.1011305021443,38.05,48.22769336106029,1024.83075,26172,25,5,(),1,5e+01 a1
yj_m,,False,1789621132556,0.5254779794975675,0.4656208399331549,0.0975376526836707,0.08431661626344085,0.015650598414093782,0.16045699259188684,0.13902485027875183,4356.749999999999,454.8580538269604,1.0,0.0024488678200343937,1.5039405317764934e-05,1619.1875,1568.2890625,291.1011305021443,38.05,48.22769336106029,1024.83075,25907,25,5,(),1,5e+01 a1
yj_m,,False,1789621132606,0.5561573221316657,0.4916441363860571,0.0975376526836707,0.08923933131720431,0.015650598414093782,0.16045699259188684,0.13902485027875183,4356.749999999999,454.8580538269604,1.0,0.0024488678200343937,1.5039405317764934e-05,1710.75,1659.8515625,291.1011305021443,38.05,48.22769336106029,1024.83075,27372,25,5,(),1,5e+01 a1
yj_m,,False,1789621132656,0.5893705899935631,0.5198804765389203,0.0975376526836707,0.09456863239247312,0.015650598414093782,0.16045699259188684,0.13902485027875183,4356.749999999999,454.8580538269604,1.0,0.0024488678200343937,1.5039405317764934e-05,1809.875,1758.9765625,291.1011305021443,38.05,48.22769336106029,1024.83075,28958,25,5,(),1,5e+01 a1
yj_m,,False,1789621132706,0.5601152714544264,0.4950057284259543,0.0975376526836707,0.08987441196236559,0.015650598414093782,0.16045699259188684,0.13902485027875183,4356.749999999999,454.8580538269604,1.0,0.0024488678200343937,1.5039405317764934e-05,1722.5625,1671.6640625,291.1011305021443,38.05,48.22769336106029,1024.83075,27561,25,5,(),1,5e+01 a1
yj_m,,False,1789621132756,0.5828158908505782,0.5143032362889277,0.0975376526836707,0.09351688508064515,0.015650598414093782,0.16045699259188684,0.13902485027875183,4356.749999999999,454.8580538269604,1.0,0.0024488678200343937,1.5039405317764934e-05,1790.3125,1739.4140625,291.1011305021443,38.05,48.22769336106029,1024.83075,28645,26,5,(),1,5e+01 a1
yj_m,,False,1789621132806,0.5748581091434402,0.5075351848756277,0.0975376526836707,0.09224000336021505,0.015650598414093782,0.16045699259188684,0.13902485027875183,4356.749999999999,454.8580538269604,1.0,0.0024488678200343937,1.5039405317764934e-05,1766.5625,1715.6640625,291.1011305021443,38.05,48.22769336106029,1024.83075,28265,26,5,(),1,5e+01 a1
yj_m,,False,1789621132856,0.5805751470540946,0.5123971534743397,0.0975376526836707,0.09315734206989247,0.015650598414093782,0.16045699259188684,0.13902485027875183,4356.749999999999,454.8580538269604,1.0,0.0024488678200343937,1.5039405317764934e-05,1783.625,1732.7265625,291.1011305021443,38.05,48.22769336106029,1024.83075,28538,26,6,(),1,5e+01 a1
yj_m,,False,1789621132906,0.5814546913480414,0.5131453038985498,0.0975376526836707,0.09329847110215053,0.015650598414093782,0.16045699259188684,0.13902485027875183,4356.749999999999,454.8580538269604,1.0,0.0024488678200343937,1.5039405317764934e-05,1786.25,1735.3515625,291.1011305021443,38.05,48.22769336106029,1024.83075,28580,26,6,(),1,5e+01 a1
yj_m,,False,1789621132956,0.5688060067398536,0.5023902125319989,0.0975376526836707,0.09126890120967743,0.015650598414093782,0.16045699259188684,0.13902485027875183,4356.749999999999,454.8580538269604,1.0,0.0024488678200343937,1.5039405317764934e-05,1748.5,1697.6015625,291.1011305021443,38.05,48.22769336106029,1024.83075,27976,26,6,(),1,5e+01 a1
yj_m,,False,1789621133006,0.5659160754883139,0.4999341676446059,0.0975376526836707,0.09080519153225806,0.015650598414093782,0.16045699259188684,0.13902485027875183,4356.749999999999,454.8580538269604,1.0,0.0024488678200343937,1.5039405317764934e-05,1739.875,1688.9765625,291.1011305021443,38.05,48.22769336106029,1024.83075,27838,26,6,(),1,5e+01 a1
yj_m,,False,1789621133056,0.5704603876737059,0.5037964214094804,0.0975376526836707,0.09153435819892472,0.015650598414093782,0.16045699259188684,0.13902485027875183,4356.749999999999,454.8580538269604,1.0,0.0024488678200343937,1.5039405317764934e-05,1753.4375,1702.5390625,291.1011305021443,38.05,48.22769336106029,1024.83075,28055,26,6,(),1,5e+01 a1
yj_m,,False,1789621133106,0.5647433497630515,0.4989376475135415,0.0975376526836707,0.09061701948924732,0.015650598414093782,0.16045699259188684,0.13902485027875183,4356.749999999999,454.8580538269604,1.0,0.0024488678200343937,1.5039405317764934e-05,1736.375,1685.4765625,291.1011305021443,38.05,48.22769336106029,1024.83075,27782,26,6,(),1,5e+01 a1
yj_m,,False,1789621133156,0.5657904263034643,0.4998273938623007,0.0975376526836707,0.09078503024193547,0.015650598414093782,0.16045699259188684,0.13902485027875183,4356.749999999999,454.8580538269604,1.0,0.0024488678200343937,1.5039405317764934e-05,1739.5,1688.6015625,291.1011305021443,38.05,48.22769336106029,1024.83075,27832,26,6,(),1,5e+01 a1
yj_m,,False,1789621133206,0.4964111347357053,0.44102675164562744,0.0975376526836707,0.0796526377688172,0.015650598414093782,0.16045699259188684,0.13902485027875183,4356.749999999999,454.8580538269604,1.0,0.0024488678200343937,1.5039405317764934e-05,1532.4375,1481.5390625,291.1011305021443,38.05,48.22769336106029,1024.83075,24519,26,6,(),1,5e+01 a1
yj_m,,False,1789621133256,0.5787741754045844,0.5108653547528669,0.0975376526836707,0.09286836357526881,0.015650598414093782,0.16045699259188684,0.13902485027875183,4356.749999999999,454.8580538269604,1.0,0.0024488678200343937,1.5039405317764934e-05,1778.25,1727.3515625,291.1011305021443,38.05,48.22769336106029,1024.83075,28452,26,6,(),1,5e+01 a1
yj_m,,False,1789621133306,0.5812033929783423,0.5129315424543089,0.0975376526836707,0.09325814852150538,0.015650598414093782,0.16045699259188684,0.13902485027875183,4356.749999999999,454.8580538269604,1.0,0.0024488678200343937,1.5039405317764934e-05,1785.5,1734.6015625,291.1011305021443,38.05,48.22769336106029,1024.83075,28568,26,6,(),1,5e+01 a1
yj_m,,False,1789621133356,0.5769941452858824,0.5093515383640381,0.0975376526836707,0.09258274529569892,0.015650598414093782,0.16045699259188684,0.13902485027875183,4356.749999999999,454.8580538269604,1.0,0.0024488678200343937,1.5039405317764934e-05,1772.9375,1722.0390625,291.1011305021443,38.05,48.22769336106029,1024.83075,28367,26,6,(),1,5e+01 a1
yj_m,,False,1789621133406,0.5977053192552497,0.5269754479417242,0.0975376526836707,0.09590599798387096,0.015650598414093782,0.16045699259188684,0.13902485027875183,4356.749999999999,454.8580538269604,1.0,0.0024488678200343937,1.5039405317764934e-05,1834.75,1783.8515625,291.1011305021443,38.05,48.22769336106029,1024.83075,29356,26,6,(),1,5e+01 a1
yj_m,,False,1789621133456,0.5592566686912879,0.4942764151763316,0.0975376526836707,0.08973664314516129,0.015650598414093782,0.16045699259188684,0.13902485027875183,4356.749999999999,454.8580538269604,1.0,0.0024488678200343937,1.5039405317764934e-05,1720.0,1669.1015625,291.1011305021443,38.05,48.22769336106029,1024.83075,27520,26,6,(),1,5e+01 a1
yj_m,,False,1789621133506,0.5574556970417777,0.49274677803714906,0.0975376526836707,0.08944766465053763,0.015650598414093782,0.16045699259188684,0.13902485027875183,4356.749999999999,454.8580538269604,1.0,0.0024488678200343937,1.5039405317764934e-05,1714.625,1663.7265625,291.1011305021443,38.05,48.22769336106029,1024.83075,27434,26,6,(),1,5e+01 a1
yj_m,,False,1789621133556,0.5347760191764341,0.47350121431659337,0.0975376526836707,0.08580855174731182,0.015650598414093782,0.16045699259188684,0.13902485027875183,4356.749999999999,454.8580538269604,1.0,0.0024488678200343937,1.5039405317764934e-05,1646.9375,1596.0390625,291.1011305021443,38.05,48.22769336106029,1024.83075,26351,26,6,(),1,5e+01 a1
yj_m,,False,1789621133606,0.5500842781972708,0.48648797540381106,0.0975376526836707,0.0882648689516129,0.015650598414093782,0.16045699259188684,0.13902485027875183,4356.749999999999,454.8580538269604,1.0,0.0024488678200343937,1.5039405317764934e-05,1692.625,1641.7265625,291.1011305021443,38.05,48.22769336106029,1024.83075,27082,26,6,(),1,5e+01 a1
yj_m,,False,1789621133656,0.5606806927862494,0.49548603160004717,0.0975376526836707,0.0899651377688172,0.015650598414093782,0.16045699259188684,0.13902485027875183,4356.749999999999,454.8580538269604,1.0,0.0024488678200343937,1.5039405317764934e-05,1724.25,1673.3515625,291.1011305021443,38.05,48.22769336106029,1024.83075,27588,26,6,(),1,5e+01 a1
yj_m,,False,1789621133706,0.5485136633866514,0.48515485494018284,0.0975376526836707,0.08801285282258065,0.015650598414093782,0.16045699259188684,0.13902485027875183,4356.749999999999,454.8580538269604,1.0,0.0024488678200343937,1.5039405317764934e-05,1687.9375,1637.0390625,291.1011305021443,38.05,48.22769336106029,1024.83075,27007,26,6,(),1,5e+01 a1
yj_m,,False,1789621133756,0.5629842611751579,0.4974430157409005,0.0975376526836707,0.0903347614247312,0.015650598414093782,0.16045699259188684,0.13902485027875183,4356.749999999999,454.8580538269604,1.0,0.0024488678200343937,1.5039405317764934e-05,1731.125,1680.2265625,291.1011305021443,38.05,48.22769336106029,1024.83075,27698,27,6,(),1,5e+01 a1
yj_m,,False,1789621133806,0.549288500026557,0.48581250849949986,0.0975376526836707,0.08813718077956989,0.015650598414093782,0.16045699259188684,0.13902485027875183,4356.749999999999,454.8580538269604,1.0,0.0024488678200343937,1.5039405317764934e-05,1690.25,1639.3515625,291.1011305021443,38.05,48.22769336106029,1024.83075,27044,27,6,(),1,5e+01 a1
yj_m,,False,1789621133856,0.535257674385024,0.4739095928975245,0.0975376526836707,0.08588583669354838,0.015650598414093782,0.16045699259188684,0.13902485027875183,4356.749999999999,454.8580538269604,1.0,0.0024488678200343937,1.5039405317764934e-05,1648.375,1597.4765625,291.1011305021443,38.05,48.22769336106029,1024.83075,26374,27,7,(),1,5e+01 a1
yj_m,,False,1789621133906,0.535090142138558,0.4737675464060639,0.0975376526836707,0.08585895497311827,0.015650598414093782,0.16045699259188684,0.13902485027875183,4356.749999999999,454.8580538269604,1.0,0.0024488678200343937,1.5039405317764934e-05,1647.875,1596.9765625,291.1011305021443,38.05,48.22769336106029,1024.83075,26366,27,7,(),1,5e+01 a1
yj_m,,False,1789621133956,0.573706324948986,0.5065558818471869,0.0975376526836707,0.09205519153225807,0.015650598414093782,0.16045699259188684,0.13902485027875183,4356.749999999999,454.8580538269604,1.0,0.0024488678200343937,1.5039405317764934e-05,1763.125,1712.2265625,291.1011305021443,38.05,48.22769336106029,1024.83075,28210,27,7,(),1,5e+01 a1
yj_m,,False,1789621134006,0.5855801729172684,0.5166550284199909,0.0975376526836707,0.09396043346774194,0.015650598414093782,0.16045699259188684,0.13902485027875183,4356.749999999999,454.8580538269604,1.0,0.0024488678200343937,1.5039405317764934e-05,1798.5625,1747.6640625,291.1011305021443,38.05,48.22769336106029,1024.83075,28777,27,7,(),1,5e+01 a1
yj_m,,False,1789621134056,0.5805960885849029,0.5124149661031219,0.0975376526836707,0.09316070228494623,0.015650598414093782,0.16045699259188684,0.13902485027875183,4356.749999999999,454.8580538269604,1.0,0.0024488678200343937,1.5039405317764934e-05,1783.6875,1732.7890625,291.1011305021443,38.05,48.22769336106029,1024.83075,28539,27,7,(),1,5e+01 a1
yj_m,,False,1789621134106,0.5932447731930909,0.5231779598478167,0.0975376526836707,0.09519027217741936,0.015650598414093782,0.16045699259188684,0.13902485027875183,4356.749999999999,454.8580538269604,1.0,0.0024488678200343937,1.5039405317764934e-05,1821.4375,1770.5390625,291.1011305021443,38.05,48.22769336106029,1024.83075,29143,27,7,(),1,5e+01 a1
yj_m,,False,1789621134156,0.6021658653174087,0.5307739070808329,0.0975376526836707,0.09662172379032258,0.015650598414093782,0.16045699259188684,0.13902485027875183,4356.749999999999,454.8580538269604,1.0,0.0024488678200343937,1.5039405317764934e-05,1848.0625,1797.1640625,291.1011305021443,38.05,48.22769336106029,1024.83075,29569,27,7,(),1,5e+01 a1
yj_m,,False,1789621134206,0.5896637714248787,0.5201299893155812,0.0975376526836707,0.09461567540322581,0.015650598414093782,0.16045699259188684,0.13902485027875183,4356.749999999999,454.8580538269604,1.0,0.0024488678200343937,1.5039405317764934e-05,1810.75,1759.8515625,291.1011305021443,38.05,48.22769336106029,1024.83075,28972,27,7,(),1,5e+01 a1
yj_m,,False,1789621134256,0.5706907445125968,0.503992234799444,0.0975376526836707,0.09157132056451613,0.015650598414093782,0.16045699259188684,0.13902485027875183,4356.749999999999,454.8580538269604,1.0,0.0024488678200343937,1.5039405317764934e-05,1754.125,1703.2265625,291.1011305021443,38.05,48.22769336106029,1024.83075,28066,27,7,(),1,5e+01 a1
yj_m,,False,1789621134306,0.5782296956035697,0.5104022869460485,0.0975376526836707,0.09278099798387097,0.015650598414093782,0.16045699259188684,0.13902485027875183,4356.749999999999,454.8580538269604,1.0,0.0024488678200343937,1.5039405317764934e-05,1776.625,1725.7265625,291.1011305021443,38.05,48.22769336106029,1024.83075,28426,27,7,(),1,5e+01 a1
yj_m,,False,1789621134356,0.5912553277663063,0.5214845632083602,0.0975376526836707,0.09487105174731184,0.015650598414093782,0.16045699259188684,0.13902485027875183,4356.749999999999,454.8580538269604,1.0,0.0024488678200343937,1.5039405317764934e-05,1815.5,1764.6015625,291.1011305021443,38.05,48.22769336106029,1024.83075,29048,27,7,(),1,5e+01 a1
yj_m,,False,1789621134406,0.5972027225158516,0.5265475130270976,0.0975376526836707,0.09582535282258065,0.015650598414093782,0.16045699259188684,0.13902485027875183,4356.749999999999,454.8580538269604,1.0,0.0024488678200343937,1.5039405317764934e-05,1833.25,1782.3515625,291.1011305021443,38.05,48.22769336106029,1024.83075,29332,27,7,(),1,5e+01 a1
yj_m,,False,1789621134456,0.5809730361394515,0.512735597399554,0.0975376526836707,0.09322118615591397,0.015650598414093782,0.16045699259188684,0.13902485027875183,4356.749999999999,454.8580538269604,1.0,0.0024488678200343937,1.5039405317764934e-05,1784.8125,1733.9140625,291.1011305021443,38.05,48.22769336106029,1024.83075,28557,27,7,(),1,5e+01 a1
yj_m,,False,1789621134506,0.5640103961847625,0.4983148625594462,0.0975376526836707,0.09049941196236559,0.015650598414093782,0.16045699259188684,0.13902485027875183,4356.749999999999,454.8580538269604,1.0,0.0024488678200343937,1.5039405317764934e-05,1734.1875,1683.2890625,291.1011305021443,38.05,48.22769336106029,1024.83075,27747,27,7,(),1,5e+01 a1
yj_m,,False,1789621134556,0.5707954521666381,0.5040812418646261,0.0975376526836707,0.09158812163978494,0.015650598414093782,0.16045699259188684,0.13902485027875183,4356.749999999999,454.8580538269604,1.0,0.0024488678200343937,1.5039405317764934e-05,1754.4375,1703.5390625,291.1011305021443,38.05,48.22769336106029,1024.83075,28071,27,7,(),1,5e+01 a1
yj_m,,False,1789621134606,0.5661045492655883,0.5000943300098596,0.0975376526836707,0.09083543346774194,0.015650598414093782,0.16045699259188684,0.13902485027875183,4356.749999999999,454.8580538269604,1.0,0.0024488678200343937,1.5039405317764934e-05,1740.4375,1689.5390625,291.1011305021443,38.05,48.22769336106029,1024.83075,27847,27,7,(),1,5e+01 a1
yj_m,,False,1789621134656,0.5663977306969039,0.5003434754980055,0.0975376526836707,0.09088247647849462,0.015650598414093782,0.16045699259188684,0.13902485027875183,4356.749999999999,454.8580538269604,1.0,0.0024488678200343937,1.5039405317764934e-05,1741.3125,1690.4140625,291.1011305021443,38.05,48.22769336106029,1024.83075,27861,27,7,(),1,5e+01 a1
yj_m,,False,1789621134706,0.5668793859054939,0.5007527965789812,0.0975376526836707,0.0909597614247312,0.015650598414093782,0.16045699259188684,0.13902485027875183,4356.749999999999,454.8580538269604,1.0,0.0024488678200343937,1.5039405317764934e-05,1742.75,1691.8515625,291.1011305021443,38.05,48.22769336106029,1024.83075,27884,27,7,(),1,5e+01 a1
yj_m,,False,1789621134756,0.5649318235403259,0.4990977972135882,0.0975376526836707,0.09064726142473119,0.015650598414093782,0.16045699259188684,0.13902485027875183,4356.749999999999,454.8580538269604,1.0,0.0024488678200343937,1.5039405317764934e-05,1736.9375,1686.0390625,291.1011305021443,38.05,48.22769336106029,1024.83075,27791,28,7,(),1,5e+01 a1
yj_m,,False,1789621134806,0.5889098763157814,0.519488393862175,0.0975376526836707,0.09449470766129033,0.015650598414093782,0.16045699259188684,0.13902485027875183,4356.749999999999,454.8580538269604,1.0,0.0024488678200343937,1.5039405317764934e-05,1808.5,1757.6015625,291.1011305021443,38.05,48.22769336106029,1024.83075,28936,28,8,(),1,5e+01 a1
yj_m,,False,1789621134856,0.5377915996128233,0.47605827477408713,0.0975376526836707,0.08629242271505376,0.015650598414093782,0.16045699259188684,0.13902485027875183,4356.749999999999,454.8580538269604,1.0,0.0024488678200343937,1.5039405317764934e-05,1655.9375,1605.0390625,291.1011305021443,38.05,48.22769336106029,1024.83075,26495,28,8,(),1,5e+01 a1
yj_m,,False,1789621134906,0.49674619922863744,0.44130987762965906,0.0975376526836707,0.07970640120967742,0.015650598414093782,0.16045699259188684,0.13902485027875183,4356.749999999999,454.8580538269604,1.0,0.0024488678200343937,1.5039405317764934e-05,1533.4375,1482.5390625,291.1011305021443,38.05,48.22769336106029,1024.83075,24535,28,8,(),1,5e+01 a1
yj_m,,False,1789621134956,0.5916950999132796,0.5218588758992985,0.0975376526836707,0.09494161626344086,0.015650598414093782,0.16045699259188684,0.13902485027875183,4356.749999999999,454.8580538269604,1.0,0.0024488678200343937,1.5039405317764934e-05,1816.8125,1765.9140625,291.1011305021443,38.05,48.22769336106029,1024.83075,29069,28,8,(),1,5e+01 a1
yj_m,,False,1789621135006,0.5658323093650809,0.49986298502276816,0.0975376526836707,0.09079175067204301,0.015650598414093782,0.16045699259188684,0.13902485027875183,4356.749999999999,454.8580538269604,1.0,0.0024488678200343937,1.5039405317764934e-05,1739.625,1688.7265625,291.1011305021443,38.05,48.22769336106029,1024.83075,27834,28,8,(),1,5e+01 a1
yj_m,,False,1789621135056,0.5703556800196646,0.5037074163026952,0.0975376526836707,0.0915175571236559,0.015650598414093782,0.16045699259188684,0.13902485027875183,4356.749999999999,454.8580538269604,1.0,0.0024488678200343937,1.5039405317764934e-05,1753.125,1702.2265625,291.1011305021443,38.05,48.22769336106029,1024.83075,28050,28,8,(),1,5e+01 a1
yj_m,,False,1789621135106,0.5497073306427221,0.486168012489977,0.0975376526836707,0.08820438508064515,0.015650598414093782,0.16045699259188684,0.13902485027875183,4356.749999999999,454.8580538269604,1.0,0.0024488678200343937,1.5039405317764934e-05,1691.5,1640.6015625,291.1011305021443,38.05,48.22769336106029,1024.83075,27064,28,8,(),1,5e+01 a1
yj_m,,False,1789621135156,0.4831970287956944,0.42986861238964014,0.0975376526836707,0.07753234206989247,0.015650598414093782,0.16045699259188684,0.13902485027875183,4356.749999999999,454.8580538269604,1.0,0.0024488678200343937,1.5039405317764934e-05,1493.0,1442.1015625,291.1011305021443,38.05,48.22769336106029,1024.83075,23888,28,8,(),1,5e+01 a1
yj_m,,False,1789621135206,0.4932280220528501,0.43833752354044336,0.0975376526836707,0.07914188508064517,0.015650598414093782,0.16045699259188684,0.13902485027875183,4356.749999999999,454.8580538269604,1.0,0.0024488678200343937,1.5039405317764934e-05,1522.9375,1472.0390625,291.1011305021443,38.05,48.22769336106029,1024.83075,24367,28,8,(),1,5e+01 a1
yj_m,,False,1789621135256,0.5648480574170928,0.4990266193170807,0.0975376526836707,0.09063382056451613,0.015650598414093782,0.16045699259188684,0.13902485027875183,4356.749999999999,454.8580538269604,1.0,0.0024488678200343937,1.5039405317764934e-05,1736.6875,1685.7890625,291.1011305021443,38.05,48.22769336106029,1024.83075,27787,28,8,(),1,5e+01 a1
yj_m,,False,1789621135306,0.5678426963226737,0.5015714782941222,0.0975376526836707,0.0911143313172043,0.015650598414093782,0.16045699259188684,0.13902485027875183,4356.749999999999,454.8580538269604,1.0,0.0024488678200343937,1.5039405317764934e-05,1745.625,1694.7265625,291.1011305021443,38.05,48.22769336106029,1024.83075,27930,28,8,(),1,5e+01 a1
yj_m,,False,1789621135356,0.5565342696862143,0.4919642477489572,0.0975376526836707,0.08929981518817204,0.015650598414093782,0.16045699259188684,0.13902485027875183,4356.749999999999,454.8580538269604,1.0,0.0024488678200343937,1.5039405317764934e-05,1711.875,1660.9765625,291.1011305021443,38.05,48.22769336106029,1024.83075,27390,28,8,(),1,5e+01 a1
yj_m,,False,1789621135406,0.5243680783647299,0.46468056725995244,0.0975376526836707,0.0841385248655914,0.015650598414093782,0.16045699259188684,0.13902485027875183,4356.749999999999,454.8580538269604,1.0,0.0024488678200343937,1.5039405317764934e-05,1615.875,1564.9765625,291.1011305021443,38.05,48.22769336106029,1024.83075,25854,28,8,(),1,5e+01 a1
yj_m,,False,1789621135456,0.47695645261483355,0.42460438569937214,0.0975376526836707,0.07653099798387097,0.015650598414093782,0.16045699259188684,0.13902485027875183,4356.749999999999,454.8580538269604,1.0,0.0024488678200343937,1.5039405317764934e-05,1474.375,1423.4765625,291.1011305021443,38.05,48.22769336106029,1024.83075,23590,28,8,(),1,5e+01 a1
yj_m,,False,1789621135506,0.4831760872648862,0.4298509412712665,0.0975376526836707,0.07752898185483871,0.015650598414093782,0.16045699259188684,0.13902485027875183,4356.749999999999,454.8580538269604,1.0,0.0024488678200343937,1.5039405317764934e-05,1492.9375,1442.0390625,291.1011305021443,38.05,48.22769336106029,1024.83075,23887,28,8,(),1,5e+01 a1
yj_m,,False,1789621135556,0.5578535861271345,0.4930847045258789,0.0975376526836707,0.08951150873655914,0.015650598414093782,0.16045699259188684,0.13902485027875183,4356.749999999999,454.8580538269604,1.0,0.0024488678200343937,1.5039405317764934e-05,1715.8125,1664.9140625,291.1011305021443,38.05,48.22769336106029,1024.83075,27453,28,8,(),1,5e+01 a1
yj_m,,False,1789621135606,0.527216126554653,0.4670935173357,0.0975376526836707,0.08459551411290323,0.015650598414093782,0.16045699259188684,0.13902485027875183,4356.749999999999,454.8580538269604,1.0,0.0024488678200343937,1.5039405317764934e-05,1624.375,1573.4765625,291.1011305021443,38.05,48.22769336106029,1024.83075,25990,28,8,(),1,5e+01 a1
yj_m,,False,1789621135656,0.5135413069368604,0.45551315595908914,0.0975376526836707,0.0824012936827957,0.015650598414093782,0.16045699259188684,0.13902485027875183,4356.749999999999,454.8580538269604,1.0,0.0024488678200343937,1.5039405317764934e-05,1583.5625,1532.6640625,291.1011305021443,38.05,48.22769336106029,1024.83075,25337,28,8,(),1,5e+01 a1
yj_m,,False,1789621135706,0.5120963413110906,0.45429031082833254,0.0975376526836707,0.08216943884408602,0.015650598414093782,0.16045699259188684,0.13902485027875183,4356.749999999999,454.8580538269604,1.0,0.0024488678200343937,1.5039405317764934e-05,1579.25,1528.3515625,291.1011305021443,38.05,48.22769336106029,1024.83075,25268,28,8,(),1,5e+01 a1
yj_m,,False,1789621135756,0.5493932076805983,0.4859013834736917,0.0975376526836707,0.0881539818548387,0.015650598414093782,0.16045699259188684,0.13902485027875183,4356.749999999999,454.8580538269604,1.0,0.0024488678200343937,1.5039405317764934e-05,1690.5625,1639.6640625,291.1011305021443,38.05,48.22769336106029,1024.83075,27049,29,8,(),1,5e+01 a1
yj_m,,False,1789621135806,0.5262528161374731,0.4662773083956767,0.0975376526836707,0.08444094422043011,0.015650598414093782,0.16045699259188684,0.13902485027875183,4356.749999999999,454.8580538269604,1.0,0.0024488678200343937,1.5039405317764934e-05,1621.5,1570.6015625,291.1011305021443,38.05,48.22769336106029,1024.83075,25944,29,8,(),1,5e+01 a1
yj_m,,False,1789621135856,0.5439693512012594,0.4812985665897037,0.0975376526836707,0.08728368615591398,0.015650598414093782,0.16045699259188684,0.13902485027875183,4356.749999999999,454.8580538269604,1.0,0.0024488678200343937,1.5039405317764934e-05,1674.375,1623.4765625,291.1011305021443,38.05,48.22769336106029,1024.83075,26790,29,9,(),1,5e+01 a1
yj_m,,False,1789621135906,0.5476341190927047,0.48440837478908205,0.0975376526836707,0.08787172379032258,0.015650598414093782,0.16045699259188684,0.13902485027875183,4356.749999999999,454.8580538269604,1.0,0.0024488678200343937,1.5039405317764934e-05,1685.3125,1634.4140625,291.1011305021443,38.05,48.22769336106029,1024.83075,26965,29,9,(),1,5e+01 a1
yj_m,,False,1789621135956,0.4804536882598126,0.42755403345688214,0.0975376526836707,0.07709215389784946,0.015650598414093782,0.16045699259188684,0.13902485027875183,4356.749999999999,454.8580538269604,1.0,0.0024488678200343937,1.5039405317764934e-05,1484.8125,1433.9140625,291.1011305021443,38.05,48.22769336106029,1024.83075,23757,29,9,(),1,5e+01 a1
yj_m,,False,1789621136006,0.5259386931753492,0.46601116742462073,0.0975376526836707,0.08439054099462366,0.015650598414093782,0.16045699259188684,0.13902485027875183,4356.749999999999,454.8580538269604,1.0,0.0024488678200343937,1.5039405317764934e-05,1620.5625,1569.6640625,291.1011305021443,38.05,48.22769336106029,1024.83075,25929,29,9,(),1,5e+01 a1
yj_m,,False,1789621136056,0.46323974993542455,0.41304665256122897,0.0975376526836707,0.07433005712365592,0.015650598414093782,0.16045699259188684,0.13902485027875183,4356.749999999999,454.8580538269604,1.0,0.0024488678200343937,1.5039405317764934e-05,1433.4375,1382.5390625,291.1011305021443,38.05,48.22769336106029,1024.83075,22935,29,9,(),1,5e+01 a1
yj_m,,False,1789621136106,0.5096042991449078,0.45218172045555416,0.0975376526836707,0.08176957325268816,0.015650598414093782,0.16045699259188684,0.13902485027875183,4356.749999999999,454.8580538269604,1.0,0.0024488678200343937,1.5039405317764934e-05,1571.8125,1520.9140625,291.1011305021443,38.05,48.22769336106029,1024.83075,25149,29,9,(),1,5e+01 a1
yj_m,,False,1789621136156,0.5694761357257178,0.5029597976259964,0.0975376526836707,0.09137642809139784,0.015650598414093782,0.16045699259188684,0.13902485027875183,4356.749999999999,454.8580538269604,1.0,0.0024488678200343937,1.5039405317764934e-05,1750.5,1699.6015625,291.1011305021443,38.05,48.22769336106029,1024.83075,28008,29,9,(),1,5e+01 a1
yj_m,,False,1789621136206,0.5441368834477255,0.4814407106106441,0.0975376526836707,0.08731056787634409,0.015650598414093782,0.16045699259188684,0.13902485027875183,4356.749999999999,454.8580538269604,1.0,0.0024488678200343937,1.5039405317764934e-05,1674.875,1623.9765625,291.1011305021443,38.05,48.22769336106029,1024.83075,26798,29,9,(),1,5e+01 a1
yj_m,,False,1789621136256,0.5588168965443144,0.49390288136034705,0.0975376526836707,0.08966607862903225,0.015650598414093782,0.16045699259188684,0.13902485027875183,4356.749999999999,454.8580538269604,1.0,0.0024488678200343937,1.5039405317764934e-05,1718.6875,1667.7890625,291.1011305021443,38.05,48.22769336106029,1024.83075,27499,29,9,(),1,5e+01 a1
yj_m,,False,1789621136306,0.5602618621700842,0.4951302496657205,0.0975376526836707,0.08989793346774193,0.015650598414093782,0.16045699259188684,0.13902485027875183,4356.749999999999,454.8580538269604,1.0,0.0024488678200343937,1.5039405317764934e-05,1723.0,1672.1015625,291.1011305021443,38.05,48.22769336106029,1024.83075,27568,29,9,(),1,5e+01 a1
yj_m,,False,1789621136356,0.557644170819052,0.4929068473023013,0.0975376526836707,0.0894779065860215,0.015650598414093782,0.16045699259188684,0.13902485027875183,4356.749999999999,454.8580538269604,1.0,0.0024488678200343937,1.5039405317764934e-05,1715.1875,1664.2890625,291.1011305021443,38.05,48.22769336106029,1024.83075,27443,29,9,(),1,5e+01 a1
yj_m,,False,1789621136406,0.5599267976771521,0.49484563154846606,0.0975376526836707,0.08984417002688172,0.015650598414093782,0.16045699259188684,0.13902485027875183,4356.749999999999,454.8580538269604,1.0,0.0024488678200343937,1.5039405317764934e-05,1722.0,1671.1015625,291.1011305021443,38.05,48.22769336106029,1024.83075,27552,29,9,(),1,5e+01 a1
yj_m,,False,1789621136456,0.5551311871220611,0.4907727654320688,0.0975376526836707,0.0890746807795699,0.015650598414093782,0.16045699259188684,0.13902485027875183,4356.749999999999,454.8580538269604,1.0,0.0024488678200343937,1.5039405317764934e-05,1707.6875,1656.7890625,291.1011305021443,38.05,48.22769336106029,1024.83075,27323,29,9,(),1,5e+01 a1
yj_m,,False,1789621136506,0.5452886676421798,0.48241799929702783,0.0975376526836707,0.08749537970430107,0.015650598414093782,0.16045699259188684,0.13902485027875183,4356.749999999999,454.8580538269604,1.0,0.0024488678200343937,1.5039405317764934e-05,1678.3125,1627.4140625,291.1011305021443,38.05,48.22769336106029,1024.83075,26853,29,9,(),1,5e+01 a1
yj_m,,False,1789621136556,0.540199875655773,0.4781008044762211,0.0975376526836707,0.08667884744623655,0.015650598414093782,0.16045699259188684,0.13902485027875183,4356.749999999999,454.8580538269604,1.0,0.0024488678200343937,1.5039405317764934e-05,1663.125,1612.2265625,291.1011305021443,38.05,48.22769336106029,1024.83075,26610,29,9,(),1,5e+01 a1
yj_m,,False,1789621136606,0.5287239167728476,0.4683711921929075,0.0975376526836707,0.0848374495967742,0.015650598414093782,0.16045699259188684,0.13902485027875183,4356.749999999999,454.8580538269604,1.0,0.0024488678200343937,1.5039405317764934e-05,1628.875,1577.9765625,291.1011305021443,38.05,48.22769336106029,1024.83075,26062,29,9,(),1,5e+01 a1
yj_m,,False,1789621136656,0.5303992392375082,0.46979101620546854,0.0975376526836707,0.08510626680107528,0.015650598414093782,0.16045699259188684,0.13902485027875183,4356.749999999999,454.8580538269604,1.0,0.0024488678200343937,1.5039405317764934e-05,1633.875,1582.9765625,291.1011305021443,38.05,48.22769336106029,1024.83075,26142,29,9,(),1,5e+01 a1
yj_m,,False,1789621136706,0.5498329798275717,0.48627466581421525,0.0975376526836707,0.08822454637096774,0.015650598414093782,0.16045699259188684,0.13902485027875183,4356.749999999999,454.8580538269604,1.0,0.0024488678200343937,1.5039405317764934e-05,1691.875,1640.9765625,291.1011305021443,38.05,48.22769336106029,1024.83075,27070,29,9,(),1,5e+01 a1
yj_m,,False,1789621136756,0.5444719479406577,0.4817250040398564,0.0975376526836707,0.08736433131720431,0.015650598414093782,0.16045699259188684,0.13902485027875183,4356.749999999999,454.8580538269604,1.0,0.0024488678200343937,1.5039405317764934e-05,1675.875,1624.9765625,291.1011305021443,38.05,48.22769336106029,1024.83075,26814,30,9,(),1,5e+01 a1
yj_m,,False,1789621136806,0.5427128593527639,0.48023254385094033,0.0975376526836707,0.08708207325268817,0.015650598414093782,0.16045699259188684,0.13902485027875183,4356.749999999999,454.8580538269604,1.0,0.0024488678200343937,1.5039405317764934e-05,1670.625,1619.7265625,291.1011305021443,38.05,48.22769336106029,1024.83075,26730,30,9,(),1,5e+01 a1
yj_m,,False,1789621136856,0.569894966341883,0.5033158011158593,0.0975376526836707,0.09144363239247312,0.015650598414093782,0.16045699259188684,0.13902485027875183,4356.749999999999,454.8580538269604,1.0,0.0024488678200343937,1.5039405317764934e-05,1751.75,1700.8515625,291.1011305021443,38.05,48.22769336106029,1024.83075,28028,30,10,(),1,5e+01 a1
yj_m,,False,1789621136906,0.5694133111332931,0.5029063979512813,0.0975376526836707,0.09136634744623656,0.015650598414093782,0.16045699259188684,0.13902485027875183,4356.749999999999,454.8580538269604,1.0,0.0024488678200343937,1.5039405317764934e-05,1750.3125,1699.4140625,291.1011305021443,38.05,48.22769336106029,1024.83075,28005,30,10,(),1,5e+01 a1
yj_m,,False,1789621136956,0.5380638395133307,0.4762891502806178,0.0975376526836707,0.08633610551075269,0.015650598414093782,0.16045699259188684,0.13902485027875183,4356.749999999999,454.8580538269604,1.0,0.0024488678200343937,1.5039405317764934e-05,1656.75,1605.8515625,291.1011305021443,38.05,48.22769336106029,1024.83075,26508,30,10,(),1,5e+01 a1
yj_m,,False,1789621137006,0.5395925712623335,0.4775856958381119,0.0975376526836707,0.08658140120967742,0.015650598414093782,0.16045699259188684,0.13902485027875183,4356.749999999999,454.8580538269604,1.0,0.0024488678200343937,1.5039405317764934e-05,1661.3125,1610.4140625,291.1011305021443,38.05,48.22769336106029,1024.83075,26581,30,10,(),1,5e+01 a1
yj_m,,False,1789621137056,0.5385454947219207,0.4766976343271617,0.0975376526836707,0.08641339045698926,0.015650598414093782,0.16045699259188684,0.13902485027875183,4356.749999999999,454.8580538269604,1.0,0.0024488678200343937,1.5039405317764934e-05,1658.1875,1607.2890625,291.1011305021443,38.05,48.22769336106029,1024.83075,26531,30,10,(),1,5e+01 a1
yj_m,,False,1789621137106,0.551403594638191,0.4876079148961924,0.0975376526836707,0.0884765625,0.015650598414093782,0.16045699259188684,0.13902485027875183,4356.749999999999,454.8580538269604,1.0,0.0024488678200343937,1.5039405317764934e-05,1696.5625,1645.6640625,291.1011305021443,38.05,48.22769336106029,1024.83075,27145,30,10,(),1,5e+01 a1
yj_m,,False,1789621137156,0.5071960231019582,0.45014446280749926,0.0975376526836707,0.08138314852150537,0.015650598414093782,0.16045699259188684,0.13902485027875183,4356.749999999999,454.8580538269604,1.0,0.0024488678200343937,1.5039405317764934e-05,1564.625,1513.7265625,291.1011305021443,38.05,48.22769336106029,1024.83075,25034,30,10,(),1,5e+01 a1
yj_m,,False,1789621137206,0.5441578249785337,0.4814584787395972,0.0975376526836707,0.08731392809139785,0.015650598414093782,0.16045699259188684,0.13902485027875183,4356.749999999999,454.8580538269604,1.0,0.0024488678200343937,1.5039405317764934e-05,1674.9375,1624.0390625,291.1011305021443,38.05,48.22769336106029,1024.83075,26799,30,10,(),1,5e+01 a1
yj_m,,False,1789621137256,0.5089551116898519,0.4516325022949318,0.0975376526836707,0.0816654065860215,0.015650598414093782,0.16045699259188684,0.13902485027875183,4356.749999999999,454.8580538269604,1.0,0.0024488678200343937,1.5039405317764934e-05,1569.875,1518.9765625,291.1011305021443,38.05,48.22769336106029,1024.83075,25118,30,10,(),1,5e+01 a1
yj_m,,False,1789621137306,0.5561573221316657,0.4916441363860571,0.0975376526836707,0.08923933131720431,0.015650598414093782,0.16045699259188684,0.13902485027875183,4356.749999999999,454.8580538269604,1.0,0.0024488678200343937,1.5039405317764934e-05,1710.75,1659.8515625,291.1011305021443,38.05,48.22769336106029,1024.83075,27372,30,10,(),1,5e+01 a1
yj_m,,False,1789621137356,0.5500842781972708,0.48648797540381106,0.0975376526836707,0.0882648689516129,0.015650598414093782,0.16045699259188684,0.13902485027875183,4356.749999999999,454.8580538269604,1.0,0.0024488678200343937,1.5039405317764934e-05,1692.625,1641.7265625,291.1011305021443,38.05,48.22769336106029,1024.83075,27082,30,10,(),1,5e+01 a1
yj_m,,False,1789621137406,0.5822085864571388,0.5137866082418779,0.0975376526836707,0.09341943884408603,0.015650598414093782,0.16045699259188684,0.13902485027875183,4356.749999999999,454.8580538269604,1.0,0.0024488678200343937,1.5039405317764934e-05,1788.5,1737.6015625,291.1011305021443,38.05,48.22769336106029,1024.83075,28616,30,10,(),1,5e+01 a1
yj_m,,False,1789621137456,0.5641569869004203,0.49843941707345574,0.0975376526836707,0.09052293346774193,0.015650598414093782,0.16045699259188684,0.13902485027875183,4356.749999999999,454.8580538269604,1.0,0.0024488678200343937,1.5039405317764934e-05,1734.625,1683.7265625,291.1011305021443,38.05,48.22769336106029,1024.83075,27754,30,10,(),1,5e+01 a1
yj_m,,False,1789621137506,0.5051018700211324,0.4483733033386648,0.0975376526836707,0.08104712701612903,0.015650598414093782,0.16045699259188684,0.13902485027875183,4356.749999999999,454.8580538269604,1.0,0.0024488678200343937,1.5039405317764934e-05,1558.375,1507.4765625,291.1011305021443,38.05,48.22769336106029,1024.83075,24934,30,10,(),1,5e+01 a1
yj_m,,False,1789621137556,0.5049762208362828,0.44826704477902507,0.0975376526836707,0.08102696572580645,0.015650598414093782,0.16045699259188684,0.13902485027875183,4356.749999999999,454.8580538269604,1.0,0.0024488678200343937,1.5039405317764934e-05,1558.0,1507.1015625,291.1011305021443,38.05,48.22769336106029,1024.83075,24928,30,10,(),1,5e+01 a1
yj_m,,False,1789621137606,0.5095205330216749,0.4521108517643123,0.0975376526836707,0.08175613239247312,0.015650598414093782,0.16045699259188684,0.13902485027875183,4356.749999999999,454.8580538269604,1.0,0.0024488678200343937,1.5039405317764934e-05,1571.5625,1520.6640625,291.1011305021443,38.05,48.22769336106029,1024.83075,25145,30,10,(),1,5e+01 a1
yj_m,,False,1789621137656,0.4791134302880842,0.42642349617376674,0.0975376526836707,0.07687710013440861,0.015650598414093782,0.16045699259188684,0.13902485027875183,4356.749999999999,454.8580538269604,1.0,0.0024488678200343937,1.5039405317764934e-05,1480.8125,1429.9140625,291.1011305021443,38.05,48.22769336106029,1024.83075,23693,30,10,(),1,5e+01 a1
yj_m,,False,1789621137706,0.5414144844426519,0.47913109398303133,0.0975376526836707,0.08687373991935483,0.015650598414093782,0.16045699259188684,0.13902485027875183,4356.749999999999,454.8580538269604,1.0,0.0024488678200343937,1.5039405317764934e-05,1666.75,1615.8515625,291.1011305021443,38.05,48.22769336106029,1024.83075,26668,30,10,(),1,5e+01 a1
yj_m,,False,1789621137756,0.5154888693020284,0.45716158792466033,0.0975376526836707,0.08271379368279569,0.015650598414093782,0.16045699259188684,0.13902485027875183,4356.749999999999,454.8580538269604,1.0,0.0024488678200343937,1.5039405317764934e-05,1589.375,1538.4765625,291.1011305021443,38.05,48.22769336106029,1024.83075,25430,31,10,(),1,5e+01 a1
yj_m,,False,1789621137806,0.4876994579194699,0.43366881040945465,0.0975376526836707,0.0782547883064516,0.015650598414093782,0.16045699259188684,0.13902485027875183,4356.749999999999,454.8580538269604,1.0,0.0024488678200343937,1.5039405317764934e-05,1506.4375,1455.5390625,291.1011305021443,38.05,48.22769336106029,1024.83075,24103,31,10,(),1,5e+01 a1
yj_m,,False,1789621137856,0.5391527991153601,0.4772127012252205,0.0975376526836707,0.08651083669354838,0.015650598414093782,0.16045699259188684,0.13902485027875183,4356.749999999999,454.8580538269604,1.0,0.0024488678200343937,1.5039405317764934e-05,1660.0,1609.1015625,291.1011305021443,38.05,48.22769336106029,1024.83075,26560,31,11,(),1,5e+01 a1
yj_m,,False,1789621137906,0.4750717148420903,0.4230152268472965,0.0975376526836707,0.07622857862903226,0.015650598414093782,0.16045699259188684,0.13902485027875183,4356.749999999999,454.8580538269604,1.0,0.0024488678200343937,1.5039405317764934e-05,1468.75,1417.8515625,291.1011305021443,38.05,48.22769336106029,1024.83075,23500,31,11,(),1,5e+01 a1
yj_m,,False,1789621137956,0.4874272180189625,0.4334389800996347,0.0975376526836707,0.07821110551075268,0.015650598414093782,0.16045699259188684,0.13902485027875183,4356.749999999999,454.8580538269604,1.0,0.0024488678200343937,1.5039405317764934e-05,1505.625,1454.7265625,291.1011305021443,38.05,48.22769336106029,1024.83075,24090,31,11,(),1,5e+01 a1
yj_m,,False,1789621138006,0.4950499352331685,0.43987664864252374,0.0975376526836707,0.07943422379032257,0.015650598414093782,0.16045699259188684,0.13902485027875183,4356.749999999999,454.8580538269604,1.0,0.0024488678200343937,1.5039405317764934e-05,1528.375,1477.4765625,291.1011305021443,38.05,48.22769336106029,1024.83075,24454,31,11,(),1,5e+01 a1
yj_m,,False,1789621138056,0.4931023728680005,0.43823138732333944,0.0975376526836707,0.07912172379032258,0.015650598414093782,0.16045699259188684,0.13902485027875183,4356.749999999999,454.8580538269604,1.0,0.0024488678200343937,1.5039405317764934e-05,1522.5625,1471.6640625,291.1011305021443,38.05,48.22769336106029,1024.83075,24361,31,11,(),1,5e+01 a1
yj_m,,False,1789621138106,0.5011020376367551,0.44499135788468547,0.0975376526836707,0.08040532594086021,0.015650598414093782,0.16045699259188684,0.13902485027875183,4356.749999999999,454.8580538269604,1.0,0.0024488678200343937,1.5039405317764934e-05,1546.4375,1495.5390625,291.1011305021443,38.05,48.22769336106029,1024.83075,24743,31,11,(),1,5e+01 a1
yj_m,,False,1789621138156,0.5747534014893989,0.5074461543266597,0.0975376526836707,0.09222320228494624,0.015650598414093782,0.16045699259188684,0.13902485027875183,4356.749999999999,454.8580538269604,1.0,0.0024488678200343937,1.5039405317764934e-05,1766.25,1715.3515625,291.1011305021443,38.05,48.22769336106029,1024.83075,28260,31,11,(),1,5e+01 a1
yj_m,,False,1789621138206,0.5529742094488105,0.488941315942803,0.0975376526836707,0.08872857862903226,0.015650598414093782,0.16045699259188684,0.13902485027875183,4356.749999999999,454.8580538269604,1.0,0.0024488678200343937,1.5039405317764934e-05,1701.25,1650.3515625,291.1011305021443,38.05,48.22769336106029,1024.83075,27220,31,11,(),1,5e+01 a1
yj_m,,False,1789621138256,0.5419799057744749,0.47961074422496186,0.0975376526836707,0.08696446572580645,0.015650598414093782,0.16045699259188684,0.13902485027875183,4356.749999999999,454.8580538269604,1.0,0.0024488678200343937,1.5039405317764934e-05,1668.4375,1617.5390625,291.1011305021443,38.05,48.22769336106029,1024.83075,26695,31,11,(),1,5e+01 a1
yj_m,,False,1789621138306,0.49192964714273807,0.43724084736637875,0.0975376526836707,0.07893355174731183,0.015650598414093782,0.16045699259188684,0.13902485027875183,4356.749999999999,454.8580538269604,1.0,0.0024488678200343937,1.5039405317764934e-05,1519.0625,1468.1640625,291.1011305021443,38.05,48.22769336106029,1024.83075,24305,31,11,(),1,5e+01 a1
yj_m,,False,1789621138356,0.4865895567866322,0.43273185073152226,0.0975376526836707,0.07807669690860214,0.015650598414093782,0.16045699259188684,0.13902485027875183,4356.749999999999,454.8580538269604,1.0,0.0024488678200343937,1.5039405317764934e-05,1503.125,1452.2265625,291.1011305021443,38.05,48.22769336106029,1024.83075,24050,31,11,(),1,5e+01 a1
yj_m,,False,1789621138406,0.4751135979037068,0.4230505378611906,0.0975376526836707,0.07623529905913978,0.015650598414093782,0.16045699259188684,0.13902485027875183,4356.749999999999,454.8580538269604,1.0,0.0024488678200343937,1.5039405317764934e-05,1468.875,1417.9765625,291.1011305021443,38.05,48.22769336106029,1024.83075,23502,31,11,(),1,5e+01 a1
yj_m,,False,1789621138456,0.48160547245426677,0.42852572012426626,0.0975376526836707,0.07727696572580645,0.015650598414093782,0.16045699259188684,0.13902485027875183,4356.749999999999,454.8580538269604,1.0,0.0024488678200343937,1.5039405317764934e-05,1488.25,1437.3515625,291.1011305021443,38.05,48.22769336106029,1024.83075,23812,31,11,(),1,5e+01 a1
yj_m,,False,1789621138506,0.4841603392128744,0.4306815263794679,0.0975376526836707,0.0776869119623656,0.015650598414093782,0.16045699259188684,0.13902485027875183,4356.749999999999,454.8580538269604,1.0,0.0024488678200343937,1.5039405317764934e-05,1495.875,1444.9765625,291.1011305021443,38.05,48.22769336106029,1024.83075,23934,31,11,(),1,5e+01 a1
yj_m,,False,1789621138556,0.5483880142018018,0.4850482119511985,0.0975376526836707,0.08799269153225805,0.015650598414093782,0.16045699259188684,0.13902485027875183,4356.749999999999,454.8580538269604,1.0,0.0024488678200343937,1.5039405317764934e-05,1687.5625,1636.6640625,291.1011305021443,38.05,48.22769336106029,1024.83075,27001,31,11,(),1,5e+01 a1
yj_m,,False,1789621138606,0.5356974465319975,0.47428247389369865,0.0975376526836707,0.08595640120967742,0.015650598414093782,0.16045699259188684,0.13902485027875183,4356.749999999999,454.8580538269604,1.0,0.0024488678200343937,1.5039405317764934e-05,1649.6875,1598.7890625,291.1011305021443,38.05,48.22769336106029,1024.83075,26395,31,11,(),1,5e+01 a1
yj_m,,False,1789621138656,0.5182322098379102,0.45948405299761924,0.0975376526836707,0.0831539818548387,0.015650598414093782,0.16045699259188684,0.13902485027875183,4356.749999999999,454.8580538269604,1.0,0.0024488678200343937,1.5039405317764934e-05,1597.5625,1546.6640625,291.1011305021443,38.05,48.22769336106029,1024.83075,25561,31,11,(),1,5e+01 a1
yj_m,,False,1789621138706,0.548471780325035,0.4851193071674456,0.0975376526836707,0.08800613239247312,0.015650598414093782,0.16045699259188684,0.13902485027875183,4356.749999999999,454.8580538269604,1.0,0.0024488678200343937,1.5039405317764934e-05,1687.8125,1636.9140625,291.1011305021443,38.05,48.22769336106029,1024.83075,27005,31,11,(),1,5e+01 a1
yj_m,,False,1789621138756,0.5538537537427572,0.489688086444355,0.0975376526836707,0.08886970766129032,0.015650598414093782,0.16045699259188684,0.13902485027875183,4356.749999999999,454.8580538269604,1.0,0.0024488678200343937,1.5039405317764934e-05,1703.875,1652.9765625,291.1011305021443,38.05,48.22769336106029,1024.83075,27262,32,11,(),1,5e+01 a1
yj_m,,False,1789621138806,0.5044526825660763,0.4478243142644567,0.0975376526836707,0.08094296034946236,0.015650598414093782,0.16045699259188684,0.13902485027875183,4356.749999999999,454.8580538269604,1.0,0.0024488678200343937,1.5039405317764934e-05,1556.4375,1505.5390625,291.1011305021443,38.05,48.22769336106029,1024.83075,24903,32,11,(),1,5e+01 a1
yj_m,,False,1789621138856,0.48432787145934036,0.43082291120740296,0.0975376526836707,0.0777137936827957,0.015650598414093782,0.16045699259188684,0.13902485027875183,4356.749999999999,454.8580538269604,1.0,0.0024488678200343937,1.5039405317764934e-05,1496.375,1445.4765625,291.1011305021443,38.05,48.22769336106029,1024.83075,23942,32,12,(),1,5e+01 a1
yj_m,,False,1789621138906,0.5440531173244925,0.4813696383755361,0.0975376526836707,0.08729712701612903,0.015650598414093782,0.16045699259188684,0.13902485027875183,4356.749999999999,454.8580538269604,1.0,0.0024488678200343937,1.5039405317764934e-05,1674.625,1623.7265625,291.1011305021443,38.05,48.22769336106029,1024.83075,26794,32,12,(),1,5e+01 a1
yj_m,,False,1789621138956,0.5350273175461333,0.47371427945765365,0.0975376526836707,0.085848874327957,0.015650598414093782,0.16045699259188684,0.13902485027875183,4356.749999999999,454.8580538269604,1.0,0.0024488678200343937,1.5039405317764934e-05,1647.6875,1596.7890625,291.1011305021443,38.05,48.22769336106029,1024.83075,26363,32,12,(),1,5e+01 a1
yj_m,,False,1789621139006,0.511070206301486,0.4534220100644279,0.0975376526836707,0.08200478830645162,0.015650598414093782,0.16045699259188684,0.13902485027875183,4356.749999999999,454.8580538269604,1.0,0.0024488678200343937,1.5039405317764934e-05,1576.1875,1525.2890625,291.1011305021443,38.05,48.22769336106029,1024.83075,25219,32,12,(),1,5e+01 a1
yj_m,,False,1789621139056,0.48872559292907464,0.4345351521322247,0.0975376526836707,0.07841943884408603,0.015650598414093782,0.16045699259188684,0.13902485027875183,4356.749999999999,454.8580538269604,1.0,0.0024488678200343937,1.5039405317764934e-05,1509.5,1458.6015625,291.1011305021443,38.05,48.22769336106029,1024.83075,24152,32,12,(),1,5e+01 a1
yj_m,,False,1789621139106,0.49079880447909213,0.4362857951095759,0.0975376526836707,0.0787521001344086,0.015650598414093782,0.16045699259188684,0.13902485027875183,4356.749999999999,454.8580538269604,1.0,0.0024488678200343937,1.5039405317764934e-05,1515.6875,1464.7890625,291.1011305021443,38.05,48.22769336106029,1024.83075,24251,32,12,(),1,5e+01 a1
yj_m,,False,1789621139156,0.5263994068531309,0.4664015098951864,0.0975376526836707,0.08446446572580646,0.015650598414093782,0.16045699259188684,0.13902485027875183,4356.749999999999,454.8580538269604,1.0,0.0024488678200343937,1.5039405317764934e-05,1621.9375,1571.0390625,291.1011305021443,38.05,48.22769336106029,1024.83075,25951,32,12,(),1,5e+01 a1
yj_m,,False,1789621139206,0.46677886864202006,0.4160269612928601,0.0975376526836707,0.07489793346774193,0.015650598414093782,0.16045699259188684,0.13902485027875183,4356.749999999999,454.8580538269604,1.0,0.0024488678200343937,1.5039405317764934e-05,1444.0,1393.1015625,291.1011305021443,38.05,48.22769336106029,1024.83075,23104,32,12,(),1,5e+01 a1
yj_m,,False,1789621139256,0.46843324957587246,0.4174205511066921,0.0975376526836707,0.07516339045698925,0.015650598414093782,0.16045699259188684,0.13902485027875183,4356.749999999999,454.8580538269604,1.0,0.0024488678200343937,1.5039405317764934e-05,1448.9375,1398.0390625,291.1011305021443,38.05,48.22769336106029,1024.83075,23183,32,12,(),1,5e+01 a1
yj_m,,False,1789621139306,0.4648941308692768,0.41443965828496815,0.0975376526836707,0.07459551411290322,0.015650598414093782,0.16045699259188684,0.13902485027875183,4356.749999999999,454.8580538269604,1.0,0.0024488678200343937,1.5039405317764934e-05,1438.375,1387.4765625,291.1011305021443,38.05,48.22769336106029,1024.83075,23014,32,12,(),1,5e+01 a1
yj_m,,False,1789621139356,0.5654553618105324,0.49954266819222665,0.0975376526836707,0.09073126680107528,0.015650598414093782,0.16045699259188684,0.13902485027875183,4356.749999999999,454.8580538269604,1.0,0.0024488678200343937,1.5039405317764934e-05,1738.5,1687.6015625,291.1011305021443,38.05,48.22769336106029,1024.83075,27816,32,12,(),1,5e+01 a1
yj_m,,False,1789621139406,0.5707954521666381,0.5040812418646261,0.0975376526836707,0.09158812163978494,0.015650598414093782,0.16045699259188684,0.13902485027875183,4356.749999999999,454.8580538269604,1.0,0.0024488678200343937,1.5039405317764934e-05,1754.4375,1703.5390625,291.1011305021443,38.05,48.22769336106029,1024.83075,28071,32,12,(),1,5e+01 a1
yj_m,,False,1789621139456,0.5760727179303191,0.5085679829316864,0.0975376526836707,0.09243489583333334,0.015650598414093782,0.16045699259188684,0.13902485027875183,4356.749999999999,454.8580538269604,1.0,0.0024488678200343937,1.5039405317764934e-05,1770.1875,1719.2890625,291.1011305021443,38.05,48.22769336106029,1024.83075,28323,32,12,(),1,5e+01 a1
yj_m,,False,1789621139506,0.553916578335182,0.4897414289974409,0.0975376526836707,0.08887978830645162,0.015650598414093782,0.16045699259188684,0.13902485027875183,4356.749999999999,454.8580538269604,1.0,0.0024488678200343937,1.5039405317764934e-05,1704.0625,1653.1640625,291.1011305021443,38.05,48.22769336106029,1024.83075,27265,32,12,(),1,5e+01 a1
yj_m,,False,1789621139556,0.46755370528192564,0.41667962162431293,0.0975376526836707,0.07502226142473119,0.015650598414093782,0.16045699259188684,0.13902485027875183,4356.749999999999,454.8580538269604,1.0,0.0024488678200343937,1.5039405317764934e-05,1446.3125,1395.4140625,291.1011305021443,38.05,48.22769336106029,1024.83075,23141,32,12,(),1,5e+01 a1
yj_m,,False,1789621139606,0.5329541059961157,0.4719566194569484,0.0975376526836707,0.0855162130376344,0.015650598414093782,0.16045699259188684,0.13902485027875183,4356.749999999999,454.8580538269604,1.0,0.0024488678200343937,1.5039405317764934e-05,1641.5,1590.6015625,291.1011305021443,38.05,48.22769336106029,1024.83075,26264,32,12,(),1,5e+01 a1
yj_m,,False,1789621139656,0.5346922530532011,0.47343019354671867,0.0975376526836707,0.08579511088709678,0.015650598414093782,0.16045699259188684,0.13902485027875183,4356.749999999999,454.8580538269604,1.0,0.0024488678200343937,1.5039405317764934e-05,1646.6875,1595.7890625,291.1011305021443,38.05,48.22769336106029,1024.83075,26347,32,12,(),1,5e+01 a1
yj_m,,False,1789621139706,0.5607854004402907,0.49557497869371386,0.0975376526836707,0.08998193884408602,0.015650598414093782,0.16045699259188684,0.13902485027875183,4356.749999999999,454.8580538269604,1.0,0.0024488678200343937,1.5039405317764934e-05,1724.5625,1673.6640625,291.1011305021443,38.05,48.22769336106029,1024.83075,27593,32,12,(),1,5e+01 a1
yj_m,,False,1789621139756,0.5451630184573302,0.4823113818756844,0.0975376526836707,0.0874752184139785,0.015650598414093782,0.16045699259188684,0.13902485027875183,4356.749999999999,454.8580538269604,1.0,0.0024488678200343937,1.5039405317764934e-05,1677.9375,1627.0390625,291.1011305021443,38.05,48.22769336106029,1024.83075,26847,33,12,(),1,5e+01 a1
yj_m,,False,1789621139806,0.5538746952735655,0.4897058672687146,0.0975376526836707,0.08887306787634408,0.015650598414093782,0.16045699259188684,0.13902485027875183,4356.749999999999,454.8580538269604,1.0,0.0024488678200343937,1.5039405317764934e-05,1703.9375,1653.0390625,291.1011305021443,38.05,48.22769336106029,1024.83075,27263,33,12,(),1,5e+01 a1
yj_m,,False,1789621139856,0.49971989660341,0.4438230274867102,0.0975376526836707,0.08018355174731182,0.015650598414093782,0.16045699259188684,0.13902485027875183,4356.749999999999,454.8580538269604,1.0,0.0024488678200343937,1.5039405317764934e-05,1542.3125,1491.4140625,291.1011305021443,38.05,48.22769336106029,1024.83075,24677,33,13,(),1,5e+01 a1
yj_m,,False,1789621139906,0.4733335677850049,0.42154996622387053,0.0975376526836707,0.0759496807795699,0.015650598414093782,0.16045699259188684,0.13902485027875183,4356.749999999999,454.8580538269604,1.0,0.0024488678200343937,1.5039405317764934e-05,1463.5625,1412.6640625,291.1011305021443,38.05,48.22769336106029,1024.83075,23417,33,13,(),1,5e+01 a1
yj_m,,False,1789621139956,0.5706488614509803,0.5039566321446127,0.0975376526836707,0.0915646001344086,0.015650598414093782,0.16045699259188684,0.13902485027875183,4356.749999999999,454.8580538269604,1.0,0.0024488678200343937,1.5039405317764934e-05,1754.0,1703.1015625,291.1011305021443,38.05,48.22769336106029,1024.83075,28064,33,13,(),1,5e+01 a1
yj_m,,False,1789621140006,0.5779993387646789,0.5102063784341893,0.0975376526836707,0.09274403561827957,0.015650598414093782,0.16045699259188684,0.13902485027875183,4356.749999999999,454.8580538269604,1.0,0.0024488678200343937,1.5039405317764934e-05,1775.9375,1725.0390625,291.1011305021443,38.05,48.22769336106029,1024.83075,28415,33,13,(),1,5e+01 a1
yj_m,,False,1789621140056,0.5461891534669348,0.4831821201662233,0.0975376526836707,0.0876398689516129,0.015650598414093782,0.16045699259188684,0.13902485027875183,4356.749999999999,454.8580538269604,1.0,0.0024488678200343937,1.5039405317764934e-05,1681.0,1630.1015625,291.1011305021443,38.05,48.22769336106029,1024.83075,26896,33,13,(),1,5e+01 a1
yj_m,,False,1789621140106,0.5097090067989491,0.4522703070817831,0.0975376526836707,0.08178637432795699,0.015650598414093782,0.16045699259188684,0.13902485027875183,4356.749999999999,454.8580538269604,1.0,0.0024488678200343937,1.5039405317764934e-05,1572.125,1521.2265625,291.1011305021443,38.05,48.22769336106029,1024.83075,25154,33,13,(),1,5e+01 a1
yj_m,,False,1789621140156,0.5292265135122457,0.4687971189925253,0.0975376526836707,0.08491809475806451,0.015650598414093782,0.16045699259188684,0.13902485027875183,4356.749999999999,454.8580538269604,1.0,0.0024488678200343937,1.5039405317764934e-05,1630.375,1579.4765625,291.1011305021443,38.05,48.22769336106029,1024.83075,26086,33,13,(),1,5e+01 a1
yj_m,,False,1789621140206,0.5498329798275717,0.48627466581421525,0.0975376526836707,0.08822454637096774,0.015650598414093782,0.16045699259188684,0.13902485027875183,4356.749999999999,454.8580538269604,1.0,0.0024488678200343937,1.5039405317764934e-05,1691.875,1640.9765625,291.1011305021443,38.05,48.22769336106029,1024.83075,27070,33,13,(),1,5e+01 a1
yj_m,,False,1789621140256,0.5308180698536734,0.470146002484815,0.0975376526836707,0.08517347110215054,0.015650598414093782,0.16045699259188684,0.13902485027875183,4356.749999999999,454.8580538269604,1.0,0.0024488678200343937,1.5039405317764934e-05,1635.125,1584.2265625,291.1011305021443,38.05,48.22769336106029,1024.83075,26162,33,13,(),1,5e+01 a1
yj_m,,False,1789621140306,0.5409537707648703,0.4787402832052481,0.0975376526836707,0.08679981518817205,0.015650598414093782,0.16045699259188684,0.13902485027875183,4356.749999999999,454.8580538269604,1.0,0.0024488678200343937,1.5039405317764934e-05,1665.375,1614.4765625,291.1011305021443,38.05,48.22769336106029,1024.83075,26646,33,13,(),1,5e+01 a1
yj_m,,False,1789621140356,0.559507967060987,0.49448986820836704,0.0975376526836707,0.08977696572580646,0.015650598414093782,0.16045699259188684,0.13902485027875183,4356.749999999999,454.8580538269604,1.0,0.0024488678200343937,1.5039405317764934e-05,1720.75,1669.8515625,291.1011305021443,38.05,48.22769336106029,1024.83075,27532,33,13,(),1,5e+01 a1
yj_m,,False,1789621140406,0.5599058561463439,0.4948278431357237,0.0975376526836707,0.08984080981182796,0.015650598414093782,0.16045699259188684,0.13902485027875183,4356.749999999999,454.8580538269604,1.0,0.0024488678200343937,1.5039405317764934e-05,1721.9375,1671.0390625,291.1011305021443,38.05,48.22769336106029,1024.83075,27551,33,13,(),1,5e+01 a1
yj_m,,False,1789621140456,0.5410584784189116,0.47882910262461703,0.0975376526836707,0.08681661626344087,0.015650598414093782,0.16045699259188684,0.13902485027875183,4356.749999999999,454.8580538269604,1.0,0.0024488678200343937,1.5039405317764934e-05,1665.6875,1614.7890625,291.1011305021443,38.05,48.22769336106029,1024.83075,26651,33,13,(),1,5e+01 a1
yj_m,,False,1789621140506,0.5456446736659201,0.48272008744250217,0.0975376526836707,0.08755250336021506,0.015650598414093782,0.16045699259188684,0.13902485027875183,4356.749999999999,454.8580538269604,1.0,0.0024488678200343937,1.5039405317764934e-05,1679.375,1628.4765625,291.1011305021443,38.05,48.22769336106029,1024.83075,26870,33,13,(),1,5e+01 a1
yj_m,,False,1789621140556,0.539718220447183,0.4776922680577594,0.0975376526836707,0.08660156249999999,0.015650598414093782,0.16045699259188684,0.13902485027875183,4356.749999999999,454.8580538269604,1.0,0.0024488678200343937,1.5039405317764934e-05,1661.6875,1610.7890625,291.1011305021443,38.05,48.22769336106029,1024.83075,26587,33,13,(),1,5e+01 a1
yj_m,,False,1789621140606,0.5481576573629111,0.4848527023713709,0.0975376526836707,0.08795572916666666,0.015650598414093782,0.16045699259188684,0.13902485027875183,4356.749999999999,454.8580538269604,1.0,0.0024488678200343937,1.5039405317764934e-05,1686.875,1635.9765625,291.1011305021443,38.05,48.22769336106029,1024.83075,26990,33,13,(),1,5e+01 a1
yj_m,,False,1789621140656,0.5568483926483382,0.49223101372908795,0.0975376526836707,0.08935021841397849,0.015650598414093782,0.16045699259188684,0.13902485027875183,4356.749999999999,454.8580538269604,1.0,0.0024488678200343937,1.5039405317764934e-05,1712.8125,1661.9140625,291.1011305021443,38.05,48.22769336106029,1024.83075,27405,33,13,(),1,5e+01 a1
yj_m,,False,1789621140706,0.5558431991695418,0.4913773834393321,0.0975376526836707,0.08918892809139786,0.015650598414093782,0.16045699259188684,0.13902485027875183,4356.749999999999,454.8580538269604,1.0,0.0024488678200343937,1.5039405317764934e-05,1709.8125,1658.9140625,291.1011305021443,38.05,48.22769336106029,1024.83075,27357,33,13,(),1,5e+01 a1
yj_m,,False,1789621140756,0.5421893210825575,0.4797883977181381,0.0975376526836707,0.08699806787634408,0.015650598414093782,0.16045699259188684,0.13902485027875183,4356.749999999999,454.8580538269604,1.0,0.0024488678200343937,1.5039405317764934e-05,1669.0625,1618.1640625,291.1011305021443,38.05,48.22769336106029,1024.83075,26705,34,13,(),1,5e+01 a1
yj_m,,False,1789621140806,0.5122010489651319,0.45437891746470666,0.0975376526836707,0.08218623991935484,0.015650598414093782,0.16045699259188684,0.13902485027875183,4356.749999999999,454.8580538269604,1.0,0.0024488678200343937,1.5039405317764934e-05,1579.5625,1528.6640625,291.1011305021443,38.05,48.22769336106029,1024.83075,25273,34,13,(),1,5e+01 a1
yj_m,,False,1789621140856,0.5271742434930365,0.46705802863572043,0.0975376526836707,0.0845887936827957,0.015650598414093782,0.16045699259188684,0.13902485027875183,4356.749999999999,454.8580538269604,1.0,0.0024488678200343937,1.5039405317764934e-05,1624.25,1573.3515625,291.1011305021443,38.05,48.22769336106029,1024.83075,25988,34,14,(),1,5e+01 a1
yj_m,,False,1789621140906,0.5511104132068755,0.48735903016096843,0.0975376526836707,0.08842951948924732,0.015650598414093782,0.16045699259188684,0.13902485027875183,4356.749999999999,454.8580538269604,1.0,0.0024488678200343937,1.5039405317764934e-05,1695.6875,1644.7890625,291.1011305021443,38.05,48.22769336106029,1024.83075,27131,34,14,(),1,5e+01 a1
yj_m,,False,1789621140956,0.5080965089267133,0.45090616718888105,0.0975376526836707,0.0815276377688172,0.015650598414093782,0.16045699259188684,0.13902485027875183,4356.749999999999,454.8580538269604,1.0,0.0024488678200343937,1.5039405317764934e-05,1567.3125,1516.4140625,291.1011305021443,38.05,48.22769336106029,1024.83075,25077,34,14,(),1,5e+01 a1
yj_m,,False,1789621141006,0.5523878465861791,0.4884434951878523,0.0975376526836707,0.08863449260752687,0.015650598414093782,0.16045699259188684,0.13902485027875183,4356.749999999999,454.8580538269604,1.0,0.0024488678200343937,1.5039405317764934e-05,1699.5,1648.6015625,291.1011305021443,38.05,48.22769336106029,1024.83075,27192,34,14,(),1,5e+01 a1
yj_m,,False,1789621141056,0.4928091914366849,0.43798374136188745,0.0975376526836707,0.07907468077956989,0.015650598414093782,0.16045699259188684,0.13902485027875183,4356.749999999999,454.8580538269604,1.0,0.0024488678200343937,1.5039405317764934e-05,1521.6875,1470.7890625,291.1011305021443,38.05,48.22769336106029,1024.83075,24347,34,14,(),1,5e+01 a1
yj_m,,False,1789621141106,0.4835739763502431,0.43018669925810926,0.0975376526836707,0.07759282594086021,0.015650598414093782,0.16045699259188684,0.13902485027875183,4356.749999999999,454.8580538269604,1.0,0.0024488678200343937,1.5039405317764934e-05,1494.125,1443.2265625,291.1011305021443,38.05,48.22769336106029,1024.83075,23906,34,14,(),1,5e+01 a1
yj_m,,False,1789621141156,0.5044107995044599,0.4477888967640429,0.0975376526836707,0.08093623991935484,0.015650598414093782,0.16045699259188684,0.13902485027875183,4356.749999999999,454.8580538269604,1.0,0.0024488678200343937,1.5039405317764934e-05,1556.3125,1505.4140625,291.1011305021443,38.05,48.22769336106029,1024.83075,24901,34,14,(),1,5e+01 a1
yj_m,,False,1789621141206,0.5532883324109343,0.4892080142785348,0.0975376526836707,0.0887789818548387,0.015650598414093782,0.16045699259188684,0.13902485027875183,4356.749999999999,454.8580538269604,1.0,0.0024488678200343937,1.5039405317764934e-05,1702.1875,1651.2890625,291.1011305021443,38.05,48.22769336106029,1024.83075,27235,34,14,(),1,5e+01 a1
yj_m,,False,1789621141256,0.5420427303668998,0.4796640399749655,0.0975376526836707,0.08697454637096774,0.015650598414093782,0.16045699259188684,0.13902485027875183,4356.749999999999,454.8580538269604,1.0,0.0024488678200343937,1.5039405317764934e-05,1668.625,1617.7265625,291.1011305021443,38.05,48.22769336106029,1024.83075,26698,34,14,(),1,5e+01 a1
yj_m,,False,1789621141306,0.5507753487139434,0.48707459695776006,0.0975376526836707,0.0883757560483871,0.015650598414093782,0.16045699259188684,0.13902485027875183,4356.749999999999,454.8580538269604,1.0,0.0024488678200343937,1.5039405317764934e-05,1694.6875,1643.7890625,291.1011305021443,38.05,48.22769336106029,1024.83075,27115,34,14,(),1,5e+01 a1
yj_m,,False,1789621141356,0.5521156066856718,0.4882123712819556,0.0975376526836707,0.08859080981182794,0.015650598414093782,0.16045699259188684,0.13902485027875183,4356.749999999999,454.8580538269604,1.0,0.0024488678200343937,1.5039405317764934e-05,1698.6875,1647.7890625,291.1011305021443,38.05,48.22769336106029,1024.83075,27179,34,14,(),1,5e+01 a1
yj_m,,False,1789621141406,0.5627329628054587,0.49722951153481254,0.0975376526836707,0.09029443884408601,0.015650598414093782,0.16045699259188684,0.13902485027875183,4356.749999999999,454.8580538269604,1.0,0.0024488678200343937,1.5039405317764934e-05,1730.375,1679.4765625,291.1011305021443,38.05,48.22769336106029,1024.83075,27686,34,14,(),1,5e+01 a1
yj_m,,False,1789621141456,0.5531417416952765,0.4890835543055516,0.0975376526836707,0.08875546034946237,0.015650598414093782,0.16045699259188684,0.13902485027875183,4356.749999999999,454.8580538269604,1.0,0.0024488678200343937,1.5039405317764934e-05,1701.75,1650.8515625,291.1011305021443,38.05,48.22769336106029,1024.83075,27228,34,14,(),1,5e+01 a1
yj_m,,False,1789621141506,0.542147438020941,0.47975286679253587,0.0975376526836707,0.08699134744623656,0.015650598414093782,0.16045699259188684,0.13902485027875183,4356.749999999999,454.8580538269604,1.0,0.0024488678200343937,1.5039405317764934e-05,1668.9375,1618.0390625,291.1011305021443,38.05,48.22769336106029,1024.83075,26703,34,14,(),1,5e+01 a1
yj_m,,False,1789621141556,0.5571206325488455,0.4924622156918359,0.0975376526836707,0.08939390120967741,0.015650598414093782,0.16045699259188684,0.13902485027875183,4356.749999999999,454.8580538269604,1.0,0.0024488678200343937,1.5039405317764934e-05,1713.625,1662.7265625,291.1011305021443,38.05,48.22769336106029,1024.83075,27418,34,14,(),1,5e+01 a1
yj_m,,False,1789621141606,0.5538537537427572,0.489688086444355,0.0975376526836707,0.08886970766129032,0.015650598414093782,0.16045699259188684,0.13902485027875183,4356.749999999999,454.8580538269604,1.0,0.0024488678200343937,1.5039405317764934e-05,1703.875,1652.9765625,291.1011305021443,38.05,48.22769336106029,1024.83075,27262,34,14,(),1,5e+01 a1
yj_m,,False,1789621141656,0.5912762692971144,0.5215023874015265,0.0975376526836707,0.09487441196236558,0.015650598414093782,0.16045699259188684,0.13902485027875183,4356.749999999999,454.8580538269604,1.0,0.0024488678200343937,1.5039405317764934e-05,1815.5625,1764.6640625,291.1011305021443,38.05,48.22769336106029,1024.83075,29049,34,14,(),1,5e+01 a1
yj_m,,False,1789621141706,0.5845330963768555,0.515764151217069,0.0975376526836707,0.09379242271505377,0.015650598414093782,0.16045699259188684,0.13902485027875183,4356.749999999999,454.8580538269604,1.0,0.0024488678200343937,1.5039405317764934e-05,1795.4375,1744.5390625,291.1011305021443,38.05,48.22769336106029,1024.83075,28727,34,14,(),1,5e+01 a1
yj_m,,False,1789621141756,0.5924699365531853,0.5225184028456543,0.0975376526836707,0.09506594422043012,0.015650598414093782,0.16045699259188684,0.13902485027875183,4356.749999999999,454.8580538269604,1.0,0.0024488678200343937,1.5039405317764934e-05,1819.125,1768.2265625,291.1011305021443,38.05,48.22769336106029,1024.83075,29106,35,14,(),1,5e+01 a1
yj_m,,False,1789621141806,0.5611623479948393,0.4958951935552894,0.0975376526836707,0.09004242271505376,0.015650598414093782,0.16045699259188684,0.13902485027875183,4356.749999999999,454.8580538269604,1.0,0.0024488678200343937,1.5039405317764934e-05,1725.6875,1674.7890625,291.1011305021443,38.05,48.22769336106029,1024.83075,27611,35,14,(),1,5e+01 a1
yj_m,,False,1789621141856,0.5555500177382262,0.4911284193811447,0.0975376526836707,0.08914188508064516,0.015650598414093782,0.16045699259188684,0.13902485027875183,4356.749999999999,454.8580538269604,1.0,0.0024488678200343937,1.5039405317764934e-05,1708.9375,1658.0390625,291.1011305021443,38.05,48.22769336106029,1024.83075,27343,35,15,(),1,5e+01 a1
yj_m,,False,1789621141906,0.5410375368881033,0.47881133868367237,0.0975376526836707,0.08681325604838709,0.015650598414093782,0.16045699259188684,0.13902485027875183,4356.749999999999,454.8580538269604,1.0,0.0024488678200343937,1.5039405317764934e-05,1665.625,1614.7265625,291.1011305021443,38.05,48.22769336106029,1024.83075,26650,35,15,(),1,5e+01 a1
yj_m,,False,1789621141956,0.5168919518661818,0.45834934382701387,0.0975376526836707,0.08293892809139786,0.015650598414093782,0.16045699259188684,0.13902485027875183,4356.749999999999,454.8580538269604,1.0,0.0024488678200343937,1.5039405317764934e-05,1593.5625,1542.6640625,291.1011305021443,38.05,48.22769336106029,1024.83075,25497,35,15,(),1,5e+01 a1
yj_m,,False,1789621142006,0.5049133962438581,0.4482139159685597,0.0975376526836707,0.08101688508064517,0.015650598414093782,0.16045699259188684,0.13902485027875183,4356.749999999999,454.8580538269604,1.0,0.0024488678200343937,1.5039405317764934e-05,1557.8125,1506.9140625,291.1011305021443,38.05,48.22769336106029,1024.83075,24925,35,15,(),1,5e+01 a1
yj_m,,False,1789621142056,0.5363466339870536,0.47483294092224493,0.0975376526836707,0.0860605678763441,0.015650598414093782,0.16045699259188684,0.13902485027875183,4356.749999999999,454.8580538269604,1.0,0.0024488678200343937,1.5039405317764934e-05,1651.625,1600.7265625,291.1011305021443,38.05,48.22769336106029,1024.83075,26426,35,15,(),1,5e+01 a1
yj_m,,False,1789621142106,0.5602828037008926,0.495148038517493,0.0975376526836707,0.0899012936827957,0.015650598414093782,0.16045699259188684,0.13902485027875183,4356.749999999999,454.8580538269604,1.0,0.0024488678200343937,1.5039405317764934e-05,1723.0625,1672.1640625,291.1011305021443,38.05,48.22769336106029,1024.83075,27569,35,15,(),1,5e+01 a1
yj_m,,False,1789621142156,0.5565342696862143,0.4919642477489572,0.0975376526836707,0.08929981518817204,0.015650598414093782,0.16045699259188684,0.13902485027875183,4356.749999999999,454.8580538269604,1.0,0.0024488678200343937,1.5039405317764934e-05,1711.875,1660.9765625,291.1011305021443,38.05,48.22769336106029,1024.83075,27390,35,15,(),1,5e+01 a1
yj_m,,False,1789621142206,0.5628376704595,0.49731847117509576,0.0975376526836707,0.09031123991935483,0.015650598414093782,0.16045699259188684,0.13902485027875183,4356.749999999999,454.8580538269604,1.0,0.0024488678200343937,1.5039405317764934e-05,1730.6875,1679.7890625,291.1011305021443,38.05,48.22769336106029,1024.83075,27691,35,15,(),1,5e+01 a1
yj_m,,False,1789621142256,0.5932238316622825,0.523160133588694,0.0975376526836707,0.09518691196236559,0.015650598414093782,0.16045699259188684,0.13902485027875183,4356.749999999999,454.8580538269604,1.0,0.0024488678200343937,1.5039405317764934e-05,1821.375,1770.4765625,291.1011305021443,38.05,48.22769336106029,1024.83075,29142,35,15,(),1,5e+01 a1
yj_m,,False,1789621142306,0.5862084188415161,0.5171895820132245,0.0975376526836707,0.09406123991935485,0.015650598414093782,0.16045699259188684,0.13902485027875183,4356.749999999999,454.8580538269604,1.0,0.0024488678200343937,1.5039405317764934e-05,1800.4375,1749.5390625,291.1011305021443,38.05,48.22769336106029,1024.83075,28807,35,15,(),1,5e+01 a1
yj_m,,False,1789621142356,0.5559897898851996,0.4915018674092267,0.0975376526836707,0.0892124495967742,0.015650598414093782,0.16045699259188684,0.13902485027875183,4356.749999999999,454.8580538269604,1.0,0.0024488678200343937,1.5039405317764934e-05,1710.25,1659.3515625,291.1011305021443,38.05,48.22769336106029,1024.83075,27364,35,15,(),1,5e+01 a1
yj_m,,False,1789621142406,0.5132271839747364,0.4552473065962245,0.0975376526836707,0.08235089045698923,0.015650598414093782,0.16045699259188684,0.13902485027875183,4356.749999999999,454.8580538269604,1.0,0.0024488678200343937,1.5039405317764934e-05,1582.625,1531.7265625,291.1011305021443,38.05,48.22769336106029,1024.83075,25322,35,15,(),1,5e+01 a1
yj_m,,False,1789621142456,0.5060023558458875,0.44913485956800886,0.0975376526836707,0.08119161626344086,0.015650598414093782,0.16045699259188684,0.13902485027875183,4356.749999999999,454.8580538269604,1.0,0.0024488678200343937,1.5039405317764934e-05,1561.0625,1510.1640625,291.1011305021443,38.05,48.22769336106029,1024.83075,24977,35,15,(),1,5e+01 a1
yj_m,,False,1789621142506,0.4972906790296522,0.4417699772428914,0.0975376526836707,0.07979376680107528,0.015650598414093782,0.16045699259188684,0.13902485027875183,4356.749999999999,454.8580538269604,1.0,0.0024488678200343937,1.5039405317764934e-05,1535.0625,1484.1640625,291.1011305021443,38.05,48.22769336106029,1024.83075,24561,35,15,(),1,5e+01 a1
yj_m,,False,1789621142556,0.5106094926237043,0.4530321869547517,0.0975376526836707,0.08193086357526881,0.015650598414093782,0.16045699259188684,0.13902485027875183,4356.749999999999,454.8580538269604,1.0,0.0024488678200343937,1.5039405317764934e-05,1574.8125,1523.9140625,291.1011305021443,38.05,48.22769336106029,1024.83075,25197,35,15,(),1,5e+01 a1
yj_m,,False,1789621142606,0.5151956878707129,0.4569134186728,0.0975376526836707,0.08266675067204302,0.015650598414093782,0.16045699259188684,0.13902485027875183,4356.749999999999,454.8580538269604,1.0,0.0024488678200343937,1.5039405317764934e-05,1588.5,1537.6015625,291.1011305021443,38.05,48.22769336106029,1024.83075,25416,35,15,(),1,5e+01 a1
yj_m,,False,1789621142656,0.5342943639678442,0.4730928513427448,0.0975376526836707,0.08573126680107528,0.015650598414093782,0.16045699259188684,0.13902485027875183,4356.749999999999,454.8580538269604,1.0,0.0024488678200343937,1.5039405317764934e-05,1645.5,1594.6015625,291.1011305021443,38.05,48.22769336106029,1024.83075,26328,35,15,(),1,5e+01 a1
yj_m,,False,1789621142706,0.5663767891660957,0.5003256792290911,0.0975376526836707,0.09087911626344086,0.015650598414093782,0.16045699259188684,0.13902485027875183,4356.749999999999,454.8580538269604,1.0,0.0024488678200343937,1.5039405317764934e-05,1741.25,1690.3515625,291.1011305021443,38.05,48.22769336106029,1024.83075,27860,35,15,(),1,5e+01 a1
yj_m,,False,1789621142756,0.5657485432418479,0.4997918028021629,0.0975376526836707,0.09077830981182795,0.015650598414093782,0.16045699259188684,0.13902485027875183,4356.749999999999,454.8580538269604,1.0,0.0024488678200343937,1.5039405317764934e-05,1739.375,1688.4765625,291.1011305021443,38.05,48.22769336106029,1024.83075,27830,36,15,(),1,5e+01 a1
yj_m,,False,1789621142806,0.4960132456503484,0.44069055168125815,0.0975376526836707,0.0795887936827957,0.015650598414093782,0.16045699259188684,0.13902485027875183,4356.749999999999,454.8580538269604,1.0,0.0024488678200343937,1.5039405317764934e-05,1531.25,1480.3515625,291.1011305021443,38.05,48.22769336106029,1024.83075,24500,36,15,(),1,5e+01 a1
yj_m,,False,1789621142857,0.5452886676421798,0.48241799929702783,0.0975376526836707,0.08749537970430107,0.015650598414093782,0.16045699259188684,0.13902485027875183,4356.749999999999,454.8580538269604,1.0,0.0024488678200343937,1.5039405317764934e-05,1678.3125,1627.4140625,291.1011305021443,38.05,48.22769336106029,1024.83075,26853,36,16,(),1,5e+01 a1
yj_m,,False,1789621142906,0.558293358274108,0.49345821319586836,0.0975376526836707,0.08958207325268817,0.015650598414093782,0.16045699259188684,0.13902485027875183,4356.749999999999,454.8580538269604,1.0,0.0024488678200343937,1.5039405317764934e-05,1717.125,1666.2265625,291.1011305021443,38.05,48.22769336106029,1024.83075,27474,36,16,(),1,5e+01 a1
yj_m,,False,1789621142956,0.5711305166595703,0.5043660685796734,0.0975376526836707,0.09164188508064516,0.015650598414093782,0.16045699259188684,0.13902485027875183,4356.749999999999,454.8580538269604,1.0,0.0024488678200343937,1.5039405317764934e-05,1755.4375,1704.5390625,291.1011305021443,38.05,48.22769336106029,1024.83075,28087,36,16,(),1,5e+01 a1
yj_m,,False,1789621143006,0.5613508217721137,0.49605530410766774,0.0975376526836707,0.09007266465053763,0.015650598414093782,0.16045699259188684,0.13902485027875183,4356.749999999999,454.8580538269604,1.0,0.0024488678200343937,1.5039405317764934e-05,1726.25,1675.3515625,291.1011305021443,38.05,48.22769336106029,1024.83075,27620,36,16,(),1,5e+01 a1
yj_m,,False,1789621143056,0.5548798887523619,0.4905593781484687,0.0975376526836707,0.08903435819892473,0.015650598414093782,0.16045699259188684,0.13902485027875183,4356.749999999999,454.8580538269604,1.0,0.0024488678200343937,1.5039405317764934e-05,1706.9375,1656.0390625,291.1011305021443,38.05,48.22769336106029,1024.83075,27311,36,16,(),1,5e+01 a1
yj_m,,False,1789621143106,0.47995109152041443,0.4271300626703487,0.0975376526836707,0.07701150873655914,0.015650598414093782,0.16045699259188684,0.13902485027875183,4356.749999999999,454.8580538269604,1.0,0.0024488678200343937,1.5039405317764934e-05,1483.3125,1432.4140625,291.1011305021443,38.05,48.22769336106029,1024.83075,23733,36,16,(),1,5e+01 a1
yj_m,,False,1789621143156,0.47861083354868594,0.42599958727711246,0.0975376526836707,0.07679645497311828,0.015650598414093782,0.16045699259188684,0.13902485027875183,4356.749999999999,454.8580538269604,1.0,0.0024488678200343937,1.5039405317764934e-05,1479.3125,1428.4140625,291.1011305021443,38.05,48.22769336106029,1024.83075,23669,36,16,(),1,5e+01 a1
yj_m,,False,1789621143206,0.5266716467536383,0.4666321738351478,0.0975376526836707,0.08450814852150539,0.015650598414093782,0.16045699259188684,0.13902485027875183,4356.749999999999,454.8580538269604,1.0,0.0024488678200343937,1.5039405317764934e-05,1622.75,1571.8515625,291.1011305021443,38.05,48.22769336106029,1024.83075,25964,36,16,(),1,5e+01 a1
yj_m,,False,1789621143256,0.5609110496251403,0.4956817160552929,0.0975376526836707,0.0900021001344086,0.015650598414093782,0.16045699259188684,0.13902485027875183,4356.749999999999,454.8580538269604,1.0,0.0024488678200343937,1.5039405317764934e-05,1724.9375,1674.0390625,291.1011305021443,38.05,48.22769336106029,1024.83075,27599,36,16,(),1,5e+01 a1
yj_m,,False,1789621143306,0.5479273005240203,0.48465719611649233,0.0975376526836707,0.08791876680107527,0.015650598414093782,0.16045699259188684,0.13902485027875183,4356.749999999999,454.8580538269604,1.0,0.0024488678200343937,1.5039405317764934e-05,1686.1875,1635.2890625,291.1011305021443,38.05,48.22769336106029,1024.83075,26979,36,16,(),1,5e+01 a1
yj_m,,False,1789621143356,0.46640192108747147,0.4157094723753143,0.0975376526836707,0.0748374495967742,0.015650598414093782,0.16045699259188684,0.13902485027875183,4356.749999999999,454.8580538269604,1.0,0.0024488678200343937,1.5039405317764934e-05,1442.875,1391.9765625,291.1011305021443,38.05,48.22769336106029,1024.83075,23086,36,16,(),1,5e+01 a1
yj_m,,False,1789621143406,0.511803159879775,0.4540422166910863,0.0975376526836707,0.08212239583333333,0.015650598414093782,0.16045699259188684,0.13902485027875183,4356.749999999999,454.8580538269604,1.0,0.0024488678200343937,1.5039405317764934e-05,1578.375,1527.4765625,291.1011305021443,38.05,48.22769336106029,1024.83075,25254,36,16,(),1,5e+01 a1
yj_m,,False,1789621143456,0.5715284057449271,0.5047043084197029,0.0975376526836707,0.09170572916666667,0.015650598414093782,0.16045699259188684,0.13902485027875183,4356.749999999999,454.8580538269604,1.0,0.0024488678200343937,1.5039405317764934e-05,1756.625,1705.7265625,291.1011305021443,38.05,48.22769336106029,1024.83075,28106,36,16,(),1,5e+01 a1
yj_m,,False,1789621143506,0.5754654135368796,0.5080515738604581,0.0975376526836707,0.09233744959677419,0.015650598414093782,0.16045699259188684,0.13902485027875183,4356.749999999999,454.8580538269604,1.0,0.0024488678200343937,1.5039405317764934e-05,1768.375,1717.4765625,291.1011305021443,38.05,48.22769336106029,1024.83075,28294,36,16,(),1,5e+01 a1
yj_m,,False,1789621143556,0.5619790676963614,0.4965890209481182,0.0975376526836707,0.09017347110215054,0.015650598414093782,0.16045699259188684,0.13902485027875183,4356.749999999999,454.8580538269604,1.0,0.0024488678200343937,1.5039405317764934e-05,1728.125,1677.2265625,291.1011305021443,38.05,48.22769336106029,1024.83075,27650,36,16,(),1,5e+01 a1
yj_m,,False,1789621143606,0.5631727349524321,0.4976031463002581,0.0975376526836707,0.09036500336021505,0.015650598414093782,0.16045699259188684,0.13902485027875183,4356.749999999999,454.8580538269604,1.0,0.0024488678200343937,1.5039405317764934e-05,1731.6875,1680.7890625,291.1011305021443,38.05,48.22769336106029,1024.83075,27707,36,16,(),1,5e+01 a1
yj_m,,False,1789621143656,0.468558898760722,0.417526404386174,0.0975376526836707,0.07518355174731182,0.015650598414093782,0.16045699259188684,0.13902485027875183,4356.749999999999,454.8580538269604,1.0,0.0024488678200343937,1.5039405317764934e-05,1449.3125,1398.4140625,291.1011305021443,38.05,48.22769336106029,1024.83075,23189,36,16,(),1,5e+01 a1
yj_m,,False,1789621143706,0.503531255210513,0.4470451615379617,0.0975376526836707,0.08079511088709677,0.015650598414093782,0.16045699259188684,0.13902485027875183,4356.749999999999,454.8580538269604,1.0,0.0024488678200343937,1.5039405317764934e-05,1553.6875,1502.7890625,291.1011305021443,38.05,48.22769336106029,1024.83075,24859,36,16,(),1,5e+01 a1
yj_m,,False,1789621143756,0.5478435344007873,0.4845861037580538,0.0975376526836707,0.08790532594086022,0.015650598414093782,0.16045699259188684,0.13902485027875183,4356.749999999999,454.8580538269604,1.0,0.0024488678200343937,1.5039405317764934e-05,1685.9375,1635.0390625,291.1011305021443,38.05,48.22769336106029,1024.83075,26975,37,16,(),1,5e+01 a1
yj_m,,False,1789621143806,0.549288500026557,0.48581250849949986,0.0975376526836707,0.08813718077956989,0.015650598414093782,0.16045699259188684,0.13902485027875183,4356.749999999999,454.8580538269604,1.0,0.0024488678200343937,1.5039405317764934e-05,1690.25,1639.3515625,291.1011305021443,38.05,48.22769336106029,1024.83075,27044,37,16,(),1,5e+01 a1
yj_m,,False,1789621143856,0.5539794029276068,0.4897947717905044,0.0975376526836707,0.08888986895161291,0.015650598414093782,0.16045699259188684,0.13902485027875183,4356.749999999999,454.8580538269604,1.0,0.0024488678200343937,1.5039405317764934e-05,1704.25,1653.3515625,291.1011305021443,38.05,48.22769336106029,1024.83075,27268,37,17,(),1,5e+01 a1
yj_m,,False,1789621143906,0.5256873948056502,0.46579825966086685,0.0975376526836707,0.0843502184139785,0.015650598414093782,0.16045699259188684,0.13902485027875183,4356.749999999999,454.8580538269604,1.0,0.0024488678200343937,1.5039405317764934e-05,1619.8125,1568.9140625,291.1011305021443,38.05,48.22769336106029,1024.83075,25917,37,17,(),1,5e+01 a1
yj_m,,False,1789621143956,0.568680357555004,0.502283418140139,0.0975376526836707,0.09124873991935484,0.015650598414093782,0.16045699259188684,0.13902485027875183,4356.749999999999,454.8580538269604,1.0,0.0024488678200343937,1.5039405317764934e-05,1748.125,1697.2265625,291.1011305021443,38.05,48.22769336106029,1024.83075,27970,37,17,(),1,5e+01 a1
yj_m,,False,1789621144006,0.5077614444337811,0.4506227349061945,0.0975376526836707,0.08147387432795698,0.015650598414093782,0.16045699259188684,0.13902485027875183,4356.749999999999,454.8580538269604,1.0,0.0024488678200343937,1.5039405317764934e-05,1566.3125,1515.4140625,291.1011305021443,38.05,48.22769336106029,1024.83075,25061,37,17,(),1,5e+01 a1
yj_m,,False,1789621144056,0.5003272009968496,0.44433636563469797,0.0975376526836707,0.08028099798387096,0.015650598414093782,0.16045699259188684,0.13902485027875183,4356.749999999999,454.8580538269604,1.0,0.0024488678200343937,1.5039405317764934e-05,1544.125,1493.2265625,291.1011305021443,38.05,48.22769336106029,1024.83075,24706,37,17,(),1,5e+01 a1
yj_m,,False,1789621144106,0.5129549440742291,0.45501690985629406,0.0975376526836707,0.08230720766129032,0.015650598414093782,0.16045699259188684,0.13902485027875183,4356.749999999999,454.8580538269604,1.0,0.0024488678200343937,1.5039405317764934e-05,1581.8125,1530.9140625,291.1011305021443,38.05,48.22769336106029,1024.83075,25309,37,17,(),1,5e+01 a1
yj_m,,False,1789621144156,0.5499167459508046,0.48634576857518497,0.0975376526836707,0.08823798723118279,0.015650598414093782,0.16045699259188684,0.13902485027875183,4356.749999999999,454.8580538269604,1.0,0.0024488678200343937,1.5039405317764934e-05,1692.125,1641.2265625,291.1011305021443,38.05,48.22769336106029,1024.83075,27074,37,17,(),1,5e+01 a1
yj_m,,False,1789621144206,0.5753397643520302,0.5079447331101341,0.0975376526836707,0.09231728830645163,0.015650598414093782,0.16045699259188684,0.13902485027875183,4356.749999999999,454.8580538269604,1.0,0.0024488678200343937,1.5039405317764934e-05,1768.0,1717.1015625,291.1011305021443,38.05,48.22769336106029,1024.83075,28288,37,17,(),1,5e+01 a1
yj_m,,False,1789621144256,0.5570578079564207,0.4924088609991425,0.0975376526836707,0.08938382056451612,0.015650598414093782,0.16045699259188684,0.13902485027875183,4356.749999999999,454.8580538269604,1.0,0.0024488678200343937,1.5039405317764934e-05,1713.4375,1662.5390625,291.1011305021443,38.05,48.22769336106029,1024.83075,27415,37,17,(),1,5e+01 a1
yj_m,,False,1789621144306,0.5333310535506643,0.4722761723782331,0.0975376526836707,0.08557669690860215,0.015650598414093782,0.16045699259188684,0.13902485027875183,4356.749999999999,454.8580538269604,1.0,0.0024488678200343937,1.5039405317764934e-05,1642.625,1591.7265625,291.1011305021443,38.05,48.22769336106029,1024.83075,26282,37,17,(),1,5e+01 a1
yj_m,,False,1789621144356,0.5019815819307019,0.44573492155788486,0.0975376526836707,0.08054645497311827,0.015650598414093782,0.16045699259188684,0.13902485027875183,4356.749999999999,454.8580538269604,1.0,0.0024488678200343937,1.5039405317764934e-05,1549.0625,1498.1640625,291.1011305021443,38.05,48.22769336106029,1024.83075,24785,37,17,(),1,5e+01 a1
yj_m,,False,1789621144406,0.49574100574984103,0.4404605277367255,0.0975376526836707,0.07954511088709677,0.015650598414093782,0.16045699259188684,0.13902485027875183,4356.749999999999,454.8580538269604,1.0,0.0024488678200343937,1.5039405317764934e-05,1530.4375,1479.5390625,291.1011305021443,38.05,48.22769336106029,1024.83075,24487,37,17,(),1,5e+01 a1
yj_m,,False,1789621144456,0.4777731723163556,0.4252931243413494,0.0975376526836707,0.07666204637096774,0.015650598414093782,0.16045699259188684,0.13902485027875183,4356.749999999999,454.8580538269604,1.0,0.0024488678200343937,1.5039405317764934e-05,1476.8125,1425.9140625,291.1011305021443,38.05,48.22769336106029,1024.83075,23629,37,17,(),1,5e+01 a1
yj_m,,False,1789621144506,0.47678892036836745,0.4244631136599374,0.0975376526836707,0.07650411626344086,0.015650598414093782,0.16045699259188684,0.13902485027875183,4356.749999999999,454.8580538269604,1.0,0.0024488678200343937,1.5039405317764934e-05,1473.875,1422.9765625,291.1011305021443,38.05,48.22769336106029,1024.83075,23582,37,17,(),1,5e+01 a1
yj_m,,False,1789621144556,0.45999381266014444,0.4103143487327442,0.0975376526836707,0.07380922379032258,0.015650598414093782,0.16045699259188684,0.13902485027875183,4356.749999999999,454.8580538269604,1.0,0.0024488678200343937,1.5039405317764934e-05,1423.75,1372.8515625,291.1011305021443,38.05,48.22769336106029,1024.83075,22780,37,17,(),1,5e+01 a1
yj_m,,False,1789621144606,0.484704819013889,0.4311410362318396,0.0975376526836707,0.07777427755376344,0.015650598414093782,0.16045699259188684,0.13902485027875183,4356.749999999999,454.8580538269604,1.0,0.0024488678200343937,1.5039405317764934e-05,1497.5,1446.6015625,291.1011305021443,38.05,48.22769336106029,1024.83075,23960,37,17,(),1,5e+01 a1
yj_m,,False,1789621144656,0.5599058561463439,0.4948278431357237,0.0975376526836707,0.08984080981182796,0.015650598414093782,0.16045699259188684,0.13902485027875183,4356.749999999999,454.8580538269604,1.0,0.0024488678200343937,1.5039405317764934e-05,1721.9375,1671.0390625,291.1011305021443,38.05,48.22769336106029,1024.83075,27551,37,17,(),1,5e+01 a1
yj_m,,False,1789621144706,0.5430898069073126,0.48055234001362995,0.0975376526836707,0.08714255712365591,0.015650598414093782,0.16045699259188684,0.13902485027875183,4356.749999999999,454.8580538269604,1.0,0.0024488678200343937,1.5039405317764934e-05,1671.75,1620.8515625,291.1011305021443,38.05,48.22769336106029,1024.83075,26748,37,17,(),1,5e+01 a1
yj_m,,False,1789621144756,0.5450583108032889,0.48222253479221483,0.0975376526836707,0.08745841733870968,0.015650598414093782,0.16045699259188684,0.13902485027875183,4356.749999999999,454.8580538269604,1.0,0.0024488678200343937,1.5039405317764934e-05,1677.625,1626.7265625,291.1011305021443,38.05,48.22769336106029,1024.83075,26842,38,17,(),1,5e+01 a1
yj_m,,False,1789621144806,0.5273417757395025,0.46719998417314007,0.0975376526836707,0.0846156754032258,0.015650598414093782,0.16045699259188684,0.13902485027875183,4356.749999999999,454.8580538269604,1.0,0.0024488678200343937,1.5039405317764934e-05,1624.75,1573.8515625,291.1011305021443,38.05,48.22769336106029,1024.83075,25996,38,17,(),1,5e+01 a1
yj_m,,False,1789621144856,0.47494606565724073,0.4229092947988324,0.0975376526836707,0.07620841733870967,0.015650598414093782,0.16045699259188684,0.13902485027875183,4356.749999999999,454.8580538269604,1.0,0.0024488678200343937,1.5039405317764934e-05,1468.375,1417.4765625,291.1011305021443,38.05,48.22769336106029,1024.83075,23494,38,18,(),1,5e+01 a1
yj_m,,False,1789621144906,0.4644753002531117,0.41408697253878746,0.0975376526836707,0.07452830981182795,0.015650598414093782,0.16045699259188684,0.13902485027875183,4356.749999999999,454.8580538269604,1.0,0.0024488678200343937,1.5039405317764934e-05,1437.125,1386.2265625,291.1011305021443,38.05,48.22769336106029,1024.83075,22994,38,18,(),1,5e+01 a1
yj_m,,False,1789621144956,0.4637842297364392,0.4135050796547307,0.0975376526836707,0.07441742271505376,0.015650598414093782,0.16045699259188684,0.13902485027875183,4356.749999999999,454.8580538269604,1.0,0.0024488678200343937,1.5039405317764934e-05,1435.0625,1384.1640625,291.1011305021443,38.05,48.22769336106029,1024.83075,22961,38,18,(),1,5e+01 a1
yj_m,,False,1789621145006,0.5289752151425466,0.4685841534009271,0.0975376526836707,0.08487777217741936,0.015650598414093782,0.16045699259188684,0.13902485027875183,4356.749999999999,454.8580538269604,1.0,0.0024488678200343937,1.5039405317764934e-05,1629.625,1578.7265625,291.1011305021443,38.05,48.22769336106029,1024.83075,26074,38,18,(),1,5e+01 a1
yj_m,,False,1789621145056,0.5070284908554921,0.45000275735974504,0.0975376526836707,0.08135626680107526,0.015650598414093782,0.16045699259188684,0.13902485027875183,4356.749999999999,454.8580538269604,1.0,0.0024488678200343937,1.5039405317764934e-05,1564.125,1513.2265625,291.1011305021443,38.05,48.22769336106029,1024.83075,25026,38,18,(),1,5e+01 a1
yj_m,,False,1789621145106,0.4886418268058415,0.43446442691595943,0.0975376526836707,0.07840599798387096,0.015650598414093782,0.16045699259188684,0.13902485027875183,4356.749999999999,454.8580538269604,1.0,0.0024488678200343937,1.5039405317764934e-05,1509.25,1458.3515625,291.1011305021443,38.05,48.22769336106029,1024.83075,24148,38,18,(),1,5e+01 a1
yj_m,,False,1789621145156,0.4631978668738079,0.4130113901818635,0.0975376526836707,0.07432333669354838,0.015650598414093782,0.16045699259188684,0.13902485027875183,4356.749999999999,454.8580538269604,1.0,0.0024488678200343937,1.5039405317764934e-05,1433.3125,1382.4140625,291.1011305021443,38.05,48.22769336106029,1024.83075,22933,38,18,(),1,5e+01 a1
yj_m,,False,1789621145206,0.5586074812362318,0.4937250121424054,0.0975376526836707,0.08963247647849462,0.015650598414093782,0.16045699259188684,0.13902485027875183,4356.749999999999,454.8580538269604,1.0,0.0024488678200343937,1.5039405317764934e-05,1718.0625,1667.1640625,291.1011305021443,38.05,48.22769336106029,1024.83075,27489,38,18,(),1,5e+01 a1
yj_m,,False,1789621145256,0.5408909461724455,0.4786869918961406,0.0975376526836707,0.08678973454301075,0.015650598414093782,0.16045699259188684,0.13902485027875183,4356.749999999999,454.8580538269604,1.0,0.0024488678200343937,1.5039405317764934e-05,1665.1875,1614.2890625,291.1011305021443,38.05,48.22769336106029,1024.83075,26643,38,18,(),1,5e+01 a1
yj_m,,False,1789621145306,0.5262318746066649,0.46625956544787234,0.0975376526836707,0.08443758400537635,0.015650598414093782,0.16045699259188684,0.13902485027875183,4356.749999999999,454.8580538269604,1.0,0.0024488678200343937,1.5039405317764934e-05,1621.4375,1570.5390625,291.1011305021443,38.05,48.22769336106029,1024.83075,25943,38,18,(),1,5e+01 a1
yj_m,,False,1789621145356,0.5594660839993705,0.4944542924438632,0.0975376526836707,0.08977024529569894,0.015650598414093782,0.16045699259188684,0.13902485027875183,4356.749999999999,454.8580538269604,1.0,0.0024488678200343937,1.5039405317764934e-05,1720.625,1669.7265625,291.1011305021443,38.05,48.22769336106029,1024.83075,27530,38,18,(),1,5e+01 a1
yj_m,,False,1789621145406,0.4714069469506451,0.41992615862152527,0.0975376526836707,0.07564054099462365,0.015650598414093782,0.16045699259188684,0.13902485027875183,4356.749999999999,454.8580538269604,1.0,0.0024488678200343937,1.5039405317764934e-05,1457.8125,1406.9140625,291.1011305021443,38.05,48.22769336106029,1024.83075,23325,38,18,(),1,5e+01 a1
yj_m,,False,1789621145456,0.5565552112170227,0.4919820319636083,0.0975376526836707,0.08930317540322581,0.015650598414093782,0.16045699259188684,0.13902485027875183,4356.749999999999,454.8580538269604,1.0,0.0024488678200343937,1.5039405317764934e-05,1711.9375,1661.0390625,291.1011305021443,38.05,48.22769336106029,1024.83075,27391,38,18,(),1,5e+01 a1
yj_m,,False,1789621145506,0.5579582937811759,0.49317363411755044,0.0975376526836707,0.08952830981182795,0.015650598414093782,0.16045699259188684,0.13902485027875183,4356.749999999999,454.8580538269604,1.0,0.0024488678200343937,1.5039405317764934e-05,1716.125,1665.2265625,291.1011305021443,38.05,48.22769336106029,1024.83075,27458,38,18,(),1,5e+01 a1
yj_m,,False,1789621145556,0.5555081346766098,0.49109285350995713,0.0975376526836707,0.08913516465053764,0.015650598414093782,0.16045699259188684,0.13902485027875183,4356.749999999999,454.8580538269604,1.0,0.0024488678200343937,1.5039405317764934e-05,1708.8125,1657.9140625,291.1011305021443,38.05,48.22769336106029,1024.83075,27341,38,18,(),1,5e+01 a1
yj_m,,False,1789621145606,0.5548589472215536,0.4905415960472183,0.0975376526836707,0.08903099798387096,0.015650598414093782,0.16045699259188684,0.13902485027875183,4356.749999999999,454.8580538269604,1.0,0.0024488678200343937,1.5039405317764934e-05,1706.875,1655.9765625,291.1011305021443,38.05,48.22769336106029,1024.83075,27310,38,18,(),1,5e+01 a1
yj_m,,False,1789621145656,0.564701466701435,0.4989020589686245,0.0975376526836707,0.09061029905913978,0.015650598414093782,0.16045699259188684,0.13902485027875183,4356.749999999999,454.8580538269604,1.0,0.0024488678200343937,1.5039405317764934e-05,1736.25,1685.3515625,291.1011305021443,38.05,48.22769336106029,1024.83075,27780,38,18,(),1,5e+01 a1
yj_m,,False,1789621145706,0.5522831389321379,0.4883546008399932,0.0975376526836707,0.08861769153225806,0.015650598414093782,0.16045699259188684,0.13902485027875183,4356.749999999999,454.8580538269604,1.0,0.0024488678200343937,1.5039405317764934e-05,1699.1875,1648.2890625,291.1011305021443,38.05,48.22769336106029,1024.83075,27187,38,18,(),1,5e+01 a1
yj_m,,False,1789621145756,0.5519061913775892,0.48803458675698147,0.0975376526836707,0.08855720766129031,0.015650598414093782,0.16045699259188684,0.13902485027875183,4356.749999999999,454.8580538269604,1.0,0.0024488678200343937,1.5039405317764934e-05,1698.0625,1647.1640625,291.1011305021443,38.05,48.22769336106029,1024.83075,27169,39,18,(),1,5e+01 a1
yj_m,,False,1789621145806,0.55730910632612,0.4926222811857424,0.0975376526836707,0.0894241431451613,0.015650598414093782,0.16045699259188684,0.13902485027875183,4356.749999999999,454.8580538269604,1.0,0.0024488678200343937,1.5039405317764934e-05,1714.1875,1663.2890625,291.1011305021443,38.05,48.22769336106029,1024.83075,27427,39,18,(),1,5e+01 a1
yj_m,,False,1789621145856,0.5605341020705916,0.49536150675038587,0.0975376526836707,0.08994161626344085,0.015650598414093782,0.16045699259188684,0.13902485027875183,4356.749999999999,454.8580538269604,1.0,0.0024488678200343937,1.5039405317764934e-05,1723.8125,1672.9140625,291.1011305021443,38.05,48.22769336106029,1024.83075,27581,39,19,(),1,5e+01 a1
yj_m,,False,1789621145906,0.5551311871220611,0.4907727654320688,0.0975376526836707,0.0890746807795699,0.015650598414093782,0.16045699259188684,0.13902485027875183,4356.749999999999,454.8580538269604,1.0,0.0024488678200343937,1.5039405317764934e-05,1707.6875,1656.7890625,291.1011305021443,38.05,48.22769336106029,1024.83075,27323,39,19,(),1,5e+01 a1
yj_m,,False,1789621145956,0.554481999667005,0.4902215227648119,0.0975376526836707,0.08897051411290322,0.015650598414093782,0.16045699259188684,0.13902485027875183,4356.749999999999,454.8580538269604,1.0,0.0024488678200343937,1.5039405317764934e-05,1705.75,1654.8515625,291.1011305021443,38.05,48.22769336106029,1024.83075,27292,39,19,(),1,5e+01 a1
yj_m,,False,1789621146006,0.5550893040604445,0.49073720061970316,0.0975376526836707,0.08906796034946236,0.015650598414093782,0.16045699259188684,0.13902485027875183,4356.749999999999,454.8580538269604,1.0,0.0024488678200343937,1.5039405317764934e-05,1707.5625,1656.6640625,291.1011305021443,38.05,48.22769336106029,1024.83075,27321,39,19,(),1,5e+01 a1
yj_m,,False,1789621146056,0.5546704734442793,0.4903815583303386,0.0975376526836707,0.0890007560483871,0.015650598414093782,0.16045699259188684,0.13902485027875183,4356.749999999999,454.8580538269604,1.0,0.0024488678200343937,1.5039405317764934e-05,1706.3125,1655.4140625,291.1011305021443,38.05,48.22769336106029,1024.83075,27301,39,19,(),1,5e+01 a1
yj_m,,False,1789621146106,0.5546076488518545,0.4903282129026864,0.0975376526836707,0.0889906754032258,0.015650598414093782,0.16045699259188684,0.13902485027875183,4356.749999999999,454.8580538269604,1.0,0.0024488678200343937,1.5039405317764934e-05,1706.125,1655.2265625,291.1011305021443,38.05,48.22769336106029,1024.83075,27298,39,19,(),1,5e+01 a1
yj_m,,False,1789621146156,0.5243052537723052,0.46462734689552826,0.0975376526836707,0.08412844422043012,0.015650598414093782,0.16045699259188684,0.13902485027875183,4356.749999999999,454.8580538269604,1.0,0.0024488678200343937,1.5039405317764934e-05,1615.6875,1564.7890625,291.1011305021443,38.05,48.22769336106029,1024.83075,25851,39,19,(),1,5e+01 a1
yj_m,,False,1789621146206,0.5217294454828894,0.4624455550373197,0.0975376526836707,0.08371513776881721,0.015650598414093782,0.16045699259188684,0.13902485027875183,4356.749999999999,454.8580538269604,1.0,0.0024488678200343937,1.5039405317764934e-05,1608.0,1557.1015625,291.1011305021443,38.05,48.22769336106029,1024.83075,25728,39,19,(),1,5e+01 a1
yj_m,,False,1789621146256,0.5546285903826629,0.4903459946853392,0.0975376526836707,0.08899403561827958,0.015650598414093782,0.16045699259188684,0.13902485027875183,4356.749999999999,454.8580538269604,1.0,0.0024488678200343937,1.5039405317764934e-05,1706.1875,1655.2890625,291.1011305021443,38.05,48.22769336106029,1024.83075,27299,39,19,(),1,5e+01 a1
yj_m,,False,1789621146306,0.5055207006372976,0.44872750756653634,0.0975376526836707,0.0811143313172043,0.015650598414093782,0.16045699259188684,0.13902485027875183,4356.749999999999,454.8580538269604,1.0,0.0024488678200343937,1.5039405317764934e-05,1559.625,1508.7265625,291.1011305021443,38.05,48.22769336106029,1024.83075,24954,39,19,(),1,5e+01 a1
yj_m,,False,1789621146356,0.5800725503146964,0.5119696573735716,0.0975376526836707,0.09307669690860214,0.015650598414093782,0.16045699259188684,0.13902485027875183,4356.749999999999,454.8580538269604,1.0,0.0024488678200343937,1.5039405317764934e-05,1782.125,1731.2265625,291.1011305021443,38.05,48.22769336106029,1024.83075,28514,39,19,(),1,5e+01 a1
yj_m,,False,1789621146406,0.5733084358636291,0.5062175940828136,0.0975376526836707,0.09199134744623656,0.015650598414093782,0.16045699259188684,0.13902485027875183,4356.749999999999,454.8580538269604,1.0,0.0024488678200343937,1.5039405317764934e-05,1761.9375,1711.0390625,291.1011305021443,38.05,48.22769336106029,1024.83075,28191,39,19,(),1,5e+01 a1
yj_m,,False,1789621146456,0.5637172147534468,0.49806575725314506,0.0975376526836707,0.0904523689516129,0.015650598414093782,0.16045699259188684,0.13902485027875183,4356.749999999999,454.8580538269604,1.0,0.0024488678200343937,1.5039405317764934e-05,1733.3125,1682.4140625,291.1011305021443,38.05,48.22769336106029,1024.83075,27733,39,19,(),1,5e+01 a1
yj_m,,False,1789621146506,0.5613717633029219,0.4960730942973746,0.0975376526836707,0.0900760248655914,0.015650598414093782,0.16045699259188684,0.13902485027875183,4356.749999999999,454.8580538269604,1.0,0.0024488678200343937,1.5039405317764934e-05,1726.3125,1675.4140625,291.1011305021443,38.05,48.22769336106029,1024.83075,27621,39,19,(),1,5e+01 a1
yj_m,,False,1789621146556,0.5609110496251403,0.4956817160552929,0.0975376526836707,0.0900021001344086,0.015650598414093782,0.16045699259188684,0.13902485027875183,4356.749999999999,454.8580538269604,1.0,0.0024488678200343937,1.5039405317764934e-05,1724.9375,1674.0390625,291.1011305021443,38.05,48.22769336106029,1024.83075,27599,39,19,(),1,5e+01 a1
yj_m,,False,1789621146606,0.5634240333221312,0.4978166569153424,0.0975376526836707,0.09040532594086022,0.015650598414093782,0.16045699259188684,0.13902485027875183,4356.749999999999,454.8580538269604,1.0,0.0024488678200343937,1.5039405317764934e-05,1732.4375,1681.5390625,291.1011305021443,38.05,48.22769336106029,1024.83075,27719,39,19,(),1,5e+01 a1
yj_m,,False,1789621146656,0.561539295549388,0.4962154167384204,0.0975376526836707,0.0901029065860215,0.015650598414093782,0.16045699259188684,0.13902485027875183,4356.749999999999,454.8580538269604,1.0,0.0024488678200343937,1.5039405317764934e-05,1726.8125,1675.9140625,291.1011305021443,38.05,48.22769336106029,1024.83075,27629,39,19,(),1,5e+01 a1
yj_m,,False,1789621146706,0.5850566346470619,0.5162095827030996,0.0975376526836707,0.09387642809139786,0.015650598414093782,0.16045699259188684,0.13902485027875183,4356.749999999999,454.8580538269604,1.0,0.0024488678200343937,1.5039405317764934e-05,1797.0,1746.1015625,291.1011305021443,38.05,48.22769336106029,1024.83075,28752,39,19,(),1,5e+01 a1
yj_m,,False,1789621146756,0.5098555975146071,0.4523943297803416,0.0975376526836707,0.08180989583333334,0.015650598414093782,0.16045699259188684,0.13902485027875183,4356.749999999999,454.8580538269604,1.0,0.0024488678200343937,1.5039405317764934e-05,1572.5625,1521.6640625,291.1011305021443,38.05,48.22769336106029,1024.83075,25161,40,19,(),1,5e+01 a1
yj_m,,False,1789621146806,0.5511941793301085,0.48743013954453035,0.0975376526836707,0.08844296034946236,0.015650598414093782,0.16045699259188684,0.13902485027875183,4356.749999999999,454.8580538269604,1.0,0.0024488678200343937,1.5039405317764934e-05,1695.9375,1645.0390625,291.1011305021443,38.05,48.22769336106029,1024.83075,27135,40,19,(),1,5e+01 a1
yj_m,,False,1789621146856,0.4832598533881192,0.42992162598131883,0.0975376526836707,0.07754242271505377,0.015650598414093782,0.16045699259188684,0.13902485027875183,4356.749999999999,454.8580538269604,1.0,0.0024488678200343937,1.5039405317764934e-05,1493.1875,1442.2890625,291.1011305021443,38.05,48.22769336106029,1024.83075,23891,40,20,(),1,5e+01 a1
yj_m,,False,1789621146906,0.5000130780347257,0.4440708421476824,0.0975376526836707,0.08023059475806452,0.015650598414093782,0.16045699259188684,0.13902485027875183,4356.749999999999,454.8580538269604,1.0,0.0024488678200343937,1.5039405317764934e-05,1543.1875,1492.2890625,291.1011305021443,38.05,48.22769336106029,1024.83075,24691,40,20,(),1,5e+01 a1
yj_m,,False,1789621146956,0.560240920639276,0.4951124608397512,0.0975376526836707,0.08989457325268817,0.015650598414093782,0.16045699259188684,0.13902485027875183,4356.749999999999,454.8580538269604,1.0,0.0024488678200343937,1.5039405317764934e-05,1722.9375,1672.0390625,291.1011305021443,38.05,48.22769336106029,1024.83075,27567,40,20,(),1,5e+01 a1
yj_m,,False,1789621147006,0.559507967060987,0.49448986820836704,0.0975376526836707,0.08977696572580646,0.015650598414093782,0.16045699259188684,0.13902485027875183,4356.749999999999,454.8580538269604,1.0,0.0024488678200343937,1.5039405317764934e-05,1720.75,1669.8515625,291.1011305021443,38.05,48.22769336106029,1024.83075,27532,40,20,(),1,5e+01 a1
yj_m,,False,1789621147056,0.55959173318422,0.4945610200481929,0.0975376526836707,0.0897904065860215,0.015650598414093782,0.16045699259188684,0.13902485027875183,4356.749999999999,454.8580538269604,1.0,0.0024488678200343937,1.5039405317764934e-05,1721.0,1670.1015625,291.1011305021443,38.05,48.22769336106029,1024.83075,27536,40,20,(),1,5e+01 a1
yj_m,,False,1789621147106,0.562272249127677,0.4968380966890172,0.0975376526836707,0.09022051411290323,0.015650598414093782,0.16045699259188684,0.13902485027875183,4356.749999999999,454.8580538269604,1.0,0.0024488678200343937,1.5039405317764934e-05,1729.0,1678.1015625,291.1011305021443,38.05,48.22769336106029,1024.83075,27664,40,20,(),1,5e+01 a1
yj_m,,False,1789621147156,0.5225671067152197,0.46315502859978225,0.0975376526836707,0.08384954637096774,0.015650598414093782,0.16045699259188684,0.13902485027875183,4356.749999999999,454.8580538269604,1.0,0.0024488678200343937,1.5039405317764934e-05,1610.5,1559.6015625,291.1011305021443,38.05,48.22769336106029,1024.83075,25768,40,20,(),1,5e+01 a1
yj_m,,False,1789621147206,0.4921809455124372,0.4374530960640347,0.0975376526836707,0.078973874327957,0.015650598414093782,0.16045699259188684,0.13902485027875183,4356.749999999999,454.8580538269604,1.0,0.0024488678200343937,1.5039405317764934e-05,1519.8125,1468.9140625,291.1011305021443,38.05,48.22769336106029,1024.83075,24317,40,20,(),1,5e+01 a1
yj_m,,False,1789621147256,0.5281584954410246,0.46789204553332653,0.0975376526836707,0.08474672379032258,0.015650598414093782,0.16045699259188684,0.13902485027875183,4356.749999999999,454.8580538269604,1.0,0.0024488678200343937,1.5039405317764934e-05,1627.1875,1576.2890625,291.1011305021443,38.05,48.22769336106029,1024.83075,26035,40,20,(),1,5e+01 a1
yj_m,,False,1789621147306,0.4973535036220769,0.4418230672415244,0.0975376526836707,0.07980384744623656,0.015650598414093782,0.16045699259188684,0.13902485027875183,4356.749999999999,454.8580538269604,1.0,0.0024488678200343937,1.5039405317764934e-05,1535.25,1484.3515625,291.1011305021443,38.05,48.22769336106029,1024.83075,24564,40,20,(),1,5e+01 a1
yj_m,,False,1789621147356,0.48518647422247896,0.4315475477417714,0.0975376526836707,0.0778515625,0.015650598414093782,0.16045699259188684,0.13902485027875183,4356.749999999999,454.8580538269604,1.0,0.0024488678200343937,1.5039405317764934e-05,1498.9375,1448.0390625,291.1011305021443,38.05,48.22769336106029,1024.83075,23983,40,20,(),1,5e+01 a1
yj_m,,False,1789621147406,0.5407234139259794,0.4785448829951507,0.0975376526836707,0.08676285282258064,0.015650598414093782,0.16045699259188684,0.13902485027875183,4356.749999999999,454.8580538269604,1.0,0.0024488678200343937,1.5039405317764934e-05,1664.6875,1613.7890625,291.1011305021443,38.05,48.22769336106029,1024.83075,26635,40,20,(),1,5e+01 a1
yj_m,,False,1789621147456,0.5606388097246329,0.4954504529427935,0.0975376526836707,0.08995841733870967,0.015650598414093782,0.16045699259188684,0.13902485027875183,4356.749999999999,454.8580538269604,1.0,0.0024488678200343937,1.5039405317764934e-05,1724.125,1673.2265625,291.1011305021443,38.05,48.22769336106029,1024.83075,27586,40,20,(),1,5e+01 a1
yj_m,,False,1789621147506,0.49236941928971145,0.4376122861233325,0.0975376526836707,0.07900411626344085,0.015650598414093782,0.16045699259188684,0.13902485027875183,4356.749999999999,454.8580538269604,1.0,0.0024488678200343937,1.5039405317764934e-05,1520.375,1469.4765625,291.1011305021443,38.05,48.22769336106029,1024.83075,24326,40,20,(),1,5e+01 a1
yj_m,,False,1789621147556,0.5008926223286725,0.4448143281447419,0.0975376526836707,0.08037172379032258,0.015650598414093782,0.16045699259188684,0.13902485027875183,4356.749999999999,454.8580538269604,1.0,0.0024488678200343937,1.5039405317764934e-05,1545.8125,1494.9140625,291.1011305021443,38.05,48.22769336106029,1024.83075,24733,40,20,(),1,5e+01 a1
yj_m,,False,1789621147606,0.57726638518639,0.5095830521690887,0.0975376526836707,0.09262642809139786,0.015650598414093782,0.16045699259188684,0.13902485027875183,4356.749999999999,454.8580538269604,1.0,0.0024488678200343937,1.5039405317764934e-05,1773.75,1722.8515625,291.1011305021443,38.05,48.22769336106029,1024.83075,28380,40,20,(),1,5e+01 a1
yj_m,,False,1789621147656,0.5711305166595703,0.5043660685796734,0.0975376526836707,0.09164188508064516,0.015650598414093782,0.16045699259188684,0.13902485027875183,4356.749999999999,454.8580538269604,1.0,0.0024488678200343937,1.5039405317764934e-05,1755.4375,1704.5390625,291.1011305021443,38.05,48.22769336106029,1024.83075,28087,40,20,(),1,5e+01 a1
yj_m,,False,1789621147706,0.540367407902239,0.4782429076558106,0.0975376526836707,0.08670572916666666,0.015650598414093782,0.16045699259188684,0.13902485027875183,4356.749999999999,454.8580538269604,1.0,0.0024488678200343937,1.5039405317764934e-05,1663.625,1612.7265625,291.1011305021443,38.05,48.22769336106029,1024.83075,26618,40,20,(),1,5e+01 a1
yj_m,,False,1789621147756,0.49199247173516286,0.43729390903527415,0.0975376526836707,0.07894363239247312,0.015650598414093782,0.16045699259188684,0.13902485027875183,4356.749999999999,454.8580538269604,1.0,0.0024488678200343937,1.5039405317764934e-05,1519.25,1468.3515625,291.1011305021443,38.05,48.22769336106029,1024.83075,24308,41,20,(),1,5e+01 a1
yj_m,,False,1789621147806,0.5599477392079604,0.4948634199870561,0.0975376526836707,0.08984753024193548,0.015650598414093782,0.16045699259188684,0.13902485027875183,4356.749999999999,454.8580538269604,1.0,0.0024488678200343937,1.5039405317764934e-05,1722.0625,1671.1640625,291.1011305021443,38.05,48.22769336106029,1024.83075,27553,41,20,(),1,5e+01 a1
yj_m,,False,1789621147856,0.5743136293424255,0.5070722325683464,0.0975376526836707,0.0921526377688172,0.015650598414093782,0.16045699259188684,0.13902485027875183,4356.749999999999,454.8580538269604,1.0,0.0024488678200343937,1.5039405317764934e-05,1764.9375,1714.0390625,291.1011305021443,38.05,48.22769336106029,1024.83075,28239,41,21,(),1,5e+01 a1
yj_m,,False,1789621147906,0.5645967590473937,0.4988130880477683,0.0975376526836707,0.09059349798387097,0.015650598414093782,0.16045699259188684,0.13902485027875183,4356.749999999999,454.8580538269604,1.0,0.0024488678200343937,1.5039405317764934e-05,1735.9375,1685.0390625,291.1011305021443,38.05,48.22769336106029,1024.83075,27775,41,21,(),1,5e+01 a1
yj_m,,False,1789621147956,0.5567227434634887,0.49212430662743273,0.0975376526836707,0.08933005712365592,0.015650598414093782,0.16045699259188684,0.13902485027875183,4356.749999999999,454.8580538269604,1.0,0.0024488678200343937,1.5039405317764934e-05,1712.4375,1661.5390625,291.1011305021443,38.05,48.22769336106029,1024.83075,27399,41,21,(),1,5e+01 a1
yj_m,,False,1789621148006,0.4715116546046864,0.42001439987244477,0.0975376526836707,0.07565734206989247,0.015650598414093782,0.16045699259188684,0.13902485027875183,4356.749999999999,454.8580538269604,1.0,0.0024488678200343937,1.5039405317764934e-05,1458.125,1407.2265625,291.1011305021443,38.05,48.22769336106029,1024.83075,23330,41,21,(),1,5e+01 a1
yj_m,,False,1789621148056,0.48302949654922833,0.42972724454708733,0.0975376526836707,0.07750546034946236,0.015650598414093782,0.16045699259188684,0.13902485027875183,4356.749999999999,454.8580538269604,1.0,0.0024488678200343937,1.5039405317764934e-05,1492.5,1441.6015625,291.1011305021443,38.05,48.22769336106029,1024.83075,23880,41,21,(),1,5e+01 a1
yj_m,,False,1789621148106,0.5507544071831351,0.4870568201128223,0.0975376526836707,0.08837239583333333,0.015650598414093782,0.16045699259188684,0.13902485027875183,4356.749999999999,454.8580538269604,1.0,0.0024488678200343937,1.5039405317764934e-05,1694.625,1643.7265625,291.1011305021443,38.05,48.22769336106029,1024.83075,27114,41,21,(),1,5e+01 a1
yj_m,,False,1789621148156,0.5747952845510154,0.5074817664743559,0.0975376526836707,0.09222992271505376,0.015650598414093782,0.16045699259188684,0.13902485027875183,4356.749999999999,454.8580538269604,1.0,0.0024488678200343937,1.5039405317764934e-05,1766.375,1715.4765625,291.1011305021443,38.05,48.22769336106029,1024.83075,28262,41,21,(),1,5e+01 a1
yj_m,,False,1789621148206,0.5662092569196295,0.5001833099782704,0.0975376526836707,0.09085223454301075,0.015650598414093782,0.16045699259188684,0.13902485027875183,4356.749999999999,454.8580538269604,1.0,0.0024488678200343937,1.5039405317764934e-05,1740.75,1689.8515625,291.1011305021443,38.05,48.22769336106029,1024.83075,27852,41,21,(),1,5e+01 a1
yj_m,,False,1789621148256,0.5734131435176704,0.5063066163343584,0.0975376526836707,0.09200814852150538,0.015650598414093782,0.16045699259188684,0.13902485027875183,4356.749999999999,454.8580538269604,1.0,0.0024488678200343937,1.5039405317764934e-05,1762.25,1711.3515625,291.1011305021443,38.05,48.22769336106029,1024.83075,28196,41,21,(),1,5e+01 a1
yj_m,,False,1789621148306,0.5592566686912879,0.4942764151763316,0.0975376526836707,0.08973664314516129,0.015650598414093782,0.16045699259188684,0.13902485027875183,4356.749999999999,454.8580538269604,1.0,0.0024488678200343937,1.5039405317764934e-05,1720.0,1669.1015625,291.1011305021443,38.05,48.22769336106029,1024.83075,27520,41,21,(),1,5e+01 a1
yj_m,,False,1789621148356,0.48177300470073287,0.4286670664162283,0.0975376526836707,0.07730384744623656,0.015650598414093782,0.16045699259188684,0.13902485027875183,4356.749999999999,454.8580538269604,1.0,0.0024488678200343937,1.5039405317764934e-05,1488.75,1437.8515625,291.1011305021443,38.05,48.22769336106029,1024.83075,23820,41,21,(),1,5e+01 a1
yj_m,,False,1789621148406,0.4785480089562611,0.4259466003044067,0.0975376526836707,0.07678637432795699,0.015650598414093782,0.16045699259188684,0.13902485027875183,4356.749999999999,454.8580538269604,1.0,0.0024488678200343937,1.5039405317764934e-05,1479.125,1428.2265625,291.1011305021443,38.05,48.22769336106029,1024.83075,23666,41,21,(),1,5e+01 a1
yj_m,,False,1789621148456,0.49934294904886145,0.44350441895645604,0.0975376526836707,0.08012306787634409,0.015650598414093782,0.16045699259188684,0.13902485027875183,4356.749999999999,454.8580538269604,1.0,0.0024488678200343937,1.5039405317764934e-05,1541.1875,1490.2890625,291.1011305021443,38.05,48.22769336106029,1024.83075,24659,41,21,(),1,5e+01 a1
yj_m,,False,1789621148506,0.483406444103777,0.43004532574119925,0.0975376526836707,0.0775659442204301,0.015650598414093782,0.16045699259188684,0.13902485027875183,4356.749999999999,454.8580538269604,1.0,0.0024488678200343937,1.5039405317764934e-05,1493.625,1442.7265625,291.1011305021443,38.05,48.22769336106029,1024.83075,23898,41,21,(),1,5e+01 a1
yj_m,,False,1789621148556,0.5693295450100601,0.5028351987297499,0.0975376526836707,0.0913529065860215,0.015650598414093782,0.16045699259188684,0.13902485027875183,4356.749999999999,454.8580538269604,1.0,0.0024488678200343937,1.5039405317764934e-05,1750.0625,1699.1640625,291.1011305021443,38.05,48.22769336106029,1024.83075,28001,41,21,(),1,5e+01 a1
yj_m,,False,1789621148606,0.5275721325783933,0.46739517624622307,0.0975376526836707,0.0846526377688172,0.015650598414093782,0.16045699259188684,0.13902485027875183,4356.749999999999,454.8580538269604,1.0,0.0024488678200343937,1.5039405317764934e-05,1625.4375,1574.5390625,291.1011305021443,38.05,48.22769336106029,1024.83075,26007,41,21,(),1,5e+01 a1
yj_m,,False,1789621148656,0.5121382243727071,0.45432575338269054,0.0975376526836707,0.08217615927419354,0.015650598414093782,0.16045699259188684,0.13902485027875183,4356.749999999999,454.8580538269604,1.0,0.0024488678200343937,1.5039405317764934e-05,1579.375,1528.4765625,291.1011305021443,38.05,48.22769336106029,1024.83075,25270,41,21,(),1,5e+01 a1
yj_m,,False,1789621148706,0.5162218228803175,0.4577820391410153,0.0975376526836707,0.08283140120967741,0.015650598414093782,0.16045699259188684,0.13902485027875183,4356.749999999999,454.8580538269604,1.0,0.0024488678200343937,1.5039405317764934e-05,1591.5625,1540.6640625,291.1011305021443,38.05,48.22769336106029,1024.83075,25465,41,21,(),1,5e+01 a1
yj_m,,False,1789621148756,0.5859780620026253,0.5169935766597952,0.0975376526836707,0.09402427755376344,0.015650598414093782,0.16045699259188684,0.13902485027875183,4356.749999999999,454.8580538269604,1.0,0.0024488678200343937,1.5039405317764934e-05,1799.75,1748.8515625,291.1011305021443,38.05,48.22769336106029,1024.83075,28796,42,21,(),1,5e+01 a1
yj_m,,False,1789621148806,0.5831509553435104,0.5145882807450142,0.0975376526836707,0.09357064852150537,0.015650598414093782,0.16045699259188684,0.13902485027875183,4356.749999999999,454.8580538269604,1.0,0.0024488678200343937,1.5039405317764934e-05,1791.3125,1740.4140625,291.1011305021443,38.05,48.22769336106029,1024.83075,28661,42,21,(),1,5e+01 a1
yj_m,,False,1789621148856,0.5663139645736709,0.5002722905724036,0.0975376526836707,0.09086903561827957,0.015650598414093782,0.16045699259188684,0.13902485027875183,4356.749999999999,454.8580538269604,1.0,0.0024488678200343937,1.5039405317764934e-05,1741.0625,1690.1640625,291.1011305021443,38.05,48.22769336106029,1024.83075,27857,42,22,(),1,5e+01 a1
yj_m,,False,1789621148906,0.5651412388484084,0.49927574371795796,0.0975376526836707,0.09068086357526882,0.015650598414093782,0.16045699259188684,0.13902485027875183,4356.749999999999,454.8580538269604,1.0,0.0024488678200343937,1.5039405317764934e-05,1737.5625,1686.6640625,291.1011305021443,38.05,48.22769336106029,1024.83075,27801,42,22,(),1,5e+01 a1
yj_m,,False,1789621148956,0.5884282211071914,0.5190785008074186,0.0975376526836707,0.09441742271505375,0.015650598414093782,0.16045699259188684,0.13902485027875183,4356.749999999999,454.8580538269604,1.0,0.0024488678200343937,1.5039405317764934e-05,1807.0625,1756.1640625,291.1011305021443,38.05,48.22769336106029,1024.83075,28913,42,22,(),1,5e+01 a1
yj_m,,False,1789621149006,0.544011234262876,0.4813341024264481,0.0975376526836707,0.08729040658602151,0.015650598414093782,0.16045699259188684,0.13902485027875183,4356.749999999999,454.8580538269604,1.0,0.0024488678200343937,1.5039405317764934e-05,1674.5,1623.6015625,291.1011305021443,38.05,48.22769336106029,1024.83075,26792,42,22,(),1,5e+01 a1
yj_m,,False,1789621149056,0.560157154516043,0.4950413057939596,0.0975376526836707,0.08988113239247311,0.015650598414093782,0.16045699259188684,0.13902485027875183,4356.749999999999,454.8580538269604,1.0,0.0024488678200343937,1.5039405317764934e-05,1722.6875,1671.7890625,291.1011305021443,38.05,48.22769336106029,1024.83075,27563,42,22,(),1,5e+01 a1
yj_m,,False,1789621149106,0.5801563164379295,0.5120409057910181,0.0975376526836707,0.09309013776881721,0.015650598414093782,0.16045699259188684,0.13902485027875183,4356.749999999999,454.8580538269604,1.0,0.0024488678200343937,1.5039405317764934e-05,1782.375,1731.4765625,291.1011305021443,38.05,48.22769336106029,1024.83075,28518,42,22,(),1,5e+01 a1
yj_m,,False,1789621149156,0.5508381733063682,0.48712792765518875,0.0975376526836707,0.0883858366935484,0.015650598414093782,0.16045699259188684,0.13902485027875183,4356.749999999999,454.8580538269604,1.0,0.0024488678200343937,1.5039405317764934e-05,1694.875,1643.9765625,291.1011305021443,38.05,48.22769336106029,1024.83075,27118,42,22,(),1,5e+01 a1
yj_m,,False,1789621149206,0.5191745787242819,0.4602819746236791,0.0975376526836707,0.08330519153225806,0.015650598414093782,0.16045699259188684,0.13902485027875183,4356.749999999999,454.8580538269604,1.0,0.0024488678200343937,1.5039405317764934e-05,1600.375,1549.4765625,291.1011305021443,38.05,48.22769336106029,1024.83075,25606,42,22,(),1,5e+01 a1
yj_m,,False,1789621149256,0.566900327436302,0.5007705934472764,0.0975376526836707,0.09096312163978494,0.015650598414093782,0.16045699259188684,0.13902485027875183,4356.749999999999,454.8580538269604,1.0,0.0024488678200343937,1.5039405317764934e-05,1742.8125,1691.9140625,291.1011305021443,38.05,48.22769336106029,1024.83075,27885,42,22,(),1,5e+01 a1
yj_m,,False,1789621149306,0.5864178341495987,0.5173677710754606,0.0975376526836707,0.09409484206989248,0.015650598414093782,0.16045699259188684,0.13902485027875183,4356.749999999999,454.8580538269604,1.0,0.0024488678200343937,1.5039405317764934e-05,1801.0625,1750.1640625,291.1011305021443,38.05,48.22769336106029,1024.83075,28817,42,22,(),1,5e+01 a1
yj_m,,False,1789621149356,0.5857895882253509,0.5168332106831464,0.0975376526836707,0.09399403561827957,0.015650598414093782,0.16045699259188684,0.13902485027875183,4356.749999999999,454.8580538269604,1.0,0.0024488678200343937,1.5039405317764934e-05,1799.1875,1748.2890625,291.1011305021443,38.05,48.22769336106029,1024.83075,28787,42,22,(),1,5e+01 a1
yj_m,,False,1789621149406,0.5913809769511559,0.5215915086985604,0.0975376526836707,0.09489121303763441,0.015650598414093782,0.16045699259188684,0.13902485027875183,4356.749999999999,454.8580538269604,1.0,0.0024488678200343937,1.5039405317764934e-05,1815.875,1764.9765625,291.1011305021443,38.05,48.22769336106029,1024.83075,29054,42,22,(),1,5e+01 a1
yj_m,,False,1789621149456,0.5585237151129989,0.4936538651837427,0.0975376526836707,0.08961903561827958,0.015650598414093782,0.16045699259188684,0.13902485027875183,4356.749999999999,454.8580538269604,1.0,0.0024488678200343937,1.5039405317764934e-05,1717.8125,1666.9140625,291.1011305021443,38.05,48.22769336106029,1024.83075,27485,42,22,(),1,5e+01 a1
yj_m,,False,1789621149506,0.5235094756015913,0.4639532466370051,0.0975376526836707,0.0840007560483871,0.015650598414093782,0.16045699259188684,0.13902485027875183,4356.749999999999,454.8580538269604,1.0,0.0024488678200343937,1.5039405317764934e-05,1613.3125,1562.4140625,291.1011305021443,38.05,48.22769336106029,1024.83075,25813,42,22,(),1,5e+01 a1
yj_m,,False,1789621149556,0.5257711609288832,0.4658692284198977,0.0975376526836707,0.08436365927419355,0.015650598414093782,0.16045699259188684,0.13902485027875183,4356.749999999999,454.8580538269604,1.0,0.0024488678200343937,1.5039405317764934e-05,1620.0625,1569.1640625,291.1011305021443,38.05,48.22769336106029,1024.83075,25921,42,22,(),1,5e+01 a1
yj_m,,False,1789621149606,0.5500005120740378,0.48641687177178067,0.0975376526836707,0.08825142809139785,0.015650598414093782,0.16045699259188684,0.13902485027875183,4356.749999999999,454.8580538269604,1.0,0.0024488678200343937,1.5039405317764934e-05,1692.375,1641.4765625,291.1011305021443,38.05,48.22769336106029,1024.83075,27078,42,22,(),1,5e+01 a1
yj_m,,False,1789621149656,0.5677798717302489,0.5015180844045679,0.0975376526836707,0.091104250672043,0.015650598414093782,0.16045699259188684,0.13902485027875183,4356.749999999999,454.8580538269604,1.0,0.0024488678200343937,1.5039405317764934e-05,1745.4375,1694.5390625,291.1011305021443,38.05,48.22769336106029,1024.83075,27927,42,22,(),1,5e+01 a1
yj_m,,False,1789621149706,0.5666280875357946,0.5005392361057978,0.0975376526836707,0.09091943884408601,0.015650598414093782,0.16045699259188684,0.13902485027875183,4356.749999999999,454.8580538269604,1.0,0.0024488678200343937,1.5039405317764934e-05,1742.0,1691.1015625,291.1011305021443,38.05,48.22769336106029,1024.83075,27872,42,22,(),1,5e+01 a1
yj_m,,False,1789621149756,0.565183121910025,0.49931133332090566,0.0975376526836707,0.09068758400537635,0.015650598414093782,0.16045699259188684,0.13902485027875183,4356.749999999999,454.8580538269604,1.0,0.0024488678200343937,1.5039405317764934e-05,1737.6875,1686.7890625,291.1011305021443,38.05,48.22769336106029,1024.83075,27803,43,22,(),1,5e+01 a1
yj_m,,False,1789621149806,0.5773292097788146,0.5096364790000527,0.0975376526836707,0.09263650873655914,0.015650598414093782,0.16045699259188684,0.13902485027875183,4356.749999999999,454.8580538269604,1.0,0.0024488678200343937,1.5039405317764934e-05,1773.9375,1723.0390625,291.1011305021443,38.05,48.22769336106029,1024.83075,28383,43,22,(),1,5e+01 a1
yj_m,,False,1789621149856,0.5702719138964316,0.5036362126583812,0.0975376526836707,0.09150411626344086,0.015650598414093782,0.16045699259188684,0.13902485027875183,4356.749999999999,454.8580538269604,1.0,0.0024488678200343937,1.5039405317764934e-05,1752.875,1701.9765625,291.1011305021443,38.05,48.22769336106029,1024.83075,28046,43,23,(),1,5e+01 a1
yj_m,,False,1789621149906,0.5151747463399046,0.4568956925437998,0.0975376526836707,0.08266339045698924,0.015650598414093782,0.16045699259188684,0.13902485027875183,4356.749999999999,454.8580538269604,1.0,0.0024488678200343937,1.5039405317764934e-05,1588.4375,1537.5390625,291.1011305021443,38.05,48.22769336106029,1024.83075,25415,43,23,(),1,5e+01 a1
yj_m,,False,1789621149956,0.48292478889518703,0.4296388909280593,0.0975376526836707,0.07748865927419354,0.015650598414093782,0.16045699259188684,0.13902485027875183,4356.749999999999,454.8580538269604,1.0,0.0024488678200343937,1.5039405317764934e-05,1492.1875,1441.2890625,291.1011305021443,38.05,48.22769336106029,1024.83075,23875,43,23,(),1,5e+01 a1
yj_m,,False,1789621150006,0.5279281386021338,0.4676968440216571,0.0975376526836707,0.08470976142473119,0.015650598414093782,0.16045699259188684,0.13902485027875183,4356.749999999999,454.8580538269604,1.0,0.0024488678200343937,1.5039405317764934e-05,1626.5,1575.6015625,291.1011305021443,38.05,48.22769336106029,1024.83075,26024,43,23,(),1,5e+01 a1
yj_m,,False,1789621150056,0.5595707916534118,0.49454323204939116,0.0975376526836707,0.08978704637096775,0.015650598414093782,0.16045699259188684,0.13902485027875183,4356.749999999999,454.8580538269604,1.0,0.0024488678200343937,1.5039405317764934e-05,1720.9375,1670.0390625,291.1011305021443,38.05,48.22769336106029,1024.83075,27535,43,23,(),1,5e+01 a1
yj_m,,False,1789621150106,0.5176039639136625,0.45895214154801145,0.0975376526836707,0.0830531754032258,0.015650598414093782,0.16045699259188684,0.13902485027875183,4356.749999999999,454.8580538269604,1.0,0.0024488678200343937,1.5039405317764934e-05,1595.6875,1544.7890625,291.1011305021443,38.05,48.22769336106029,1024.83075,25531,43,23,(),1,5e+01 a1
yj_m,,False,1789621150156,0.5387549100300032,0.47687524085956245,0.0975376526836707,0.08644699260752689,0.015650598414093782,0.16045699259188684,0.13902485027875183,4356.749999999999,454.8580538269604,1.0,0.0024488678200343937,1.5039405317764934e-05,1658.8125,1607.9140625,291.1011305021443,38.05,48.22769336106029,1024.83075,26541,43,23,(),1,5e+01 a1
yj_m,,False,1789621150206,0.58832351345315,0.5189893951882075,0.0975376526836707,0.09440062163978494,0.015650598414093782,0.16045699259188684,0.13902485027875183,4356.749999999999,454.8580538269604,1.0,0.0024488678200343937,1.5039405317764934e-05,1806.75,1755.8515625,291.1011305021443,38.05,48.22769336106029,1024.83075,28908,43,23,(),1,5e+01 a1
yj_m,,False,1789621150256,0.5864806587420235,0.5174212282352652,0.0975376526836707,0.09410492271505377,0.015650598414093782,0.16045699259188684,0.13902485027875183,4356.749999999999,454.8580538269604,1.0,0.0024488678200343937,1.5039405317764934e-05,1801.25,1750.3515625,291.1011305021443,38.05,48.22769336106029,1024.83075,28820,43,23,(),1,5e+01 a1
yj_m,,False,1789621150306,0.5826274170733039,0.5141429013718949,0.0975376526836707,0.0934866431451613,0.015650598414093782,0.16045699259188684,0.13902485027875183,4356.749999999999,454.8580538269604,1.0,0.0024488678200343937,1.5039405317764934e-05,1789.75,1738.8515625,291.1011305021443,38.05,48.22769336106029,1024.83075,28636,43,23,(),1,5e+01 a1
yj_m,,False,1789621150356,0.5942499666718871,0.524033645965589,0.0975376526836707,0.0953515625,0.015650598414093782,0.16045699259188684,0.13902485027875183,4356.749999999999,454.8580538269604,1.0,0.0024488678200343937,1.5039405317764934e-05,1824.4375,1773.5390625,291.1011305021443,38.05,48.22769336106029,1024.83075,29191,43,23,(),1,5e+01 a1
yj_m,,False,1789621150406,0.6026475205259987,0.531184126548203,0.0975376526836707,0.09669900873655914,0.015650598414093782,0.16045699259188684,0.13902485027875183,4356.749999999999,454.8580538269604,1.0,0.0024488678200343937,1.5039405317764934e-05,1849.5,1798.6015625,291.1011305021443,38.05,48.22769336106029,1024.83075,29592,43,23,(),1,5e+01 a1
yj_m,,False,1789621150456,0.5417076658739677,0.47937979892858057,0.0975376526836707,0.08692078293010753,0.015650598414093782,0.16045699259188684,0.13902485027875183,4356.749999999999,454.8580538269604,1.0,0.0024488678200343937,1.5039405317764934e-05,1667.625,1616.7265625,291.1011305021443,38.05,48.22769336106029,1024.83075,26682,43,23,(),1,5e+01 a1
yj_m,,False,1789621150506,0.5096671237373326,0.4522348723296959,0.0975376526836707,0.08177965389784946,0.015650598414093782,0.16045699259188684,0.13902485027875183,4356.749999999999,454.8580538269604,1.0,0.0024488678200343937,1.5039405317764934e-05,1572.0,1521.1015625,291.1011305021443,38.05,48.22769336106029,1024.83075,25152,43,23,(),1,5e+01 a1
yj_m,,False,1789621150556,0.5368492307264516,0.4752591282580054,0.0975376526836707,0.0861412130376344,0.015650598414093782,0.16045699259188684,0.13902485027875183,4356.749999999999,454.8580538269604,1.0,0.0024488678200343937,1.5039405317764934e-05,1653.125,1602.2265625,291.1011305021443,38.05,48.22769336106029,1024.83075,26450,43,23,(),1,5e+01 a1
yj_m,,False,1789621150606,0.5735178511717116,0.5063956391891961,0.0975376526836707,0.0920249495967742,0.015650598414093782,0.16045699259188684,0.13902485027875183,4356.749999999999,454.8580538269604,1.0,0.0024488678200343937,1.5039405317764934e-05,1762.5625,1711.6640625,291.1011305021443,38.05,48.22769336106029,1024.83075,28201,43,23,(),1,5e+01 a1
yj_m,,False,1789621150656,0.56380098087668,0.49813692969113893,0.0975376526836707,0.09046580981182796,0.015650598414093782,0.16045699259188684,0.13902485027875183,4356.749999999999,454.8580538269604,1.0,0.0024488678200343937,1.5039405317764934e-05,1733.5625,1682.6640625,291.1011305021443,38.05,48.22769336106029,1024.83075,27737,43,23,(),1,5e+01 a1
yj_m,,False,1789621150706,0.5490372016568579,0.48559921134842315,0.0975376526836707,0.08809685819892472,0.015650598414093782,0.16045699259188684,0.13902485027875183,4356.749999999999,454.8580538269604,1.0,0.0024488678200343937,1.5039405317764934e-05,1689.5,1638.6015625,291.1011305021443,38.05,48.22769336106029,1024.83075,27032,43,23,(),1,5e+01 a1
yj_m,,False,1789621150756,0.561937184634745,0.4965534391084632,0.0975376526836707,0.09016675067204302,0.015650598414093782,0.16045699259188684,0.13902485027875183,4356.749999999999,454.8580538269604,1.0,0.0024488678200343937,1.5039405317764934e-05,1728.0,1677.1015625,291.1011305021443,38.05,48.22769336106029,1024.83075,27648,44,23,(),1,5e+01 a1
yj_m,,False,1789621150806,0.5710258090055289,0.5042770595594116,0.0975376526836707,0.09162508400537635,0.015650598414093782,0.16045699259188684,0.13902485027875183,4356.749999999999,454.8580538269604,1.0,0.0024488678200343937,1.5039405317764934e-05,1755.125,1704.2265625,291.1011305021443,38.05,48.22769336106029,1024.83075,28082,44,23,(),1,5e+01 a1
yj_m,,False,1789621150856,0.5628795535211165,0.4973540552094756,0.0975376526836707,0.09031796034946236,0.015650598414093782,0.16045699259188684,0.13902485027875183,4356.749999999999,454.8580538269604,1.0,0.0024488678200343937,1.5039405317764934e-05,1730.8125,1679.9140625,291.1011305021443,38.05,48.22769336106029,1024.83075,27693,44,24,(),1,5e+01 a1
yj_m,,False,1789621150906,0.5667537367206443,0.5006460158931176,0.0975376526836707,0.0909396001344086,0.015650598414093782,0.16045699259188684,0.13902485027875183,4356.749999999999,454.8580538269604,1.0,0.0024488678200343937,1.5039405317764934e-05,1742.375,1691.4765625,291.1011305021443,38.05,48.22769336106029,1024.83075,27878,44,24,(),1,5e+01 a1
yj_m,,False,1789621150956,0.5545238827286216,0.49025708603779067,0.0975376526836707,0.08897723454301076,0.015650598414093782,0.16045699259188684,0.13902485027875183,4356.749999999999,454.8580538269604,1.0,0.0024488678200343937,1.5039405317764934e-05,1705.875,1654.9765625,291.1011305021443,38.05,48.22769336106029,1024.83075,27294,44,24,(),1,5e+01 a1
yj_m,,False,1789621151006,0.5949200956577514,0.5246041312513989,0.0975376526836707,0.09545908938172043,0.015650598414093782,0.16045699259188684,0.13902485027875183,4356.749999999999,454.8580538269604,1.0,0.0024488678200343937,1.5039405317764934e-05,1826.4375,1775.5390625,291.1011305021443,38.05,48.22769336106029,1024.83075,29223,44,24,(),1,5e+01 a1
yj_m,,False,1789621151056,0.5994853493739517,0.5284911497059378,0.0975376526836707,0.09619161626344086,0.015650598414093782,0.16045699259188684,0.13902485027875183,4356.749999999999,454.8580538269604,1.0,0.0024488678200343937,1.5039405317764934e-05,1840.0625,1789.1640625,291.1011305021443,38.05,48.22769336106029,1024.83075,29441,44,24,(),1,5e+01 a1
yj_m,,False,1789621151106,0.5553196608993353,0.49093280839895576,0.0975376526836707,0.08910492271505376,0.015650598414093782,0.16045699259188684,0.13902485027875183,4356.749999999999,454.8580538269604,1.0,0.0024488678200343937,1.5039405317764934e-05,1708.25,1657.3515625,291.1011305021443,38.05,48.22769336106029,1024.83075,27332,44,24,(),1,5e+01 a1
yj_m,,False,1789621151156,0.5414144844426519,0.47913109398303133,0.0975376526836707,0.08687373991935483,0.015650598414093782,0.16045699259188684,0.13902485027875183,4356.749999999999,454.8580538269604,1.0,0.0024488678200343937,1.5039405317764934e-05,1666.75,1615.8515625,291.1011305021443,38.05,48.22769336106029,1024.83075,26668,44,24,(),1,5e+01 a1
yj_m,,False,1789621151206,0.5404930570870886,0.47834948624322404,0.0975376526836707,0.08672589045698925,0.015650598414093782,0.16045699259188684,0.13902485027875183,4356.749999999999,454.8580538269604,1.0,0.0024488678200343937,1.5039405317764934e-05,1664.0,1613.1015625,291.1011305021443,38.05,48.22769336106029,1024.83075,26624,44,24,(),1,5e+01 a1
yj_m,,False,1789621151256,0.5149025064393973,0.45666525585645706,0.0975376526836707,0.08261970766129033,0.015650598414093782,0.16045699259188684,0.13902485027875183,4356.749999999999,454.8580538269604,1.0,0.0024488678200343937,1.5039405317764934e-05,1587.625,1536.7265625,291.1011305021443,38.05,48.22769336106029,1024.83075,25402,44,24,(),1,5e+01 a1
yj_m,,False,1789621151306,0.5947525634112854,0.5244615078445157,0.0975376526836707,0.09543220766129032,0.015650598414093782,0.16045699259188684,0.13902485027875183,4356.749999999999,454.8580538269604,1.0,0.0024488678200343937,1.5039405317764934e-05,1825.9375,1775.0390625,291.1011305021443,38.05,48.22769336106029,1024.83075,29215,44,24,(),1,5e+01 a1
yj_m,,False,1789621151356,0.5945640896340111,0.5243010581727522,0.0975376526836707,0.09540196572580646,0.015650598414093782,0.16045699259188684,0.13902485027875183,4356.749999999999,454.8580538269604,1.0,0.0024488678200343937,1.5039405317764934e-05,1825.375,1774.4765625,291.1011305021443,38.05,48.22769336106029,1024.83075,29206,44,24,(),1,5e+01 a1
yj_m,,False,1789621151406,0.5874858522208197,0.5182765704236889,0.0975376526836707,0.0942662130376344,0.015650598414093782,0.16045699259188684,0.13902485027875183,4356.749999999999,454.8580538269604,1.0,0.0024488678200343937,1.5039405317764934e-05,1804.25,1753.3515625,291.1011305021443,38.05,48.22769336106029,1024.83075,28868,44,24,(),1,5e+01 a1
yj_m,,False,1789621151456,0.5592357271604796,0.49425862759218575,0.0975376526836707,0.08973328293010753,0.015650598414093782,0.16045699259188684,0.13902485027875183,4356.749999999999,454.8580538269604,1.0,0.0024488678200343937,1.5039405317764934e-05,1719.9375,1669.0390625,291.1011305021443,38.05,48.22769336106029,1024.83075,27519,44,24,(),1,5e+01 a1
yj_m,,False,1789621151506,0.5372680613426168,0.4756142972108579,0.0975376526836707,0.08620841733870968,0.015650598414093782,0.16045699259188684,0.13902485027875183,4356.749999999999,454.8580538269604,1.0,0.0024488678200343937,1.5039405317764934e-05,1654.375,1603.4765625,291.1011305021443,38.05,48.22769336106029,1024.83075,26470,44,24,(),1,5e+01 a1
yj_m,,False,1789621151556,0.5283888522799154,0.46808725074478946,0.0975376526836707,0.08478368615591397,0.015650598414093782,0.16045699259188684,0.13902485027875183,4356.749999999999,454.8580538269604,1.0,0.0024488678200343937,1.5039405317764934e-05,1627.875,1576.9765625,291.1011305021443,38.05,48.22769336106029,1024.83075,26046,44,24,(),1,5e+01 a1
yj_m,,False,1789621151606,0.5575185216342025,0.49280013422335495,0.0975376526836707,0.08945774529569893,0.015650598414093782,0.16045699259188684,0.13902485027875183,4356.749999999999,454.8580538269604,1.0,0.0024488678200343937,1.5039405317764934e-05,1714.8125,1663.9140625,291.1011305021443,38.05,48.22769336106029,1024.83075,27437,44,24,(),1,5e+01 a1
yj_m,,False,1789621151656,0.5858524128177756,0.5168866658045969,0.0975376526836707,0.09400411626344085,0.015650598414093782,0.16045699259188684,0.13902485027875183,4356.749999999999,454.8580538269604,1.0,0.0024488678200343937,1.5039405317764934e-05,1799.375,1748.4765625,291.1011305021443,38.05,48.22769336106029,1024.83075,28790,44,24,(),1,5e+01 a1
yj_m,,False,1789621151706,0.5609110496251403,0.4956817160552929,0.0975376526836707,0.0900021001344086,0.015650598414093782,0.16045699259188684,0.13902485027875183,4356.749999999999,454.8580538269604,1.0,0.0024488678200343937,1.5039405317764934e-05,1724.9375,1674.0390625,291.1011305021443,38.05,48.22769336106029,1024.83075,27599,44,24,(),1,5e+01 a1
yj_m,,False,1789621151756,0.5671097427443846,0.5009485635015418,0.0975376526836707,0.09099672379032257,0.015650598414093782,0.16045699259188684,0.13902485027875183,4356.749999999999,454.8580538269604,1.0,0.0024488678200343937,1.5039405317764934e-05,1743.4375,1692.5390625,291.1011305021443,38.05,48.22769336106029,1024.83075,27895,45,24,(),1,5e+01 a1
yj_m,,False,1789621151806,0.5601362129852347,0.4950235170970471,0.0975376526836707,0.08987777217741935,0.015650598414093782,0.16045699259188684,0.13902485027875183,4356.749999999999,454.8580538269604,1.0,0.0024488678200343937,1.5039405317764934e-05,1722.625,1671.7265625,291.1011305021443,38.05,48.22769336106029,1024.83075,27562,45,24,(),1,5e+01 a1
yj_m,,False,1789621151856,0.5847006286233214,0.5159066877420352,0.0975376526836707,0.09381930443548386,0.015650598414093782,0.16045699259188684,0.13902485027875183,4356.749999999999,454.8580538269604,1.0,0.0024488678200343937,1.5039405317764934e-05,1795.9375,1745.0390625,291.1011305021443,38.05,48.22769336106029,1024.83075,28735,45,25,(),1,5e+01 a1
yj_m,,False,1789621151906,0.5430479238456961,0.48051680665475854,0.0975376526836707,0.0871358366935484,0.015650598414093782,0.16045699259188684,0.13902485027875183,4356.749999999999,454.8580538269604,1.0,0.0024488678200343937,1.5039405317764934e-05,1671.625,1620.7265625,291.1011305021443,38.05,48.22769336106029,1024.83075,26746,45,25,(),1,5e+01 a1
yj_m,,False,1789621151956,0.5580630014352171,0.49326256436200583,0.0975376526836707,0.08954511088709677,0.015650598414093782,0.16045699259188684,0.13902485027875183,4356.749999999999,454.8580538269604,1.0,0.0024488678200343937,1.5039405317764934e-05,1716.4375,1665.5390625,291.1011305021443,38.05,48.22769336106029,1024.83075,27463,45,25,(),1,5e+01 a1
yj_m,,False,1789621152006,0.5045155071585011,0.44787744077662456,0.0975376526836707,0.08095304099462365,0.015650598414093782,0.16045699259188684,0.13902485027875183,4356.749999999999,454.8580538269604,1.0,0.0024488678200343937,1.5039405317764934e-05,1556.625,1505.7265625,291.1011305021443,38.05,48.22769336106029,1024.83075,24906,45,25,(),1,5e+01 a1
yj_m,,False,1789621152056,0.5006203824281652,0.4445841948037247,0.0975376526836707,0.08032804099462365,0.015650598414093782,0.16045699259188684,0.13902485027875183,4356.749999999999,454.8580538269604,1.0,0.0024488678200343937,1.5039405317764934e-05,1545.0,1494.1015625,291.1011305021443,38.05,48.22769336106029,1024.83075,24720,45,25,(),1,5e+01 a1
yj_m,,False,1789621152106,0.5670469181519598,0.5008951722235406,0.0975376526836707,0.09098664314516129,0.015650598414093782,0.16045699259188684,0.13902485027875183,4356.749999999999,454.8580538269604,1.0,0.0024488678200343937,1.5039405317764934e-05,1743.25,1692.3515625,291.1011305021443,38.05,48.22769336106029,1024.83075,27892,45,25,(),1,5e+01 a1
yj_m,,False,1789621152156,0.528116612379408,0.4678565540740596,0.0975376526836707,0.08474000336021505,0.015650598414093782,0.16045699259188684,0.13902485027875183,4356.749999999999,454.8580538269604,1.0,0.0024488678200343937,1.5039405317764934e-05,1627.0625,1576.1640625,291.1011305021443,38.05,48.22769336106029,1024.83075,26033,45,25,(),1,5e+01 a1
yj_m,,False,1789621152206,0.57209382707675,0.5051849801592012,0.0975376526836707,0.09179645497311828,0.015650598414093782,0.16045699259188684,0.13902485027875183,4356.749999999999,454.8580538269604,1.0,0.0024488678200343937,1.5039405317764934e-05,1758.3125,1707.4140625,291.1011305021443,38.05,48.22769336106029,1024.83075,28133,45,25,(),1,5e+01 a1
yj_m,,False,1789621152256,0.5614764709569632,0.49616204563069655,0.0975376526836707,0.09009282594086021,0.015650598414093782,0.16045699259188684,0.13902485027875183,4356.749999999999,454.8580538269604,1.0,0.0024488678200343937,1.5039405317764934e-05,1726.625,1675.7265625,291.1011305021443,38.05,48.22769336106029,1024.83075,27626,45,25,(),1,5e+01 a1
yj_m,,False,1789621152306,0.5321373862945936,0.4712642879359472,0.0975376526836707,0.08538516465053764,0.015650598414093782,0.16045699259188684,0.13902485027875183,4356.749999999999,454.8580538269604,1.0,0.0024488678200343937,1.5039405317764934e-05,1639.0625,1588.1640625,291.1011305021443,38.05,48.22769336106029,1024.83075,26225,45,25,(),1,5e+01 a1
yj_m,,False,1789621152356,0.5876743259980941,0.518436952862512,0.0975376526836707,0.09429645497311828,0.015650598414093782,0.16045699259188684,0.13902485027875183,4356.749999999999,454.8580538269604,1.0,0.0024488678200343937,1.5039405317764934e-05,1804.8125,1753.9140625,291.1011305021443,38.05,48.22769336106029,1024.83075,28877,45,25,(),1,5e+01 a1
yj_m,,False,1789621152406,0.5719891194227088,0.5050959655364963,0.0975376526836707,0.09177965389784946,0.015650598414093782,0.16045699259188684,0.13902485027875183,4356.749999999999,454.8580538269604,1.0,0.0024488678200343937,1.5039405317764934e-05,1758.0,1707.1015625,291.1011305021443,38.05,48.22769336106029,1024.83075,28128,45,25,(),1,5e+01 a1
yj_m,,False,1789621152456,0.5119916336570494,0.4542017050271166,0.0975376526836707,0.0821526377688172,0.015650598414093782,0.16045699259188684,0.13902485027875183,4356.749999999999,454.8580538269604,1.0,0.0024488678200343937,1.5039405317764934e-05,1578.9375,1528.0390625,291.1011305021443,38.05,48.22769336106029,1024.83075,25263,45,25,(),1,5e+01 a1
yj_m,,False,1789621152506,0.5715702888065436,0.5047399131253051,0.0975376526836707,0.09171244959677419,0.015650598414093782,0.16045699259188684,0.13902485027875183,4356.749999999999,454.8580538269604,1.0,0.0024488678200343937,1.5039405317764934e-05,1756.75,1705.8515625,291.1011305021443,38.05,48.22769336106029,1024.83075,28108,45,25,(),1,5e+01 a1
yj_m,,False,1789621152556,0.5452886676421798,0.48241799929702783,0.0975376526836707,0.08749537970430107,0.015650598414093782,0.16045699259188684,0.13902485027875183,4356.749999999999,454.8580538269604,1.0,0.0024488678200343937,1.5039405317764934e-05,1678.3125,1627.4140625,291.1011305021443,38.05,48.22769336106029,1024.83075,26853,45,25,(),1,5e+01 a1
yj_m,,False,1789621152606,0.55730910632612,0.4926222811857424,0.0975376526836707,0.0894241431451613,0.015650598414093782,0.16045699259188684,0.13902485027875183,4356.749999999999,454.8580538269604,1.0,0.0024488678200343937,1.5039405317764934e-05,1714.1875,1663.2890625,291.1011305021443,38.05,48.22769336106029,1024.83075,27427,45,25,(),1,5e+01 a1
yj_m,,False,1789621152656,0.5809939776702598,0.5127534104702218,0.0975376526836707,0.09322454637096775,0.015650598414093782,0.16045699259188684,0.13902485027875183,4356.749999999999,454.8580538269604,1.0,0.0024488678200343937,1.5039405317764934e-05,1784.875,1733.9765625,291.1011305021443,38.05,48.22769336106029,1024.83075,28558,45,25,(),1,5e+01 a1
yj_m,,False,1789621152706,0.566251139981246,0.5002189021408557,0.0975376526836707,0.09085895497311827,0.015650598414093782,0.16045699259188684,0.13902485027875183,4356.749999999999,454.8580538269604,1.0,0.0024488678200343937,1.5039405317764934e-05,1740.875,1689.9765625,291.1011305021443,38.05,48.22769336106029,1024.83075,27854,45,25,(),1,5e+01 a1
yj_m,,False,1789621152756,0.5131643593823119,0.4551941376195276,0.0975376526836707,0.08234080981182797,0.015650598414093782,0.16045699259188684,0.13902485027875183,4356.749999999999,454.8580538269604,1.0,0.0024488678200343937,1.5039405317764934e-05,1582.4375,1531.5390625,291.1011305021443,38.05,48.22769336106029,1024.83075,25319,46,25,(),1,5e+01 a1
yj_m,,False,1789621152806,0.5664814968201369,0.5004146608236851,0.0975376526836707,0.09089591733870968,0.015650598414093782,0.16045699259188684,0.13902485027875183,4356.749999999999,454.8580538269604,1.0,0.0024488678200343937,1.5039405317764934e-05,1741.5625,1690.6640625,291.1011305021443,38.05,48.22769336106029,1024.83075,27865,46,25,(),1,5e+01 a1
yj_m,,False,1789621152856,0.5112796216095686,0.45359920776530865,0.0975376526836707,0.08203839045698925,0.015650598414093782,0.16045699259188684,0.13902485027875183,4356.749999999999,454.8580538269604,1.0,0.0024488678200343937,1.5039405317764934e-05,1576.8125,1525.9140625,291.1011305021443,38.05,48.22769336106029,1024.83075,25229,46,26,(),1,5e+01 a1
yj_m,,False,1789621152906,0.5719472363610922,0.505060359857536,0.0975376526836707,0.09177293346774193,0.015650598414093782,0.16045699259188684,0.13902485027875183,4356.749999999999,454.8580538269604,1.0,0.0024488678200343937,1.5039405317764934e-05,1757.875,1706.9765625,291.1011305021443,38.05,48.22769336106029,1024.83075,28126,46,26,(),1,5e+01 a1
yj_m,,False,1789621152956,0.5046830394049673,0.4480191130093611,0.0975376526836707,0.08097992271505376,0.015650598414093782,0.16045699259188684,0.13902485027875183,4356.749999999999,454.8580538269604,1.0,0.0024488678200343937,1.5039405317764934e-05,1557.125,1506.2265625,291.1011305021443,38.05,48.22769336106029,1024.83075,24914,46,26,(),1,5e+01 a1
yj_m,,False,1789621153006,0.5670050350903434,0.5008595781628138,0.0975376526836707,0.09097992271505376,0.015650598414093782,0.16045699259188684,0.13902485027875183,4356.749999999999,454.8580538269604,1.0,0.0024488678200343937,1.5039405317764934e-05,1743.125,1692.2265625,291.1011305021443,38.05,48.22769336106029,1024.83075,27890,46,26,(),1,5e+01 a1
yj_m,,False,1789621153056,0.5350482590769414,0.47373203507766487,0.0975376526836707,0.08585223454301075,0.015650598414093782,0.16045699259188684,0.13902485027875183,4356.749999999999,454.8580538269604,1.0,0.0024488678200343937,1.5039405317764934e-05,1647.75,1596.8515625,291.1011305021443,38.05,48.22769336106029,1024.83075,26364,46,26,(),1,5e+01 a1
yj_m,,False,1789621153106,0.5206823689424765,0.4615587843691466,0.0975376526836707,0.08354712701612904,0.015650598414093782,0.16045699259188684,0.13902485027875183,4356.749999999999,454.8580538269604,1.0,0.0024488678200343937,1.5039405317764934e-05,1604.875,1553.9765625,291.1011305021443,38.05,48.22769336106029,1024.83075,25678,46,26,(),1,5e+01 a1
yj_m,,False,1789621153156,0.568764123678237,0.502354614302549,0.0975376526836707,0.09126218077956989,0.015650598414093782,0.16045699259188684,0.13902485027875183,4356.749999999999,454.8580538269604,1.0,0.0024488678200343937,1.5039405317764934e-05,1748.375,1697.4765625,291.1011305021443,38.05,48.22769336106029,1024.83075,27974,46,26,(),1,5e+01 a1
yj_m,,False,1789621153206,0.5640522792463789,0.498350449436932,0.0975376526836707,0.09050613239247311,0.015650598414093782,0.16045699259188684,0.13902485027875183,4356.749999999999,454.8580538269604,1.0,0.0024488678200343937,1.5039405317764934e-05,1734.3125,1683.4140625,291.1011305021443,38.05,48.22769336106029,1024.83075,27749,46,26,(),1,5e+01 a1
yj_m,,False,1789621153256,0.5116565691641172,0.4539181720811832,0.0975376526836707,0.08209887432795698,0.015650598414093782,0.16045699259188684,0.13902485027875183,4356.749999999999,454.8580538269604,1.0,0.0024488678200343937,1.5039405317764934e-05,1577.9375,1527.0390625,291.1011305021443,38.05,48.22769336106029,1024.83075,25247,46,26,(),1,5e+01 a1
yj_m,,False,1789621153306,0.523006878862193,0.4635275224263222,0.0975376526836707,0.08392011088709676,0.015650598414093782,0.16045699259188684,0.13902485027875183,4356.749999999999,454.8580538269604,1.0,0.0024488678200343937,1.5039405317764934e-05,1611.8125,1560.9140625,291.1011305021443,38.05,48.22769336106029,1024.83075,25789,46,26,(),1,5e+01 a1
yj_m,,False,1789621153356,0.540199875655773,0.4781008044762211,0.0975376526836707,0.08667884744623655,0.015650598414093782,0.16045699259188684,0.13902485027875183,4356.749999999999,454.8580538269604,1.0,0.0024488678200343937,1.5039405317764934e-05,1663.125,1612.2265625,291.1011305021443,38.05,48.22769336106029,1024.83075,26610,46,26,(),1,5e+01 a1
yj_m,,False,1789621153406,0.5366398154183691,0.4750815481564654,0.0975376526836707,0.08610761088709677,0.015650598414093782,0.16045699259188684,0.13902485027875183,4356.749999999999,454.8580538269604,1.0,0.0024488678200343937,1.5039405317764934e-05,1652.5,1601.6015625,291.1011305021443,38.05,48.22769336106029,1024.83075,26440,46,26,(),1,5e+01 a1
yj_m,,False,1789621153456,0.5715284057449271,0.5047043084197029,0.0975376526836707,0.09170572916666667,0.015650598414093782,0.16045699259188684,0.13902485027875183,4356.749999999999,454.8580538269604,1.0,0.0024488678200343937,1.5039405317764934e-05,1756.625,1705.7265625,291.1011305021443,38.05,48.22769336106029,1024.83075,28106,46,26,(),1,5e+01 a1
yj_m,,False,1789621153506,0.5700624985883491,0.5034582052641933,0.0975376526836707,0.09147051411290323,0.015650598414093782,0.16045699259188684,0.13902485027875183,4356.749999999999,454.8580538269604,1.0,0.0024488678200343937,1.5039405317764934e-05,1752.25,1701.3515625,291.1011305021443,38.05,48.22769336106029,1024.83075,28036,46,26,(),1,5e+01 a1
yj_m,,False,1789621153556,0.5692038958252105,0.5027284006365541,0.0975376526836707,0.09133274529569892,0.015650598414093782,0.16045699259188684,0.13902485027875183,4356.749999999999,454.8580538269604,1.0,0.0024488678200343937,1.5039405317764934e-05,1749.6875,1698.7890625,291.1011305021443,38.05,48.22769336106029,1024.83075,27995,46,26,(),1,5e+01 a1
yj_m,,False,1789621153606,0.5759680102762779,0.508478945454546,0.0975376526836707,0.09241809475806452,0.015650598414093782,0.16045699259188684,0.13902485027875183,4356.749999999999,454.8580538269604,1.0,0.0024488678200343937,1.5039405317764934e-05,1769.875,1718.9765625,291.1011305021443,38.05,48.22769336106029,1024.83075,28318,46,26,(),1,5e+01 a1
yj_m,,False,1789621153656,0.5968467164921112,0.5262443999376595,0.0975376526836707,0.09576822916666666,0.015650598414093782,0.16045699259188684,0.13902485027875183,4356.749999999999,454.8580538269604,1.0,0.0024488678200343937,1.5039405317764934e-05,1832.1875,1781.2890625,291.1011305021443,38.05,48.22769336106029,1024.83075,29315,46,26,(),1,5e+01 a1
yj_m,,False,1789621153706,0.5375612427739324,0.4758629224079426,0.0975376526836707,0.08625546034946235,0.015650598414093782,0.16045699259188684,0.13902485027875183,4356.749999999999,454.8580538269604,1.0,0.0024488678200343937,1.5039405317764934e-05,1655.25,1604.3515625,291.1011305021443,38.05,48.22769336106029,1024.83075,26484,46,26,(),1,5e+01 a1
yj_m,,False,1789621153756,0.48855806068260854,0.43439370231075786,0.0975376526836707,0.07839255712365592,0.015650598414093782,0.16045699259188684,0.13902485027875183,4356.749999999999,454.8580538269604,1.0,0.0024488678200343937,1.5039405317764934e-05,1509.0,1458.1015625,291.1011305021443,38.05,48.22769336106029,1024.83075,24144,47,26,(),1,5e+01 a1
yj_m,,False,1789621153806,0.5611204649332228,0.4958596137149895,0.0975376526836707,0.09003570228494623,0.015650598414093782,0.16045699259188684,0.13902485027875183,4356.749999999999,454.8580538269604,1.0,0.0024488678200343937,1.5039405317764934e-05,1725.5625,1674.6640625,291.1011305021443,38.05,48.22769336106029,1024.83075,27609,47,26,(),1,5e+01 a1
yj_m,,False,1789621153856,0.5158867583873853,0.45749839932698466,0.0975376526836707,0.0827776377688172,0.015650598414093782,0.16045699259188684,0.13902485027875183,4356.749999999999,454.8580538269604,1.0,0.0024488678200343937,1.5039405317764934e-05,1590.5625,1539.6640625,291.1011305021443,38.05,48.22769336106029,1024.83075,25449,47,27,(),1,5e+01 a1
yj_m,,False,1789621153906,0.5132271839747364,0.4552473065962245,0.0975376526836707,0.08235089045698923,0.015650598414093782,0.16045699259188684,0.13902485027875183,4356.749999999999,454.8580538269604,1.0,0.0024488678200343937,1.5039405317764934e-05,1582.625,1531.7265625,291.1011305021443,38.05,48.22769336106029,1024.83075,25322,47,27,(),1,5e+01 a1
yj_m,,False,1789621153956,0.5310484266925641,0.47034125007892624,0.0975376526836707,0.08521043346774193,0.015650598414093782,0.16045699259188684,0.13902485027875183,4356.749999999999,454.8580538269604,1.0,0.0024488678200343937,1.5039405317764934e-05,1635.8125,1584.9140625,291.1011305021443,38.05,48.22769336106029,1024.83075,26173,47,27,(),1,5e+01 a1
yj_m,,False,1789621154006,0.5327656322188414,0.4717968466150025,0.0975376526836707,0.08548597110215055,0.015650598414093782,0.16045699259188684,0.13902485027875183,4356.749999999999,454.8580538269604,1.0,0.0024488678200343937,1.5039405317764934e-05,1640.9375,1590.0390625,291.1011305021443,38.05,48.22769336106029,1024.83075,26255,47,27,(),1,5e+01 a1
yj_m,,False,1789621154056,0.5321792693562101,0.47129979101099057,0.0975376526836707,0.08539188508064516,0.015650598414093782,0.16045699259188684,0.13902485027875183,4356.749999999999,454.8580538269604,1.0,0.0024488678200343937,1.5039405317764934e-05,1639.1875,1588.2890625,291.1011305021443,38.05,48.22769336106029,1024.83075,26227,47,27,(),1,5e+01 a1
yj_m,,False,1789621154106,0.5170385425818396,0.4584734461712611,0.0975376526836707,0.0829624495967742,0.015650598414093782,0.16045699259188684,0.13902485027875183,4356.749999999999,454.8580538269604,1.0,0.0024488678200343937,1.5039405317764934e-05,1594.0,1543.1015625,291.1011305021443,38.05,48.22769336106029,1024.83075,25504,47,27,(),1,5e+01 a1
yj_m,,False,1789621154156,0.5459169135664274,0.4829511014548578,0.0975376526836707,0.08759618615591397,0.015650598414093782,0.16045699259188684,0.13902485027875183,4356.749999999999,454.8580538269604,1.0,0.0024488678200343937,1.5039405317764934e-05,1680.1875,1629.2890625,291.1011305021443,38.05,48.22769336106029,1024.83075,26883,47,27,(),1,5e+01 a1
yj_m,,False,1789621154206,0.5626910797438422,0.49719392785702327,0.0975376526836707,0.0902877184139785,0.015650598414093782,0.16045699259188684,0.13902485027875183,4356.749999999999,454.8580538269604,1.0,0.0024488678200343937,1.5039405317764934e-05,1730.25,1679.3515625,291.1011305021443,38.05,48.22769336106029,1024.83075,27684,47,27,(),1,5e+01 a1
yj_m,,False,1789621154256,0.47404557983248563,0.42215015880931583,0.0975376526836707,0.07606392809139785,0.015650598414093782,0.16045699259188684,0.13902485027875183,4356.749999999999,454.8580538269604,1.0,0.0024488678200343937,1.5039405317764934e-05,1465.6875,1414.7890625,291.1011305021443,38.05,48.22769336106029,1024.83075,23451,47,27,(),1,5e+01 a1
yj_m,,False,1789621154306,0.5412260106653777,0.4789712151789532,0.0975376526836707,0.08684349798387098,0.015650598414093782,0.16045699259188684,0.13902485027875183,4356.749999999999,454.8580538269604,1.0,0.0024488678200343937,1.5039405317764934e-05,1666.1875,1615.2890625,291.1011305021443,38.05,48.22769336106029,1024.83075,26659,47,27,(),1,5e+01 a1
yj_m,,False,1789621154356,0.5789417076510505,0.5110078403518081,0.0975376526836707,0.09289524529569892,0.015650598414093782,0.16045699259188684,0.13902485027875183,4356.749999999999,454.8580538269604,1.0,0.0024488678200343937,1.5039405317764934e-05,1778.75,1727.8515625,291.1011305021443,38.05,48.22769336106029,1024.83075,28460,47,27,(),1,5e+01 a1
yj_m,,False,1789621154406,0.5610157572791815,0.4957706645638516,0.0975376526836707,0.09001890120967741,0.015650598414093782,0.16045699259188684,0.13902485027875183,4356.749999999999,454.8580538269604,1.0,0.0024488678200343937,1.5039405317764934e-05,1725.25,1674.3515625,291.1011305021443,38.05,48.22769336106029,1024.83075,27604,47,27,(),1,5e+01 a1
yj_m,,False,1789621154456,0.5732246697403961,0.5061463767161627,0.0975376526836707,0.09197790658602151,0.015650598414093782,0.16045699259188684,0.13902485027875183,4356.749999999999,454.8580538269604,1.0,0.0024488678200343937,1.5039405317764934e-05,1761.6875,1710.7890625,291.1011305021443,38.05,48.22769336106029,1024.83075,28187,47,27,(),1,5e+01 a1
yj_m,,False,1789621154506,0.5715074642141188,0.5046865061034439,0.0975376526836707,0.09170236895161289,0.015650598414093782,0.16045699259188684,0.13902485027875183,4356.749999999999,454.8580538269604,1.0,0.0024488678200343937,1.5039405317764934e-05,1756.5625,1705.6640625,291.1011305021443,38.05,48.22769336106029,1024.83075,28105,47,27,(),1,5e+01 a1
yj_m,,False,1789621154556,0.5588378380751228,0.49392066842516497,0.0975376526836707,0.08966943884408603,0.015650598414093782,0.16045699259188684,0.13902485027875183,4356.749999999999,454.8580538269604,1.0,0.0024488678200343937,1.5039405317764934e-05,1718.75,1667.8515625,291.1011305021443,38.05,48.22769336106029,1024.83075,27500,47,27,(),1,5e+01 a1
yj_m,,False,1789621154606,0.58555923138646,0.5166372103185444,0.0975376526836707,0.09395707325268818,0.015650598414093782,0.16045699259188684,0.13902485027875183,4356.749999999999,454.8580538269604,1.0,0.0024488678200343937,1.5039405317764934e-05,1798.5,1747.6015625,291.1011305021443,38.05,48.22769336106029,1024.83075,28776,47,27,(),1,5e+01 a1
yj_m,,False,1789621154656,0.584742511684938,0.515942322101419,0.0975376526836707,0.0938260248655914,0.015650598414093782,0.16045699259188684,0.13902485027875183,4356.749999999999,454.8580538269604,1.0,0.0024488678200343937,1.5039405317764934e-05,1796.0625,1745.1640625,291.1011305021443,38.05,48.22769336106029,1024.83075,28737,47,27,(),1,5e+01 a1
yj_m,,False,1789621154706,0.5440531173244925,0.4813696383755361,0.0975376526836707,0.08729712701612903,0.015650598414093782,0.16045699259188684,0.13902485027875183,4356.749999999999,454.8580538269604,1.0,0.0024488678200343937,1.5039405317764934e-05,1674.625,1623.7265625,291.1011305021443,38.05,48.22769336106029,1024.83075,26794,47,27,(),1,5e+01 a1
yj_m,,False,1789621154756,0.5340849486597617,0.47291530710190854,0.0975376526836707,0.08569766465053764,0.015650598414093782,0.16045699259188684,0.13902485027875183,4356.749999999999,454.8580538269604,1.0,0.0024488678200343937,1.5039405317764934e-05,1644.875,1593.9765625,291.1011305021443,38.05,48.22769336106029,1024.83075,26318,48,27,(),1,5e+01 a1
yj_m,,False,1789621154806,0.5334148196738974,0.4723471854474661,0.0975376526836707,0.0855901377688172,0.015650598414093782,0.16045699259188684,0.13902485027875183,4356.749999999999,454.8580538269604,1.0,0.0024488678200343937,1.5039405317764934e-05,1642.875,1591.9765625,291.1011305021443,38.05,48.22769336106029,1024.83075,26286,48,27,(),1,5e+01 a1
yj_m,,False,1789621154856,0.4844116375825734,0.43089360456155956,0.0975376526836707,0.07772723454301075,0.015650598414093782,0.16045699259188684,0.13902485027875183,4356.749999999999,454.8580538269604,1.0,0.0024488678200343937,1.5039405317764934e-05,1496.625,1445.7265625,291.1011305021443,38.05,48.22769336106029,1024.83075,23946,48,28,(),1,5e+01 a1
yj_m,,False,1789621154906,0.4771449263921078,0.42476331987355387,0.0975376526836707,0.07656123991935483,0.015650598414093782,0.16045699259188684,0.13902485027875183,4356.749999999999,454.8580538269604,1.0,0.0024488678200343937,1.5039405317764934e-05,1474.9375,1424.0390625,291.1011305021443,38.05,48.22769336106029,1024.83075,23599,48,28,(),1,5e+01 a1
yj_m,,False,1789621154956,0.4999083703806844,0.4439823361062726,0.0975376526836707,0.0802137936827957,0.015650598414093782,0.16045699259188684,0.13902485027875183,4356.749999999999,454.8580538269604,1.0,0.0024488678200343937,1.5039405317764934e-05,1542.875,1491.9765625,291.1011305021443,38.05,48.22769336106029,1024.83075,24686,48,28,(),1,5e+01 a1
yj_m,,False,1789621155006,0.5540631690508399,0.4898658958877524,0.0975376526836707,0.08890330981182795,0.015650598414093782,0.16045699259188684,0.13902485027875183,4356.749999999999,454.8580538269604,1.0,0.0024488678200343937,1.5039405317764934e-05,1704.5,1653.6015625,291.1011305021443,38.05,48.22769336106029,1024.83075,27272,48,28,(),1,5e+01 a1
yj_m,,False,1789621155056,0.5736853834181778,0.5065380770109917,0.0975376526836707,0.0920518313172043,0.015650598414093782,0.16045699259188684,0.13902485027875183,4356.749999999999,454.8580538269604,1.0,0.0024488678200343937,1.5039405317764934e-05,1763.0625,1712.1640625,291.1011305021443,38.05,48.22769336106029,1024.83075,28209,48,28,(),1,5e+01 a1
yj_m,,False,1789621155106,0.5508800563679846,0.4871634815889578,0.0975376526836707,0.08839255712365592,0.015650598414093782,0.16045699259188684,0.13902485027875183,4356.749999999999,454.8580538269604,1.0,0.0024488678200343937,1.5039405317764934e-05,1695.0,1644.1015625,291.1011305021443,38.05,48.22769336106029,1024.83075,27120,48,28,(),1,5e+01 a1
yj_m,,False,1789621155156,0.5568483926483382,0.49223101372908795,0.0975376526836707,0.08935021841397849,0.015650598414093782,0.16045699259188684,0.13902485027875183,4356.749999999999,454.8580538269604,1.0,0.0024488678200343937,1.5039405317764934e-05,1712.8125,1661.9140625,291.1011305021443,38.05,48.22769336106029,1024.83075,27405,48,28,(),1,5e+01 a1
yj_m,,False,1789621155206,0.5615602370801962,0.49623320715893365,0.0975376526836707,0.09010626680107527,0.015650598414093782,0.16045699259188684,0.13902485027875183,4356.749999999999,454.8580538269604,1.0,0.0024488678200343937,1.5039405317764934e-05,1726.875,1675.9765625,291.1011305021443,38.05,48.22769336106029,1024.83075,27630,48,28,(),1,5e+01 a1
yj_m,,False,1789621155256,0.5536862214962913,0.48954584080994756,0.0975376526836707,0.08884282594086022,0.015650598414093782,0.16045699259188684,0.13902485027875183,4356.749999999999,454.8580538269604,1.0,0.0024488678200343937,1.5039405317764934e-05,1703.375,1652.4765625,291.1011305021443,38.05,48.22769336106029,1024.83075,27254,48,28,(),1,5e+01 a1
yj_m,,False,1789621155306,0.5750465829207145,0.507695441372843,0.0975376526836707,0.09227024529569892,0.015650598414093782,0.16045699259188684,0.13902485027875183,4356.749999999999,454.8580538269604,1.0,0.0024488678200343937,1.5039405317764934e-05,1767.125,1716.2265625,291.1011305021443,38.05,48.22769336106029,1024.83075,28274,48,28,(),1,5e+01 a1
yj_m,,False,1789621155356,0.5406396478027464,0.478473829230472,0.0975376526836707,0.08674941196236559,0.015650598414093782,0.16045699259188684,0.13902485027875183,4356.749999999999,454.8580538269604,1.0,0.0024488678200343937,1.5039405317764934e-05,1664.4375,1613.5390625,291.1011305021443,38.05,48.22769336106029,1024.83075,26631,48,28,(),1,5e+01 a1
yj_m,,False,1789621155406,0.4762863236289692,0.42403931327891414,0.0975376526836707,0.07642347110215053,0.015650598414093782,0.16045699259188684,0.13902485027875183,4356.749999999999,454.8580538269604,1.0,0.0024488678200343937,1.5039405317764934e-05,1472.375,1421.4765625,291.1011305021443,38.05,48.22769336106029,1024.83075,23558,48,28,(),1,5e+01 a1
yj_m,,False,1789621155456,0.5218132116061224,0.46251650011717255,0.0975376526836707,0.08372857862903225,0.015650598414093782,0.16045699259188684,0.13902485027875183,4356.749999999999,454.8580538269604,1.0,0.0024488678200343937,1.5039405317764934e-05,1608.25,1557.3515625,291.1011305021443,38.05,48.22769336106029,1024.83075,25732,48,28,(),1,5e+01 a1
yj_m,,False,1789621155506,0.5879046828369849,0.5186329783156122,0.0975376526836707,0.09433341733870967,0.015650598414093782,0.16045699259188684,0.13902485027875183,4356.749999999999,454.8580538269604,1.0,0.0024488678200343937,1.5039405317764934e-05,1805.5,1754.6015625,291.1011305021443,38.05,48.22769336106029,1024.83075,28888,48,28,(),1,5e+01 a1
yj_m,,False,1789621155556,0.5914438015435806,0.5216449817416601,0.0975376526836707,0.09490129368279569,0.015650598414093782,0.16045699259188684,0.13902485027875183,4356.749999999999,454.8580538269604,1.0,0.0024488678200343937,1.5039405317764934e-05,1816.0625,1765.1640625,291.1011305021443,38.05,48.22769336106029,1024.83075,29057,48,28,(),1,5e+01 a1
yj_m,,False,1789621155606,0.5735387927025198,0.5064134438325307,0.0975376526836707,0.09202830981182795,0.015650598414093782,0.16045699259188684,0.13902485027875183,4356.749999999999,454.8580538269604,1.0,0.0024488678200343937,1.5039405317764934e-05,1762.625,1711.7265625,291.1011305021443,38.05,48.22769336106029,1024.83075,28202,48,28,(),1,5e+01 a1
yj_m,,False,1789621155656,0.5466498671447164,0.48357308559449586,0.0975376526836707,0.0877137936827957,0.015650598414093782,0.16045699259188684,0.13902485027875183,4356.749999999999,454.8580538269604,1.0,0.0024488678200343937,1.5039405317764934e-05,1682.375,1631.4765625,291.1011305021443,38.05,48.22769336106029,1024.83075,26918,48,28,(),1,5e+01 a1
yj_m,,False,1789621155706,0.5384826701294959,0.47664435293110696,0.0975376526836707,0.08640330981182796,0.015650598414093782,0.16045699259188684,0.13902485027875183,4356.749999999999,454.8580538269604,1.0,0.0024488678200343937,1.5039405317764934e-05,1658.0,1607.1015625,291.1011305021443,38.05,48.22769336106029,1024.83075,26528,48,28,(),1,5e+01 a1
yj_m,,False,1789621155756,0.5280956708485999,0.4678388083903001,0.0975376526836707,0.0847366431451613,0.015650598414093782,0.16045699259188684,0.13902485027875183,4356.749999999999,454.8580538269604,1.0,0.0024488678200343937,1.5039405317764934e-05,1627.0,1576.1015625,291.1011305021443,38.05,48.22769336106029,1024.83075,26032,49,28,(),1,5e+01 a1
yj_m,,False,1789621155806,0.5283050861566825,0.4680162666037471,0.0975376526836707,0.08477024529569893,0.015650598414093782,0.16045699259188684,0.13902485027875183,4356.749999999999,454.8580538269604,1.0,0.0024488678200343937,1.5039405317764934e-05,1627.625,1576.7265625,291.1011305021443,38.05,48.22769336106029,1024.83075,26042,49,28,(),1,5e+01 a1
yj_m,,False,1789621155856,0.5425662686371061,0.4801081811500256,0.0975376526836707,0.08705855174731182,0.015650598414093782,0.16045699259188684,0.13902485027875183,4356.749999999999,454.8580538269604,1.0,0.0024488678200343937,1.5039405317764934e-05,1670.1875,1619.2890625,291.1011305021443,38.05,48.22769336106029,1024.83075,26723,49,29,(),1,5e+01 a1
yj_m,,False,1789621155906,0.5272789511470778,0.4671467506161649,0.0975376526836707,0.08460559475806452,0.015650598414093782,0.16045699259188684,0.13902485027875183,4356.749999999999,454.8580538269604,1.0,0.0024488678200343937,1.5039405317764934e-05,1624.5625,1573.6640625,291.1011305021443,38.05,48.22769336106029,1024.83075,25993,49,29,(),1,5e+01 a1
yj_m,,False,1789621155956,0.5394250390158674,0.4774436011555062,0.0975376526836707,0.0865545194892473,0.015650598414093782,0.16045699259188684,0.13902485027875183,4356.749999999999,454.8580538269604,1.0,0.0024488678200343937,1.5039405317764934e-05,1660.8125,1609.9140625,291.1011305021443,38.05,48.22769336106029,1024.83075,26573,49,29,(),1,5e+01 a1
yj_m,,False,1789621156006,0.5425034440446813,0.4800548832740954,0.0975376526836707,0.08704847110215053,0.015650598414093782,0.16045699259188684,0.13902485027875183,4356.749999999999,454.8580538269604,1.0,0.0024488678200343937,1.5039405317764934e-05,1670.0,1619.1015625,291.1011305021443,38.05,48.22769336106029,1024.83075,26720,49,29,(),1,5e+01 a1
yj_m,,False,1789621156056,0.5293940457587119,0.46893909848596327,0.0975376526836707,0.08494497647849462,0.015650598414093782,0.16045699259188684,0.13902485027875183,4356.749999999999,454.8580538269604,1.0,0.0024488678200343937,1.5039405317764934e-05,1630.875,1579.9765625,291.1011305021443,38.05,48.22769336106029,1024.83075,26094,49,29,(),1,5e+01 a1
yj_m,,False,1789621156106,0.5822085864571388,0.5137866082418779,0.0975376526836707,0.09341943884408603,0.015650598414093782,0.16045699259188684,0.13902485027875183,4356.749999999999,454.8580538269604,1.0,0.0024488678200343937,1.5039405317764934e-05,1788.5,1737.6015625,291.1011305021443,38.05,48.22769336106029,1024.83075,28616,49,29,(),1,5e+01 a1
yj_m,,False,1789621156156,0.478296710586562,0.4257346560625362,0.0975376526836707,0.07674605174731182,0.015650598414093782,0.16045699259188684,0.13902485027875183,4356.749999999999,454.8580538269604,1.0,0.0024488678200343937,1.5039405317764934e-05,1478.375,1427.4765625,291.1011305021443,38.05,48.22769336106029,1024.83075,23654,49,29,(),1,5e+01 a1
yj_m,,False,1789621156206,0.5333729366122809,0.4723116788533968,0.0975376526836707,0.08558341733870968,0.015650598414093782,0.16045699259188684,0.13902485027875183,4356.749999999999,454.8580538269604,1.0,0.0024488678200343937,1.5039405317764934e-05,1642.75,1591.8515625,291.1011305021443,38.05,48.22769336106029,1024.83075,26284,49,29,(),1,5e+01 a1
yj_m,,False,1789621156256,0.5590472533832053,0.49409854050249813,0.0975376526836707,0.08970304099462366,0.015650598414093782,0.16045699259188684,0.13902485027875183,4356.749999999999,454.8580538269604,1.0,0.0024488678200343937,1.5039405317764934e-05,1719.375,1668.4765625,291.1011305021443,38.05,48.22769336106029,1024.83075,27510,49,29,(),1,5e+01 a1
yj_m,,False,1789621156306,0.548555546448268,0.48519040282263065,0.0975376526836707,0.08801957325268817,0.015650598414093782,0.16045699259188684,0.13902485027875183,4356.749999999999,454.8580538269604,1.0,0.0024488678200343937,1.5039405317764934e-05,1688.0625,1637.1640625,291.1011305021443,38.05,48.22769336106029,1024.83075,27009,49,29,(),1,5e+01 a1
yj_m,,False,1789621156356,0.5472990545997725,0.48412401417134693,0.0975376526836707,0.08781796034946236,0.015650598414093782,0.16045699259188684,0.13902485027875183,4356.749999999999,454.8580538269604,1.0,0.0024488678200343937,1.5039405317764934e-05,1684.3125,1633.4140625,291.1011305021443,38.05,48.22769336106029,1024.83075,26949,49,29,(),1,5e+01 a1
yj_m,,False,1789621156406,0.5642407530236534,0.49851059163795597,0.0975376526836707,0.090536374327957,0.015650598414093782,0.16045699259188684,0.13902485027875183,4356.749999999999,454.8580538269604,1.0,0.0024488678200343937,1.5039405317764934e-05,1734.875,1683.9765625,291.1011305021443,38.05,48.22769336106029,1024.83075,27758,49,29,(),1,5e+01 a1
yj_m,,False,1789621156456,0.5657694847726562,0.4998095983196893,0.0975376526836707,0.09078167002688173,0.015650598414093782,0.16045699259188684,0.13902485027875183,4356.749999999999,454.8580538269604,1.0,0.0024488678200343937,1.5039405317764934e-05,1739.4375,1688.5390625,291.1011305021443,38.05,48.22769336106029,1024.83075,27831,49,29,(),1,5e+01 a1
yj_m,,False,1789621156506,0.5298128763748771,0.4692940557199825,0.0975376526836707,0.0850121807795699,0.015650598414093782,0.16045699259188684,0.13902485027875183,4356.749999999999,454.8580538269604,1.0,0.0024488678200343937,1.5039405317764934e-05,1632.125,1581.2265625,291.1011305021443,38.05,48.22769336106029,1024.83075,26114,49,29,(),1,5e+01 a1
yj_m,,False,1789621156556,0.47312415247692235,0.42137344818186334,0.0975376526836707,0.07591607862903227,0.015650598414093782,0.16045699259188684,0.13902485027875183,4356.749999999999,454.8580538269604,1.0,0.0024488678200343937,1.5039405317764934e-05,1462.9375,1412.0390625,291.1011305021443,38.05,48.22769336106029,1024.83075,23407,49,29,(),1,5e+01 a1
yj_m,,False,1789621156606,0.5512570039225333,0.48748347186618785,0.0975376526836707,0.08845304099462366,0.015650598414093782,0.16045699259188684,0.13902485027875183,4356.749999999999,454.8580538269604,1.0,0.0024488678200343937,1.5039405317764934e-05,1696.125,1645.2265625,291.1011305021443,38.05,48.22769336106029,1024.83075,27138,49,29,(),1,5e+01 a1
yj_m,,False,1789621156656,0.5768056715086082,0.5091912619220488,0.0975376526836707,0.09255250336021506,0.015650598414093782,0.16045699259188684,0.13902485027875183,4356.749999999999,454.8580538269604,1.0,0.0024488678200343937,1.5039405317764934e-05,1772.375,1721.4765625,291.1011305021443,38.05,48.22769336106029,1024.83075,28358,49,29,(),1,5e+01 a1
yj_m,,False,1789621156706,0.5356346219395728,0.4742292043865966,0.0975376526836707,0.08594632056451613,0.015650598414093782,0.16045699259188684,0.13902485027875183,4356.749999999999,454.8580538269604,1.0,0.0024488678200343937,1.5039405317764934e-05,1649.5,1598.6015625,291.1011305021443,38.05,48.22769336106029,1024.83075,26392,49,29,(),1,5e+01 a1
yj_m,,False,1789621156756,0.5555081346766098,0.49109285350995713,0.0975376526836707,0.08913516465053764,0.015650598414093782,0.16045699259188684,0.13902485027875183,4356.749999999999,454.8580538269604,1.0,0.0024488678200343937,1.5039405317764934e-05,1708.8125,1657.9140625,291.1011305021443,38.05,48.22769336106029,1024.83075,27341,50,29,(),1,5e+01 a1
yj_m,,False,1789621156806,0.5714027565600776,0.5045974948876735,0.0975376526836707,0.09168556787634408,0.015650598414093782,0.16045699259188684,0.13902485027875183,4356.749999999999,454.8580538269604,1.0,0.0024488678200343937,1.5039405317764934e-05,1756.25,1705.3515625,291.1011305021443,38.05,48.22769336106029,1024.83075,28100,50,29,(),1,5e+01 a1
yj_m,,False,1789621156856,0.5715074642141188,0.5046865061034439,0.0975376526836707,0.09170236895161289,0.015650598414093782,0.16045699259188684,0.13902485027875183,4356.749999999999,454.8580538269604,1.0,0.0024488678200343937,1.5039405317764934e-05,1756.5625,1705.6640625,291.1011305021443,38.05,48.22769336106029,1024.83075,28105,50,30,(),1,5e+01 a1
yj_m,,False,1789621156906,0.5807007962389442,0.5125040295961691,0.0975376526836707,0.09317750336021506,0.015650598414093782,0.16045699259188684,0.13902485027875183,4356.749999999999,454.8580538269604,1.0,0.0024488678200343937,1.5039405317764934e-05,1784.0,1733.1015625,291.1011305021443,38.05,48.22769336106029,1024.83075,28544,50,30,(),1,5e+01 a1
yj_m,,False,1789621156956,0.5541259936432646,0.4899192392404593,0.0975376526836707,0.08891339045698925,0.015650598414093782,0.16045699259188684,0.13902485027875183,4356.749999999999,454.8580538269604,1.0,0.0024488678200343937,1.5039405317764934e-05,1704.6875,1653.7890625,291.1011305021443,38.05,48.22769336106029,1024.83075,27275,50,30,(),1,5e+01 a1
yj_m,,False,1789621157006,0.5815593990020828,0.5132343721523606,0.0975376526836707,0.09331527217741935,0.015650598414093782,0.16045699259188684,0.13902485027875183,4356.749999999999,454.8580538269604,1.0,0.0024488678200343937,1.5039405317764934e-05,1786.5625,1735.6640625,291.1011305021443,38.05,48.22769336106029,1024.83075,28585,50,30,(),1,5e+01 a1
yj_m,,False,1789621157056,0.4812913494921429,0.4282607026945621,0.0975376526836707,0.0772265625,0.015650598414093782,0.16045699259188684,0.13902485027875183,4356.749999999999,454.8580538269604,1.0,0.0024488678200343937,1.5039405317764934e-05,1487.3125,1436.4140625,291.1011305021443,38.05,48.22769336106029,1024.83075,23797,50,30,(),1,5e+01 a1
yj_m,,False,1789621157106,0.5556337838614592,0.49119955144076416,0.0975376526836707,0.08915532594086022,0.015650598414093782,0.16045699259188684,0.13902485027875183,4356.749999999999,454.8580538269604,1.0,0.0024488678200343937,1.5039405317764934e-05,1709.1875,1658.2890625,291.1011305021443,38.05,48.22769336106029,1024.83075,27347,50,30,(),1,5e+01 a1
yj_m,,False,1789621157156,0.5671097427443846,0.5009485635015418,0.0975376526836707,0.09099672379032257,0.015650598414093782,0.16045699259188684,0.13902485027875183,4356.749999999999,454.8580538269604,1.0,0.0024488678200343937,1.5039405317764934e-05,1743.4375,1692.5390625,291.1011305021443,38.05,48.22769336106029,1024.83075,27895,50,30,(),1,5e+01 a1
yj_m,,False,1789621157206,0.5647433497630515,0.4989376475135415,0.0975376526836707,0.09061701948924732,0.015650598414093782,0.16045699259188684,0.13902485027875183,4356.749999999999,454.8580538269604,1.0,0.0024488678200343937,1.5039405317764934e-05,1736.375,1685.4765625,291.1011305021443,38.05,48.22769336106029,1024.83075,27782,50,30,(),1,5e+01 a1
yj_m,,False,1789621157256,0.5765962562005257,0.5090131792403553,0.0975376526836707,0.09251890120967743,0.015650598414093782,0.16045699259188684,0.13902485027875183,4356.749999999999,454.8580538269604,1.0,0.0024488678200343937,1.5039405317764934e-05,1771.75,1720.8515625,291.1011305021443,38.05,48.22769336106029,1024.83075,28348,50,30,(),1,5e+01 a1
yj_m,,False,1789621157306,0.5661883153888213,0.5001655139345199,0.0975376526836707,0.09084887432795699,0.015650598414093782,0.16045699259188684,0.13902485027875183,4356.749999999999,454.8580538269604,1.0,0.0024488678200343937,1.5039405317764934e-05,1740.6875,1689.7890625,291.1011305021443,38.05,48.22769336106029,1024.83075,27851,50,30,(),1,5e+01 a1
yj_m,,False,1789621157356,0.5306505376072073,0.47000400652486735,0.0975376526836707,0.08514658938172043,0.015650598414093782,0.16045699259188684,0.13902485027875183,4356.749999999999,454.8580538269604,1.0,0.0024488678200343937,1.5039405317764934e-05,1634.625,1583.7265625,291.1011305021443,38.05,48.22769336106029,1024.83075,26154,50,30,(),1,5e+01 a1
yj_m,,False,1789621157406,0.48602413545480927,0.4322545733503236,0.0975376526836707,0.07798597110215054,0.015650598414093782,0.16045699259188684,0.13902485027875183,4356.749999999999,454.8580538269604,1.0,0.0024488678200343937,1.5039405317764934e-05,1501.4375,1450.5390625,291.1011305021443,38.05,48.22769336106029,1024.83075,24023,50,30,(),1,5e+01 a1
yj_m,,False,1789621157456,0.56007338839281,0.4949701511612391,0.0975376526836707,0.08986769153225807,0.015650598414093782,0.16045699259188684,0.13902485027875183,4356.749999999999,454.8580538269604,1.0,0.0024488678200343937,1.5039405317764934e-05,1722.4375,1671.5390625,291.1011305021443,38.05,48.22769336106029,1024.83075,27559,50,30,(),1,5e+01 a1
yj_m,,False,1789621157506,0.5389433838072775,0.4770350892081549,0.0975376526836707,0.08647723454301075,0.015650598414093782,0.16045699259188684,0.13902485027875183,4356.749999999999,454.8580538269604,1.0,0.0024488678200343937,1.5039405317764934e-05,1659.375,1608.4765625,291.1011305021443,38.05,48.22769336106029,1024.83075,26550,50,30,(),1,5e+01 a1
yj_m,,False,1789621157556,0.5701672062423904,0.5035472086546545,0.0975376526836707,0.09148731518817205,0.015650598414093782,0.16045699259188684,0.13902485027875183,4356.749999999999,454.8580538269604,1.0,0.0024488678200343937,1.5039405317764934e-05,1752.5625,1701.6640625,291.1011305021443,38.05,48.22769336106029,1024.83075,28041,50,30,(),1,5e+01 a1
yj_m,,False,1789621157606,0.5618534185115118,0.4964822757361569,0.0975376526836707,0.09015330981182795,0.015650598414093782,0.16045699259188684,0.13902485027875183,4356.749999999999,454.8580538269604,1.0,0.0024488678200343937,1.5039405317764934e-05,1727.75,1676.8515625,291.1011305021443,38.05,48.22769336106029,1024.83075,27644,50,30,(),1,5e+01 a1
yj_m,,False,1789621157656,0.5745439861813163,0.5072680950267523,0.0975376526836707,0.0921896001344086,0.015650598414093782,0.16045699259188684,0.13902485027875183,4356.749999999999,454.8580538269604,1.0,0.0024488678200343937,1.5039405317764934e-05,1765.625,1714.7265625,291.1011305021443,38.05,48.22769336106029,1024.83075,28250,50,30,(),1,5e+01 a1
yj_m,,False,1789621157706,0.5772454436555816,0.5095652432727691,0.0975376526836707,0.09262306787634408,0.015650598414093782,0.16045699259188684,0.13902485027875183,4356.749999999999,454.8580538269604,1.0,0.0024488678200343937,1.5039405317764934e-05,1773.6875,1722.7890625,291.1011305021443,38.05,48.22769336106029,1024.83075,28379,50,30,(),1,5e+01 a1
yj_m,,False,1789621157756,0.5897056544864951,0.5201656343542417,0.0975376526836707,0.09462239583333333,0.015650598414093782,0.16045699259188684,0.13902485027875183,4356.749999999999,454.8580538269604,1.0,0.0024488678200343937,1.5039405317764934e-05,1810.875,1759.9765625,291.1011305021443,38.05,48.22769336106029,1024.83075,28974,51,30,(),1,5e+01 a1
yj_m,,False,1789621157806,0.5149862725626302,0.4567361588609721,0.0975376526836707,0.08263314852150537,0.015650598414093782,0.16045699259188684,0.13902485027875183,4356.749999999999,454.8580538269604,1.0,0.0024488678200343937,1.5039405317764934e-05,1587.875,1536.9765625,291.1011305021443,38.05,48.22769336106029,1024.83075,25406,51,30,(),1,5e+01 a1
yj_m,,False,1789621157856,0.5806379716465194,0.512450591430521,0.0975376526836707,0.09316742271505377,0.015650598414093782,0.16045699259188684,0.13902485027875183,4356.749999999999,454.8580538269604,1.0,0.0024488678200343937,1.5039405317764934e-05,1783.8125,1732.9140625,291.1011305021443,38.05,48.22769336106029,1024.83075,28541,51,31,(),1,5e+01 a1
yj_m,,False,1789621157906,0.5406187062719382,0.478456065860776,0.0975376526836707,0.08674605174731183,0.015650598414093782,0.16045699259188684,0.13902485027875183,4356.749999999999,454.8580538269604,1.0,0.0024488678200343937,1.5039405317764934e-05,1664.375,1613.4765625,291.1011305021443,38.05,48.22769336106029,1024.83075,26630,51,31,(),1,5e+01 a1
yj_m,,False,1789621157956,0.49796080801551634,0.4423362873941921,0.0975376526836707,0.0799012936827957,0.015650598414093782,0.16045699259188684,0.13902485027875183,4356.749999999999,454.8580538269604,1.0,0.0024488678200343937,1.5039405317764934e-05,1537.0625,1486.1640625,291.1011305021443,38.05,48.22769336106029,1024.83075,24593,51,31,(),1,5e+01 a1
yj_m,,False,1789621158006,0.5508381733063682,0.48712792765518875,0.0975376526836707,0.0883858366935484,0.015650598414093782,0.16045699259188684,0.13902485027875183,4356.749999999999,454.8580538269604,1.0,0.0024488678200343937,1.5039405317764934e-05,1694.875,1643.9765625,291.1011305021443,38.05,48.22769336106029,1024.83075,27118,51,31,(),1,5e+01 a1
yj_m,,False,1789621158056,0.5799469011298469,0.5118627854476436,0.0975376526836707,0.09305653561827958,0.015650598414093782,0.16045699259188684,0.13902485027875183,4356.749999999999,454.8580538269604,1.0,0.0024488678200343937,1.5039405317764934e-05,1781.75,1730.8515625,291.1011305021443,38.05,48.22769336106029,1024.83075,28508,51,31,(),1,5e+01 a1
yj_m,,False,1789621158106,0.5801353749071212,0.5120230936516553,0.0975376526836707,0.09308677755376343,0.015650598414093782,0.16045699259188684,0.13902485027875183,4356.749999999999,454.8580538269604,1.0,0.0024488678200343937,1.5039405317764934e-05,1782.3125,1731.4140625,291.1011305021443,38.05,48.22769336106029,1024.83075,28517,51,31,(),1,5e+01 a1
yj_m,,False,1789621158156,0.579716544290956,0.5116668557674571,0.0975376526836707,0.09301957325268817,0.015650598414093782,0.16045699259188684,0.13902485027875183,4356.749999999999,454.8580538269604,1.0,0.0024488678200343937,1.5039405317764934e-05,1781.0625,1730.1640625,291.1011305021443,38.05,48.22769336106029,1024.83075,28497,51,31,(),1,5e+01 a1
yj_m,,False,1789621158206,0.5759051856838531,0.5084255232541267,0.0975376526836707,0.09240801411290323,0.015650598414093782,0.16045699259188684,0.13902485027875183,4356.749999999999,454.8580538269604,1.0,0.0024488678200343937,1.5039405317764934e-05,1769.6875,1718.7890625,291.1011305021443,38.05,48.22769336106029,1024.83075,28315,51,31,(),1,5e+01 a1
yj_m,,False,1789621158256,0.5752769397596054,0.5078913130575746,0.0975376526836707,0.09230720766129033,0.015650598414093782,0.16045699259188684,0.13902485027875183,4356.749999999999,454.8580538269604,1.0,0.0024488678200343937,1.5039405317764934e-05,1767.8125,1716.9140625,291.1011305021443,38.05,48.22769336106029,1024.83075,28285,51,31,(),1,5e+01 a1
yj_m,,False,1789621158306,0.5784181693808441,0.5105625778486164,0.0975376526836707,0.09281123991935485,0.015650598414093782,0.16045699259188684,0.13902485027875183,4356.749999999999,454.8580538269604,1.0,0.0024488678200343937,1.5039405317764934e-05,1777.1875,1726.2890625,291.1011305021443,38.05,48.22769336106029,1024.83075,28435,51,31,(),1,5e+01 a1
yj_m,,False,1789621158356,0.5127455287661467,0.4548396854177149,0.0975376526836707,0.08227360551075269,0.015650598414093782,0.16045699259188684,0.13902485027875183,4356.749999999999,454.8580538269604,1.0,0.0024488678200343937,1.5039405317764934e-05,1581.1875,1530.2890625,291.1011305021443,38.05,48.22769336106029,1024.83075,25299,51,31,(),1,5e+01 a1
yj_m,,False,1789621158406,0.5584399489897658,0.4935827186416435,0.0975376526836707,0.08960559475806451,0.015650598414093782,0.16045699259188684,0.13902485027875183,4356.749999999999,454.8580538269604,1.0,0.0024488678200343937,1.5039405317764934e-05,1717.5625,1666.6640625,291.1011305021443,38.05,48.22769336106029,1024.83075,27481,51,31,(),1,5e+01 a1
yj_m,,False,1789621158456,0.5076986198413564,0.45056959232820903,0.0975376526836707,0.0814637936827957,0.015650598414093782,0.16045699259188684,0.13902485027875183,4356.749999999999,454.8580538269604,1.0,0.0024488678200343937,1.5039405317764934e-05,1566.125,1515.2265625,291.1011305021443,38.05,48.22769336106029,1024.83075,25058,51,31,(),1,5e+01 a1
yj_m,,False,1789621158506,0.5653715956872992,0.4994714877792906,0.0975376526836707,0.09071782594086021,0.015650598414093782,0.16045699259188684,0.13902485027875183,4356.749999999999,454.8580538269604,1.0,0.0024488678200343937,1.5039405317764934e-05,1738.25,1687.3515625,291.1011305021443,38.05,48.22769336106029,1024.83075,27812,51,31,(),1,5e+01 a1
yj_m,,False,1789621158556,0.5881350396758759,0.518829006485365,0.0975376526836707,0.09437037970430108,0.015650598414093782,0.16045699259188684,0.13902485027875183,4356.749999999999,454.8580538269604,1.0,0.0024488678200343937,1.5039405317764934e-05,1806.1875,1755.2890625,291.1011305021443,38.05,48.22769336106029,1024.83075,28899,51,31,(),1,5e+01 a1
yj_m,,False,1789621158606,0.6004905428527482,0.5293471432226959,0.0975376526836707,0.09635290658602151,0.015650598414093782,0.16045699259188684,0.13902485027875183,4356.749999999999,454.8580538269604,1.0,0.0024488678200343937,1.5039405317764934e-05,1843.0625,1792.1640625,291.1011305021443,38.05,48.22769336106029,1024.83075,29489,51,31,(),1,5e+01 a1
yj_m,,False,1789621158656,0.5975377870087837,0.5268328015989585,0.0975376526836707,0.09587911626344085,0.015650598414093782,0.16045699259188684,0.13902485027875183,4356.749999999999,454.8580538269604,1.0,0.0024488678200343937,1.5039405317764934e-05,1834.25,1783.3515625,291.1011305021443,38.05,48.22769336106029,1024.83075,29348,51,31,(),1,5e+01 a1
yj_m,,False,1789621158706,0.5944174989183532,0.5241762652004759,0.0975376526836707,0.0953784442204301,0.015650598414093782,0.16045699259188684,0.13902485027875183,4356.749999999999,454.8580538269604,1.0,0.0024488678200343937,1.5039405317764934e-05,1824.9375,1774.0390625,291.1011305021443,38.05,48.22769336106029,1024.83075,29199,51,31,(),1,5e+01 a1
yj_m,,False,1789621158756,0.5950666863734092,0.5247289278713805,0.0975376526836707,0.09548261088709677,0.015650598414093782,0.16045699259188684,0.13902485027875183,4356.749999999999,454.8580538269604,1.0,0.0024488678200343937,1.5039405317764934e-05,1826.875,1775.9765625,291.1011305021443,38.05,48.22769336106029,1024.83075,29230,52,31,(),1,5e+01 a1
yj_m,,False,1789621158806,0.5405349401487051,0.47838501266798217,0.0975376526836707,0.08673261088709677,0.015650598414093782,0.16045699259188684,0.13902485027875183,4356.749999999999,454.8580538269604,1.0,0.0024488678200343937,1.5039405317764934e-05,1664.125,1613.2265625,291.1011305021443,38.05,48.22769336106029,1024.83075,26626,52,31,(),1,5e+01 a1
yj_m,,False,1789621158856,0.5123895227424062,0.454538411513219,0.0975376526836707,0.08221648185483871,0.015650598414093782,0.16045699259188684,0.13902485027875183,4356.749999999999,454.8580538269604,1.0,0.0024488678200343937,1.5039405317764934e-05,1580.125,1529.2265625,291.1011305021443,38.05,48.22769336106029,1024.83075,25282,52,32,(),1,5e+01 a1
yj_m,,False,1789621158906,0.5377078334895904,0.47598723714338564,0.0975376526836707,0.08627898185483872,0.015650598414093782,0.16045699259188684,0.13902485027875183,4356.749999999999,454.8580538269604,1.0,0.0024488678200343937,1.5039405317764934e-05,1655.6875,1604.7890625,291.1011305021443,38.05,48.22769336106029,1024.83075,26491,52,32,(),1,5e+01 a1
yj_m,,False,1789621158956,0.5839467335142242,0.5152652848931609,0.0975376526836707,0.09369833669354839,0.015650598414093782,0.16045699259188684,0.13902485027875183,4356.749999999999,454.8580538269604,1.0,0.0024488678200343937,1.5039405317764934e-05,1793.6875,1742.7890625,291.1011305021443,38.05,48.22769336106029,1024.83075,28699,52,32,(),1,5e+01 a1
yj_m,,False,1789621159006,0.571193341251995,0.5044194742847871,0.0975376526836707,0.09165196572580644,0.015650598414093782,0.16045699259188684,0.13902485027875183,4356.749999999999,454.8580538269604,1.0,0.0024488678200343937,1.5039405317764934e-05,1755.625,1704.7265625,291.1011305021443,38.05,48.22769336106029,1024.83075,28090,52,32,(),1,5e+01 a1
yj_m,,False,1789621159056,0.5678217547918655,0.5015536803061124,0.0975376526836707,0.09111097110215054,0.015650598414093782,0.16045699259188684,0.13902485027875183,4356.749999999999,454.8580538269604,1.0,0.0024488678200343937,1.5039405317764934e-05,1745.5625,1694.6640625,291.1011305021443,38.05,48.22769336106029,1024.83075,27929,52,32,(),1,5e+01 a1
yj_m,,False,1789621159106,0.5684709422469214,0.5021054294646194,0.0975376526836707,0.0912151377688172,0.015650598414093782,0.16045699259188684,0.13902485027875183,4356.749999999999,454.8580538269604,1.0,0.0024488678200343937,1.5039405317764934e-05,1747.5,1696.6015625,291.1011305021443,38.05,48.22769336106029,1024.83075,27960,52,32,(),1,5e+01 a1
yj_m,,False,1789621159156,0.543927468139643,0.48126303086532823,0.0975376526836707,0.08727696572580645,0.015650598414093782,0.16045699259188684,0.13902485027875183,4356.749999999999,454.8580538269604,1.0,0.0024488678200343937,1.5039405317764934e-05,1674.25,1623.3515625,291.1011305021443,38.05,48.22769336106029,1024.83075,26788,52,32,(),1,5e+01 a1
yj_m,,False,1789621159206,0.5102744281307722,0.45274868947659147,0.0975376526836707,0.0818771001344086,0.015650598414093782,0.16045699259188684,0.13902485027875183,4356.749999999999,454.8580538269604,1.0,0.0024488678200343937,1.5039405317764934e-05,1573.8125,1522.9140625,291.1011305021443,38.05,48.22769336106029,1024.83075,25181,52,32,(),1,5e+01 a1
yj_m,,False,1789621159256,0.5137507222449431,0.4556903930107223,0.0975376526836707,0.08243489583333334,0.015650598414093782,0.16045699259188684,0.13902485027875183,4356.749999999999,454.8580538269604,1.0,0.0024488678200343937,1.5039405317764934e-05,1584.1875,1533.2890625,291.1011305021443,38.05,48.22769336106029,1024.83075,25347,52,32,(),1,5e+01 a1
yj_m,,False,1789621159306,0.5742926878116172,0.5070544270343944,0.0975376526836707,0.09214927755376344,0.015650598414093782,0.16045699259188684,0.13902485027875183,4356.749999999999,454.8580538269604,1.0,0.0024488678200343937,1.5039405317764934e-05,1764.875,1713.9765625,291.1011305021443,38.05,48.22769336106029,1024.83075,28238,52,32,(),1,5e+01 a1
yj_m,,False,1789621159356,0.5962603536294799,0.5257451683938686,0.0975376526836707,0.09567414314516129,0.015650598414093782,0.16045699259188684,0.13902485027875183,4356.749999999999,454.8580538269604,1.0,0.0024488678200343937,1.5039405317764934e-05,1830.4375,1779.5390625,291.1011305021443,38.05,48.22769336106029,1024.83075,29287,52,32,(),1,5e+01 a1
yj_m,,False,1789621159406,0.5236141832556326,0.46404194145630934,0.0975376526836707,0.08401755712365591,0.015650598414093782,0.16045699259188684,0.13902485027875183,4356.749999999999,454.8580538269604,1.0,0.0024488678200343937,1.5039405317764934e-05,1613.625,1562.7265625,291.1011305021443,38.05,48.22769336106029,1024.83075,25818,52,32,(),1,5e+01 a1
yj_m,,False,1789621159456,0.49674619922863744,0.44130987762965906,0.0975376526836707,0.07970640120967742,0.015650598414093782,0.16045699259188684,0.13902485027875183,4356.749999999999,454.8580538269604,1.0,0.0024488678200343937,1.5039405317764934e-05,1533.4375,1482.5390625,291.1011305021443,38.05,48.22769336106029,1024.83075,24535,52,32,(),1,5e+01 a1
yj_m,,False,1789621159506,0.5149234479702055,0.4566829815582637,0.0975376526836707,0.08262306787634409,0.015650598414093782,0.16045699259188684,0.13902485027875183,4356.749999999999,454.8580538269604,1.0,0.0024488678200343937,1.5039405317764934e-05,1587.6875,1536.7890625,291.1011305021443,38.05,48.22769336106029,1024.83075,25403,52,32,(),1,5e+01 a1
yj_m,,False,1789621159556,0.5101697204767309,0.4526600982857125,0.0975376526836707,0.08186029905913979,0.015650598414093782,0.16045699259188684,0.13902485027875183,4356.749999999999,454.8580538269604,1.0,0.0024488678200343937,1.5039405317764934e-05,1573.5,1522.6015625,291.1011305021443,38.05,48.22769336106029,1024.83075,25176,52,32,(),1,5e+01 a1
yj_m,,False,1789621159606,0.59854298048758,0.5276887001794242,0.0975376526836707,0.0960404065860215,0.015650598414093782,0.16045699259188684,0.13902485027875183,4356.749999999999,454.8580538269604,1.0,0.0024488678200343937,1.5039405317764934e-05,1837.25,1786.3515625,291.1011305021443,38.05,48.22769336106029,1024.83075,29396,52,32,(),1,5e+01 a1
yj_m,,False,1789621159656,0.5827321247273453,0.5142319760954633,0.0975376526836707,0.09350344422043011,0.015650598414093782,0.16045699259188684,0.13902485027875183,4356.749999999999,454.8580538269604,1.0,0.0024488678200343937,1.5039405317764934e-05,1790.0625,1739.1640625,291.1011305021443,38.05,48.22769336106029,1024.83075,28641,52,32,(),1,5e+01 a1
yj_m,,False,1789621159706,0.5498329798275717,0.48627466581421525,0.0975376526836707,0.08822454637096774,0.015650598414093782,0.16045699259188684,0.13902485027875183,4356.749999999999,454.8580538269604,1.0,0.0024488678200343937,1.5039405317764934e-05,1691.875,1640.9765625,291.1011305021443,38.05,48.22769336106029,1024.83075,27070,52,32,(),1,5e+01 a1
yj_m,,False,1789621159756,0.5087456963817694,0.4514553421105228,0.0975376526836707,0.08163180443548387,0.015650598414093782,0.16045699259188684,0.13902485027875183,4356.749999999999,454.8580538269604,1.0,0.0024488678200343937,1.5039405317764934e-05,1569.25,1518.3515625,291.1011305021443,38.05,48.22769336106029,1024.83075,25108,53,32,(),1,5e+01 a1
yj_m,,False,1789621159806,0.5915485091976218,0.5217341039214294,0.0975376526836707,0.09491809475806451,0.015650598414093782,0.16045699259188684,0.13902485027875183,4356.749999999999,454.8580538269604,1.0,0.0024488678200343937,1.5039405317764934e-05,1816.375,1765.4765625,291.1011305021443,38.05,48.22769336106029,1024.83075,29062,53,32,(),1,5e+01 a1
yj_m,,False,1789621159856,0.6119246186740569,0.5390874372423798,0.0975376526836707,0.09818758400537633,0.015650598414093782,0.16045699259188684,0.13902485027875183,4356.749999999999,454.8580538269604,1.0,0.0024488678200343937,1.5039405317764934e-05,1877.1875,1826.2890625,291.1011305021443,38.05,48.22769336106029,1024.83075,30035,53,33,(),1,5e+01 a1
yj_m,,False,1789621159906,0.5561363806008573,0.4916263526716778,0.0975376526836707,0.08923597110215054,0.015650598414093782,0.16045699259188684,0.13902485027875183,4356.749999999999,454.8580538269604,1.0,0.0024488678200343937,1.5039405317764934e-05,1710.6875,1659.7890625,291.1011305021443,38.05,48.22769336106029,1024.83075,27371,53,33,(),1,5e+01 a1
yj_m,,False,1789621159956,0.48824393772048463,0.4341284904886338,0.0975376526836707,0.07834215389784946,0.015650598414093782,0.16045699259188684,0.13902485027875183,4356.749999999999,454.8580538269604,1.0,0.0024488678200343937,1.5039405317764934e-05,1508.0625,1457.1640625,291.1011305021443,38.05,48.22769336106029,1024.83075,24129,53,33,(),1,5e+01 a1
yj_m,,False,1789621160006,0.488516177620992,0.434358340237399,0.0975376526836707,0.07838583669354839,0.015650598414093782,0.16045699259188684,0.13902485027875183,4356.749999999999,454.8580538269604,1.0,0.0024488678200343937,1.5039405317764934e-05,1508.875,1457.9765625,291.1011305021443,38.05,48.22769336106029,1024.83075,24142,53,33,(),1,5e+01 a1
yj_m,,False,1789621160056,0.5159914660414266,0.4575870358701177,0.0975376526836707,0.08279443884408602,0.015650598414093782,0.16045699259188684,0.13902485027875183,4356.749999999999,454.8580538269604,1.0,0.0024488678200343937,1.5039405317764934e-05,1590.875,1539.9765625,291.1011305021443,38.05,48.22769336106029,1024.83075,25454,53,33,(),1,5e+01 a1
yj_m,,False,1789621160106,0.5291846304506292,0.4687616244230973,0.0975376526836707,0.08491137432795699,0.015650598414093782,0.16045699259188684,0.13902485027875183,4356.749999999999,454.8580538269604,1.0,0.0024488678200343937,1.5039405317764934e-05,1630.25,1579.3515625,291.1011305021443,38.05,48.22769336106029,1024.83075,26084,53,33,(),1,5e+01 a1
yj_m,,False,1789621160156,0.49743726974530994,0.4418938544147556,0.0975376526836707,0.07981728830645161,0.015650598414093782,0.16045699259188684,0.13902485027875183,4356.749999999999,454.8580538269604,1.0,0.0024488678200343937,1.5039405317764934e-05,1535.5,1484.6015625,291.1011305021443,38.05,48.22769336106029,1024.83075,24568,53,33,(),1,5e+01 a1
yj_m,,False,1789621160206,0.5180646775914441,0.4593422070990286,0.0975376526836707,0.08312710013440859,0.015650598414093782,0.16045699259188684,0.13902485027875183,4356.749999999999,454.8580538269604,1.0,0.0024488678200343937,1.5039405317764934e-05,1597.0625,1546.1640625,291.1011305021443,38.05,48.22769336106029,1024.83075,25553,53,33,(),1,5e+01 a1
yj_m,,False,1789621160256,0.5963650612835212,0.5258343156459323,0.0975376526836707,0.0956909442204301,0.015650598414093782,0.16045699259188684,0.13902485027875183,4356.749999999999,454.8580538269604,1.0,0.0024488678200343937,1.5039405317764934e-05,1830.75,1779.8515625,291.1011305021443,38.05,48.22769336106029,1024.83075,29292,53,33,(),1,5e+01 a1
yj_m,,False,1789621160306,0.5679264624459068,0.5016426704943521,0.0975376526836707,0.09112777217741937,0.015650598414093782,0.16045699259188684,0.13902485027875183,4356.749999999999,454.8580538269604,1.0,0.0024488678200343937,1.5039405317764934e-05,1745.875,1694.9765625,291.1011305021443,38.05,48.22769336106029,1024.83075,27934,53,33,(),1,5e+01 a1
yj_m,,False,1789621160356,0.4907778629482839,0.4362681099916153,0.0975376526836707,0.07874873991935484,0.015650598414093782,0.16045699259188684,0.13902485027875183,4356.749999999999,454.8580538269604,1.0,0.0024488678200343937,1.5039405317764934e-05,1515.625,1464.7265625,291.1011305021443,38.05,48.22769336106029,1024.83075,24250,53,33,(),1,5e+01 a1
yj_m,,False,1789621160406,0.5623141321892936,0.49687367934649845,0.0975376526836707,0.09022723454301075,0.015650598414093782,0.16045699259188684,0.13902485027875183,4356.749999999999,454.8580538269604,1.0,0.0024488678200343937,1.5039405317764934e-05,1729.125,1678.2265625,291.1011305021443,38.05,48.22769336106029,1024.83075,27666,53,33,(),1,5e+01 a1
yj_m,,False,1789621160456,0.5391946821769766,0.47724822397457595,0.0975376526836707,0.08651755712365591,0.015650598414093782,0.16045699259188684,0.13902485027875183,4356.749999999999,454.8580538269604,1.0,0.0024488678200343937,1.5039405317764934e-05,1660.125,1609.2265625,291.1011305021443,38.05,48.22769336106029,1024.83075,26562,53,33,(),1,5e+01 a1
yj_m,,False,1789621160506,0.581664106656124,0.5133234409853624,0.0975376526836707,0.09333207325268816,0.015650598414093782,0.16045699259188684,0.13902485027875183,4356.749999999999,454.8580538269604,1.0,0.0024488678200343937,1.5039405317764934e-05,1786.875,1735.9765625,291.1011305021443,38.05,48.22769336106029,1024.83075,28590,53,33,(),1,5e+01 a1
yj_m,,False,1789621160556,0.5777899234565963,0.5100282822631298,0.0975376526836707,0.09271043346774194,0.015650598414093782,0.16045699259188684,0.13902485027875183,4356.749999999999,454.8580538269604,1.0,0.0024488678200343937,1.5039405317764934e-05,1775.3125,1724.4140625,291.1011305021443,38.05,48.22769336106029,1024.83075,28405,53,33,(),1,5e+01 a1
yj_m,,False,1789621160606,0.5786694677505432,0.5107763020169209,0.0975376526836707,0.0928515625,0.015650598414093782,0.16045699259188684,0.13902485027875183,4356.749999999999,454.8580538269604,1.0,0.0024488678200343937,1.5039405317764934e-05,1777.9375,1727.0390625,291.1011305021443,38.05,48.22769336106029,1024.83075,28447,53,33,(),1,5e+01 a1
yj_m,,False,1789621160656,0.5760308348687025,0.5085323678693789,0.0975376526836707,0.0924281754032258,0.015650598414093782,0.16045699259188684,0.13902485027875183,4356.749999999999,454.8580538269604,1.0,0.0024488678200343937,1.5039405317764934e-05,1770.0625,1719.1640625,291.1011305021443,38.05,48.22769336106029,1024.83075,28321,53,33,(),1,5e+01 a1
yj_m,,False,1789621160706,0.57402044791111,0.5068229572802241,0.0975376526836707,0.09210559475806453,0.015650598414093782,0.16045699259188684,0.13902485027875183,4356.749999999999,454.8580538269604,1.0,0.0024488678200343937,1.5039405317764934e-05,1764.0625,1713.1640625,291.1011305021443,38.05,48.22769336106029,1024.83075,28225,53,33,(),1,5e+01 a1
yj_m,,False,1789621160756,0.5742089216883841,0.5069832051388625,0.0975376526836707,0.09213583669354838,0.015650598414093782,0.16045699259188684,0.13902485027875183,4356.749999999999,454.8580538269604,1.0,0.0024488678200343937,1.5039405317764934e-05,1764.625,1713.7265625,291.1011305021443,38.05,48.22769336106029,1024.83075,28234,54,33,(),1,5e+01 a1
yj_m,,False,1789621160806,0.5930772409466247,0.5230353503874285,0.0975376526836707,0.09516339045698925,0.015650598414093782,0.16045699259188684,0.13902485027875183,4356.749999999999,454.8580538269604,1.0,0.0024488678200343937,1.5039405317764934e-05,1820.9375,1770.0390625,291.1011305021443,38.05,48.22769336106029,1024.83075,29135,54,33,(),1,5e+01 a1
yj_m,,False,1789621160856,0.5708373352282546,0.5041168448618862,0.0975376526836707,0.09159484206989248,0.015650598414093782,0.16045699259188684,0.13902485027875183,4356.749999999999,454.8580538269604,1.0,0.0024488678200343937,1.5039405317764934e-05,1754.5625,1703.6640625,291.1011305021443,38.05,48.22769336106029,1024.83075,28073,54,34,(),1,5e+01 a1
yj_m,,False,1789621160906,0.5803447902152037,0.512201216094841,0.0975376526836707,0.09312037970430107,0.015650598414093782,0.16045699259188684,0.13902485027875183,4356.749999999999,454.8580538269604,1.0,0.0024488678200343937,1.5039405317764934e-05,1782.9375,1732.0390625,291.1011305021443,38.05,48.22769336106029,1024.83075,28527,54,34,(),1,5e+01 a1
yj_m,,False,1789621160956,0.5868366647657638,0.5177241559826344,0.0975376526836707,0.09416204637096774,0.015650598414093782,0.16045699259188684,0.13902485027875183,4356.749999999999,454.8580538269604,1.0,0.0024488678200343937,1.5039405317764934e-05,1802.3125,1751.4140625,291.1011305021443,38.05,48.22769336106029,1024.83075,28837,54,34,(),1,5e+01 a1
yj_m,,False,1789621161006,0.5543772920129637,0.4901326150476698,0.0975376526836707,0.0889537130376344,0.015650598414093782,0.16045699259188684,0.13902485027875183,4356.749999999999,454.8580538269604,1.0,0.0024488678200343937,1.5039405317764934e-05,1705.4375,1654.5390625,291.1011305021443,38.05,48.22769336106029,1024.83075,27287,54,34,(),1,5e+01 a1
yj_m,,False,1789621161056,0.5371842952193838,0.47554326248788453,0.0975376526836707,0.08619497647849463,0.015650598414093782,0.16045699259188684,0.13902485027875183,4356.749999999999,454.8580538269604,1.0,0.0024488678200343937,1.5039405317764934e-05,1654.125,1603.2265625,291.1011305021443,38.05,48.22769336106029,1024.83075,26466,54,34,(),1,5e+01 a1
yj_m,,False,1789621161106,0.5334567027355139,0.4723826921604146,0.0975376526836707,0.08559685819892474,0.015650598414093782,0.16045699259188684,0.13902485027875183,4356.749999999999,454.8580538269604,1.0,0.0024488678200343937,1.5039405317764934e-05,1643.0,1592.1015625,291.1011305021443,38.05,48.22769336106029,1024.83075,26288,54,34,(),1,5e+01 a1
yj_m,,False,1789621161156,0.48594036933157625,0.4321838679922606,0.0975376526836707,0.07797253024193548,0.015650598414093782,0.16045699259188684,0.13902485027875183,4356.749999999999,454.8580538269604,1.0,0.0024488678200343937,1.5039405317764934e-05,1501.1875,1450.2890625,291.1011305021443,38.05,48.22769336106029,1024.83075,24019,54,34,(),1,5e+01 a1
yj_m,,False,1789621161206,0.48420222227449083,0.4307168723513079,0.0975376526836707,0.07769363239247312,0.015650598414093782,0.16045699259188684,0.13902485027875183,4356.749999999999,454.8580538269604,1.0,0.0024488678200343937,1.5039405317764934e-05,1496.0,1445.1015625,291.1011305021443,38.05,48.22769336106029,1024.83075,23936,54,34,(),1,5e+01 a1
yj_m,,False,1789621161256,0.4876575748578534,0.4336334514775705,0.0975376526836707,0.07824806787634409,0.015650598414093782,0.16045699259188684,0.13902485027875183,4356.749999999999,454.8580538269604,1.0,0.0024488678200343937,1.5039405317764934e-05,1506.3125,1455.4140625,291.1011305021443,38.05,48.22769336106029,1024.83075,24101,54,34,(),1,5e+01 a1
yj_m,,False,1789621161306,0.48927007273008927,0.43499488091203675,0.0975376526836707,0.07850680443548387,0.015650598414093782,0.16045699259188684,0.13902485027875183,4356.749999999999,454.8580538269604,1.0,0.0024488678200343937,1.5039405317764934e-05,1511.125,1460.2265625,291.1011305021443,38.05,48.22769336106029,1024.83075,24178,54,34,(),1,5e+01 a1
yj_m,,False,1789621161356,0.5444928894714659,0.48174277261746384,0.0975376526836707,0.08736769153225807,0.015650598414093782,0.16045699259188684,0.13902485027875183,4356.749999999999,454.8580538269604,1.0,0.0024488678200343937,1.5039405317764934e-05,1675.9375,1625.0390625,291.1011305021443,38.05,48.22769336106029,1024.83075,26815,54,34,(),1,5e+01 a1
yj_m,,False,1789621161406,0.5825227094192627,0.5140538272244524,0.0975376526836707,0.09346984206989248,0.015650598414093782,0.16045699259188684,0.13902485027875183,4356.749999999999,454.8580538269604,1.0,0.0024488678200343937,1.5039405317764934e-05,1789.4375,1738.5390625,291.1011305021443,38.05,48.22769336106029,1024.83075,28631,54,34,(),1,5e+01 a1
yj_m,,False,1789621161456,0.5352367328542159,0.47389183698306364,0.0975376526836707,0.08588247647849463,0.015650598414093782,0.16045699259188684,0.13902485027875183,4356.749999999999,454.8580538269604,1.0,0.0024488678200343937,1.5039405317764934e-05,1648.3125,1597.4140625,291.1011305021443,38.05,48.22769336106029,1024.83075,26373,54,34,(),1,5e+01 a1
yj_m,,False,1789621161506,0.5175830223828543,0.45893441166797483,0.0975376526836707,0.08304981518817205,0.015650598414093782,0.16045699259188684,0.13902485027875183,4356.749999999999,454.8580538269604,1.0,0.0024488678200343937,1.5039405317764934e-05,1595.625,1544.7265625,291.1011305021443,38.05,48.22769336106029,1024.83075,25530,54,34,(),1,5e+01 a1
yj_m,,False,1789621161556,0.5471734054149229,0.484017380760838,0.0975376526836707,0.08779779905913977,0.015650598414093782,0.16045699259188684,0.13902485027875183,4356.749999999999,454.8580538269604,1.0,0.0024488678200343937,1.5039405317764934e-05,1683.9375,1633.0390625,291.1011305021443,38.05,48.22769336106029,1024.83075,26943,54,34,(),1,5e+01 a1
yj_m,,False,1789621161606,0.5838001427985664,0.5151405711147595,0.0975376526836707,0.09367481518817206,0.015650598414093782,0.16045699259188684,0.13902485027875183,4356.749999999999,454.8580538269604,1.0,0.0024488678200343937,1.5039405317764934e-05,1793.25,1742.3515625,291.1011305021443,38.05,48.22769336106029,1024.83075,28692,54,34,(),1,5e+01 a1
yj_m,,False,1789621161656,0.5847843947465545,0.5159779565520217,0.0975376526836707,0.09383274529569893,0.015650598414093782,0.16045699259188684,0.13902485027875183,4356.749999999999,454.8580538269604,1.0,0.0024488678200343937,1.5039405317764934e-05,1796.1875,1745.2890625,291.1011305021443,38.05,48.22769336106029,1024.83075,28739,54,34,(),1,5e+01 a1
yj_m,,False,1789621161706,0.5229649958005765,0.46349204622574336,0.0975376526836707,0.08391339045698924,0.015650598414093782,0.16045699259188684,0.13902485027875183,4356.749999999999,454.8580538269604,1.0,0.0024488678200343937,1.5039405317764934e-05,1611.6875,1560.7890625,291.1011305021443,38.05,48.22769336106029,1024.83075,25787,54,34,(),1,5e+01 a1
yj_m,,False,1789621161756,0.5634449748529395,0.49783444963168344,0.0975376526836707,0.09040868615591398,0.015650598414093782,0.16045699259188684,0.13902485027875183,4356.749999999999,454.8580538269604,1.0,0.0024488678200343937,1.5039405317764934e-05,1732.5,1681.6015625,291.1011305021443,38.05,48.22769336106029,1024.83075,27720,55,34,(),1,5e+01 a1
yj_m,,False,1789621161806,0.5783762863192276,0.5105269574832495,0.0975376526836707,0.09280451948924731,0.015650598414093782,0.16045699259188684,0.13902485027875183,4356.749999999999,454.8580538269604,1.0,0.0024488678200343937,1.5039405317764934e-05,1777.0625,1726.1640625,291.1011305021443,38.05,48.22769336106029,1024.83075,28433,55,34,(),1,5e+01 a1
yj_m,,False,1789621161856,0.5087038133201529,0.45141991048198826,0.0975376526836707,0.08162508400537635,0.015650598414093782,0.16045699259188684,0.13902485027875183,4356.749999999999,454.8580538269604,1.0,0.0024488678200343937,1.5039405317764934e-05,1569.125,1518.2265625,291.1011305021443,38.05,48.22769336106029,1024.83075,25106,55,35,(),1,5e+01 a1
yj_m,,False,1789621161906,0.5947735049420937,0.5244793356944095,0.0975376526836707,0.0954355678763441,0.015650598414093782,0.16045699259188684,0.13902485027875183,4356.749999999999,454.8580538269604,1.0,0.0024488678200343937,1.5039405317764934e-05,1826.0,1775.1015625,291.1011305021443,38.05,48.22769336106029,1024.83075,29216,55,35,(),1,5e+01 a1
yj_m,,False,1789621161956,0.5987314542648544,0.5278491866379064,0.0975376526836707,0.09607064852150538,0.015650598414093782,0.16045699259188684,0.13902485027875183,4356.749999999999,454.8580538269604,1.0,0.0024488678200343937,1.5039405317764934e-05,1837.8125,1786.9140625,291.1011305021443,38.05,48.22769336106029,1024.83075,29405,55,35,(),1,5e+01 a1
yj_m,,False,1789621162006,0.5965744765916038,0.5260126117654222,0.0975376526836707,0.09572454637096774,0.015650598414093782,0.16045699259188684,0.13902485027875183,4356.749999999999,454.8580538269604,1.0,0.0024488678200343937,1.5039405317764934e-05,1831.375,1780.4765625,291.1011305021443,38.05,48.22769336106029,1024.83075,29302,55,35,(),1,5e+01 a1
yj_m,,False,1789621162056,0.6014747948007362,0.530185350683894,0.0975376526836707,0.09651083669354839,0.015650598414093782,0.16045699259188684,0.13902485027875183,4356.749999999999,454.8580538269604,1.0,0.0024488678200343937,1.5039405317764934e-05,1846.0,1795.1015625,291.1011305021443,38.05,48.22769336106029,1024.83075,29536,55,35,(),1,5e+01 a1
yj_m,,False,1789621162106,0.5238026570329068,0.46420159410544043,0.0975376526836707,0.08404779905913978,0.015650598414093782,0.16045699259188684,0.13902485027875183,4356.749999999999,454.8580538269604,1.0,0.0024488678200343937,1.5039405317764934e-05,1614.1875,1563.2890625,291.1011305021443,38.05,48.22769336106029,1024.83075,25827,55,35,(),1,5e+01 a1
yj_m,,False,1789621162156,0.5256664532748418,0.4657805175485777,0.0975376526836707,0.08434685819892473,0.015650598414093782,0.16045699259188684,0.13902485027875183,4356.749999999999,454.8580538269604,1.0,0.0024488678200343937,1.5039405317764934e-05,1619.75,1568.8515625,291.1011305021443,38.05,48.22769336106029,1024.83075,25916,55,35,(),1,5e+01 a1
yj_m,,False,1789621162206,0.5771407360015403,0.5094761991462967,0.0975376526836707,0.09260626680107527,0.015650598414093782,0.16045699259188684,0.13902485027875183,4356.749999999999,454.8580538269604,1.0,0.0024488678200343937,1.5039405317764934e-05,1773.375,1722.4765625,291.1011305021443,38.05,48.22769336106029,1024.83075,28374,55,35,(),1,5e+01 a1
yj_m,,False,1789621162256,0.5965535350607956,0.5259947820565974,0.0975376526836707,0.09572118615591398,0.015650598414093782,0.16045699259188684,0.13902485027875183,4356.749999999999,454.8580538269604,1.0,0.0024488678200343937,1.5039405317764934e-05,1831.3125,1780.4140625,291.1011305021443,38.05,48.22769336106029,1024.83075,29301,55,35,(),1,5e+01 a1
yj_m,,False,1789621162306,0.5219179192601636,0.46260518217920715,0.0975376526836707,0.08374537970430107,0.015650598414093782,0.16045699259188684,0.13902485027875183,4356.749999999999,454.8580538269604,1.0,0.0024488678200343937,1.5039405317764934e-05,1608.5625,1557.6640625,291.1011305021443,38.05,48.22769336106029,1024.83075,25737,55,35,(),1,5e+01 a1
yj_m,,False,1789621162356,0.5193630525015562,0.46044156676456416,0.0975376526836707,0.08333543346774194,0.015650598414093782,0.16045699259188684,0.13902485027875183,4356.749999999999,454.8580538269604,1.0,0.0024488678200343937,1.5039405317764934e-05,1600.9375,1550.0390625,291.1011305021443,38.05,48.22769336106029,1024.83075,25615,55,35,(),1,5e+01 a1
yj_m,,False,1789621162406,0.579716544290956,0.5116668557674571,0.0975376526836707,0.09301957325268817,0.015650598414093782,0.16045699259188684,0.13902485027875183,4356.749999999999,454.8580538269604,1.0,0.0024488678200343937,1.5039405317764934e-05,1781.0625,1730.1640625,291.1011305021443,38.05,48.22769336106029,1024.83075,28497,55,35,(),1,5e+01 a1
yj_m,,False,1789621162456,0.5618534185115118,0.4964822757361569,0.0975376526836707,0.09015330981182795,0.015650598414093782,0.16045699259188684,0.13902485027875183,4356.749999999999,454.8580538269604,1.0,0.0024488678200343937,1.5039405317764934e-05,1727.75,1676.8515625,291.1011305021443,38.05,48.22769336106029,1024.83075,27644,55,35,(),1,5e+01 a1
yj_m,,False,1789621162506,0.5843446225995811,0.5156037993729155,0.0975376526836707,0.0937621807795699,0.015650598414093782,0.16045699259188684,0.13902485027875183,4356.749999999999,454.8580538269604,1.0,0.0024488678200343937,1.5039405317764934e-05,1794.875,1743.9765625,291.1011305021443,38.05,48.22769336106029,1024.83075,28718,55,35,(),1,5e+01 a1
yj_m,,False,1789621162556,0.5746277523045493,0.5073393184589197,0.0975376526836707,0.09220304099462366,0.015650598414093782,0.16045699259188684,0.13902485027875183,4356.749999999999,454.8580538269604,1.0,0.0024488678200343937,1.5039405317764934e-05,1765.875,1714.9765625,291.1011305021443,38.05,48.22769336106029,1024.83075,28254,55,35,(),1,5e+01 a1
yj_m,,False,1789621162606,0.5800516087838882,0.5119518453275533,0.0975376526836707,0.09307333669354839,0.015650598414093782,0.16045699259188684,0.13902485027875183,4356.749999999999,454.8580538269604,1.0,0.0024488678200343937,1.5039405317764934e-05,1782.0625,1731.1640625,291.1011305021443,38.05,48.22769336106029,1024.83075,28513,55,35,(),1,5e+01 a1
yj_m,,False,1789621162656,0.5589634872599722,0.49402739135982776,0.0975376526836707,0.0896896001344086,0.015650598414093782,0.16045699259188684,0.13902485027875183,4356.749999999999,454.8580538269604,1.0,0.0024488678200343937,1.5039405317764934e-05,1719.125,1668.2265625,291.1011305021443,38.05,48.22769336106029,1024.83075,27506,55,35,(),1,5e+01 a1
yj_m,,False,1789621162706,0.5106932587469374,0.45310306267234113,0.0975376526836707,0.08194430443548388,0.015650598414093782,0.16045699259188684,0.13902485027875183,4356.749999999999,454.8580538269604,1.0,0.0024488678200343937,1.5039405317764934e-05,1575.0625,1524.1640625,291.1011305021443,38.05,48.22769336106029,1024.83075,25201,55,35,(),1,5e+01 a1
yj_m,,False,1789621162756,0.6014329117391197,0.5301496813340179,0.0975376526836707,0.09650411626344087,0.015650598414093782,0.16045699259188684,0.13902485027875183,4356.749999999999,454.8580538269604,1.0,0.0024488678200343937,1.5039405317764934e-05,1845.875,1794.9765625,291.1011305021443,38.05,48.22769336106029,1024.83075,29534,56,35,(),1,5e+01 a1
yj_m,,False,1789621162806,0.5798421934758057,0.5117737261515934,0.0975376526836707,0.09303973454301076,0.015650598414093782,0.16045699259188684,0.13902485027875183,4356.749999999999,454.8580538269604,1.0,0.0024488678200343937,1.5039405317764934e-05,1781.4375,1730.5390625,291.1011305021443,38.05,48.22769336106029,1024.83075,28503,56,35,(),1,5e+01 a1
yj_m,,False,1789621162856,0.5321373862945936,0.4712642879359472,0.0975376526836707,0.08538516465053764,0.015650598414093782,0.16045699259188684,0.13902485027875183,4356.749999999999,454.8580538269604,1.0,0.0024488678200343937,1.5039405317764934e-05,1639.0625,1588.1640625,291.1011305021443,38.05,48.22769336106029,1024.83075,26225,56,36,(),1,5e+01 a1
yj_m,,False,1789621162906,0.562272249127677,0.4968380966890172,0.0975376526836707,0.09022051411290323,0.015650598414093782,0.16045699259188684,0.13902485027875183,4356.749999999999,454.8580538269604,1.0,0.0024488678200343937,1.5039405317764934e-05,1729.0,1678.1015625,291.1011305021443,38.05,48.22769336106029,1024.83075,27664,56,36,(),1,5e+01 a1
yj_m,,False,1789621162956,0.5649318235403259,0.4990977972135882,0.0975376526836707,0.09064726142473119,0.015650598414093782,0.16045699259188684,0.13902485027875183,4356.749999999999,454.8580538269604,1.0,0.0024488678200343937,1.5039405317764934e-05,1736.9375,1686.0390625,291.1011305021443,38.05,48.22769336106029,1024.83075,27791,56,36,(),1,5e+01 a1
yj_m,,False,1789621163006,0.563738156284255,0.49808355032462603,0.0975376526836707,0.09045572916666667,0.015650598414093782,0.16045699259188684,0.13902485027875183,4356.749999999999,454.8580538269604,1.0,0.0024488678200343937,1.5039405317764934e-05,1733.375,1682.4765625,291.1011305021443,38.05,48.22769336106029,1024.83075,27734,56,36,(),1,5e+01 a1
yj_m,,False,1789621163056,0.5649527650711341,0.4991155917507032,0.0975376526836707,0.09065062163978495,0.015650598414093782,0.16045699259188684,0.13902485027875183,4356.749999999999,454.8580538269604,1.0,0.0024488678200343937,1.5039405317764934e-05,1737.0,1686.1015625,291.1011305021443,38.05,48.22769336106029,1024.83075,27792,56,36,(),1,5e+01 a1
yj_m,,False,1789621163106,0.5729314883090804,0.5058971189774405,0.0975376526836707,0.0919308635752688,0.015650598414093782,0.16045699259188684,0.13902485027875183,4356.749999999999,454.8580538269604,1.0,0.0024488678200343937,1.5039405317764934e-05,1760.8125,1709.9140625,291.1011305021443,38.05,48.22769336106029,1024.83075,28173,56,36,(),1,5e+01 a1
yj_m,,False,1789621163156,0.5288286244268888,0.4684599254964722,0.0975376526836707,0.08485425067204301,0.015650598414093782,0.16045699259188684,0.13902485027875183,4356.749999999999,454.8580538269604,1.0,0.0024488678200343937,1.5039405317764934e-05,1629.1875,1578.2890625,291.1011305021443,38.05,48.22769336106029,1024.83075,26067,56,36,(),1,5e+01 a1
yj_m,,False,1789621163206,0.5108189079317869,0.4532093772587343,0.0975376526836707,0.08196446572580644,0.015650598414093782,0.16045699259188684,0.13902485027875183,4356.749999999999,454.8580538269604,1.0,0.0024488678200343937,1.5039405317764934e-05,1575.4375,1524.5390625,291.1011305021443,38.05,48.22769336106029,1024.83075,25207,56,36,(),1,5e+01 a1
yj_m,,False,1789621163556,0.6508042622292645,0.5943213846257486,0.1923882869469695,0.05294228830645161,0.015650598414093782,0.08134901902010158,0.07028878906881063,4356.749999999999,454.8580538269604,1.0,0.0024488678200343937,7.624727657445433e-06,1035.625,984.7265625,291.1011305021443,38.05,51.177756639786764,1024.83075,16570,56,36,(),2,5e+01 a1
yj_m,,False,1789621163606,0.7194963952349223,0.6507620214840764,0.1923882869469695,0.05853032594086022,0.015650598414093782,0.08134901902010158,0.07028878906881063,4356.749999999999,454.8580538269604,1.0,0.0024488678200343937,7.624727657445433e-06,1139.5625,1088.6640625,291.1011305021443,38.05,51.177756639786764,1024.83075,18233,56,36,(),2,5e+01 a1
yj_m,,False,1789621163656,0.7162332091210034,0.6480690651744991,0.1923882869469695,0.058264868951612904,0.015650598414093782,0.08134901902010158,0.07028878906881063,4356.749999999999,454.8580538269604,1.0,0.0024488678200343937,7.624727657445433e-06,1134.625,1083.7265625,291.1011305021443,38.05,51.177756639786764,1024.83075,18154,56,36,(),2,5e+01 a1
yj_m,,False,1789621163706,0.7021065046784689,0.6364235963432066,0.1923882869469695,0.057115675403225805,0.015650598414093782,0.08134901902010158,0.07028878906881063,4356.749999999999,454.8580538269604,1.0,0.0024488678200343937,7.624727657445433e-06,1113.25,1062.3515625,291.1011305021443,38.05,51.177756639786764,1024.83075,17812,56,36,(),2,5e+01 a1
yj_m,,False,1789621163756,0.6405190300474192,0.5859201001353154,0.1923882869469695,0.05210559475806452,0.015650598414093782,0.08134901902010158,0.07028878906881063,4356.749999999999,454.8580538269604,1.0,0.0024488678200343937,7.624727657445433e-06,1020.0625,969.1640625,291.1011305021443,38.05,51.177756639786764,1024.83075,16321,57,36,(),2,5e+01 a1
yj_m,,False,1789621163806,0.6421299700277082,0.5872350198261241,0.1923882869469695,0.05223664314516129,0.015650598414093782,0.08134901902010158,0.07028878906881063,4356.749999999999,454.8580538269604,1.0,0.0024488678200343937,7.624727657445433e-06,1022.5,971.6015625,291.1011305021443,38.05,51.177756639786764,1024.83075,16360,57,36,(),2,5e+01 a1
yj_m,,False,1789621163856,0.6152809703562244,0.565367821654256,0.1923882869469695,0.05005250336021506,0.015650598414093782,0.08134901902010158,0.07028878906881063,4356.749999999999,454.8580538269604,1.0,0.0024488678200343937,7.624727657445433e-06,981.875,930.9765625,291.1011305021443,38.05,51.177756639786764,1024.83075,15710,57,37,(),2,5e+01 a1
yj_m,,False,1789621163906,0.6155701134296095,0.5656027494930193,0.1923882869469695,0.050076024865591394,0.015650598414093782,0.08134901902010158,0.07028878906881063,4356.749999999999,454.8580538269604,1.0,0.0024488678200343937,7.624727657445433e-06,982.3125,931.4140625,291.1011305021443,38.05,51.177756639786764,1024.83075,15717,57,37,(),2,5e+01 a1
yj_m,,False,1789621163956,0.6324230239926333,0.5793172331194045,0.1923882869469695,0.05144699260752688,0.015650598414093782,0.08134901902010158,0.07028878906881063,4356.749999999999,454.8580538269604,1.0,0.0024488678200343937,7.624727657445433e-06,1007.8125,956.9140625,291.1011305021443,38.05,51.177756639786764,1024.83075,16125,57,37,(),2,5e+01 a1
yj_m,,False,1789621164006,0.6228813025709212,0.5715472684067477,0.1923882869469695,0.05067078293010752,0.015650598414093782,0.08134901902010158,0.07028878906881063,4356.749999999999,454.8580538269604,1.0,0.0024488678200343937,7.624727657445433e-06,993.375,942.4765625,291.1011305021443,38.05,51.177756639786764,1024.83075,15894,57,37,(),2,5e+01 a1
yj_m,,False,1789621164056,0.6274249794384033,0.5752456042669715,0.1923882869469695,0.051040406586021506,0.015650598414093782,0.08134901902010158,0.07028878906881063,4356.749999999999,454.8580538269604,1.0,0.0024488678200343937,7.624727657445433e-06,1000.25,949.3515625,291.1011305021443,38.05,51.177756639786764,1024.83075,16004,57,37,(),2,5e+01 a1
yj_m,,False,1789621164106,0.6800077126411708,0.6182496469120656,0.1923882869469695,0.05531796034946237,0.015650598414093782,0.08134901902010158,0.07028878906881063,4356.749999999999,454.8580538269604,1.0,0.0024488678200343937,7.624727657445433e-06,1079.8125,1028.9140625,291.1011305021443,38.05,51.177756639786764,1024.83075,17277,57,37,(),2,5e+01 a1
yj_m,,False,1789621164156,0.7342013858242272,0.6629104266926147,0.1923882869469695,0.0597265625,0.015650598414093782,0.08134901902010158,0.07028878906881063,4356.749999999999,454.8580538269604,1.0,0.0024488678200343937,7.624727657445433e-06,1161.8125,1110.9140625,291.1011305021443,38.05,51.177756639786764,1024.83075,18589,57,37,(),2,5e+01 a1
yj_m,,False,1789621164206,0.7195790075416036,0.6508302115064187,0.1923882869469695,0.05853704637096774,0.015650598414093782,0.08134901902010158,0.07028878906881063,4356.749999999999,454.8580538269604,1.0,0.0024488678200343937,7.624727657445433e-06,1139.6875,1088.7890625,291.1011305021443,38.05,51.177756639786764,1024.83075,18235,57,37,(),2,5e+01 a1
yj_m,,False,1789621164256,0.6998759723980686,0.6345867641178409,0.1923882869469695,0.05693422379032258,0.015650598414093782,0.08134901902010158,0.07028878906881063,4356.749999999999,454.8580538269604,1.0,0.0024488678200343937,7.624727657445433e-06,1109.875,1058.9765625,291.1011305021443,38.05,51.177756639786764,1024.83075,17758,57,37,(),2,5e+01 a1
yj_m,,False,1789621164306,0.7041718123455062,0.6381248425694105,0.1923882869469695,0.05728368615591398,0.015650598414093782,0.08134901902010158,0.07028878906881063,4356.749999999999,454.8580538269604,1.0,0.0024488678200343937,7.624727657445433e-06,1116.375,1065.4765625,291.1011305021443,38.05,51.177756639786764,1024.83075,17862,57,37,(),2,5e+01 a1
yj_m,,False,1789621164356,0.7206529675284631,0.6517167439705916,0.1923882869469695,0.05862441196236559,0.015650598414093782,0.08134901902010158,0.07028878906881063,4356.749999999999,454.8580538269604,1.0,0.0024488678200343937,7.624727657445433e-06,1141.3125,1090.4140625,291.1011305021443,38.05,51.177756639786764,1024.83075,18261,57,37,(),2,5e+01 a1
yj_m,,False,1789621164406,0.7294098720367009,0.6589496488827999,0.1923882869469695,0.059336777553763445,0.015650598414093782,0.08134901902010158,0.07028878906881063,4356.749999999999,454.8580538269604,1.0,0.0024488678200343937,7.624727657445433e-06,1154.5625,1103.6640625,291.1011305021443,38.05,51.177756639786764,1024.83075,18473,57,37,(),2,5e+01 a1
yj_m,,False,1789621164456,0.7249075013225598,0.6552299034439306,0.1923882869469695,0.05897051411290322,0.015650598414093782,0.08134901902010158,0.07028878906881063,4356.749999999999,454.8580538269604,1.0,0.0024488678200343937,7.624727657445433e-06,1147.75,1096.8515625,291.1011305021443,38.05,51.177756639786764,1024.83075,18364,57,37,(),2,5e+01 a1
yj_m,,False,1789621164506,0.7064023446259063,0.6399626978773728,0.1923882869469695,0.05746513776881721,0.015650598414093782,0.08134901902010158,0.07028878906881063,4356.749999999999,454.8580538269604,1.0,0.0024488678200343937,7.624727657445433e-06,1119.75,1068.8515625,291.1011305021443,38.05,51.177756639786764,1024.83075,17916,57,37,(),2,5e+01 a1
yj_m,,False,1789621164556,0.7230074182688855,0.6536606981634445,0.1923882869469695,0.05881594422043011,0.015650598414093782,0.08134901902010158,0.07028878906881063,4356.749999999999,454.8580538269604,1.0,0.0024488678200343937,7.624727657445433e-06,1144.875,1093.9765625,291.1011305021443,38.05,51.177756639786764,1024.83075,18318,57,37,(),2,5e+01 a1
yj_m,,False,1789621164606,0.7173484752612035,0.648989321723964,0.1923882869469695,0.05835559475806451,0.015650598414093782,0.08134901902010158,0.07028878906881063,4356.749999999999,454.8580538269604,1.0,0.0024488678200343937,7.624727657445433e-06,1136.3125,1085.4140625,291.1011305021443,38.05,51.177756639786764,1024.83075,18181,57,37,(),2,5e+01 a1
yj_m,,False,1789621164656,0.7198268444616481,0.6510347856771062,0.1923882869469695,0.05855720766129032,0.015650598414093782,0.08134901902010158,0.07028878906881063,4356.749999999999,454.8580538269604,1.0,0.0024488678200343937,7.624727657445433e-06,1140.0625,1089.1640625,291.1011305021443,38.05,51.177756639786764,1024.83075,18241,57,37,(),2,5e+01 a1
yj_m,,False,1789621164706,0.6938865801636608,0.6296572043221735,0.1923882869469695,0.056446992607526884,0.015650598414093782,0.08134901902010158,0.07028878906881063,4356.749999999999,454.8580538269604,1.0,0.0024488678200343937,7.624727657445433e-06,1100.8125,1049.9140625,291.1011305021443,38.05,51.177756639786764,1024.83075,17613,57,37,(),2,5e+01 a1
yj_m,,False,1789621164756,0.6959105816773572,0.6313226159757498,0.1923882869469695,0.05661164314516129,0.015650598414093782,0.08134901902010158,0.07028878906881063,4356.749999999999,454.8580538269604,1.0,0.0024488678200343937,7.624727657445433e-06,1103.875,1052.9765625,291.1011305021443,38.05,51.177756639786764,1024.83075,17662,58,37,(),2,5e+01 a1
yj_m,,False,1789621164806,0.7010738508449502,0.6355731444712766,0.1923882869469695,0.05703167002688172,0.015650598414093782,0.08134901902010158,0.07028878906881063,4356.749999999999,454.8580538269604,1.0,0.0024488678200343937,7.624727657445433e-06,1111.6875,1060.7890625,291.1011305021443,38.05,51.177756639786764,1024.83075,17787,58,37,(),2,5e+01 a1
yj_m,,False,1789621164856,0.7175963121812481,0.6491938402738939,0.1923882869469695,0.0583757560483871,0.015650598414093782,0.08134901902010158,0.07028878906881063,4356.749999999999,454.8580538269604,1.0,0.0024488678200343937,7.624727657445433e-06,1136.6875,1085.7890625,291.1011305021443,38.05,51.177756639786764,1024.83075,18187,58,38,(),2,5e+01 a1
yj_m,,False,1789621164906,0.7204464367617593,0.6515462480016806,0.1923882869469695,0.058607610887096775,0.015650598414093782,0.08134901902010158,0.07028878906881063,4356.749999999999,454.8580538269604,1.0,0.0024488678200343937,7.624727657445433e-06,1141.0,1090.1015625,291.1011305021443,38.05,51.177756639786764,1024.83075,18256,58,38,(),2,5e+01 a1
yj_m,,False,1789621164956,0.7109460214933883,0.6437080949611049,0.1923882869469695,0.057834761424731186,0.015650598414093782,0.08134901902010158,0.07028878906881063,4356.749999999999,454.8580538269604,1.0,0.0024488678200343937,7.624727657445433e-06,1126.625,1075.7265625,291.1011305021443,38.05,51.177756639786764,1024.83075,18026,58,38,(),2,5e+01 a1
yj_m,,False,1789621165006,0.6418821331076637,0.5870327013803053,0.1923882869469695,0.05221648185483871,0.015650598414093782,0.08134901902010158,0.07028878906881063,4356.749999999999,454.8580538269604,1.0,0.0024488678200343937,7.624727657445433e-06,1022.125,971.2265625,291.1011305021443,38.05,51.177756639786764,1024.83075,16354,58,38,(),2,5e+01 a1
yj_m,,False,1789621165056,0.5774858400494434,0.5347757049194664,0.1923882869469695,0.04697790658602151,0.015650598414093782,0.08134901902010158,0.07028878906881063,4356.749999999999,454.8580538269604,1.0,0.0024488678200343937,7.624727657445433e-06,924.6875,873.7890625,291.1011305021443,38.05,51.177756639786764,1024.83075,14795,58,38,(),2,5e+01 a1
yj_m,,False,1789621165106,0.5755857569957692,0.5332442049491624,0.1923882869469695,0.04682333669354839,0.015650598414093782,0.08134901902010158,0.07028878906881063,4356.749999999999,454.8580538269604,1.0,0.0024488678200343937,7.624727657445433e-06,921.8125,870.9140625,291.1011305021443,38.05,51.177756639786764,1024.83075,14749,58,38,(),2,5e+01 a1
yj_m,,False,1789621165156,0.5835991507438735,0.5397075373844991,0.1923882869469695,0.0474752184139785,0.015650598414093782,0.08134901902010158,0.07028878906881063,4356.749999999999,454.8580538269604,1.0,0.0024488678200343937,7.624727657445433e-06,933.9375,883.0390625,291.1011305021443,38.05,51.177756639786764,1024.83075,14943,58,38,(),2,5e+01 a1
yj_m,,False,1789621165206,0.6177180334033283,0.5673483263698058,0.1923882869469695,0.0502507560483871,0.015650598414093782,0.08134901902010158,0.07028878906881063,4356.749999999999,454.8580538269604,1.0,0.0024488678200343937,7.624727657445433e-06,985.5625,934.6640625,291.1011305021443,38.05,51.177756639786764,1024.83075,15769,58,38,(),2,5e+01 a1
yj_m,,False,1789621165256,0.6560914498568797,0.5986455741734996,0.1923882869469695,0.05337239583333333,0.015650598414093782,0.08134901902010158,0.07028878906881063,4356.749999999999,454.8580538269604,1.0,0.0024488678200343937,7.624727657445433e-06,1043.625,992.7265625,291.1011305021443,38.05,51.177756639786764,1024.83075,16698,58,38,(),2,5e+01 a1
yj_m,,False,1789621165306,0.596114915206119,0.5498247647681309,0.1923882869469695,0.04849336357526882,0.015650598414093782,0.08134901902010158,0.07028878906881063,4356.749999999999,454.8580538269604,1.0,0.0024488678200343937,7.624727657445433e-06,952.875,901.9765625,291.1011305021443,38.05,51.177756639786764,1024.83075,15246,58,38,(),2,5e+01 a1
yj_m,,False,1789621165356,0.6303164101722553,0.5776006548173508,0.1923882869469695,0.05127562163978495,0.015650598414093782,0.08134901902010158,0.07028878906881063,4356.749999999999,454.8580538269604,1.0,0.0024488678200343937,7.624727657445433e-06,1004.625,953.7265625,291.1011305021443,38.05,51.177756639786764,1024.83075,16074,58,38,(),2,5e+01 a1
yj_m,,False,1789621165406,0.628746776345307,0.5763220491077441,0.1923882869469695,0.051147933467741935,0.015650598414093782,0.08134901902010158,0.07028878906881063,4356.749999999999,454.8580538269604,1.0,0.0024488678200343937,7.624727657445433e-06,1002.25,951.3515625,291.1011305021443,38.05,51.177756639786764,1024.83075,16036,58,38,(),2,5e+01 a1
yj_m,,False,1789621165456,0.6142896226760465,0.5645624519284578,0.1923882869469695,0.04997185819892473,0.015650598414093782,0.08134901902010158,0.07028878906881063,4356.749999999999,454.8580538269604,1.0,0.0024488678200343937,7.624727657445433e-06,980.375,929.4765625,291.1011305021443,38.05,51.177756639786764,1024.83075,15686,58,38,(),2,5e+01 a1
yj_m,,False,1789621165506,0.6393211516005376,0.5849425703160545,0.1923882869469695,0.05200814852150538,0.015650598414093782,0.08134901902010158,0.07028878906881063,4356.749999999999,454.8580538269604,1.0,0.0024488678200343937,7.624727657445433e-06,1018.25,967.3515625,291.1011305021443,38.05,51.177756639786764,1024.83075,16292,58,38,(),2,5e+01 a1
yj_m,,False,1789621165556,0.699999890858091,0.6346887962818204,0.1923882869469695,0.05694430443548387,0.015650598414093782,0.08134901902010158,0.07028878906881063,4356.749999999999,454.8580538269604,1.0,0.0024488678200343937,7.624727657445433e-06,1110.0625,1059.1640625,291.1011305021443,38.05,51.177756639786764,1024.83075,17761,58,38,(),2,5e+01 a1
yj_m,,False,1789621165606,0.6869884525557565,0.6239846377041731,0.1923882869469695,0.05588583669354839,0.015650598414093782,0.08134901902010158,0.07028878906881063,4356.749999999999,454.8580538269604,1.0,0.0024488678200343937,7.624727657445433e-06,1090.375,1039.4765625,291.1011305021443,38.05,51.177756639786764,1024.83075,17446,58,38,(),2,5e+01 a1
yj_m,,False,1789621165656,0.6964888678241278,0.6317985306631347,0.1923882869469695,0.05665868615591398,0.015650598414093782,0.08134901902010158,0.07028878906881063,4356.749999999999,454.8580538269604,1.0,0.0024488678200343937,7.624727657445433e-06,1104.75,1053.8515625,291.1011305021443,38.05,51.177756639786764,1024.83075,17676,58,38,(),2,5e+01 a1
yj_m,,False,1789621165706,0.7039239754254616,0.6379206690002394,0.1923882869469695,0.05726352486559139,0.015650598414093782,0.08134901902010158,0.07028878906881063,4356.749999999999,454.8580538269604,1.0,0.0024488678200343937,7.624727657445433e-06,1116.0,1065.1015625,291.1011305021443,38.05,51.177756639786764,1024.83075,17856,58,38,(),2,5e+01 a1
yj_m,,False,1789621165756,0.6923582524900532,0.6283999488682755,0.1923882869469695,0.05632266465053763,0.015650598414093782,0.08134901902010158,0.07028878906881063,4356.749999999999,454.8580538269604,1.0,0.0024488678200343937,7.624727657445433e-06,1098.5,1047.6015625,291.1011305021443,38.05,51.177756639786764,1024.83075,17576,59,38,(),2,5e+01 a1
yj_m,,False,1789621165806,0.7009086262315873,0.6354370828106966,0.1923882869469695,0.05701822916666667,0.015650598414093782,0.08134901902010158,0.07028878906881063,4356.749999999999,454.8580538269604,1.0,0.0024488678200343937,7.624727657445433e-06,1111.4375,1060.5390625,291.1011305021443,38.05,51.177756639786764,1024.83075,17783,59,39,(),2,5e+01 a1
yj_m,,False,1789621165856,0.7100785922732326,0.6429928982735997,0.1923882869469695,0.057764196908602156,0.015650598414093782,0.08134901902010158,0.07028878906881063,4356.749999999999,454.8580538269604,1.0,0.0024488678200343937,7.624727657445433e-06,1125.3125,1074.4140625,291.1011305021443,38.05,51.177756639786764,1024.83075,18005,59,39,(),2,5e+01 a1
yj_m,,False,1789621165906,0.699504217018002,0.6342806775917602,0.1923882869469695,0.05690398185483871,0.015650598414093782,0.08134901902010158,0.07028878906881063,4356.749999999999,454.8580538269604,1.0,0.0024488678200343937,7.624727657445433e-06,1109.3125,1058.4140625,291.1011305021443,38.05,51.177756639786764,1024.83075,17749,59,39,(),2,5e+01 a1
yj_m,,False,1789621165956,0.6847166141220156,0.6221176047220665,0.1923882869469695,0.0557010248655914,0.015650598414093782,0.08134901902010158,0.07028878906881063,4356.749999999999,454.8580538269604,1.0,0.0024488678200343937,7.624727657445433e-06,1086.9375,1036.0390625,291.1011305021443,38.05,51.177756639786764,1024.83075,17391,59,39,(),2,5e+01 a1
yj_m,,False,1789621166006,0.5851687845708218,0.5409748858181194,0.1923882869469695,0.04760290658602151,0.015650598414093782,0.08134901902010158,0.07028878906881063,4356.749999999999,454.8580538269604,1.0,0.0024488678200343937,7.624727657445433e-06,936.3125,885.4140625,291.1011305021443,38.05,51.177756639786764,1024.83075,14981,59,39,(),2,5e+01 a1
yj_m,,False,1789621166056,0.5799229030965473,0.5367409742199004,0.1923882869469695,0.04717615927419355,0.015650598414093782,0.08134901902010158,0.07028878906881063,4356.749999999999,454.8580538269604,1.0,0.0024488678200343937,7.624727657445433e-06,928.375,877.4765625,291.1011305021443,38.05,51.177756639786764,1024.83075,14854,59,39,(),2,5e+01 a1
yj_m,,False,1789621166106,0.5783945754229397,0.5355083923631808,0.1923882869469695,0.0470518313172043,0.015650598414093782,0.08134901902010158,0.07028878906881063,4356.749999999999,454.8580538269604,1.0,0.0024488678200343937,7.624727657445433e-06,926.0625,875.1640625,291.1011305021443,38.05,51.177756639786764,1024.83075,14817,59,39,(),2,5e+01 a1
yj_m,,False,1789621166156,0.6797185695677854,0.6180122247298634,0.1923882869469695,0.05529443884408602,0.015650598414093782,0.08134901902010158,0.07028878906881063,4356.749999999999,454.8580538269604,1.0,0.0024488678200343937,7.624727657445433e-06,1079.375,1028.4765625,291.1011305021443,38.05,51.177756639786764,1024.83075,17270,59,39,(),2,5e+01 a1
yj_m,,False,1789621166206,0.6564218990836057,0.5989159563842952,0.1923882869469695,0.05339927755376344,0.015650598414093782,0.08134901902010158,0.07028878906881063,4356.749999999999,454.8580538269604,1.0,0.0024488678200343937,7.624727657445433e-06,1044.125,993.2265625,291.1011305021443,38.05,51.177756639786764,1024.83075,16706,59,39,(),2,5e+01 a1
yj_m,,False,1789621166256,0.7120199814802476,0.6445936845469932,0.1923882869469695,0.05792212701612903,0.015650598414093782,0.08134901902010158,0.07028878906881063,4356.749999999999,454.8580538269604,1.0,0.0024488678200343937,7.624727657445433e-06,1128.25,1077.3515625,291.1011305021443,38.05,51.177756639786764,1024.83075,18052,59,39,(),2,5e+01 a1
yj_m,,False,1789621166306,0.70272609697858,0.6369339223659852,0.1923882869469695,0.05716607862903225,0.015650598414093782,0.08134901902010158,0.07028878906881063,4356.749999999999,454.8580538269604,1.0,0.0024488678200343937,7.624727657445433e-06,1114.1875,1063.2890625,291.1011305021443,38.05,51.177756639786764,1024.83075,17827,59,39,(),2,5e+01 a1
yj_m,,False,1789621166356,0.6745139942468517,0.6137403100682379,0.1923882869469695,0.05487105174731183,0.015650598414093782,0.08134901902010158,0.07028878906881063,4356.749999999999,454.8580538269604,1.0,0.0024488678200343937,7.624727657445433e-06,1071.5,1020.6015625,291.1011305021443,38.05,51.177756639786764,1024.83075,17144,59,39,(),2,5e+01 a1
yj_m,,False,1789621166406,0.6719117065863848,0.6116055627070139,0.1923882869469695,0.05465935819892473,0.015650598414093782,0.08134901902010158,0.07028878906881063,4356.749999999999,454.8580538269604,1.0,0.0024488678200343937,7.624727657445433e-06,1067.5625,1016.6640625,291.1011305021443,38.05,51.177756639786764,1024.83075,17081,59,39,(),2,5e+01 a1
yj_m,,False,1789621166456,0.6175941149433061,0.5672476009741245,0.1923882869469695,0.050240675403225805,0.015650598414093782,0.08134901902010158,0.07028878906881063,4356.749999999999,454.8580538269604,1.0,0.0024488678200343937,7.624727657445433e-06,985.375,934.4765625,291.1011305021443,38.05,51.177756639786764,1024.83075,15766,59,39,(),2,5e+01 a1
yj_m,,False,1789621166506,0.6139178672959799,0.5642604771551762,0.1923882869469695,0.04994161626344086,0.015650598414093782,0.08134901902010158,0.07028878906881063,4356.749999999999,454.8580538269604,1.0,0.0024488678200343937,7.624727657445433e-06,979.8125,928.9140625,291.1011305021443,38.05,51.177756639786764,1024.83075,15677,59,39,(),2,5e+01 a1
yj_m,,False,1789621166556,0.6363884147133446,0.5825501459522834,0.1923882869469695,0.05176957325268817,0.015650598414093782,0.08134901902010158,0.07028878906881063,4356.749999999999,454.8580538269604,1.0,0.0024488678200343937,7.624727657445433e-06,1013.8125,962.9140625,291.1011305021443,38.05,51.177756639786764,1024.83075,16221,59,39,(),2,5e+01 a1
yj_m,,False,1789621166606,0.592232136792089,0.5466832321109358,0.1923882869469695,0.04817750336021505,0.015650598414093782,0.08134901902010158,0.07028878906881063,4356.749999999999,454.8580538269604,1.0,0.0024488678200343937,7.624727657445433e-06,947.0,896.1015625,291.1011305021443,38.05,51.177756639786764,1024.83075,15152,59,39,(),2,5e+01 a1
yj_m,,False,1789621166656,0.6091263535084533,0.5603702726677421,0.1923882869469695,0.049551831317204295,0.015650598414093782,0.08134901902010158,0.07028878906881063,4356.749999999999,454.8580538269604,1.0,0.0024488678200343937,7.624727657445433e-06,972.5625,921.6640625,291.1011305021443,38.05,51.177756639786764,1024.83075,15561,59,39,(),2,5e+01 a1
yj_m,,False,1789621166706,0.6036739412674752,0.5559478782403555,0.1923882869469695,0.04910828293010753,0.015650598414093782,0.08134901902010158,0.07028878906881063,4356.749999999999,454.8580538269604,1.0,0.0024488678200343937,7.624727657445433e-06,964.3125,913.4140625,291.1011305021443,38.05,51.177756639786764,1024.83075,15429,59,39,(),2,5e+01 a1
yj_m,,False,1789621166756,0.654893571409998,0.5976655566996174,0.1923882869469695,0.05327494959677419,0.015650598414093782,0.08134901902010158,0.07028878906881063,4356.749999999999,454.8580538269604,1.0,0.0024488678200343937,7.624727657445433e-06,1041.8125,990.9140625,291.1011305021443,38.05,51.177756639786764,1024.83075,16669,60,39,(),2,5e+01 a1
yj_m,,False,1789621166806,0.699173767791276,0.6340086132427509,0.1923882869469695,0.0568771001344086,0.015650598414093782,0.08134901902010158,0.07028878906881063,4356.749999999999,454.8580538269604,1.0,0.0024488678200343937,7.624727657445433e-06,1108.8125,1057.9140625,291.1011305021443,38.05,51.177756639786764,1024.83075,17741,60,39,(),2,5e+01 a1
yj_m,,False,1789621166856,0.7304012197168788,0.6597689395509161,0.1923882869469695,0.059417422715053764,0.015650598414093782,0.08134901902010158,0.07028878906881063,4356.749999999999,454.8580538269604,1.0,0.0024488678200343937,7.624727657445433e-06,1156.0625,1105.1640625,291.1011305021443,38.05,51.177756639786764,1024.83075,18497,60,40,(),2,5e+01 a1
yj_m,,False,1789621166906,0.7401494719052945,0.6678302797565089,0.1923882869469695,0.060210433467741936,0.015650598414093782,0.08134901902010158,0.07028878906881063,4356.749999999999,454.8580538269604,1.0,0.0024488678200343937,7.624727657445433e-06,1170.8125,1119.9140625,291.1011305021443,38.05,51.177756639786764,1024.83075,18733,60,40,(),2,5e+01 a1
yj_m,,False,1789621166956,0.7385798380783462,0.6665316634080841,0.1923882869469695,0.06008274529569893,0.015650598414093782,0.08134901902010158,0.07028878906881063,4356.749999999999,454.8580538269604,1.0,0.0024488678200343937,7.624727657445433e-06,1168.4375,1117.5390625,291.1011305021443,38.05,51.177756639786764,1024.83075,18695,60,40,(),2,5e+01 a1
yj_m,,False,1789621167006,0.6254009779247067,0.5735977901209248,0.1923882869469695,0.050875756048387094,0.015650598414093782,0.08134901902010158,0.07028878906881063,4356.749999999999,454.8580538269604,1.0,0.0024488678200343937,7.624727657445433e-06,997.1875,946.2890625,291.1011305021443,38.05,51.177756639786764,1024.83075,15955,60,40,(),2,5e+01 a1
yj_m,,False,1789621167056,0.6107785996420833,0.5617113190031383,0.1923882869469695,0.04968623991935484,0.015650598414093782,0.08134901902010158,0.07028878906881063,4356.749999999999,454.8580538269604,1.0,0.0024488678200343937,7.624727657445433e-06,975.0625,924.1640625,291.1011305021443,38.05,51.177756639786764,1024.83075,15601,60,40,(),2,5e+01 a1
yj_m,,False,1789621167106,0.6596024728908431,0.6015191005634352,0.1923882869469695,0.05365801411290323,0.015650598414093782,0.08134901902010158,0.07028878906881063,4356.749999999999,454.8580538269604,1.0,0.0024488678200343937,7.624727657445433e-06,1048.9375,998.0390625,291.1011305021443,38.05,51.177756639786764,1024.83075,16783,60,40,(),2,5e+01 a1
yj_m,,False,1789621167156,0.6490694037889533,0.5929033078302878,0.1923882869469695,0.05280115927419355,0.015650598414093782,0.08134901902010158,0.07028878906881063,4356.749999999999,454.8580538269604,1.0,0.0024488678200343937,7.624727657445433e-06,1033.0,982.1015625,291.1011305021443,38.05,51.177756639786764,1024.83075,16528,60,40,(),2,5e+01 a1
yj_m,,False,1789621167206,0.6194528918436395,0.5687587253177803,0.1923882869469695,0.05039188508064516,0.015650598414093782,0.08134901902010158,0.07028878906881063,4356.749999999999,454.8580538269604,1.0,0.0024488678200343937,7.624727657445433e-06,988.1875,937.2890625,291.1011305021443,38.05,51.177756639786764,1024.83075,15811,60,40,(),2,5e+01 a1
yj_m,,False,1789621167256,0.6802142434078744,0.6184192401709963,0.1923882869469695,0.055334761424731184,0.015650598414093782,0.08134901902010158,0.07028878906881063,4356.749999999999,454.8580538269604,1.0,0.0024488678200343937,7.624727657445433e-06,1080.125,1029.2265625,291.1011305021443,38.05,51.177756639786764,1024.83075,17282,60,40,(),2,5e+01 a1
yj_m,,False,1789621167306,0.7026434846718985,0.6368658765221269,0.1923882869469695,0.05715935819892473,0.015650598414093782,0.08134901902010158,0.07028878906881063,4356.749999999999,454.8580538269604,1.0,0.0024488678200343937,7.624727657445433e-06,1114.0625,1063.1640625,291.1011305021443,38.05,51.177756639786764,1024.83075,17825,60,40,(),2,5e+01 a1
yj_m,,False,1789621167356,0.7136309214605365,0.6459222918961247,0.1923882869469695,0.058053175403225805,0.015650598414093782,0.08134901902010158,0.07028878906881063,4356.749999999999,454.8580538269604,1.0,0.0024488678200343937,7.624727657445433e-06,1130.6875,1079.7890625,291.1011305021443,38.05,51.177756639786764,1024.83075,18091,60,40,(),2,5e+01 a1
yj_m,,False,1789621167406,0.7159027598942774,0.6477964207934294,0.1923882869469695,0.05823798723118279,0.015650598414093782,0.08134901902010158,0.07028878906881063,4356.749999999999,454.8580538269604,1.0,0.0024488678200343937,7.624727657445433e-06,1134.125,1083.2265625,291.1011305021443,38.05,51.177756639786764,1024.83075,18146,60,40,(),2,5e+01 a1
yj_m,,False,1789621167456,0.7076828353794694,0.6410180002488758,0.1923882869469695,0.05756930443548387,0.015650598414093782,0.08134901902010158,0.07028878906881063,4356.749999999999,454.8580538269604,1.0,0.0024488678200343937,7.624727657445433e-06,1121.6875,1070.7890625,291.1011305021443,38.05,51.177756639786764,1024.83075,17947,60,40,(),2,5e+01 a1
yj_m,,False,1789621167506,0.6976454401176685,0.6327504698800929,0.1923882869469695,0.05675277217741935,0.015650598414093782,0.08134901902010158,0.07028878906881063,4356.749999999999,454.8580538269604,1.0,0.0024488678200343937,7.624727657445433e-06,1106.5,1055.6015625,291.1011305021443,38.05,51.177756639786764,1024.83075,17704,60,40,(),2,5e+01 a1
yj_m,,False,1789621167556,0.7086741830596474,0.6418351267180955,0.1923882869469695,0.0576499495967742,0.015650598414093782,0.08134901902010158,0.07028878906881063,4356.749999999999,454.8580538269604,1.0,0.0024488678200343937,7.624727657445433e-06,1123.1875,1072.2890625,291.1011305021443,38.05,51.177756639786764,1024.83075,17971,60,40,(),2,5e+01 a1
yj_m,,False,1789621167606,0.7039239754254616,0.6379206690002394,0.1923882869469695,0.05726352486559139,0.015650598414093782,0.08134901902010158,0.07028878906881063,4356.749999999999,454.8580538269604,1.0,0.0024488678200343937,7.624727657445433e-06,1116.0,1065.1015625,291.1011305021443,38.05,51.177756639786764,1024.83075,17856,60,40,(),2,5e+01 a1
yj_m,,False,1789621167656,0.6187919933901876,0.5682213769966603,0.1923882869469695,0.05033812163978495,0.015650598414093782,0.08134901902010158,0.07028878906881063,4356.749999999999,454.8580538269604,1.0,0.0024488678200343937,7.624727657445433e-06,987.1875,936.2890625,291.1011305021443,38.05,51.177756639786764,1024.83075,15795,60,40,(),2,5e+01 a1
yj_m,,False,1789621167706,0.6056979427811717,0.5575889727370261,0.1923882869469695,0.04927293346774194,0.015650598414093782,0.08134901902010158,0.07028878906881063,4356.749999999999,454.8580538269604,1.0,0.0024488678200343937,7.624727657445433e-06,967.375,916.4765625,291.1011305021443,38.05,51.177756639786764,1024.83075,15478,60,40,(),2,5e+01 a1
yj_m,,False,1789621167756,0.6083002304416386,0.5596999100692053,0.1923882869469695,0.04948462701612903,0.015650598414093782,0.08134901902010158,0.07028878906881063,4356.749999999999,454.8580538269604,1.0,0.0024488678200343937,7.624727657445433e-06,971.3125,920.4140625,291.1011305021443,38.05,51.177756639786764,1024.83075,15541,61,40,(),2,5e+01 a1
yj_m,,False,1789621167806,0.6168506041831726,0.5666432974634574,0.1923882869469695,0.05018019153225806,0.015650598414093782,0.08134901902010158,0.07028878906881063,4356.749999999999,454.8580538269604,1.0,0.0024488678200343937,7.624727657445433e-06,984.25,933.3515625,291.1011305021443,38.05,51.177756639786764,1024.83075,15748,61,40,(),2,5e+01 a1
yj_m,,False,1789621167856,0.6092502719684757,0.5604708363106817,0.1923882869469695,0.04956191196236559,0.015650598414093782,0.08134901902010158,0.07028878906881063,4356.749999999999,454.8580538269604,1.0,0.0024488678200343937,7.624727657445433e-06,972.75,921.8515625,291.1011305021443,38.05,51.177756639786764,1024.83075,15564,61,41,(),2,5e+01 a1
yj_m,,False,1789621167906,0.6460540545950789,0.5904395064892719,0.1923882869469695,0.05255586357526882,0.015650598414093782,0.08134901902010158,0.07028878906881063,4356.749999999999,454.8580538269604,1.0,0.0024488678200343937,7.624727657445433e-06,1028.4375,977.5390625,291.1011305021443,38.05,51.177756639786764,1024.83075,16455,61,41,(),2,5e+01 a1
yj_m,,False,1789621167956,0.6832708987550895,0.620929800892029,0.1923882869469695,0.05558341733870968,0.015650598414093782,0.08134901902010158,0.07028878906881063,4356.749999999999,454.8580538269604,1.0,0.0024488678200343937,7.624727657445433e-06,1084.75,1033.8515625,291.1011305021443,38.05,51.177756639786764,1024.83075,17356,61,41,(),2,5e+01 a1
yj_m,,False,1789621168006,0.7296990151100861,0.6591885988724714,0.1923882869469695,0.05936029905913978,0.015650598414093782,0.08134901902010158,0.07028878906881063,4356.749999999999,454.8580538269604,1.0,0.0024488678200343937,7.624727657445433e-06,1155.0,1104.1015625,291.1011305021443,38.05,51.177756639786764,1024.83075,18480,61,41,(),2,5e+01 a1
yj_m,,False,1789621168056,0.6587763498240281,0.6008428350663826,0.1923882869469695,0.053590809811827955,0.015650598414093782,0.08134901902010158,0.07028878906881063,4356.749999999999,454.8580538269604,1.0,0.0024488678200343937,7.624727657445433e-06,1047.6875,996.7890625,291.1011305021443,38.05,51.177756639786764,1024.83075,16763,61,41,(),2,5e+01 a1
yj_m,,False,1789621168106,0.6170571349498764,0.5668111511393508,0.1923882869469695,0.05019699260752688,0.015650598414093782,0.08134901902010158,0.07028878906881063,4356.749999999999,454.8580538269604,1.0,0.0024488678200343937,7.624727657445433e-06,984.5625,933.6640625,291.1011305021443,38.05,51.177756639786764,1024.83075,15753,61,41,(),2,5e+01 a1
yj_m,,False,1789621168156,0.6209399133639063,0.5699679986112103,0.1923882869469695,0.050512852822580646,0.015650598414093782,0.08134901902010158,0.07028878906881063,4356.749999999999,454.8580538269604,1.0,0.0024488678200343937,7.624727657445433e-06,990.4375,939.5390625,291.1011305021443,38.05,51.177756639786764,1024.83075,15847,61,41,(),2,5e+01 a1
yj_m,,False,1789621168206,0.6223443225774916,0.5711103930969718,0.1923882869469695,0.0506271001344086,0.015650598414093782,0.08134901902010158,0.07028878906881063,4356.749999999999,454.8580538269604,1.0,0.0024488678200343937,7.624727657445433e-06,992.5625,941.6640625,291.1011305021443,38.05,51.177756639786764,1024.83075,15881,61,41,(),2,5e+01 a1
yj_m,,False,1789621168256,0.678355466507541,0.6168930807443009,0.1923882869469695,0.05518355174731183,0.015650598414093782,0.08134901902010158,0.07028878906881063,4356.749999999999,454.8580538269604,1.0,0.0024488678200343937,7.624727657445433e-06,1077.3125,1026.4140625,291.1011305021443,38.05,51.177756639786764,1024.83075,17237,61,41,(),2,5e+01 a1
yj_m,,False,1789621168306,0.7091698568997361,0.642243728492948,0.1923882869469695,0.05769027217741935,0.015650598414093782,0.08134901902010158,0.07028878906881063,4356.749999999999,454.8580538269604,1.0,0.0024488678200343937,7.624727657445433e-06,1123.9375,1073.0390625,291.1011305021443,38.05,51.177756639786764,1024.83075,17983,61,41,(),2,5e+01 a1
yj_m,,False,1789621168356,0.7077241415328102,0.641052045129368,0.1923882869469695,0.05757266465053763,0.015650598414093782,0.08134901902010158,0.07028878906881063,4356.749999999999,454.8580538269604,1.0,0.0024488678200343937,7.624727657445433e-06,1121.75,1070.8515625,291.1011305021443,38.05,51.177756639786764,1024.83075,17948,61,41,(),2,5e+01 a1
yj_m,,False,1789621168406,0.664270068218347,0.6053416199843087,0.1923882869469695,0.05403771841397849,0.015650598414093782,0.08134901902010158,0.07028878906881063,4356.749999999999,454.8580538269604,1.0,0.0024488678200343937,7.624727657445433e-06,1056.0,1005.1015625,291.1011305021443,38.05,51.177756639786764,1024.83075,16896,61,41,(),2,5e+01 a1
yj_m,,False,1789621168456,0.64167560234096,0.5868641090842329,0.1923882869469695,0.05219968077956989,0.015650598414093782,0.08134901902010158,0.07028878906881063,4356.749999999999,454.8580538269604,1.0,0.0024488678200343937,7.624727657445433e-06,1021.8125,970.9140625,291.1011305021443,38.05,51.177756639786764,1024.83075,16349,61,41,(),2,5e+01 a1
yj_m,,False,1789621168506,0.6207333825972026,0.5698000242058154,0.1923882869469695,0.050496051747311824,0.015650598414093782,0.08134901902010158,0.07028878906881063,4356.749999999999,454.8580538269604,1.0,0.0024488678200343937,7.624727657445433e-06,990.125,939.2265625,291.1011305021443,38.05,51.177756639786764,1024.83075,15842,61,41,(),2,5e+01 a1
yj_m,,False,1789621168556,0.6508455683826052,0.594355153198931,0.1923882869469695,0.05294564852150537,0.015650598414093782,0.08134901902010158,0.07028878906881063,4356.749999999999,454.8580538269604,1.0,0.0024488678200343937,7.624727657445433e-06,1035.6875,984.7890625,291.1011305021443,38.05,51.177756639786764,1024.83075,16571,61,41,(),2,5e+01 a1
yj_m,,False,1789621168606,0.652993488356324,0.5961114275424696,0.1923882869469695,0.05312037970430108,0.015650598414093782,0.08134901902010158,0.07028878906881063,4356.749999999999,454.8580538269604,1.0,0.0024488678200343937,7.624727657445433e-06,1038.9375,988.0390625,291.1011305021443,38.05,51.177756639786764,1024.83075,16623,61,41,(),2,5e+01 a1
yj_m,,False,1789621168656,0.6503912006958571,0.5939837112526879,0.1923882869469695,0.05290868615591398,0.015650598414093782,0.08134901902010158,0.07028878906881063,4356.749999999999,454.8580538269604,1.0,0.0024488678200343937,7.624727657445433e-06,1035.0,984.1015625,291.1011305021443,38.05,51.177756639786764,1024.83075,16560,61,41,(),2,5e+01 a1
yj_m,,False,1789621168706,0.6299859609455293,0.5773314452293418,0.1923882869469695,0.05124873991935484,0.015650598414093782,0.08134901902010158,0.07028878906881063,4356.749999999999,454.8580538269604,1.0,0.0024488678200343937,7.624727657445433e-06,1004.125,953.2265625,291.1011305021443,38.05,51.177756639786764,1024.83075,16066,61,41,(),2,5e+01 a1
yj_m,,False,1789621168756,0.6560088375501982,0.5985779808176378,0.1923882869469695,0.05336567540322581,0.015650598414093782,0.08134901902010158,0.07028878906881063,4356.749999999999,454.8580538269604,1.0,0.0024488678200343937,7.624727657445433e-06,1043.5,992.6015625,291.1011305021443,38.05,51.177756639786764,1024.83075,16696,62,41,(),2,5e+01 a1
yj_m,,False,1789621168806,0.6268879994449735,0.5748083709170728,0.1923882869469695,0.05099672379032258,0.015650598414093782,0.08134901902010158,0.07028878906881063,4356.749999999999,454.8580538269604,1.0,0.0024488678200343937,7.624727657445433e-06,999.4375,948.5390625,291.1011305021443,38.05,51.177756639786764,1024.83075,15991,62,41,(),2,5e+01 a1
yj_m,,False,1789621168856,0.5848796414974365,0.540741394495104,0.1923882869469695,0.04757938508064516,0.015650598414093782,0.08134901902010158,0.07028878906881063,4356.749999999999,454.8580538269604,1.0,0.0024488678200343937,7.624727657445433e-06,935.875,884.9765625,291.1011305021443,38.05,51.177756639786764,1024.83075,14974,62,42,(),2,5e+01 a1
yj_m,,False,1789621168906,0.6385363346870634,0.5843022271017224,0.1923882869469695,0.05194430443548387,0.015650598414093782,0.08134901902010158,0.07028878906881063,4356.749999999999,454.8580538269604,1.0,0.0024488678200343937,7.624727657445433e-06,1017.0625,966.1640625,291.1011305021443,38.05,51.177756639786764,1024.83075,16273,62,42,(),2,5e+01 a1
yj_m,,False,1789621168956,0.7009086262315873,0.6354370828106966,0.1923882869469695,0.05701822916666667,0.015650598414093782,0.08134901902010158,0.07028878906881063,4356.749999999999,454.8580538269604,1.0,0.0024488678200343937,7.624727657445433e-06,1111.4375,1060.5390625,291.1011305021443,38.05,51.177756639786764,1024.83075,17783,62,42,(),2,5e+01 a1
yj_m,,False,1789621169006,0.7163984337343664,0.6482053915231157,0.1923882869469695,0.05827830981182796,0.015650598414093782,0.08134901902010158,0.07028878906881063,4356.749999999999,454.8580538269604,1.0,0.0024488678200343937,7.624727657445433e-06,1134.875,1083.9765625,291.1011305021443,38.05,51.177756639786764,1024.83075,18158,62,42,(),2,5e+01 a1
yj_m,,False,1789621169056,0.6695985619993031,0.6097086959031787,0.1923882869469695,0.05447118615591398,0.015650598414093782,0.08134901902010158,0.07028878906881063,4356.749999999999,454.8580538269604,1.0,0.0024488678200343937,7.624727657445433e-06,1064.0625,1013.1640625,291.1011305021443,38.05,51.177756639786764,1024.83075,17025,62,42,(),2,5e+01 a1
yj_m,,False,1789621169106,0.6022695320538899,0.554809546412589,0.1923882869469695,0.04899403561827957,0.015650598414093782,0.08134901902010158,0.07028878906881063,4356.749999999999,454.8580538269604,1.0,0.0024488678200343937,7.624727657445433e-06,962.1875,911.2890625,291.1011305021443,38.05,51.177756639786764,1024.83075,15395,62,42,(),2,5e+01 a1
yj_m,,False,1789621169156,0.5899602983583481,0.5448462809154644,0.1923882869469695,0.04799269153225806,0.015650598414093782,0.08134901902010158,0.07028878906881063,4356.749999999999,454.8580538269604,1.0,0.0024488678200343937,7.624727657445433e-06,943.5625,892.6640625,291.1011305021443,38.05,51.177756639786764,1024.83075,15097,62,42,(),2,5e+01 a1
yj_m,,False,1789621169206,0.6387015593004264,0.5844370291186001,0.1923882869469695,0.05195774529569892,0.015650598414093782,0.08134901902010158,0.07028878906881063,4356.749999999999,454.8580538269604,1.0,0.0024488678200343937,7.624727657445433e-06,1017.3125,966.4140625,291.1011305021443,38.05,51.177756639786764,1024.83075,16277,62,42,(),2,5e+01 a1
yj_m,,False,1789621169256,0.6998759723980686,0.6345867641178409,0.1923882869469695,0.05693422379032258,0.015650598414093782,0.08134901902010158,0.07028878906881063,4356.749999999999,454.8580538269604,1.0,0.0024488678200343937,7.624727657445433e-06,1109.875,1058.9765625,291.1011305021443,38.05,51.177756639786764,1024.83075,17758,62,42,(),2,5e+01 a1
yj_m,,False,1789621169306,0.6350666178064409,0.5814722623182973,0.1923882869469695,0.051662046370967746,0.015650598414093782,0.08134901902010158,0.07028878906881063,4356.749999999999,454.8580538269604,1.0,0.0024488678200343937,7.624727657445433e-06,1011.8125,960.9140625,291.1011305021443,38.05,51.177756639786764,1024.83075,16189,62,42,(),2,5e+01 a1
yj_m,,False,1789621169356,0.6827752249150005,0.6205226093310935,0.1923882869469695,0.055543094758064515,0.015650598414093782,0.08134901902010158,0.07028878906881063,4356.749999999999,454.8580538269604,1.0,0.0024488678200343937,7.624727657445433e-06,1084.0,1033.1015625,291.1011305021443,38.05,51.177756639786764,1024.83075,17344,62,42,(),2,5e+01 a1
yj_m,,False,1789621169406,0.6801316311011929,0.6183514022691594,0.1923882869469695,0.055328040994623656,0.015650598414093782,0.08134901902010158,0.07028878906881063,4356.749999999999,454.8580538269604,1.0,0.0024488678200343937,7.624727657445433e-06,1080.0,1029.1015625,291.1011305021443,38.05,51.177756639786764,1024.83075,17280,62,42,(),2,5e+01 a1
yj_m,,False,1789621169456,0.677694568054089,0.6163505441298234,0.1923882869469695,0.05512978830645161,0.015650598414093782,0.08134901902010158,0.07028878906881063,4356.749999999999,454.8580538269604,1.0,0.0024488678200343937,7.624727657445433e-06,1076.3125,1025.4140625,291.1011305021443,38.05,51.177756639786764,1024.83075,17221,62,42,(),2,5e+01 a1
yj_m,,False,1789621169506,0.7375884903981683,0.665711603035142,0.1923882869469695,0.060002100134408605,0.015650598414093782,0.08134901902010158,0.07028878906881063,4356.749999999999,454.8580538269604,1.0,0.0024488678200343937,7.624727657445433e-06,1166.9375,1116.0390625,291.1011305021443,38.05,51.177756639786764,1024.83075,18671,62,42,(),2,5e+01 a1
yj_m,,False,1789621169556,0.7306490566369233,0.6599737770065089,0.1923882869469695,0.05943758400537635,0.015650598414093782,0.08134901902010158,0.07028878906881063,4356.749999999999,454.8580538269604,1.0,0.0024488678200343937,7.624727657445433e-06,1156.4375,1105.5390625,291.1011305021443,38.05,51.177756639786764,1024.83075,18503,62,42,(),2,5e+01 a1
yj_m,,False,1789621169606,0.7370102042513978,0.6652332769711577,0.1923882869469695,0.05995505712365591,0.015650598414093782,0.08134901902010158,0.07028878906881063,4356.749999999999,454.8580538269604,1.0,0.0024488678200343937,7.624727657445433e-06,1166.0625,1115.1640625,291.1011305021443,38.05,51.177756639786764,1024.83075,18657,62,42,(),2,5e+01 a1
yj_m,,False,1789621169656,0.738745062691709,0.6666683490622636,0.1923882869469695,0.06009618615591397,0.015650598414093782,0.08134901902010158,0.07028878906881063,4356.749999999999,454.8580538269604,1.0,0.0024488678200343937,7.624727657445433e-06,1168.6875,1117.7890625,291.1011305021443,38.05,51.177756639786764,1024.83075,18699,62,42,(),2,5e+01 a1
yj_m,,False,1789621169706,0.7317230166237826,0.6608614741390233,0.1923882869469695,0.05952494959677419,0.015650598414093782,0.08134901902010158,0.07028878906881063,4356.749999999999,454.8580538269604,1.0,0.0024488678200343937,7.624727657445433e-06,1158.0625,1107.1640625,291.1011305021443,38.05,51.177756639786764,1024.83075,18529,62,42,(),2,5e+01 a1
yj_m,,False,1789621169756,0.7061132015525211,0.6397244276874432,0.1923882869469695,0.05744161626344086,0.015650598414093782,0.08134901902010158,0.07028878906881063,4356.749999999999,454.8580538269604,1.0,0.0024488678200343937,7.624727657445433e-06,1119.3125,1068.4140625,291.1011305021443,38.05,51.177756639786764,1024.83075,17909,63,42,(),2,5e+01 a1
yj_m,,False,1789621169806,0.7155723106675516,0.6475237875122493,0.1923882869469695,0.05821110551075269,0.015650598414093782,0.08134901902010158,0.07028878906881063,4356.749999999999,454.8580538269604,1.0,0.0024488678200343937,7.624727657445433e-06,1133.625,1082.7265625,291.1011305021443,38.05,51.177756639786764,1024.83075,18138,63,42,(),2,5e+01 a1
yj_m,,False,1789621169856,0.7375058780914867,0.6656432688210268,0.1923882869469695,0.05999537970430107,0.015650598414093782,0.08134901902010158,0.07028878906881063,4356.749999999999,454.8580538269604,1.0,0.0024488678200343937,7.624727657445433e-06,1166.8125,1115.9140625,291.1011305021443,38.05,51.177756639786764,1024.83075,18669,63,43,(),2,5e+01 a1
yj_m,,False,1789621169906,0.7380841642382572,0.6661216217367371,0.1923882869469695,0.060042422715053764,0.015650598414093782,0.08134901902010158,0.07028878906881063,4356.749999999999,454.8580538269604,1.0,0.0024488678200343937,7.624727657445433e-06,1167.6875,1116.7890625,291.1011305021443,38.05,51.177756639786764,1024.83075,18683,63,43,(),2,5e+01 a1
yj_m,,False,1789621169956,0.7313512612437159,0.6605541818433694,0.1923882869469695,0.05949470766129032,0.015650598414093782,0.08134901902010158,0.07028878906881063,4356.749999999999,454.8580538269604,1.0,0.0024488678200343937,7.624727657445433e-06,1157.5,1106.6015625,291.1011305021443,38.05,51.177756639786764,1024.83075,18520,63,43,(),2,5e+01 a1
yj_m,,False,1789621170006,0.730029464336812,0.6594616944503373,0.1923882869469695,0.05938718077956989,0.015650598414093782,0.08134901902010158,0.07028878906881063,4356.749999999999,454.8580538269604,1.0,0.0024488678200343937,7.624727657445433e-06,1155.5,1104.6015625,291.1011305021443,38.05,51.177756639786764,1024.83075,18488,63,43,(),2,5e+01 a1
yj_m,,False,1789621170056,0.7061132015525211,0.6397244276874432,0.1923882869469695,0.05744161626344086,0.015650598414093782,0.08134901902010158,0.07028878906881063,4356.749999999999,454.8580538269604,1.0,0.0024488678200343937,7.624727657445433e-06,1119.3125,1068.4140625,291.1011305021443,38.05,51.177756639786764,1024.83075,17909,63,43,(),2,5e+01 a1
yj_m,,False,1789621170106,0.71160691994684,0.644253059058269,0.1923882869469695,0.057888524865591394,0.015650598414093782,0.08134901902010158,0.07028878906881063,4356.749999999999,454.8580538269604,1.0,0.0024488678200343937,7.624727657445433e-06,1127.625,1076.7265625,291.1011305021443,38.05,51.177756639786764,1024.83075,18042,63,43,(),2,5e+01 a1
yj_m,,False,1789621170156,0.7413473503521759,0.6688214829259393,0.1923882869469695,0.06030787970430107,0.015650598414093782,0.08134901902010158,0.07028878906881063,4356.749999999999,454.8580538269604,1.0,0.0024488678200343937,7.624727657445433e-06,1172.625,1121.7265625,291.1011305021443,38.05,51.177756639786764,1024.83075,18762,63,43,(),2,5e+01 a1
yj_m,,False,1789621170206,0.6639809251449619,0.6051047473590833,0.1923882869469695,0.05401419690860215,0.015650598414093782,0.08134901902010158,0.07028878906881063,4356.749999999999,454.8580538269604,1.0,0.0024488678200343937,7.624727657445433e-06,1055.5625,1004.6640625,291.1011305021443,38.05,51.177756639786764,1024.83075,16889,63,43,(),2,5e+01 a1
yj_m,,False,1789621170256,0.6410973161941895,0.5863920816949619,0.1923882869469695,0.052152637768817206,0.015650598414093782,0.08134901902010158,0.07028878906881063,4356.749999999999,454.8580538269604,1.0,0.0024488678200343937,7.624727657445433e-06,1020.9375,970.0390625,291.1011305021443,38.05,51.177756639786764,1024.83075,16335,63,43,(),2,5e+01 a1
yj_m,,False,1789621170306,0.6660462328119992,0.6067969227101998,0.1923882869469695,0.054182207661290324,0.015650598414093782,0.08134901902010158,0.07028878906881063,4356.749999999999,454.8580538269604,1.0,0.0024488678200343937,7.624727657445433e-06,1058.6875,1007.7890625,291.1011305021443,38.05,51.177756639786764,1024.83075,16939,63,43,(),2,5e+01 a1
yj_m,,False,1789621170356,0.6260205702248179,0.5741021595562751,0.1923882869469695,0.05092615927419355,0.015650598414093782,0.08134901902010158,0.07028878906881063,4356.749999999999,454.8580538269604,1.0,0.0024488678200343937,7.624727657445433e-06,998.125,947.2265625,291.1011305021443,38.05,51.177756639786764,1024.83075,15970,63,43,(),2,5e+01 a1
yj_m,,False,1789621170406,0.7121852060936106,0.6447299396729935,0.1923882869469695,0.05793556787634409,0.015650598414093782,0.08134901902010158,0.07028878906881063,4356.749999999999,454.8580538269604,1.0,0.0024488678200343937,7.624727657445433e-06,1128.5,1077.6015625,291.1011305021443,38.05,51.177756639786764,1024.83075,18056,63,43,(),2,5e+01 a1
yj_m,,False,1789621170456,0.708385039986262,0.6415967875374591,0.1923882869469695,0.05762642809139785,0.015650598414093782,0.08134901902010158,0.07028878906881063,4356.749999999999,454.8580538269604,1.0,0.0024488678200343937,7.624727657445433e-06,1122.75,1071.8515625,291.1011305021443,38.05,51.177756639786764,1024.83075,17964,63,43,(),2,5e+01 a1
yj_m,,False,1789621170506,0.7097068368931659,0.6426864093348303,0.1923882869469695,0.057733954973118284,0.015650598414093782,0.08134901902010158,0.07028878906881063,4356.749999999999,454.8580538269604,1.0,0.0024488678200343937,7.624727657445433e-06,1124.75,1073.8515625,291.1011305021443,38.05,51.177756639786764,1024.83075,17996,63,43,(),2,5e+01 a1
yj_m,,False,1789621170556,0.615817950349654,0.5658041263746838,0.1923882869469695,0.05009618615591398,0.015650598414093782,0.08134901902010158,0.07028878906881063,4356.749999999999,454.8580538269604,1.0,0.0024488678200343937,7.624727657445433e-06,982.6875,931.7890625,291.1011305021443,38.05,51.177756639786764,1024.83075,15723,63,43,(),2,5e+01 a1
yj_m,,False,1789621170606,0.6977693585776907,0.6328524720331248,0.1923882869469695,0.056762852822580645,0.015650598414093782,0.08134901902010158,0.07028878906881063,4356.749999999999,454.8580538269604,1.0,0.0024488678200343937,7.624727657445433e-06,1106.6875,1055.7890625,291.1011305021443,38.05,51.177756639786764,1024.83075,17707,63,43,(),2,5e+01 a1
yj_m,,False,1789621170656,0.652993488356324,0.5961114275424696,0.1923882869469695,0.05312037970430108,0.015650598414093782,0.08134901902010158,0.07028878906881063,4356.749999999999,454.8580538269604,1.0,0.0024488678200343937,7.624727657445433e-06,1038.9375,988.0390625,291.1011305021443,38.05,51.177756639786764,1024.83075,16623,63,43,(),2,5e+01 a1
yj_m,,False,1789621170706,0.6945887847704534,0.6302349490143346,0.1923882869469695,0.05650411626344086,0.015650598414093782,0.08134901902010158,0.07028878906881063,4356.749999999999,454.8580538269604,1.0,0.0024488678200343937,7.624727657445433e-06,1101.875,1050.9765625,291.1011305021443,38.05,51.177756639786764,1024.83075,17630,63,43,(),2,5e+01 a1
yj_m,,False,1789621170756,0.6900451079029716,0.6264975710116872,0.1923882869469695,0.056134492607526884,0.015650598414093782,0.08134901902010158,0.07028878906881063,4356.749999999999,454.8580538269604,1.0,0.0024488678200343937,7.624727657445433e-06,1095.0,1044.1015625,291.1011305021443,38.05,51.177756639786764,1024.83075,17520,64,43,(),2,5e+01 a1
yj_m,,False,1789621170806,0.6893429032961789,0.6259201821674781,0.1923882869469695,0.0560773689516129,0.015650598414093782,0.08134901902010158,0.07028878906881063,4356.749999999999,454.8580538269604,1.0,0.0024488678200343937,7.624727657445433e-06,1093.9375,1043.0390625,291.1011305021443,38.05,51.177756639786764,1024.83075,17503,64,43,(),2,5e+01 a1
yj_m,,False,1789621170856,0.6216834241240398,0.5705727591378822,0.1923882869469695,0.05057333669354839,0.015650598414093782,0.08134901902010158,0.07028878906881063,4356.749999999999,454.8580538269604,1.0,0.0024488678200343937,7.624727657445433e-06,991.5625,940.6640625,291.1011305021443,38.05,51.177756639786764,1024.83075,15865,64,44,(),2,5e+01 a1
yj_m,,False,1789621170906,0.6242444056311659,0.5726564510164133,0.1923882869469695,0.05078167002688172,0.015650598414093782,0.08134901902010158,0.07028878906881063,4356.749999999999,454.8580538269604,1.0,0.0024488678200343937,7.624727657445433e-06,995.4375,944.5390625,291.1011305021443,38.05,51.177756639786764,1024.83075,15927,64,44,(),2,5e+01 a1
yj_m,,False,1789621170956,0.6908299248164457,0.6271429535207316,0.1923882869469695,0.05619833669354839,0.015650598414093782,0.08134901902010158,0.07028878906881063,4356.749999999999,454.8580538269604,1.0,0.0024488678200343937,7.624727657445433e-06,1096.1875,1045.2890625,291.1011305021443,38.05,51.177756639786764,1024.83075,17539,64,44,(),2,5e+01 a1
yj_m,,False,1789621171006,0.7363079996446051,0.6646524946714698,0.1923882869469695,0.05989793346774193,0.015650598414093782,0.08134901902010158,0.07028878906881063,4356.749999999999,454.8580538269604,1.0,0.0024488678200343937,7.624727657445433e-06,1165.0,1114.1015625,291.1011305021443,38.05,51.177756639786764,1024.83075,18640,64,44,(),2,5e+01 a1
yj_m,,False,1789621171056,0.7371341227114201,0.6653357727732375,0.1923882869469695,0.059965137768817206,0.015650598414093782,0.08134901902010158,0.07028878906881063,4356.749999999999,454.8580538269604,1.0,0.0024488678200343937,7.624727657445433e-06,1166.25,1115.3515625,291.1011305021443,38.05,51.177756639786764,1024.83075,18660,64,44,(),2,5e+01 a1
yj_m,,False,1789621171106,0.738910287305072,0.6668050372623631,0.1923882869469695,0.06010962701612903,0.015650598414093782,0.08134901902010158,0.07028878906881063,4356.749999999999,454.8580538269604,1.0,0.0024488678200343937,7.624727657445433e-06,1168.9375,1118.0390625,291.1011305021443,38.05,51.177756639786764,1024.83075,18703,64,44,(),2,5e+01 a1
yj_m,,False,1789621171156,0.7189594152414925,0.6503188030283248,0.1923882869469695,0.05848664314516129,0.015650598414093782,0.08134901902010158,0.07028878906881063,4356.749999999999,454.8580538269604,1.0,0.0024488678200343937,7.624727657445433e-06,1138.75,1087.8515625,291.1011305021443,38.05,51.177756639786764,1024.83075,18220,64,44,(),2,5e+01 a1
yj_m,,False,1789621171206,0.6349426993464187,0.5813712232965249,0.1923882869469695,0.05165196572580645,0.015650598414093782,0.08134901902010158,0.07028878906881063,4356.749999999999,454.8580538269604,1.0,0.0024488678200343937,7.624727657445433e-06,1011.625,960.7265625,291.1011305021443,38.05,51.177756639786764,1024.83075,16186,64,44,(),2,5e+01 a1
yj_m,,False,1789621171256,0.645227931528264,0.5897647047963043,0.1923882869469695,0.05248865927419355,0.015650598414093782,0.08134901902010158,0.07028878906881063,4356.749999999999,454.8580538269604,1.0,0.0024488678200343937,7.624727657445433e-06,1027.1875,976.2890625,291.1011305021443,38.05,51.177756639786764,1024.83075,16435,64,44,(),2,5e+01 a1
yj_m,,False,1789621171306,0.7050392415656618,0.6388395014591566,0.1923882869469695,0.057354250672043014,0.015650598414093782,0.08134901902010158,0.07028878906881063,4356.749999999999,454.8580538269604,1.0,0.0024488678200343937,7.624727657445433e-06,1117.6875,1066.7890625,291.1011305021443,38.05,51.177756639786764,1024.83075,17883,64,44,(),2,5e+01 a1
yj_m,,False,1789621171356,0.6871536771691195,0.6241204448836801,0.1923882869469695,0.05589927755376344,0.015650598414093782,0.08134901902010158,0.07028878906881063,4356.749999999999,454.8580538269604,1.0,0.0024488678200343937,7.624727657445433e-06,1090.625,1039.7265625,291.1011305021443,38.05,51.177756639786764,1024.83075,17450,64,44,(),2,5e+01 a1
yj_m,,False,1789621171406,0.6695159496926216,0.6096409626887656,0.1923882869469695,0.05446446572580645,0.015650598414093782,0.08134901902010158,0.07028878906881063,4356.749999999999,454.8580538269604,1.0,0.0024488678200343937,7.624727657445433e-06,1063.9375,1013.0390625,291.1011305021443,38.05,51.177756639786764,1024.83075,17023,64,44,(),2,5e+01 a1
yj_m,,False,1789621171456,0.647499769962005,0.5916206297230973,0.1923882869469695,0.05267347110215054,0.015650598414093782,0.08134901902010158,0.07028878906881063,4356.749999999999,454.8580538269604,1.0,0.0024488678200343937,7.624727657445433e-06,1030.625,979.7265625,291.1011305021443,38.05,51.177756639786764,1024.83075,16490,64,44,(),2,5e+01 a1
yj_m,,False,1789621171506,0.6517543037561015,0.595098118552796,0.1923882869469695,0.05301957325268817,0.015650598414093782,0.08134901902010158,0.07028878906881063,4356.749999999999,454.8580538269604,1.0,0.0024488678200343937,7.624727657445433e-06,1037.0625,986.1640625,291.1011305021443,38.05,51.177756639786764,1024.83075,16593,64,44,(),2,5e+01 a1
yj_m,,False,1789621171556,0.7002064216247946,0.6348588535761497,0.1923882869469695,0.05696110551075269,0.015650598414093782,0.08134901902010158,0.07028878906881063,4356.749999999999,454.8580538269604,1.0,0.0024488678200343937,7.624727657445433e-06,1110.375,1059.4765625,291.1011305021443,38.05,51.177756639786764,1024.83075,17766,64,44,(),2,5e+01 a1
yj_m,,False,1789621171606,0.6463018915151233,0.5906419648772803,0.1923882869469695,0.052576024865591396,0.015650598414093782,0.08134901902010158,0.07028878906881063,4356.749999999999,454.8580538269604,1.0,0.0024488678200343937,7.624727657445433e-06,1028.8125,977.9140625,291.1011305021443,38.05,51.177756639786764,1024.83075,16461,64,44,(),2,5e+01 a1
yj_m,,False,1789621171656,0.69273000787012,0.6287057438823154,0.1923882869469695,0.0563529065860215,0.015650598414093782,0.08134901902010158,0.07028878906881063,4356.749999999999,454.8580538269604,1.0,0.0024488678200343937,7.624727657445433e-06,1099.0625,1048.1640625,291.1011305021443,38.05,51.177756639786764,1024.83075,17585,64,44,(),2,5e+01 a1
yj_m,,False,1789621171706,0.71437443222067,0.6465355851369662,0.1923882869469695,0.05811365927419355,0.015650598414093782,0.08134901902010158,0.07028878906881063,4356.749999999999,454.8580538269604,1.0,0.0024488678200343937,7.624727657445433e-06,1131.8125,1080.9140625,291.1011305021443,38.05,51.177756639786764,1024.83075,18109,64,44,(),2,5e+01 a1
yj_m,,False,1789621171756,0.6434930730879527,0.5883479208653122,0.1923882869469695,0.05234753024193548,0.015650598414093782,0.08134901902010158,0.07028878906881063,4356.749999999999,454.8580538269604,1.0,0.0024488678200343937,7.624727657445433e-06,1024.5625,973.6640625,291.1011305021443,38.05,51.177756639786764,1024.83075,16393,65,44,(),2,5e+01 a1
yj_m,,False,1789621171806,0.6518782222161239,0.5951994404083839,0.1923882869469695,0.053029653897849464,0.015650598414093782,0.08134901902010158,0.07028878906881063,4356.749999999999,454.8580538269604,1.0,0.0024488678200343937,7.624727657445433e-06,1037.25,986.3515625,291.1011305021443,38.05,51.177756639786764,1024.83075,16596,65,44,(),2,5e+01 a1
yj_m,,False,1789621171856,0.7273445643696637,0.6572430985744244,0.1923882869469695,0.059168766801075266,0.015650598414093782,0.08134901902010158,0.07028878906881063,4356.749999999999,454.8580538269604,1.0,0.0024488678200343937,7.624727657445433e-06,1151.4375,1100.5390625,291.1011305021443,38.05,51.177756639786764,1024.83075,18423,65,45,(),2,5e+01 a1
yj_m,,False,1789621171906,0.6969432355108759,0.6321724893411623,0.1923882869469695,0.056695648521505375,0.015650598414093782,0.08134901902010158,0.07028878906881063,4356.749999999999,454.8580538269604,1.0,0.0024488678200343937,7.624727657445433e-06,1105.4375,1054.5390625,291.1011305021443,38.05,51.177756639786764,1024.83075,17687,65,45,(),2,5e+01 a1
yj_m,,False,1789621171956,0.6377928239269299,0.583695664859392,0.1923882869469695,0.051883820564516125,0.015650598414093782,0.08134901902010158,0.07028878906881063,4356.749999999999,454.8580538269604,1.0,0.0024488678200343937,7.624727657445433e-06,1015.9375,965.0390625,291.1011305021443,38.05,51.177756639786764,1024.83075,16255,65,45,(),2,5e+01 a1
yj_m,,False,1789621172006,0.6460953607484197,0.590473248981547,0.1923882869469695,0.05255922379032258,0.015650598414093782,0.08134901902010158,0.07028878906881063,4356.749999999999,454.8580538269604,1.0,0.0024488678200343937,7.624727657445433e-06,1028.5,977.6015625,291.1011305021443,38.05,51.177756639786764,1024.83075,16456,65,45,(),2,5e+01 a1
yj_m,,False,1789621172056,0.6412212346542118,0.5864932265668986,0.1923882869469695,0.052162718413978494,0.015650598414093782,0.08134901902010158,0.07028878906881063,4356.749999999999,454.8580538269604,1.0,0.0024488678200343937,7.624727657445433e-06,1021.125,970.2265625,291.1011305021443,38.05,51.177756639786764,1024.83075,16338,65,45,(),2,5e+01 a1
yj_m,,False,1789621172106,0.6380406608469745,0.5838978437504359,0.1923882869469695,0.051903981854838716,0.015650598414093782,0.08134901902010158,0.07028878906881063,4356.749999999999,454.8580538269604,1.0,0.0024488678200343937,7.624727657445433e-06,1016.3125,965.4140625,291.1011305021443,38.05,51.177756639786764,1024.83075,16261,65,45,(),2,5e+01 a1
yj_m,,False,1789621172156,0.6561327560102205,0.5986793711810863,0.1923882869469695,0.053375756048387096,0.015650598414093782,0.08134901902010158,0.07028878906881063,4356.749999999999,454.8580538269604,1.0,0.0024488678200343937,7.624727657445433e-06,1043.6875,992.7890625,291.1011305021443,38.05,51.177756639786764,1024.83075,16699,65,45,(),2,5e+01 a1
yj_m,,False,1789621172206,0.6544805098765907,0.5973276626574657,0.1923882869469695,0.053241347446236556,0.015650598414093782,0.08134901902010158,0.07028878906881063,4356.749999999999,454.8580538269604,1.0,0.0024488678200343937,7.624727657445433e-06,1041.1875,990.2890625,291.1011305021443,38.05,51.177756639786764,1024.83075,16659,65,45,(),2,5e+01 a1
yj_m,,False,1789621172256,0.6324230239926333,0.5793172331194045,0.1923882869469695,0.05144699260752688,0.015650598414093782,0.08134901902010158,0.07028878906881063,4356.749999999999,454.8580538269604,1.0,0.0024488678200343937,7.624727657445433e-06,1007.8125,956.9140625,291.1011305021443,38.05,51.177756639786764,1024.83075,16125,65,45,(),2,5e+01 a1
yj_m,,False,1789621172306,0.6771162819073187,0.6158758668729067,0.1923882869469695,0.055082745295698926,0.015650598414093782,0.08134901902010158,0.07028878906881063,4356.749999999999,454.8580538269604,1.0,0.0024488678200343937,7.624727657445433e-06,1075.4375,1024.5390625,291.1011305021443,38.05,51.177756639786764,1024.83075,17207,65,45,(),2,5e+01 a1
yj_m,,False,1789621172356,0.7341600796708865,0.6628762726940159,0.1923882869469695,0.059723202284946236,0.015650598414093782,0.08134901902010158,0.07028878906881063,4356.749999999999,454.8580538269604,1.0,0.0024488678200343937,7.624727657445433e-06,1161.75,1110.8515625,291.1011305021443,38.05,51.177756639786764,1024.83075,18588,65,45,(),2,5e+01 a1
yj_m,,False,1789621172406,0.7130526353137662,0.64544532522265,0.1923882869469695,0.05800613239247312,0.015650598414093782,0.08134901902010158,0.07028878906881063,4356.749999999999,454.8580538269604,1.0,0.0024488678200343937,7.624727657445433e-06,1129.8125,1078.9140625,291.1011305021443,38.05,51.177756639786764,1024.83075,18077,65,45,(),2,5e+01 a1
yj_m,,False,1789621172456,0.7040065877321432,0.6379887261304755,0.1923882869469695,0.05727024529569893,0.015650598414093782,0.08134901902010158,0.07028878906881063,4356.749999999999,454.8580538269604,1.0,0.0024488678200343937,7.624727657445433e-06,1116.125,1065.2265625,291.1011305021443,38.05,51.177756639786764,1024.83075,17858,65,45,(),2,5e+01 a1
yj_m,,False,1789621172506,0.7004955646981799,0.6350969415261533,0.1923882869469695,0.05698462701612903,0.015650598414093782,0.08134901902010158,0.07028878906881063,4356.749999999999,454.8580538269604,1.0,0.0024488678200343937,7.624727657445433e-06,1110.8125,1059.9140625,291.1011305021443,38.05,51.177756639786764,1024.83075,17773,65,45,(),2,5e+01 a1
yj_m,,False,1789621172556,0.7305251381769009,0.6598713575403171,0.1923882869469695,0.05942750336021505,0.015650598414093782,0.08134901902010158,0.07028878906881063,4356.749999999999,454.8580538269604,1.0,0.0024488678200343937,7.624727657445433e-06,1156.25,1105.3515625,291.1011305021443,38.05,51.177756639786764,1024.83075,18500,65,45,(),2,5e+01 a1
yj_m,,False,1789621172606,0.6438648284680194,0.5886514831444236,0.1923882869469695,0.05237777217741935,0.015650598414093782,0.08134901902010158,0.07028878906881063,4356.749999999999,454.8580538269604,1.0,0.0024488678200343937,7.624727657445433e-06,1025.125,974.2265625,291.1011305021443,38.05,51.177756639786764,1024.83075,16402,65,45,(),2,5e+01 a1
yj_m,,False,1789621172656,0.6356449039532114,0.5819438062724543,0.1923882869469695,0.05170908938172043,0.015650598414093782,0.08134901902010158,0.07028878906881063,4356.749999999999,454.8580538269604,1.0,0.0024488678200343937,7.624727657445433e-06,1012.6875,961.7890625,291.1011305021443,38.05,51.177756639786764,1024.83075,16203,65,45,(),2,5e+01 a1
yj_m,,False,1789621172706,0.6505564253092201,0.594118777904382,0.1923882869469695,0.052922127016129035,0.015650598414093782,0.08134901902010158,0.07028878906881063,4356.749999999999,454.8580538269604,1.0,0.0024488678200343937,7.624727657445433e-06,1035.25,984.3515625,291.1011305021443,38.05,51.177756639786764,1024.83075,16564,65,45,(),2,5e+01 a1
yj_m,,False,1789621172756,0.6876906571625492,0.6245618396360578,0.1923882869469695,0.05594296034946237,0.015650598414093782,0.08134901902010158,0.07028878906881063,4356.749999999999,454.8580538269604,1.0,0.0024488678200343937,7.624727657445433e-06,1091.4375,1040.5390625,291.1011305021443,38.05,51.177756639786764,1024.83075,17463,66,45,(),2,5e+01 a1
yj_m,,False,1789621172806,0.7228008875021819,0.6534901538493716,0.1923882869469695,0.05879914314516129,0.015650598414093782,0.08134901902010158,0.07028878906881063,4356.749999999999,454.8580538269604,1.0,0.0024488678200343937,7.624727657445433e-06,1144.5625,1093.6640625,291.1011305021443,38.05,51.177756639786764,1024.83075,18313,66,45,(),2,5e+01 a1
yj_m,,False,1789621172856,0.7102438168865955,0.6431291201920893,0.1923882869469695,0.057777637768817204,0.015650598414093782,0.08134901902010158,0.07028878906881063,4356.749999999999,454.8580538269604,1.0,0.0024488678200343937,7.624727657445433e-06,1125.5625,1074.6640625,291.1011305021443,38.05,51.177756639786764,1024.83075,18009,66,46,(),2,5e+01 a1
yj_m,,False,1789621172906,0.719042027548174,0.6503869885988577,0.1923882869469695,0.05849336357526882,0.015650598414093782,0.08134901902010158,0.07028878906881063,4356.749999999999,454.8580538269604,1.0,0.0024488678200343937,7.624727657445433e-06,1138.875,1087.9765625,291.1011305021443,38.05,51.177756639786764,1024.83075,18222,66,46,(),2,5e+01 a1
yj_m,,False,1789621172956,0.672696523499859,0.6122492896508581,0.1923882869469695,0.05472320228494624,0.015650598414093782,0.08134901902010158,0.07028878906881063,4356.749999999999,454.8580538269604,1.0,0.0024488678200343937,7.624727657445433e-06,1068.75,1017.8515625,291.1011305021443,38.05,51.177756639786764,1024.83075,17100,66,46,(),2,5e+01 a1
yj_m,,False,1789621173006,0.7233791736489522,0.6539676885615623,0.1923882869469695,0.05884618615591398,0.015650598414093782,0.08134901902010158,0.07028878906881063,4356.749999999999,454.8580538269604,1.0,0.0024488678200343937,7.624727657445433e-06,1145.4375,1094.5390625,291.1011305021443,38.05,51.177756639786764,1024.83075,18327,66,46,(),2,5e+01 a1
yj_m,,False,1789621173056,0.7084263461396028,0.6416308354565265,0.1923882869469695,0.05762978830645161,0.015650598414093782,0.08134901902010158,0.07028878906881063,4356.749999999999,454.8580538269604,1.0,0.0024488678200343937,7.624727657445433e-06,1122.8125,1071.9140625,291.1011305021443,38.05,51.177756639786764,1024.83075,17965,66,46,(),2,5e+01 a1
yj_m,,False,1789621173106,0.7183398229413813,0.6498074331209813,0.1923882869469695,0.058436239919354836,0.015650598414093782,0.08134901902010158,0.07028878906881063,4356.749999999999,454.8580538269604,1.0,0.0024488678200343937,7.624727657445433e-06,1137.8125,1086.9140625,291.1011305021443,38.05,51.177756639786764,1024.83075,18205,66,46,(),2,5e+01 a1
yj_m,,False,1789621173156,0.7022304231384912,0.6365256582587143,0.1923882869469695,0.0571257560483871,0.015650598414093782,0.08134901902010158,0.07028878906881063,4356.749999999999,454.8580538269604,1.0,0.0024488678200343937,7.624727657445433e-06,1113.4375,1062.5390625,291.1011305021443,38.05,51.177756639786764,1024.83075,17815,66,46,(),2,5e+01 a1
yj_m,,False,1789621173206,0.6804620803279189,0.6186227586597366,0.1923882869469695,0.05535492271505376,0.015650598414093782,0.08134901902010158,0.07028878906881063,4356.749999999999,454.8580538269604,1.0,0.0024488678200343937,7.624727657445433e-06,1080.5,1029.6015625,291.1011305021443,38.05,51.177756639786764,1024.83075,17288,66,46,(),2,5e+01 a1
yj_m,,False,1789621173256,0.6467975653552123,0.5910469063566757,0.1923882869469695,0.05261634744623656,0.015650598414093782,0.08134901902010158,0.07028878906881063,4356.749999999999,454.8580538269604,1.0,0.0024488678200343937,7.624727657445433e-06,1029.5625,978.6640625,291.1011305021443,38.05,51.177756639786764,1024.83075,16473,66,46,(),2,5e+01 a1
yj_m,,False,1789621173306,0.6677810912523104,0.6082187578808697,0.1923882869469695,0.05432333669354839,0.015650598414093782,0.08134901902010158,0.07028878906881063,4356.749999999999,454.8580538269604,1.0,0.0024488678200343937,7.624727657445433e-06,1061.3125,1010.4140625,291.1011305021443,38.05,51.177756639786764,1024.83075,16981,66,46,(),2,5e+01 a1
yj_m,,False,1789621173356,0.6139591734493205,0.5642940288586623,0.1923882869469695,0.04994497647849462,0.015650598414093782,0.08134901902010158,0.07028878906881063,4356.749999999999,454.8580538269604,1.0,0.0024488678200343937,7.624727657445433e-06,979.875,928.9765625,291.1011305021443,38.05,51.177756639786764,1024.83075,15678,66,46,(),2,5e+01 a1
yj_m,,False,1789621173406,0.6934735186302533,0.6293173799898402,0.1923882869469695,0.056413390456989246,0.015650598414093782,0.08134901902010158,0.07028878906881063,4356.749999999999,454.8580538269604,1.0,0.0024488678200343937,7.624727657445433e-06,1100.1875,1049.2890625,291.1011305021443,38.05,51.177756639786764,1024.83075,17603,66,46,(),2,5e+01 a1
yj_m,,False,1789621173456,0.7016934431450614,0.6360834018511782,0.1923882869469695,0.05708207325268817,0.015650598414093782,0.08134901902010158,0.07028878906881063,4356.749999999999,454.8580538269604,1.0,0.0024488678200343937,7.624727657445433e-06,1112.625,1061.7265625,291.1011305021443,38.05,51.177756639786764,1024.83075,17802,66,46,(),2,5e+01 a1
yj_m,,False,1789621173506,0.6263510194515438,0.5743711795210356,0.1923882869469695,0.05095304099462365,0.015650598414093782,0.08134901902010158,0.07028878906881063,4356.749999999999,454.8580538269604,1.0,0.0024488678200343937,7.624727657445433e-06,998.625,947.7265625,291.1011305021443,38.05,51.177756639786764,1024.83075,15978,66,46,(),2,5e+01 a1
yj_m,,False,1789621173556,0.6352318424198039,0.5816069843711391,0.1923882869469695,0.051675487231182794,0.015650598414093782,0.08134901902010158,0.07028878906881063,4356.749999999999,454.8580538269604,1.0,0.0024488678200343937,7.624727657445433e-06,1012.0625,961.1640625,291.1011305021443,38.05,51.177756639786764,1024.83075,16193,66,46,(),2,5e+01 a1
yj_m,,False,1789621173606,0.7151592491341442,0.6471830115413643,0.1923882869469695,0.05817750336021506,0.015650598414093782,0.08134901902010158,0.07028878906881063,4356.749999999999,454.8580538269604,1.0,0.0024488678200343937,7.624727657445433e-06,1133.0,1082.1015625,291.1011305021443,38.05,51.177756639786764,1024.83075,18128,66,46,(),2,5e+01 a1
yj_m,,False,1789621173656,0.7057001400191137,0.6393840570114273,0.1923882869469695,0.05740801411290323,0.015650598414093782,0.08134901902010158,0.07028878906881063,4356.749999999999,454.8580538269604,1.0,0.0024488678200343937,7.624727657445433e-06,1118.6875,1067.7890625,291.1011305021443,38.05,51.177756639786764,1024.83075,17899,66,46,(),2,5e+01 a1
yj_m,,False,1789621173706,0.7252792567026264,0.6555369634293986,0.1923882869469695,0.059000756048387094,0.015650598414093782,0.08134901902010158,0.07028878906881063,4356.749999999999,454.8580538269604,1.0,0.0024488678200343937,7.624727657445433e-06,1148.3125,1097.4140625,291.1011305021443,38.05,51.177756639786764,1024.83075,18373,66,46,(),2,5e+01 a1
yj_m,,False,1789621173756,0.7204877429151002,0.6515803468546532,0.1923882869469695,0.05861097110215054,0.015650598414093782,0.08134901902010158,0.07028878906881063,4356.749999999999,454.8580538269604,1.0,0.0024488678200343937,7.624727657445433e-06,1141.0625,1090.1640625,291.1011305021443,38.05,51.177756639786764,1024.83075,18257,67,46,(),2,5e+01 a1
yj_m,,False,1789621173806,0.715985372200959,0.6478645808486296,0.1923882869469695,0.05824470766129033,0.015650598414093782,0.08134901902010158,0.07028878906881063,4356.749999999999,454.8580538269604,1.0,0.0024488678200343937,7.624727657445433e-06,1134.25,1083.3515625,291.1011305021443,38.05,51.177756639786764,1024.83075,18148,67,46,(),2,5e+01 a1
yj_m,,False,1789621173856,0.6748444434735776,0.6140114471934286,0.1923882869469695,0.05489793346774193,0.015650598414093782,0.08134901902010158,0.07028878906881063,4356.749999999999,454.8580538269604,1.0,0.0024488678200343937,7.624727657445433e-06,1072.0,1021.1015625,291.1011305021443,38.05,51.177756639786764,1024.83075,17152,67,47,(),2,5e+01 a1
yj_m,,False,1789621173906,0.6604285959576579,0.6021954527100755,0.1923882869469695,0.053725218413978496,0.015650598414093782,0.08134901902010158,0.07028878906881063,4356.749999999999,454.8580538269604,1.0,0.0024488678200343937,7.624727657445433e-06,1050.1875,999.2890625,291.1011305021443,38.05,51.177756639786764,1024.83075,16803,67,47,(),2,5e+01 a1
yj_m,,False,1789621173956,0.7058653646324766,0.6395202031189833,0.1923882869469695,0.05742145497311828,0.015650598414093782,0.08134901902010158,0.07028878906881063,4356.749999999999,454.8580538269604,1.0,0.0024488678200343937,7.624727657445433e-06,1118.9375,1068.0390625,291.1011305021443,38.05,51.177756639786764,1024.83075,17903,67,47,(),2,5e+01 a1
yj_m,,False,1789621174006,0.7108221030333659,0.6436059192271232,0.1923882869469695,0.05782468077956989,0.015650598414093782,0.08134901902010158,0.07028878906881063,4356.749999999999,454.8580538269604,1.0,0.0024488678200343937,7.624727657445433e-06,1126.4375,1075.5390625,291.1011305021443,38.05,51.177756639786764,1024.83075,18023,67,47,(),2,5e+01 a1
yj_m,,False,1789621174056,0.7084263461396028,0.6416308354565265,0.1923882869469695,0.05762978830645161,0.015650598414093782,0.08134901902010158,0.07028878906881063,4356.749999999999,454.8580538269604,1.0,0.0024488678200343937,7.624727657445433e-06,1122.8125,1071.9140625,291.1011305021443,38.05,51.177756639786764,1024.83075,17965,67,47,(),2,5e+01 a1
yj_m,,False,1789621174106,0.6987194001045278,0.6336345440983475,0.1923882869469695,0.0568401377688172,0.015650598414093782,0.08134901902010158,0.07028878906881063,4356.749999999999,454.8580538269604,1.0,0.0024488678200343937,7.624727657445433e-06,1108.125,1057.2265625,291.1011305021443,38.05,51.177756639786764,1024.83075,17730,67,47,(),2,5e+01 a1
yj_m,,False,1789621174156,0.7168528014211146,0.6485803032579419,0.1923882869469695,0.05831527217741936,0.015650598414093782,0.08134901902010158,0.07028878906881063,4356.749999999999,454.8580538269604,1.0,0.0024488678200343937,7.624727657445433e-06,1135.5625,1084.6640625,291.1011305021443,38.05,51.177756639786764,1024.83075,18169,67,47,(),2,5e+01 a1
yj_m,,False,1789621174206,0.7124743491669957,0.6449683929154271,0.1923882869469695,0.057959089381720424,0.015650598414093782,0.08134901902010158,0.07028878906881063,4356.749999999999,454.8580538269604,1.0,0.0024488678200343937,7.624727657445433e-06,1128.9375,1078.0390625,291.1011305021443,38.05,51.177756639786764,1024.83075,18063,67,47,(),2,5e+01 a1
yj_m,,False,1789621174256,0.7165636583477294,0.6483417206414553,0.1923882869469695,0.05829175067204301,0.015650598414093782,0.08134901902010158,0.07028878906881063,4356.749999999999,454.8580538269604,1.0,0.0024488678200343937,7.624727657445433e-06,1135.125,1084.2265625,291.1011305021443,38.05,51.177756639786764,1024.83075,18162,67,47,(),2,5e+01 a1
yj_m,,False,1789621174306,0.6218899548907435,0.5707407627787466,0.1923882869469695,0.050590137768817205,0.015650598414093782,0.08134901902010158,0.07028878906881063,4356.749999999999,454.8580538269604,1.0,0.0024488678200343937,7.624727657445433e-06,991.875,940.9765625,291.1011305021443,38.05,51.177756639786764,1024.83075,15870,67,47,(),2,5e+01 a1
yj_m,,False,1789621174356,0.6536956929631166,0.5966857249534389,0.1923882869469695,0.05317750336021505,0.015650598414093782,0.08134901902010158,0.07028878906881063,4356.749999999999,454.8580538269604,1.0,0.0024488678200343937,7.624727657445433e-06,1040.0,989.1015625,291.1011305021443,38.05,51.177756639786764,1024.83075,16640,67,47,(),2,5e+01 a1
yj_m,,False,1789621174406,0.5998737751601267,0.5528684238693097,0.1923882869469695,0.04879914314516129,0.015650598414093782,0.08134901902010158,0.07028878906881063,4356.749999999999,454.8580538269604,1.0,0.0024488678200343937,7.624727657445433e-06,958.5625,907.6640625,291.1011305021443,38.05,51.177756639786764,1024.83075,15337,67,47,(),2,5e+01 a1
yj_m,,False,1789621174456,0.5918603814120224,0.5463825801293267,0.1923882869469695,0.048147261424731184,0.015650598414093782,0.08134901902010158,0.07028878906881063,4356.749999999999,454.8580538269604,1.0,0.0024488678200343937,7.624727657445433e-06,946.4375,895.5390625,291.1011305021443,38.05,51.177756639786764,1024.83075,15143,67,47,(),2,5e+01 a1
yj_m,,False,1789621174506,0.5880189091513331,0.5432772210006659,0.1923882869469695,0.047834761424731184,0.015650598414093782,0.08134901902010158,0.07028878906881063,4356.749999999999,454.8580538269604,1.0,0.0024488678200343937,7.624727657445433e-06,940.625,889.7265625,291.1011305021443,38.05,51.177756639786764,1024.83075,15050,67,47,(),2,5e+01 a1
yj_m,,False,1789621174556,0.6202377087571137,0.5693969116384379,0.1923882869469695,0.050455729166666664,0.015650598414093782,0.08134901902010158,0.07028878906881063,4356.749999999999,454.8580538269604,1.0,0.0024488678200343937,7.624727657445433e-06,989.375,938.4765625,291.1011305021443,38.05,51.177756639786764,1024.83075,15830,67,47,(),2,5e+01 a1
yj_m,,False,1789621174607,0.6221790979641286,0.5709759785256174,0.1923882869469695,0.05061365927419355,0.015650598414093782,0.08134901902010158,0.07028878906881063,4356.749999999999,454.8580538269604,1.0,0.0024488678200343937,7.624727657445433e-06,992.3125,941.4140625,291.1011305021443,38.05,51.177756639786764,1024.83075,15877,67,47,(),2,5e+01 a1
yj_m,,False,1789621174656,0.5952061798326226,0.5490892862002391,0.1923882869469695,0.04841943884408602,0.015650598414093782,0.08134901902010158,0.07028878906881063,4356.749999999999,454.8580538269604,1.0,0.0024488678200343937,7.624727657445433e-06,951.5,900.6015625,291.1011305021443,38.05,51.177756639786764,1024.83075,15224,67,47,(),2,5e+01 a1
yj_m,,False,1789621174706,0.5865318876310663,0.542075826859374,0.1923882869469695,0.0477137936827957,0.015650598414093782,0.08134901902010158,0.07028878906881063,4356.749999999999,454.8580538269604,1.0,0.0024488678200343937,7.624727657445433e-06,938.375,887.4765625,291.1011305021443,38.05,51.177756639786764,1024.83075,15014,67,47,(),2,5e+01 a1
yj_m,,False,1789621174756,0.5865318876310663,0.542075826859374,0.1923882869469695,0.0477137936827957,0.015650598414093782,0.08134901902010158,0.07028878906881063,4356.749999999999,454.8580538269604,1.0,0.0024488678200343937,7.624727657445433e-06,938.375,887.4765625,291.1011305021443,38.05,51.177756639786764,1024.83075,15014,68,47,(),2,5e+01 a1
yj_m,,False,1789621174806,0.6031369612740456,0.5555125961588869,0.1923882869469695,0.0490646001344086,0.015650598414093782,0.08134901902010158,0.07028878906881063,4356.749999999999,454.8580538269604,1.0,0.0024488678200343937,7.624727657445433e-06,963.5,912.6015625,291.1011305021443,38.05,51.177756639786764,1024.83075,15416,68,47,(),2,5e+01 a1
yj_m,,False,1789621174856,0.7246183582491745,0.6549910883953937,0.1923882869469695,0.05894699260752688,0.015650598414093782,0.08134901902010158,0.07028878906881063,4356.749999999999,454.8580538269604,1.0,0.0024488678200343937,7.624727657445433e-06,1147.3125,1096.4140625,291.1011305021443,38.05,51.177756639786764,1024.83075,18357,68,48,(),2,5e+01 a1
yj_m,,False,1789621174906,0.70272609697858,0.6369339223659852,0.1923882869469695,0.05716607862903225,0.015650598414093782,0.08134901902010158,0.07028878906881063,4356.749999999999,454.8580538269604,1.0,0.0024488678200343937,7.624727657445433e-06,1114.1875,1063.2890625,291.1011305021443,38.05,51.177756639786764,1024.83075,17827,68,48,(),2,5e+01 a1
yj_m,,False,1789621174956,0.7166462706544109,0.6484098862387252,0.1923882869469695,0.058298471102150536,0.015650598414093782,0.08134901902010158,0.07028878906881063,4356.749999999999,454.8580538269604,1.0,0.0024488678200343937,7.624727657445433e-06,1135.25,1084.3515625,291.1011305021443,38.05,51.177756639786764,1024.83075,18164,68,48,(),2,5e+01 a1
yj_m,,False,1789621175006,0.6929365386368236,0.6288756366428453,0.1923882869469695,0.05636970766129032,0.015650598414093782,0.08134901902010158,0.07028878906881063,4356.749999999999,454.8580538269604,1.0,0.0024488678200343937,7.624727657445433e-06,1099.375,1048.4765625,291.1011305021443,38.05,51.177756639786764,1024.83075,17590,68,48,(),2,5e+01 a1
yj_m,,False,1789621175056,0.7074763046127657,0.6408477785319275,0.1923882869469695,0.05755250336021506,0.015650598414093782,0.08134901902010158,0.07028878906881063,4356.749999999999,454.8580538269604,1.0,0.0024488678200343937,7.624727657445433e-06,1121.375,1070.4765625,291.1011305021443,38.05,51.177756639786764,1024.83075,17942,68,48,(),2,5e+01 a1
yj_m,,False,1789621175106,0.6960758062907202,0.6314585878569446,0.1923882869469695,0.056625084005376344,0.015650598414093782,0.08134901902010158,0.07028878906881063,4356.749999999999,454.8580538269604,1.0,0.0024488678200343937,7.624727657445433e-06,1104.125,1053.2265625,291.1011305021443,38.05,51.177756639786764,1024.83075,17666,68,48,(),2,5e+01 a1
yj_m,,False,1789621175156,0.6986780939511872,0.6336005389238557,0.1923882869469695,0.05683677755376344,0.015650598414093782,0.08134901902010158,0.07028878906881063,4356.749999999999,454.8580538269604,1.0,0.0024488678200343937,7.624727657445433e-06,1108.0625,1057.1640625,291.1011305021443,38.05,51.177756639786764,1024.83075,17729,68,48,(),2,5e+01 a1
yj_m,,False,1789621175206,0.7134656968471735,0.645786012201383,0.1923882869469695,0.05803973454301075,0.015650598414093782,0.08134901902010158,0.07028878906881063,4356.749999999999,454.8580538269604,1.0,0.0024488678200343937,7.624727657445433e-06,1130.4375,1079.5390625,291.1011305021443,38.05,51.177756639786764,1024.83075,18087,68,48,(),2,5e+01 a1
yj_m,,False,1789621175256,0.7118547568668845,0.6444574322375339,0.1923882869469695,0.05790868615591398,0.015650598414093782,0.08134901902010158,0.07028878906881063,4356.749999999999,454.8580538269604,1.0,0.0024488678200343937,7.624727657445433e-06,1128.0,1077.1015625,291.1011305021443,38.05,51.177756639786764,1024.83075,18048,68,48,(),2,5e+01 a1
yj_m,,False,1789621175306,0.6924821709500755,0.6285018788307618,0.1923882869469695,0.05633274529569893,0.015650598414093782,0.08134901902010158,0.07028878906881063,4356.749999999999,454.8580538269604,1.0,0.0024488678200343937,7.624727657445433e-06,1098.6875,1047.7890625,291.1011305021443,38.05,51.177756639786764,1024.83075,17579,68,48,(),2,5e+01 a1
yj_m,,False,1789621175356,0.7097068368931659,0.6426864093348303,0.1923882869469695,0.057733954973118284,0.015650598414093782,0.08134901902010158,0.07028878906881063,4356.749999999999,454.8580538269604,1.0,0.0024488678200343937,7.624727657445433e-06,1124.75,1073.8515625,291.1011305021443,38.05,51.177756639786764,1024.83075,17996,68,48,(),2,5e+01 a1
yj_m,,False,1789621175406,0.6613373313311544,0.6029395398036286,0.1923882869469695,0.05379914314516129,0.015650598414093782,0.08134901902010158,0.07028878906881063,4356.749999999999,454.8580538269604,1.0,0.0024488678200343937,7.624727657445433e-06,1051.5625,1000.6640625,291.1011305021443,38.05,51.177756639786764,1024.83075,16825,68,48,(),2,5e+01 a1
yj_m,,False,1789621175456,0.7218508459753447,0.6527057044550643,0.1923882869469695,0.058721858198924726,0.015650598414093782,0.08134901902010158,0.07028878906881063,4356.749999999999,454.8580538269604,1.0,0.0024488678200343937,7.624727657445433e-06,1143.125,1092.2265625,291.1011305021443,38.05,51.177756639786764,1024.83075,18290,68,48,(),2,5e+01 a1
yj_m,,False,1789621175506,0.68884722945609,0.6255126470164021,0.1923882869469695,0.05603704637096774,0.015650598414093782,0.08134901902010158,0.07028878906881063,4356.749999999999,454.8580538269604,1.0,0.0024488678200343937,7.624727657445433e-06,1093.1875,1042.2890625,291.1011305021443,38.05,51.177756639786764,1024.83075,17491,68,48,(),2,5e+01 a1
yj_m,,False,1789621175556,0.7050392415656618,0.6388395014591566,0.1923882869469695,0.057354250672043014,0.015650598414093782,0.08134901902010158,0.07028878906881063,4356.749999999999,454.8580538269604,1.0,0.0024488678200343937,7.624727657445433e-06,1117.6875,1066.7890625,291.1011305021443,38.05,51.177756639786764,1024.83075,17883,68,48,(),2,5e+01 a1
yj_m,,False,1789621175606,0.7171832506478406,0.6488529794732713,0.1923882869469695,0.05834215389784946,0.015650598414093782,0.08134901902010158,0.07028878906881063,4356.749999999999,454.8580538269604,1.0,0.0024488678200343937,7.624727657445433e-06,1136.0625,1085.1640625,291.1011305021443,38.05,51.177756639786764,1024.83075,18177,68,48,(),2,5e+01 a1
yj_m,,False,1789621175656,0.7094589999731215,0.642482091366638,0.1923882869469695,0.0577137936827957,0.015650598414093782,0.08134901902010158,0.07028878906881063,4356.749999999999,454.8580538269604,1.0,0.0024488678200343937,7.624727657445433e-06,1124.375,1073.4765625,291.1011305021443,38.05,51.177756639786764,1024.83075,17990,68,48,(),2,5e+01 a1
yj_m,,False,1789621175706,0.7121438999402698,0.6446958756275403,0.1923882869469695,0.05793220766129033,0.015650598414093782,0.08134901902010158,0.07028878906881063,4356.749999999999,454.8580538269604,1.0,0.0024488678200343937,7.624727657445433e-06,1128.4375,1077.5390625,291.1011305021443,38.05,51.177756639786764,1024.83075,18055,68,48,(),2,5e+01 a1
yj_m,,False,1789621175756,0.6895494340628827,0.6260899966547416,0.1923882869469695,0.056094170026881725,0.015650598414093782,0.08134901902010158,0.07028878906881063,4356.749999999999,454.8580538269604,1.0,0.0024488678200343937,7.624727657445433e-06,1094.25,1043.3515625,291.1011305021443,38.05,51.177756639786764,1024.83075,17508,69,48,(),2,5e+01 a1
yj_m,,False,1789621175806,0.6812055910880523,0.6192333571137143,0.1923882869469695,0.05541540658602151,0.015650598414093782,0.08134901902010158,0.07028878906881063,4356.749999999999,454.8580538269604,1.0,0.0024488678200343937,7.624727657445433e-06,1081.625,1030.7265625,291.1011305021443,38.05,51.177756639786764,1024.83075,17306,69,48,(),2,5e+01 a1
yj_m,,False,1789621175856,0.7269315028362562,0.6569018382288249,0.1923882869469695,0.059135164650537635,0.015650598414093782,0.08134901902010158,0.07028878906881063,4356.749999999999,454.8580538269604,1.0,0.0024488678200343937,7.624727657445433e-06,1150.8125,1099.9140625,291.1011305021443,38.05,51.177756639786764,1024.83075,18413,69,49,(),2,5e+01 a1
yj_m,,False,1789621175906,0.6180484826300542,0.5676169387810537,0.1923882869469695,0.050277637768817204,0.015650598414093782,0.08134901902010158,0.07028878906881063,4356.749999999999,454.8580538269604,1.0,0.0024488678200343937,7.624727657445433e-06,986.0625,935.1640625,291.1011305021443,38.05,51.177756639786764,1024.83075,15777,69,49,(),2,5e+01 a1
yj_m,,False,1789621175956,0.692399558643394,0.6284339253324821,0.1923882869469695,0.0563260248655914,0.015650598414093782,0.08134901902010158,0.07028878906881063,4356.749999999999,454.8580538269604,1.0,0.0024488678200343937,7.624727657445433e-06,1098.5625,1047.6640625,291.1011305021443,38.05,51.177756639786764,1024.83075,17577,69,49,(),2,5e+01 a1
yj_m,,False,1789621176006,0.7113177768734549,0.6440146317051346,0.1923882869469695,0.05786500336021506,0.015650598414093782,0.08134901902010158,0.07028878906881063,4356.749999999999,454.8580538269604,1.0,0.0024488678200343937,7.624727657445433e-06,1127.1875,1076.2890625,291.1011305021443,38.05,51.177756639786764,1024.83075,18035,69,49,(),2,5e+01 a1
yj_m,,False,1789621176056,0.6957866632173351,0.6312206390321334,0.1923882869469695,0.0566015625,0.015650598414093782,0.08134901902010158,0.07028878906881063,4356.749999999999,454.8580538269604,1.0,0.0024488678200343937,7.624727657445433e-06,1103.6875,1052.7890625,291.1011305021443,38.05,51.177756639786764,1024.83075,17659,69,49,(),2,5e+01 a1
yj_m,,False,1789621176106,0.7005781770048614,0.6351649683116134,0.1923882869469695,0.05699134744623656,0.015650598414093782,0.08134901902010158,0.07028878906881063,4356.749999999999,454.8580538269604,1.0,0.0024488678200343937,7.624727657445433e-06,1110.9375,1060.0390625,291.1011305021443,38.05,51.177756639786764,1024.83075,17775,69,49,(),2,5e+01 a1
yj_m,,False,1789621176156,0.6946300909237942,0.6302689356927669,0.1923882869469695,0.05650747647849463,0.015650598414093782,0.08134901902010158,0.07028878906881063,4356.749999999999,454.8580538269604,1.0,0.0024488678200343937,7.624727657445433e-06,1101.9375,1051.0390625,291.1011305021443,38.05,51.177756639786764,1024.83075,17631,69,49,(),2,5e+01 a1
yj_m,,False,1789621176206,0.6849231448887193,0.6222873105966957,0.1923882869469695,0.055717825940860215,0.015650598414093782,0.08134901902010158,0.07028878906881063,4356.749999999999,454.8580538269604,1.0,0.0024488678200343937,7.624727657445433e-06,1087.25,1036.3515625,291.1011305021443,38.05,51.177756639786764,1024.83075,17396,69,49,(),2,5e+01 a1
yj_m,,False,1789621176256,0.7052870784857062,0.6390437043726046,0.1923882869469695,0.05737441196236559,0.015650598414093782,0.08134901902010158,0.07028878906881063,4356.749999999999,454.8580538269604,1.0,0.0024488678200343937,7.624727657445433e-06,1118.0625,1067.1640625,291.1011305021443,38.05,51.177756639786764,1024.83075,17889,69,49,(),2,5e+01 a1
yj_m,,False,1789621176306,0.6494824653223606,0.5932409090766051,0.1923882869469695,0.05283476142473118,0.015650598414093782,0.08134901902010158,0.07028878906881063,4356.749999999999,454.8580538269604,1.0,0.0024488678200343937,7.624727657445433e-06,1033.625,982.7265625,291.1011305021443,38.05,51.177756639786764,1024.83075,16538,69,49,(),2,5e+01 a1
yj_m,,False,1789621176356,0.7067327938526322,0.6402350174582746,0.1923882869469695,0.05749201948924731,0.015650598414093782,0.08134901902010158,0.07028878906881063,4356.749999999999,454.8580538269604,1.0,0.0024488678200343937,7.624727657445433e-06,1120.25,1069.3515625,291.1011305021443,38.05,51.177756639786764,1024.83075,17924,69,49,(),2,5e+01 a1
yj_m,,False,1789621176406,0.7091698568997361,0.642243728492948,0.1923882869469695,0.05769027217741935,0.015650598414093782,0.08134901902010158,0.07028878906881063,4356.749999999999,454.8580538269604,1.0,0.0024488678200343937,7.624727657445433e-06,1123.9375,1073.0390625,291.1011305021443,38.05,51.177756639786764,1024.83075,17983,69,49,(),2,5e+01 a1
yj_m,,False,1789621176456,0.6486563422555458,0.5925657292044992,0.1923882869469695,0.05276755712365592,0.015650598414093782,0.08134901902010158,0.07028878906881063,4356.749999999999,454.8580538269604,1.0,0.0024488678200343937,7.624727657445433e-06,1032.375,981.4765625,291.1011305021443,38.05,51.177756639786764,1024.83075,16518,69,49,(),2,5e+01 a1
yj_m,,False,1789621176506,0.6265988563715883,0.5745729549460559,0.1923882869469695,0.050973202284946235,0.015650598414093782,0.08134901902010158,0.07028878906881063,4356.749999999999,454.8580538269604,1.0,0.0024488678200343937,7.624727657445433e-06,999.0,948.1015625,291.1011305021443,38.05,51.177756639786764,1024.83075,15984,69,49,(),2,5e+01 a1
yj_m,,False,1789621176556,0.6171397472565578,0.5668782944223597,0.1923882869469695,0.050203713037634407,0.015650598414093782,0.08134901902010158,0.07028878906881063,4356.749999999999,454.8580538269604,1.0,0.0024488678200343937,7.624727657445433e-06,984.6875,933.7890625,291.1011305021443,38.05,51.177756639786764,1024.83075,15755,69,49,(),2,5e+01 a1
yj_m,,False,1789621176606,0.6875254325491862,0.6244260223794972,0.1923882869469695,0.05592951948924731,0.015650598414093782,0.08134901902010158,0.07028878906881063,4356.749999999999,454.8580538269604,1.0,0.0024488678200343937,7.624727657445433e-06,1091.1875,1040.2890625,291.1011305021443,38.05,51.177756639786764,1024.83075,17459,69,49,(),2,5e+01 a1
yj_m,,False,1789621176656,0.7164397398877071,0.6482394735431074,0.1923882869469695,0.05828167002688172,0.015650598414093782,0.08134901902010158,0.07028878906881063,4356.749999999999,454.8580538269604,1.0,0.0024488678200343937,7.624727657445433e-06,1134.9375,1084.0390625,291.1011305021443,38.05,51.177756639786764,1024.83075,18159,69,49,(),2,5e+01 a1
yj_m,,False,1789621176706,0.7012390754583132,0.6357092090700317,0.1923882869469695,0.057045110887096774,0.015650598414093782,0.08134901902010158,0.07028878906881063,4356.749999999999,454.8580538269604,1.0,0.0024488678200343937,7.624727657445433e-06,1111.9375,1061.0390625,291.1011305021443,38.05,51.177756639786764,1024.83075,17791,69,49,(),2,5e+01 a1
yj_m,,False,1789621176756,0.7352753458110866,0.6637984873894509,0.1923882869469695,0.05981392809139785,0.015650598414093782,0.08134901902010158,0.07028878906881063,4356.749999999999,454.8580538269604,1.0,0.0024488678200343937,7.624727657445433e-06,1163.4375,1112.5390625,291.1011305021443,38.05,51.177756639786764,1024.83075,18615,70,49,(),2,5e+01 a1
yj_m,,False,1789621176806,0.6506803437692422,0.5942200802538937,0.1923882869469695,0.05293220766129032,0.015650598414093782,0.08134901902010158,0.07028878906881063,4356.749999999999,454.8580538269604,1.0,0.0024488678200343937,7.624727657445433e-06,1035.4375,984.5390625,291.1011305021443,38.05,51.177756639786764,1024.83075,16567,70,49,(),2,5e+01 a1
yj_m,,False,1789621176856,0.6055740243211495,0.5574884787394402,0.1923882869469695,0.049262852822580645,0.015650598414093782,0.08134901902010158,0.07028878906881063,4356.749999999999,454.8580538269604,1.0,0.0024488678200343937,7.624727657445433e-06,967.1875,916.2890625,291.1011305021443,38.05,51.177756639786764,1024.83075,15475,70,50,(),2,5e+01 a1
yj_m,,False,1789621176906,0.6390320085271523,0.5847066444863288,0.1923882869469695,0.05198462701612903,0.015650598414093782,0.08134901902010158,0.07028878906881063,4356.749999999999,454.8580538269604,1.0,0.0024488678200343937,7.624727657445433e-06,1017.8125,966.9140625,291.1011305021443,38.05,51.177756639786764,1024.83075,16285,70,50,(),2,5e+01 a1
yj_m,,False,1789621176956,0.5990476520933118,0.5521992883820447,0.1923882869469695,0.04873193884408602,0.015650598414093782,0.08134901902010158,0.07028878906881063,4356.749999999999,454.8580538269604,1.0,0.0024488678200343937,7.624727657445433e-06,957.3125,906.4140625,291.1011305021443,38.05,51.177756639786764,1024.83075,15317,70,50,(),2,5e+01 a1
yj_m,,False,1789621177006,0.5952474859859634,0.5491227140581169,0.1923882869469695,0.048422799059139786,0.015650598414093782,0.08134901902010158,0.07028878906881063,4356.749999999999,454.8580538269604,1.0,0.0024488678200343937,7.624727657445433e-06,951.5625,900.6640625,291.1011305021443,38.05,51.177756639786764,1024.83075,15225,70,50,(),2,5e+01 a1
yj_m,,False,1789621177056,0.6837252664418376,0.6213030847367544,0.1923882869469695,0.05562037970430107,0.015650598414093782,0.08134901902010158,0.07028878906881063,4356.749999999999,454.8580538269604,1.0,0.0024488678200343937,7.624727657445433e-06,1085.4375,1034.5390625,291.1011305021443,38.05,51.177756639786764,1024.83075,17367,70,50,(),2,5e+01 a1
yj_m,,False,1789621177106,0.7295337904967232,0.6590520550330783,0.1923882869469695,0.05934685819892473,0.015650598414093782,0.08134901902010158,0.07028878906881063,4356.749999999999,454.8580538269604,1.0,0.0024488678200343937,7.624727657445433e-06,1154.75,1103.8515625,291.1011305021443,38.05,51.177756639786764,1024.83075,18476,70,50,(),2,5e+01 a1
yj_m,,False,1789621177156,0.7357297134978348,0.6641742382046589,0.1923882869469695,0.05985089045698925,0.015650598414093782,0.08134901902010158,0.07028878906881063,4356.749999999999,454.8580538269604,1.0,0.0024488678200343937,7.624727657445433e-06,1164.125,1113.2265625,291.1011305021443,38.05,51.177756639786764,1024.83075,18626,70,50,(),2,5e+01 a1
yj_m,,False,1789621177206,0.7307729750969455,0.6600761979488038,0.1923882869469695,0.059447664650537635,0.015650598414093782,0.08134901902010158,0.07028878906881063,4356.749999999999,454.8580538269604,1.0,0.0024488678200343937,7.624727657445433e-06,1156.625,1105.7265625,291.1011305021443,38.05,51.177756639786764,1024.83075,18506,70,50,(),2,5e+01 a1
yj_m,,False,1789621177256,0.7185876598614259,0.6500119764496025,0.1923882869469695,0.05845640120967742,0.015650598414093782,0.08134901902010158,0.07028878906881063,4356.749999999999,454.8580538269604,1.0,0.0024488678200343937,7.624727657445433e-06,1138.1875,1087.2890625,291.1011305021443,38.05,51.177756639786764,1024.83075,18211,70,50,(),2,5e+01 a1
yj_m,,False,1789621177306,0.6423365007944118,0.5874036249338638,0.1923882869469695,0.05225344422043011,0.015650598414093782,0.08134901902010158,0.07028878906881063,4356.749999999999,454.8580538269604,1.0,0.0024488678200343937,7.624727657445433e-06,1022.8125,971.9140625,291.1011305021443,38.05,51.177756639786764,1024.83075,16365,70,50,(),2,5e+01 a1
yj_m,,False,1789621177356,0.5875645414645848,0.5429100878004254,0.1923882869469695,0.04779779905913978,0.015650598414093782,0.08134901902010158,0.07028878906881063,4356.749999999999,454.8580538269604,1.0,0.0024488678200343937,7.624727657445433e-06,939.9375,889.0390625,291.1011305021443,38.05,51.177756639786764,1024.83075,15039,70,50,(),2,5e+01 a1
yj_m,,False,1789621177406,0.6014021028337342,0.5541066184142613,0.1923882869469695,0.048923471102150534,0.015650598414093782,0.08134901902010158,0.07028878906881063,4356.749999999999,454.8580538269604,1.0,0.0024488678200343937,7.624727657445433e-06,960.875,909.9765625,291.1011305021443,38.05,51.177756639786764,1024.83075,15374,70,50,(),2,5e+01 a1
yj_m,,False,1789621177456,0.6734400342599924,0.6128592046421499,0.1923882869469695,0.05478368615591398,0.015650598414093782,0.08134901902010158,0.07028878906881063,4356.749999999999,454.8580538269604,1.0,0.0024488678200343937,7.624727657445433e-06,1069.875,1018.9765625,291.1011305021443,38.05,51.177756639786764,1024.83075,17118,70,50,(),2,5e+01 a1
yj_m,,False,1789621177506,0.6947953155371571,0.6304048842893049,0.1923882869469695,0.056520917338709675,0.015650598414093782,0.08134901902010158,0.07028878906881063,4356.749999999999,454.8580538269604,1.0,0.0024488678200343937,7.624727657445433e-06,1102.1875,1051.2890625,291.1011305021443,38.05,51.177756639786764,1024.83075,17635,70,50,(),2,5e+01 a1
yj_m,,False,1789621177556,0.6299859609455293,0.5773314452293418,0.1923882869469695,0.05124873991935484,0.015650598414093782,0.08134901902010158,0.07028878906881063,4356.749999999999,454.8580538269604,1.0,0.0024488678200343937,7.624727657445433e-06,1004.125,953.2265625,291.1011305021443,38.05,51.177756639786764,1024.83075,16066,70,50,(),2,5e+01 a1
yj_m,,False,1789621177606,0.6039217781875197,0.5561487933088168,0.1923882869469695,0.049128444220430105,0.015650598414093782,0.08134901902010158,0.07028878906881063,4356.749999999999,454.8580538269604,1.0,0.0024488678200343937,7.624727657445433e-06,964.6875,913.7890625,291.1011305021443,38.05,51.177756639786764,1024.83075,15435,70,50,(),2,5e+01 a1
yj_m,,False,1789621177656,0.6336622085928555,0.5803272800560993,0.1923882869469695,0.05154779905913978,0.015650598414093782,0.08134901902010158,0.07028878906881063,4356.749999999999,454.8580538269604,1.0,0.0024488678200343937,7.624727657445433e-06,1009.6875,958.7890625,291.1011305021443,38.05,51.177756639786764,1024.83075,16155,70,50,(),2,5e+01 a1
yj_m,,False,1789621177706,0.6432452361679083,0.5881455564282956,0.1923882869469695,0.052327368951612906,0.015650598414093782,0.08134901902010158,0.07028878906881063,4356.749999999999,454.8580538269604,1.0,0.0024488678200343937,7.624727657445433e-06,1024.1875,973.2890625,291.1011305021443,38.05,51.177756639786764,1024.83075,16387,70,50,(),2,5e+01 a1
yj_m,,False,1789621177756,0.5921082183320668,0.5465830121847225,0.1923882869469695,0.04816742271505377,0.015650598414093782,0.08134901902010158,0.07028878906881063,4356.749999999999,454.8580538269604,1.0,0.0024488678200343937,7.624727657445433e-06,946.8125,895.9140625,291.1011305021443,38.05,51.177756639786764,1024.83075,15149,71,50,(),2,5e+01 a1
yj_m,,False,1789621177806,0.7028087092852616,0.6370019689396893,0.1923882869469695,0.05717279905913979,0.015650598414093782,0.08134901902010158,0.07028878906881063,4356.749999999999,454.8580538269604,1.0,0.0024488678200343937,7.624727657445433e-06,1114.3125,1063.4140625,291.1011305021443,38.05,51.177756639786764,1024.83075,17829,71,50,(),2,5e+01 a1
yj_m,,False,1789621177856,0.7066088753926101,0.6401328962672459,0.1923882869469695,0.05748193884408603,0.015650598414093782,0.08134901902010158,0.07028878906881063,4356.749999999999,454.8580538269604,1.0,0.0024488678200343937,7.624727657445433e-06,1120.0625,1069.1640625,291.1011305021443,38.05,51.177756639786764,1024.83075,17921,71,51,(),2,5e+01 a1
yj_m,,False,1789621177906,0.6237900379444178,0.5722866930233791,0.1923882869469695,0.05074470766129033,0.015650598414093782,0.08134901902010158,0.07028878906881063,4356.749999999999,454.8580538269604,1.0,0.0024488678200343937,7.624727657445433e-06,994.75,943.8515625,291.1011305021443,38.05,51.177756639786764,1024.83075,15916,71,51,(),2,5e+01 a1
yj_m,,False,1789621177956,0.6247400794712548,0.5730598580162533,0.1923882869469695,0.05082199260752688,0.015650598414093782,0.08134901902010158,0.07028878906881063,4356.749999999999,454.8580538269604,1.0,0.0024488678200343937,7.624727657445433e-06,996.1875,945.2890625,291.1011305021443,38.05,51.177756639786764,1024.83075,15939,71,51,(),2,5e+01 a1
yj_m,,False,1789621178006,0.7007434016182243,0.635301024090179,0.1923882869469695,0.057004788306451615,0.015650598414093782,0.08134901902010158,0.07028878906881063,4356.749999999999,454.8580538269604,1.0,0.0024488678200343937,7.624727657445433e-06,1111.1875,1060.2890625,291.1011305021443,38.05,51.177756639786764,1024.83075,17779,71,51,(),2,5e+01 a1
yj_m,,False,1789621178056,0.6859557987222379,0.6231359132589299,0.1923882869469695,0.0558018313172043,0.015650598414093782,0.08134901902010158,0.07028878906881063,4356.749999999999,454.8580538269604,1.0,0.0024488678200343937,7.624727657445433e-06,1088.8125,1037.9140625,291.1011305021443,38.05,51.177756639786764,1024.83075,17421,71,51,(),2,5e+01 a1
yj_m,,False,1789621178106,0.6856666556488527,0.6228982922163693,0.1923882869469695,0.05577830981182796,0.015650598414093782,0.08134901902010158,0.07028878906881063,4356.749999999999,454.8580538269604,1.0,0.0024488678200343937,7.624727657445433e-06,1088.375,1037.4765625,291.1011305021443,38.05,51.177756639786764,1024.83075,17414,71,51,(),2,5e+01 a1
yj_m,,False,1789621178156,0.6982650324177797,0.6332604973784676,0.1923882869469695,0.05680317540322581,0.015650598414093782,0.08134901902010158,0.07028878906881063,4356.749999999999,454.8580538269604,1.0,0.0024488678200343937,7.624727657445433e-06,1107.4375,1056.5390625,291.1011305021443,38.05,51.177756639786764,1024.83075,17719,71,51,(),2,5e+01 a1
yj_m,,False,1789621178206,0.68884722945609,0.6255126470164021,0.1923882869469695,0.05603704637096774,0.015650598414093782,0.08134901902010158,0.07028878906881063,4356.749999999999,454.8580538269604,1.0,0.0024488678200343937,7.624727657445433e-06,1093.1875,1042.2890625,291.1011305021443,38.05,51.177756639786764,1024.83075,17491,71,51,(),2,5e+01 a1
yj_m,,False,1789621178256,0.7084676522929435,0.6416648835540779,0.1923882869469695,0.057633148521505376,0.015650598414093782,0.08134901902010158,0.07028878906881063,4356.749999999999,454.8580538269604,1.0,0.0024488678200343937,7.624727657445433e-06,1122.875,1071.9765625,291.1011305021443,38.05,51.177756639786764,1024.83075,17966,71,51,(),2,5e+01 a1
yj_m,,False,1789621178306,0.6919864971099866,0.6280941692439636,0.1923882869469695,0.05629242271505377,0.015650598414093782,0.08134901902010158,0.07028878906881063,4356.749999999999,454.8580538269604,1.0,0.0024488678200343937,7.624727657445433e-06,1097.9375,1047.0390625,291.1011305021443,38.05,51.177756639786764,1024.83075,17567,71,51,(),2,5e+01 a1
yj_m,,False,1789621178356,0.6908712309697864,0.6271769229344863,0.1923882869469695,0.05620169690860215,0.015650598414093782,0.08134901902010158,0.07028878906881063,4356.749999999999,454.8580538269604,1.0,0.0024488678200343937,7.624727657445433e-06,1096.25,1045.3515625,291.1011305021443,38.05,51.177756639786764,1024.83075,17540,71,51,(),2,5e+01 a1
yj_m,,False,1789621178406,0.6974389093509648,0.6325804700141962,0.1923882869469695,0.056735971102150534,0.015650598414093782,0.08134901902010158,0.07028878906881063,4356.749999999999,454.8580538269604,1.0,0.0024488678200343937,7.624727657445433e-06,1106.1875,1055.2890625,291.1011305021443,38.05,51.177756639786764,1024.83075,17699,71,51,(),2,5e+01 a1
yj_m,,False,1789621178456,0.7147874937540775,0.6468763280377493,0.1923882869469695,0.058147261424731186,0.015650598414093782,0.08134901902010158,0.07028878906881063,4356.749999999999,454.8580538269604,1.0,0.0024488678200343937,7.624727657445433e-06,1132.4375,1081.5390625,291.1011305021443,38.05,51.177756639786764,1024.83075,18119,71,51,(),2,5e+01 a1
yj_m,,False,1789621178506,0.7163984337343664,0.6482053915231157,0.1923882869469695,0.05827830981182796,0.015650598414093782,0.08134901902010158,0.07028878906881063,4356.749999999999,454.8580538269604,1.0,0.0024488678200343937,7.624727657445433e-06,1134.875,1083.9765625,291.1011305021443,38.05,51.177756639786764,1024.83075,18158,71,51,(),2,5e+01 a1
yj_m,,False,1789621178556,0.6401059685140117,0.5855829985701926,0.1923882869469695,0.05207199260752688,0.015650598414093782,0.08134901902010158,0.07028878906881063,4356.749999999999,454.8580538269604,1.0,0.0024488678200343937,7.624727657445433e-06,1019.4375,968.5390625,291.1011305021443,38.05,51.177756639786764,1024.83075,16311,71,51,(),2,5e+01 a1
yj_m,,False,1789621178606,0.5838056815105772,0.5398742690810432,0.1923882869469695,0.04749201948924731,0.015650598414093782,0.08134901902010158,0.07028878906881063,4356.749999999999,454.8580538269604,1.0,0.0024488678200343937,7.624727657445433e-06,934.25,883.3515625,291.1011305021443,38.05,51.177756639786764,1024.83075,14948,71,51,(),2,5e+01 a1
yj_m,,False,1789621178656,0.590786421425163,0.545514161612115,0.1923882869469695,0.04805989583333333,0.015650598414093782,0.08134901902010158,0.07028878906881063,4356.749999999999,454.8580538269604,1.0,0.0024488678200343937,7.624727657445433e-06,944.8125,893.9140625,291.1011305021443,38.05,51.177756639786764,1024.83075,15117,71,51,(),2,5e+01 a1
yj_m,,False,1789621178706,0.5968997321195931,0.5504600613056702,0.1923882869469695,0.04855720766129032,0.015650598414093782,0.08134901902010158,0.07028878906881063,4356.749999999999,454.8580538269604,1.0,0.0024488678200343937,7.624727657445433e-06,954.0625,903.1640625,291.1011305021443,38.05,51.177756639786764,1024.83075,15265,71,51,(),2,5e+01 a1
yj_m,,False,1789621178756,0.5955779352126894,0.5493901471673533,0.1923882869469695,0.0484496807795699,0.015650598414093782,0.08134901902010158,0.07028878906881063,4356.749999999999,454.8580538269604,1.0,0.0024488678200343937,7.624727657445433e-06,952.0625,901.1640625,291.1011305021443,38.05,51.177756639786764,1024.83075,15233,72,51,(),2,5e+01 a1
yj_m,,False,1789621178806,0.6590654928974133,0.6010795181156623,0.1923882869469695,0.0536143313172043,0.015650598414093782,0.08134901902010158,0.07028878906881063,4356.749999999999,454.8580538269604,1.0,0.0024488678200343937,7.624727657445433e-06,1048.125,997.2265625,291.1011305021443,38.05,51.177756639786764,1024.83075,16770,72,51,(),2,5e+01 a1
yj_m,,False,1789621178856,0.6952496832239053,0.6307787584495679,0.1923882869469695,0.056557879704301074,0.015650598414093782,0.08134901902010158,0.07028878906881063,4356.749999999999,454.8580538269604,1.0,0.0024488678200343937,7.624727657445433e-06,1102.875,1051.9765625,291.1011305021443,38.05,51.177756639786764,1024.83075,17646,72,52,(),2,5e+01 a1
yj_m,,False,1789621178906,0.708880713826351,0.6420053743399463,0.1923882869469695,0.057666750672043014,0.015650598414093782,0.08134901902010158,0.07028878906881063,4356.749999999999,454.8580538269604,1.0,0.0024488678200343937,7.624727657445433e-06,1123.5,1072.6015625,291.1011305021443,38.05,51.177756639786764,1024.83075,17976,72,52,(),2,5e+01 a1
yj_m,,False,1789621178956,0.6599742282709097,0.6018234483240096,0.1923882869469695,0.0536882560483871,0.015650598414093782,0.08134901902010158,0.07028878906881063,4356.749999999999,454.8580538269604,1.0,0.0024488678200343937,7.624727657445433e-06,1049.5,998.6015625,291.1011305021443,38.05,51.177756639786764,1024.83075,16792,72,52,(),2,5e+01 a1
yj_m,,False,1789621179006,0.6477063007287086,0.591789384420657,0.1923882869469695,0.05269027217741935,0.015650598414093782,0.08134901902010158,0.07028878906881063,4356.749999999999,454.8580538269604,1.0,0.0024488678200343937,7.624727657445433e-06,1030.9375,980.0390625,291.1011305021443,38.05,51.177756639786764,1024.83075,16495,72,52,(),2,5e+01 a1
yj_m,,False,1789621179056,0.6557610006301537,0.5983752060272259,0.1923882869469695,0.053345514112903225,0.015650598414093782,0.08134901902010158,0.07028878906881063,4356.749999999999,454.8580538269604,1.0,0.0024488678200343937,7.624727657445433e-06,1043.125,992.2265625,291.1011305021443,38.05,51.177756639786764,1024.83075,16690,72,52,(),2,5e+01 a1
yj_m,,False,1789621179106,0.6487802607155679,0.5926670004147803,0.1923882869469695,0.0527776377688172,0.015650598414093782,0.08134901902010158,0.07028878906881063,4356.749999999999,454.8580538269604,1.0,0.0024488678200343937,7.624727657445433e-06,1032.5625,981.6640625,291.1011305021443,38.05,51.177756639786764,1024.83075,16521,72,52,(),2,5e+01 a1
yj_m,,False,1789621179156,0.6254835902313882,0.5736650361345104,0.1923882869469695,0.05088247647849462,0.015650598414093782,0.08134901902010158,0.07028878906881063,4356.749999999999,454.8580538269604,1.0,0.0024488678200343937,7.624727657445433e-06,997.3125,946.4140625,291.1011305021443,38.05,51.177756639786764,1024.83075,15957,72,52,(),2,5e+01 a1
yj_m,,False,1789621179206,0.6505564253092201,0.594118777904382,0.1923882869469695,0.052922127016129035,0.015650598414093782,0.08134901902010158,0.07028878906881063,4356.749999999999,454.8580538269604,1.0,0.0024488678200343937,7.624727657445433e-06,1035.25,984.3515625,291.1011305021443,38.05,51.177756639786764,1024.83075,16564,72,52,(),2,5e+01 a1
yj_m,,False,1789621179256,0.7081785092195583,0.6414265506203718,0.1923882869469695,0.05760962701612903,0.015650598414093782,0.08134901902010158,0.07028878906881063,4356.749999999999,454.8580538269604,1.0,0.0024488678200343937,7.624727657445433e-06,1122.4375,1071.5390625,291.1011305021443,38.05,51.177756639786764,1024.83075,17959,72,52,(),2,5e+01 a1
yj_m,,False,1789621179306,0.6675332543322658,0.6080156158794338,0.1923882869469695,0.0543031754032258,0.015650598414093782,0.08134901902010158,0.07028878906881063,4356.749999999999,454.8580538269604,1.0,0.0024488678200343937,7.624727657445433e-06,1060.9375,1010.0390625,291.1011305021443,38.05,51.177756639786764,1024.83075,16975,72,52,(),2,5e+01 a1
yj_m,,False,1789621179356,0.6346535562730334,0.5811354739787288,0.1923882869469695,0.05162844422043011,0.015650598414093782,0.08134901902010158,0.07028878906881063,4356.749999999999,454.8580538269604,1.0,0.0024488678200343937,7.624727657445433e-06,1011.1875,960.2890625,291.1011305021443,38.05,51.177756639786764,1024.83075,16179,72,52,(),2,5e+01 a1
yj_m,,False,1789621179406,0.683683960288497,0.621269148858225,0.1923882869469695,0.05561701948924731,0.015650598414093782,0.08134901902010158,0.07028878906881063,4356.749999999999,454.8580538269604,1.0,0.0024488678200343937,7.624727657445433e-06,1085.375,1034.4765625,291.1011305021443,38.05,51.177756639786764,1024.83075,17366,72,52,(),2,5e+01 a1
yj_m,,False,1789621179456,0.6780250172808149,0.6166218060020753,0.1923882869469695,0.05515667002688172,0.015650598414093782,0.08134901902010158,0.07028878906881063,4356.749999999999,454.8580538269604,1.0,0.0024488678200343937,7.624727657445433e-06,1076.8125,1025.9140625,291.1011305021443,38.05,51.177756639786764,1024.83075,17229,72,52,(),2,5e+01 a1
yj_m,,False,1789621179506,0.6495237714757014,0.5932746704438794,0.1923882869469695,0.05283812163978495,0.015650598414093782,0.08134901902010158,0.07028878906881063,4356.749999999999,454.8580538269604,1.0,0.0024488678200343937,7.624727657445433e-06,1033.6875,982.7890625,291.1011305021443,38.05,51.177756639786764,1024.83075,16539,72,52,(),2,5e+01 a1
yj_m,,False,1789621179556,0.7092937753597585,0.6423458829429705,0.1923882869469695,0.057700352822580646,0.015650598414093782,0.08134901902010158,0.07028878906881063,4356.749999999999,454.8580538269604,1.0,0.0024488678200343937,7.624727657445433e-06,1124.125,1073.2265625,291.1011305021443,38.05,51.177756639786764,1024.83075,17986,72,52,(),2,5e+01 a1
yj_m,,False,1789621179606,0.7218508459753447,0.6527057044550643,0.1923882869469695,0.058721858198924726,0.015650598414093782,0.08134901902010158,0.07028878906881063,4356.749999999999,454.8580538269604,1.0,0.0024488678200343937,7.624727657445433e-06,1143.125,1092.2265625,291.1011305021443,38.05,51.177756639786764,1024.83075,18290,72,52,(),2,5e+01 a1
yj_m,,False,1789621179656,0.7019825862184467,0.6363215360738051,0.1923882869469695,0.057105594758064517,0.015650598414093782,0.08134901902010158,0.07028878906881063,4356.749999999999,454.8580538269604,1.0,0.0024488678200343937,7.624727657445433e-06,1113.0625,1062.1640625,291.1011305021443,38.05,51.177756639786764,1024.83075,17809,72,52,(),2,5e+01 a1
yj_m,,False,1789621179706,0.692895232483483,0.6288416577114849,0.1923882869469695,0.05636634744623656,0.015650598414093782,0.08134901902010158,0.07028878906881063,4356.749999999999,454.8580538269604,1.0,0.0024488678200343937,7.624727657445433e-06,1099.3125,1048.4140625,291.1011305021443,38.05,51.177756639786764,1024.83075,17589,72,52,(),2,5e+01 a1
yj_m,,False,1789621179756,0.6819077956948449,0.619810092506174,0.1923882869469695,0.055472530241935485,0.015650598414093782,0.08134901902010158,0.07028878906881063,4356.749999999999,454.8580538269604,1.0,0.0024488678200343937,7.624727657445433e-06,1082.6875,1031.7890625,291.1011305021443,38.05,51.177756639786764,1024.83075,17323,73,52,(),2,5e+01 a1
yj_m,,False,1789621179806,0.6931843755568682,0.6290795142108145,0.1923882869469695,0.05638986895161291,0.015650598414093782,0.08134901902010158,0.07028878906881063,4356.749999999999,454.8580538269604,1.0,0.0024488678200343937,7.624727657445433e-06,1099.75,1048.8515625,291.1011305021443,38.05,51.177756639786764,1024.83075,17596,73,52,(),2,5e+01 a1
yj_m,,False,1789621179856,0.6980998078044167,0.6331244859569836,0.1923882869469695,0.056789734543010756,0.015650598414093782,0.08134901902010158,0.07028878906881063,4356.749999999999,454.8580538269604,1.0,0.0024488678200343937,7.624727657445433e-06,1107.1875,1056.2890625,291.1011305021443,38.05,51.177756639786764,1024.83075,17715,73,53,(),2,5e+01 a1
yj_m,,False,1789621179906,0.7321773843105308,0.6612370715782944,0.1923882869469695,0.05956191196236559,0.015650598414093782,0.08134901902010158,0.07028878906881063,4356.749999999999,454.8580538269604,1.0,0.0024488678200343937,7.624727657445433e-06,1158.75,1107.8515625,291.1011305021443,38.05,51.177756639786764,1024.83075,18540,73,53,(),2,5e+01 a1
yj_m,,False,1789621179956,0.6983889508778018,0.6333625078940647,0.1923882869469695,0.05681325604838709,0.015650598414093782,0.08134901902010158,0.07028878906881063,4356.749999999999,454.8580538269604,1.0,0.0024488678200343937,7.624727657445433e-06,1107.625,1056.7265625,291.1011305021443,38.05,51.177756639786764,1024.83075,17722,73,53,(),2,5e+01 a1
yj_m,,False,1789621180006,0.6856253494955119,0.6228643471331934,0.1923882869469695,0.05577494959677419,0.015650598414093782,0.08134901902010158,0.07028878906881063,4356.749999999999,454.8580538269604,1.0,0.0024488678200343937,7.624727657445433e-06,1088.3125,1037.4140625,291.1011305021443,38.05,51.177756639786764,1024.83075,17413,73,53,(),2,5e+01 a1
yj_m,,False,1789621180056,0.6699290112260291,0.6099796370785138,0.1923882869469695,0.054498067876344085,0.015650598414093782,0.08134901902010158,0.07028878906881063,4356.749999999999,454.8580538269604,1.0,0.0024488678200343937,7.624727657445433e-06,1064.5625,1013.6640625,291.1011305021443,38.05,51.177756639786764,1024.83075,17033,73,53,(),2,5e+01 a1
yj_m,,False,1789621180106,0.6844687772019711,0.6219139641346227,0.1923882869469695,0.055680863575268816,0.015650598414093782,0.08134901902010158,0.07028878906881063,4356.749999999999,454.8580538269604,1.0,0.0024488678200343937,7.624727657445433e-06,1086.5625,1035.6640625,291.1011305021443,38.05,51.177756639786764,1024.83075,17385,73,53,(),2,5e+01 a1
yj_m,,False,1789621180156,0.7144570445273515,0.6466037323223858,0.1923882869469695,0.058120379704301076,0.015650598414093782,0.08134901902010158,0.07028878906881063,4356.749999999999,454.8580538269604,1.0,0.0024488678200343937,7.624727657445433e-06,1131.9375,1081.0390625,291.1011305021443,38.05,51.177756639786764,1024.83075,18111,73,53,(),2,5e+01 a1
yj_m,,False,1789621180206,0.7175550060279072,0.6491597534179517,0.1923882869469695,0.05837239583333333,0.015650598414093782,0.08134901902010158,0.07028878906881063,4356.749999999999,454.8580538269604,1.0,0.0024488678200343937,7.624727657445433e-06,1136.625,1085.7265625,291.1011305021443,38.05,51.177756639786764,1024.83075,18186,73,53,(),2,5e+01 a1
yj_m,,False,1789621180256,0.6987194001045278,0.6336345440983475,0.1923882869469695,0.0568401377688172,0.015650598414093782,0.08134901902010158,0.07028878906881063,4356.749999999999,454.8580538269604,1.0,0.0024488678200343937,7.624727657445433e-06,1108.125,1057.2265625,291.1011305021443,38.05,51.177756639786764,1024.83075,17730,73,53,(),2,5e+01 a1
yj_m,,False,1789621180306,0.6687724389324883,0.6090314012468996,0.1923882869469695,0.05440398185483871,0.015650598414093782,0.08134901902010158,0.07028878906881063,4356.749999999999,454.8580538269604,1.0,0.0024488678200343937,7.624727657445433e-06,1062.8125,1011.9140625,291.1011305021443,38.05,51.177756639786764,1024.83075,17005,73,53,(),2,5e+01 a1
yj_m,,False,1789621180356,0.7042544246521876,0.6381929018776448,0.1923882869469695,0.057290406586021504,0.015650598414093782,0.08134901902010158,0.07028878906881063,4356.749999999999,454.8580538269604,1.0,0.0024488678200343937,7.624727657445433e-06,1116.5,1065.6015625,291.1011305021443,38.05,51.177756639786764,1024.83075,17864,73,53,(),2,5e+01 a1
yj_m,,False,1789621180406,0.7120199814802476,0.6445936845469932,0.1923882869469695,0.05792212701612903,0.015650598414093782,0.08134901902010158,0.07028878906881063,4356.749999999999,454.8580538269604,1.0,0.0024488678200343937,7.624727657445433e-06,1128.25,1077.3515625,291.1011305021443,38.05,51.177756639786764,1024.83075,18052,73,53,(),2,5e+01 a1
yj_m,,False,1789621180456,0.723585704415656,0.6541382446839897,0.1923882869469695,0.058862987231182794,0.015650598414093782,0.08134901902010158,0.07028878906881063,4356.749999999999,454.8580538269604,1.0,0.0024488678200343937,7.624727657445433e-06,1145.75,1094.8515625,291.1011305021443,38.05,51.177756639786764,1024.83075,18332,73,53,(),2,5e+01 a1
yj_m,,False,1789621180506,0.6716638696663404,0.6114022959592507,0.1923882869469695,0.05463919690860215,0.015650598414093782,0.08134901902010158,0.07028878906881063,4356.749999999999,454.8580538269604,1.0,0.0024488678200343937,7.624727657445433e-06,1067.1875,1016.2890625,291.1011305021443,38.05,51.177756639786764,1024.83075,17075,73,53,(),2,5e+01 a1
yj_m,,False,1789621180556,0.7086741830596474,0.6418351267180955,0.1923882869469695,0.0576499495967742,0.015650598414093782,0.08134901902010158,0.07028878906881063,4356.749999999999,454.8580538269604,1.0,0.0024488678200343937,7.624727657445433e-06,1123.1875,1072.2890625,291.1011305021443,38.05,51.177756639786764,1024.83075,17971,73,53,(),2,5e+01 a1
yj_m,,False,1789621180606,0.6796772634144447,0.6179783080739565,0.1923882869469695,0.05529107862903226,0.015650598414093782,0.08134901902010158,0.07028878906881063,4356.749999999999,454.8580538269604,1.0,0.0024488678200343937,7.624727657445433e-06,1079.3125,1028.4140625,291.1011305021443,38.05,51.177756639786764,1024.83075,17269,73,53,(),2,5e+01 a1
yj_m,,False,1789621180656,0.6482019745687976,0.5921944188890128,0.1923882869469695,0.05273059475806451,0.015650598414093782,0.08134901902010158,0.07028878906881063,4356.749999999999,454.8580538269604,1.0,0.0024488678200343937,7.624727657445433e-06,1031.6875,980.7890625,291.1011305021443,38.05,51.177756639786764,1024.83075,16507,73,53,(),2,5e+01 a1
yj_m,,False,1789621180706,0.7201985998417149,0.6513416584644106,0.1923882869469695,0.05858744959677419,0.015650598414093782,0.08134901902010158,0.07028878906881063,4356.749999999999,454.8580538269604,1.0,0.0024488678200343937,7.624727657445433e-06,1140.625,1089.7265625,291.1011305021443,38.05,51.177756639786764,1024.83075,18250,73,53,(),2,5e+01 a1
yj_m,,False,1789621180756,0.6945887847704534,0.6302349490143346,0.1923882869469695,0.05650411626344086,0.015650598414093782,0.08134901902010158,0.07028878906881063,4356.749999999999,454.8580538269604,1.0,0.0024488678200343937,7.624727657445433e-06,1101.875,1050.9765625,291.1011305021443,38.05,51.177756639786764,1024.83075,17630,74,53,(),2,5e+01 a1
yj_m,,False,1789621180806,0.6933082940168903,0.6291814555518641,0.1923882869469695,0.05639994959677419,0.015650598414093782,0.08134901902010158,0.07028878906881063,4356.749999999999,454.8580538269604,1.0,0.0024488678200343937,7.624727657445433e-06,1099.9375,1049.0390625,291.1011305021443,38.05,51.177756639786764,1024.83075,17599,74,53,(),2,5e+01 a1
yj_m,,False,1789621180856,0.7315577920104196,0.6607248981507874,0.1923882869469695,0.05951150873655914,0.015650598414093782,0.08134901902010158,0.07028878906881063,4356.749999999999,454.8580538269604,1.0,0.0024488678200343937,7.624727657445433e-06,1157.8125,1106.9140625,291.1011305021443,38.05,51.177756639786764,1024.83075,18525,74,54,(),2,5e+01 a1
yj_m,,False,1789621180906,0.7340774673642051,0.6628079651824429,0.1923882869469695,0.059716481854838716,0.015650598414093782,0.08134901902010158,0.07028878906881063,4356.749999999999,454.8580538269604,1.0,0.0024488678200343937,7.624727657445433e-06,1161.625,1110.7265625,291.1011305021443,38.05,51.177756639786764,1024.83075,18586,74,54,(),2,5e+01 a1
yj_m,,False,1789621180956,0.7239574597957226,0.6544452563138768,0.1923882869469695,0.058893229166666665,0.015650598414093782,0.08134901902010158,0.07028878906881063,4356.749999999999,454.8580538269604,1.0,0.0024488678200343937,7.624727657445433e-06,1146.3125,1095.4140625,291.1011305021443,38.05,51.177756639786764,1024.83075,18341,74,54,(),2,5e+01 a1
yj_m,,False,1789621181006,0.6746792188602146,0.6138758770004018,0.1923882869469695,0.05488449260752688,0.015650598414093782,0.08134901902010158,0.07028878906881063,4356.749999999999,454.8580538269604,1.0,0.0024488678200343937,7.624727657445433e-06,1071.75,1020.8515625,291.1011305021443,38.05,51.177756639786764,1024.83075,17148,74,54,(),2,5e+01 a1
yj_m,,False,1789621181056,0.6243270179378474,0.5727236830078818,0.1923882869469695,0.05078839045698925,0.015650598414093782,0.08134901902010158,0.07028878906881063,4356.749999999999,454.8580538269604,1.0,0.0024488678200343937,7.624727657445433e-06,995.5625,944.6640625,291.1011305021443,38.05,51.177756639786764,1024.83075,15929,74,54,(),2,5e+01 a1
yj_m,,False,1789621181106,0.621807342584062,0.5706735605613078,0.1923882869469695,0.05058341733870968,0.015650598414093782,0.08134901902010158,0.07028878906881063,4356.749999999999,454.8580538269604,1.0,0.0024488678200343937,7.624727657445433e-06,991.75,940.8515625,291.1011305021443,38.05,51.177756639786764,1024.83075,15868,74,54,(),2,5e+01 a1
yj_m,,False,1789621181156,0.625524896384729,0.5736986595159274,0.1923882869469695,0.05088583669354839,0.015650598414093782,0.08134901902010158,0.07028878906881063,4356.749999999999,454.8580538269604,1.0,0.0024488678200343937,7.624727657445433e-06,997.375,946.4765625,291.1011305021443,38.05,51.177756639786764,1024.83075,15958,74,54,(),2,5e+01 a1
yj_m,,False,1789621181206,0.6240378748644622,0.572488375432008,0.1923882869469695,0.050764868951612904,0.015650598414093782,0.08134901902010158,0.07028878906881063,4356.749999999999,454.8580538269604,1.0,0.0024488678200343937,7.624727657445433e-06,995.125,944.2265625,291.1011305021443,38.05,51.177756639786764,1024.83075,15922,74,54,(),2,5e+01 a1
yj_m,,False,1789621181256,0.6217247302773805,0.5706063593585999,0.1923882869469695,0.05057669690860215,0.015650598414093782,0.08134901902010158,0.07028878906881063,4356.749999999999,454.8580538269604,1.0,0.0024488678200343937,7.624727657445433e-06,991.625,940.7265625,291.1011305021443,38.05,51.177756639786764,1024.83075,15866,74,54,(),2,5e+01 a1
yj_m,,False,1789621181306,0.6815360403147782,0.6195047548659124,0.1923882869469695,0.05544228830645161,0.015650598414093782,0.08134901902010158,0.07028878906881063,4356.749999999999,454.8580538269604,1.0,0.0024488678200343937,7.624727657445433e-06,1082.125,1031.2265625,291.1011305021443,38.05,51.177756639786764,1024.83075,17314,74,54,(),2,5e+01 a1
yj_m,,False,1789621181356,0.7141265953006255,0.6463311477684479,0.1923882869469695,0.058093497983870965,0.015650598414093782,0.08134901902010158,0.07028878906881063,4356.749999999999,454.8580538269604,1.0,0.0024488678200343937,7.624727657445433e-06,1131.4375,1080.5390625,291.1011305021443,38.05,51.177756639786764,1024.83075,18103,74,54,(),2,5e+01 a1
yj_m,,False,1789621181406,0.652993488356324,0.5961114275424696,0.1923882869469695,0.05312037970430108,0.015650598414093782,0.08134901902010158,0.07028878906881063,4356.749999999999,454.8580538269604,1.0,0.0024488678200343937,7.624727657445433e-06,1038.9375,988.0390625,291.1011305021443,38.05,51.177756639786764,1024.83075,16623,74,54,(),2,5e+01 a1
yj_m,,False,1789621181456,0.6487389545622272,0.592633243118159,0.1923882869469695,0.05277427755376344,0.015650598414093782,0.08134901902010158,0.07028878906881063,4356.749999999999,454.8580538269604,1.0,0.0024488678200343937,7.624727657445433e-06,1032.5,981.6015625,291.1011305021443,38.05,51.177756639786764,1024.83075,16520,74,54,(),2,5e+01 a1
yj_m,,False,1789621181506,0.6568349606170132,0.5992539538970207,0.1923882869469695,0.05343287970430108,0.015650598414093782,0.08134901902010158,0.07028878906881063,4356.749999999999,454.8580538269604,1.0,0.0024488678200343937,7.624727657445433e-06,1044.75,993.8515625,291.1011305021443,38.05,51.177756639786764,1024.83075,16716,74,54,(),2,5e+01 a1
yj_m,,False,1789621181556,0.6805033864812596,0.6186566791050702,0.1923882869469695,0.05535828293010753,0.015650598414093782,0.08134901902010158,0.07028878906881063,4356.749999999999,454.8580538269604,1.0,0.0024488678200343937,7.624727657445433e-06,1080.5625,1029.6640625,291.1011305021443,38.05,51.177756639786764,1024.83075,17289,74,54,(),2,5e+01 a1
yj_m,,False,1789621181606,0.639403763907219,0.5850099798166905,0.1923882869469695,0.0520148689516129,0.015650598414093782,0.08134901902010158,0.07028878906881063,4356.749999999999,454.8580538269604,1.0,0.0024488678200343937,7.624727657445433e-06,1018.375,967.4765625,291.1011305021443,38.05,51.177756639786764,1024.83075,16294,74,54,(),2,5e+01 a1
yj_m,,False,1789621181656,0.6379993546936337,0.5838641466762713,0.1923882869469695,0.05190062163978494,0.015650598414093782,0.08134901902010158,0.07028878906881063,4356.749999999999,454.8580538269604,1.0,0.0024488678200343937,7.624727657445433e-06,1016.25,965.3515625,291.1011305021443,38.05,51.177756639786764,1024.83075,16260,74,54,(),2,5e+01 a1
yj_m,,False,1789621181706,0.654934877563339,0.5976993473190763,0.1923882869469695,0.05327830981182796,0.015650598414093782,0.08134901902010158,0.07028878906881063,4356.749999999999,454.8580538269604,1.0,0.0024488678200343937,7.624727657445433e-06,1041.875,990.9765625,291.1011305021443,38.05,51.177756639786764,1024.83075,16670,74,54,(),2,5e+01 a1
yj_m,,False,1789621181756,0.6167266857231505,0.5665425883671654,0.1923882869469695,0.050170110887096775,0.015650598414093782,0.08134901902010158,0.07028878906881063,4356.749999999999,454.8580538269604,1.0,0.0024488678200343937,7.624727657445433e-06,984.0625,933.1640625,291.1011305021443,38.05,51.177756639786764,1024.83075,15745,75,54,(),2,5e+01 a1
yj_m,,False,1789621181806,0.7338709365975012,0.6626371992374864,0.1923882869469695,0.05969968077956989,0.015650598414093782,0.08134901902010158,0.07028878906881063,4356.749999999999,454.8580538269604,1.0,0.0024488678200343937,7.624727657445433e-06,1161.3125,1110.4140625,291.1011305021443,38.05,51.177756639786764,1024.83075,18581,75,54,(),2,5e+01 a1
yj_m,,False,1789621181856,0.7006194831582021,0.6351989819803433,0.1923882869469695,0.05699470766129032,0.015650598414093782,0.08134901902010158,0.07028878906881063,4356.749999999999,454.8580538269604,1.0,0.0024488678200343937,7.624727657445433e-06,1111.0,1060.1015625,291.1011305021443,38.05,51.177756639786764,1024.83075,17776,75,55,(),2,5e+01 a1
yj_m,,False,1789621181906,0.6672854174122215,0.6078124814291394,0.1923882869469695,0.054283014112903226,0.015650598414093782,0.08134901902010158,0.07028878906881063,4356.749999999999,454.8580538269604,1.0,0.0024488678200343937,7.624727657445433e-06,1060.5625,1009.6640625,291.1011305021443,38.05,51.177756639786764,1024.83075,16969,75,55,(),2,5e+01 a1
yj_m,,False,1789621181956,0.6429560930945231,0.5879094751298559,0.1923882869469695,0.05230384744623656,0.015650598414093782,0.08134901902010158,0.07028878906881063,4356.749999999999,454.8580538269604,1.0,0.0024488678200343937,7.624727657445433e-06,1023.75,972.8515625,291.1011305021443,38.05,51.177756639786764,1024.83075,16380,75,55,(),2,5e+01 a1
yj_m,,False,1789621182006,0.6838078787485191,0.6213709570835274,0.1923882869469695,0.0556271001344086,0.015650598414093782,0.08134901902010158,0.07028878906881063,4356.749999999999,454.8580538269604,1.0,0.0024488678200343937,7.624727657445433e-06,1085.5625,1034.6640625,291.1011305021443,38.05,51.177756639786764,1024.83075,17369,75,55,(),2,5e+01 a1
yj_m,,False,1789621182056,0.6273836732850624,0.5752119694450548,0.1923882869469695,0.05103704637096774,0.015650598414093782,0.08134901902010158,0.07028878906881063,4356.749999999999,454.8580538269604,1.0,0.0024488678200343937,7.624727657445433e-06,1000.1875,949.2890625,291.1011305021443,38.05,51.177756639786764,1024.83075,16003,75,55,(),2,5e+01 a1
yj_m,,False,1789621182106,0.6281271840451959,0.5758174340994694,0.1923882869469695,0.05109753024193549,0.015650598414093782,0.08134901902010158,0.07028878906881063,4356.749999999999,454.8580538269604,1.0,0.0024488678200343937,7.624727657445433e-06,1001.3125,950.4140625,291.1011305021443,38.05,51.177756639786764,1024.83075,16021,75,55,(),2,5e+01 a1
yj_m,,False,1789621182156,0.617924564170032,0.5675162071920535,0.1923882869469695,0.050267557123655916,0.015650598414093782,0.08134901902010158,0.07028878906881063,4356.749999999999,454.8580538269604,1.0,0.0024488678200343937,7.624727657445433e-06,985.875,934.9765625,291.1011305021443,38.05,51.177756639786764,1024.83075,15774,75,55,(),2,5e+01 a1
yj_m,,False,1789621182206,0.699008543177913,0.633872585507264,0.1923882869469695,0.05686365927419355,0.015650598414093782,0.08134901902010158,0.07028878906881063,4356.749999999999,454.8580538269604,1.0,0.0024488678200343937,7.624727657445433e-06,1108.5625,1057.6640625,291.1011305021443,38.05,51.177756639786764,1024.83075,17737,75,55,(),2,5e+01 a1
yj_m,,False,1789621182256,0.710161204579914,0.6430610088782535,0.1923882869469695,0.057770917338709676,0.015650598414093782,0.08134901902010158,0.07028878906881063,4356.749999999999,454.8580538269604,1.0,0.0024488678200343937,7.624727657445433e-06,1125.4375,1074.5390625,291.1011305021443,38.05,51.177756639786764,1024.83075,18007,75,55,(),2,5e+01 a1
yj_m,,False,1789621182306,0.6954975201439498,0.630982699392907,0.1923882869469695,0.05657804099462366,0.015650598414093782,0.08134901902010158,0.07028878906881063,4356.749999999999,454.8580538269604,1.0,0.0024488678200343937,7.624727657445433e-06,1103.25,1052.3515625,291.1011305021443,38.05,51.177756639786764,1024.83075,17652,75,55,(),2,5e+01 a1
yj_m,,False,1789621182356,0.6950018463038609,0.6305748242690145,0.1923882869469695,0.05653771841397849,0.015650598414093782,0.08134901902010158,0.07028878906881063,4356.749999999999,454.8580538269604,1.0,0.0024488678200343937,7.624727657445433e-06,1102.5,1051.6015625,291.1011305021443,38.05,51.177756639786764,1024.83075,17640,75,55,(),2,5e+01 a1
yj_m,,False,1789621182406,0.692399558643394,0.6284339253324821,0.1923882869469695,0.0563260248655914,0.015650598414093782,0.08134901902010158,0.07028878906881063,4356.749999999999,454.8580538269604,1.0,0.0024488678200343937,7.624727657445433e-06,1098.5625,1047.6640625,291.1011305021443,38.05,51.177756639786764,1024.83075,17577,75,55,(),2,5e+01 a1
yj_m,,False,1789621182456,0.6981824201110981,0.6331924912962954,0.1923882869469695,0.05679645497311828,0.015650598414093782,0.08134901902010158,0.07028878906881063,4356.749999999999,454.8580538269604,1.0,0.0024488678200343937,7.624727657445433e-06,1107.3125,1056.4140625,291.1011305021443,38.05,51.177756639786764,1024.83075,17717,75,55,(),2,5e+01 a1
yj_m,,False,1789621182506,0.6970258478175574,0.6322404842552515,0.1923882869469695,0.0567023689516129,0.015650598414093782,0.08134901902010158,0.07028878906881063,4356.749999999999,454.8580538269604,1.0,0.0024488678200343937,7.624727657445433e-06,1105.5625,1054.6640625,291.1011305021443,38.05,51.177756639786764,1024.83075,17689,75,55,(),2,5e+01 a1
yj_m,,False,1789621182556,0.7332100381440494,0.662090775452081,0.1923882869469695,0.05964591733870968,0.015650598414093782,0.08134901902010158,0.07028878906881063,4356.749999999999,454.8580538269604,1.0,0.0024488678200343937,7.624727657445433e-06,1160.3125,1109.4140625,291.1011305021443,38.05,51.177756639786764,1024.83075,18565,75,55,(),2,5e+01 a1
yj_m,,False,1789621182606,0.6448561761481973,0.5894610740092117,0.1923882869469695,0.05245841733870968,0.015650598414093782,0.08134901902010158,0.07028878906881063,4356.749999999999,454.8580538269604,1.0,0.0024488678200343937,7.624727657445433e-06,1026.625,975.7265625,291.1011305021443,38.05,51.177756639786764,1024.83075,16426,75,55,(),2,5e+01 a1
yj_m,,False,1789621182656,0.5959909967460968,0.5497244641398419,0.1923882869469695,0.04848328293010753,0.015650598414093782,0.08134901902010158,0.07028878906881063,4356.749999999999,454.8580538269604,1.0,0.0024488678200343937,7.624727657445433e-06,952.6875,901.7890625,291.1011305021443,38.05,51.177756639786764,1024.83075,15243,75,55,(),2,5e+01 a1
yj_m,,False,1789621182706,0.6657570897386139,0.6065599863012365,0.1923882869469695,0.05415868615591398,0.015650598414093782,0.08134901902010158,0.07028878906881063,4356.749999999999,454.8580538269604,1.0,0.0024488678200343937,7.624727657445433e-06,1058.25,1007.3515625,291.1011305021443,38.05,51.177756639786764,1024.83075,16932,75,55,(),2,5e+01 a1
yj_m,,False,1789621182756,0.6986780939511872,0.6336005389238557,0.1923882869469695,0.05683677755376344,0.015650598414093782,0.08134901902010158,0.07028878906881063,4356.749999999999,454.8580538269604,1.0,0.0024488678200343937,7.624727657445433e-06,1108.0625,1057.1640625,291.1011305021443,38.05,51.177756639786764,1024.83075,17729,76,55,(),2,5e+01 a1
yj_m,,False,1789621182806,0.6986367877978463,0.6335665339347203,0.1923882869469695,0.056833417338709676,0.015650598414093782,0.08134901902010158,0.07028878906881063,4356.749999999999,454.8580538269604,1.0,0.0024488678200343937,7.624727657445433e-06,1108.0,1057.1015625,291.1011305021443,38.05,51.177756639786764,1024.83075,17728,76,55,(),2,5e+01 a1
yj_m,,False,1789621182856,0.7023130354451725,0.6365937004498322,0.1923882869469695,0.05713247647849462,0.015650598414093782,0.08134901902010158,0.07028878906881063,4356.749999999999,454.8580538269604,1.0,0.0024488678200343937,7.624727657445433e-06,1113.5625,1062.6640625,291.1011305021443,38.05,51.177756639786764,1024.83075,17817,76,56,(),2,5e+01 a1
yj_m,,False,1789621182906,0.6030130428140232,0.5554121530444089,0.1923882869469695,0.04905451948924731,0.015650598414093782,0.08134901902010158,0.07028878906881063,4356.749999999999,454.8580538269604,1.0,0.0024488678200343937,7.624727657445433e-06,963.3125,912.4140625,291.1011305021443,38.05,51.177756639786764,1024.83075,15413,76,56,(),2,5e+01 a1
yj_m,,False,1789621182956,0.6522086714428498,0.5954696418587792,0.1923882869469695,0.05305653561827957,0.015650598414093782,0.08134901902010158,0.07028878906881063,4356.749999999999,454.8580538269604,1.0,0.0024488678200343937,7.624727657445433e-06,1037.75,986.8515625,291.1011305021443,38.05,51.177756639786764,1024.83075,16604,76,56,(),2,5e+01 a1
yj_m,,False,1789621183006,0.7301120766434935,0.6595299699892528,0.1923882869469695,0.05939390120967742,0.015650598414093782,0.08134901902010158,0.07028878906881063,4356.749999999999,454.8580538269604,1.0,0.0024488678200343937,7.624727657445433e-06,1155.625,1104.7265625,291.1011305021443,38.05,51.177756639786764,1024.83075,18490,76,56,(),2,5e+01 a1
yj_m,,False,1789621183056,0.7348209781243383,0.6634227560785699,0.1923882869469695,0.05977696572580645,0.015650598414093782,0.08134901902010158,0.07028878906881063,4356.749999999999,454.8580538269604,1.0,0.0024488678200343937,7.624727657445433e-06,1162.75,1111.8515625,291.1011305021443,38.05,51.177756639786764,1024.83075,18604,76,56,(),2,5e+01 a1
yj_m,,False,1789621183106,0.6940931109303645,0.6298271235725312,0.1923882869469695,0.0564637936827957,0.015650598414093782,0.08134901902010158,0.07028878906881063,4356.749999999999,454.8580538269604,1.0,0.0024488678200343937,7.624727657445433e-06,1101.125,1050.2265625,291.1011305021443,38.05,51.177756639786764,1024.83075,17618,76,56,(),2,5e+01 a1
yj_m,,False,1789621183156,0.600162918233512,0.5531026476751939,0.1923882869469695,0.04882266465053763,0.015650598414093782,0.08134901902010158,0.07028878906881063,4356.749999999999,454.8580538269604,1.0,0.0024488678200343937,7.624727657445433e-06,959.0,908.1015625,291.1011305021443,38.05,51.177756639786764,1024.83075,15344,76,56,(),2,5e+01 a1
yj_m,,False,1789621183206,0.604995738174379,0.55701953915337,0.1923882869469695,0.04921580981182796,0.015650598414093782,0.08134901902010158,0.07028878906881063,4356.749999999999,454.8580538269604,1.0,0.0024488678200343937,7.624727657445433e-06,966.3125,915.4140625,291.1011305021443,38.05,51.177756639786764,1024.83075,15461,76,56,(),2,5e+01 a1
yj_m,,False,1789621183256,0.6159005626563355,0.565871254084712,0.1923882869469695,0.050102906586021505,0.015650598414093782,0.08134901902010158,0.07028878906881063,4356.749999999999,454.8580538269604,1.0,0.0024488678200343937,7.624727657445433e-06,982.8125,931.9140625,291.1011305021443,38.05,51.177756639786764,1024.83075,15725,76,56,(),2,5e+01 a1
yj_m,,False,1789621183306,0.7020651985251282,0.6363895760704662,0.1923882869469695,0.057112315188172044,0.015650598414093782,0.08134901902010158,0.07028878906881063,4356.749999999999,454.8580538269604,1.0,0.0024488678200343937,7.624727657445433e-06,1113.1875,1062.2890625,291.1011305021443,38.05,51.177756639786764,1024.83075,17811,76,56,(),2,5e+01 a1
yj_m,,False,1789621183356,0.6981824201110981,0.6331924912962954,0.1923882869469695,0.05679645497311828,0.015650598414093782,0.08134901902010158,0.07028878906881063,4356.749999999999,454.8580538269604,1.0,0.0024488678200343937,7.624727657445433e-06,1107.3125,1056.4140625,291.1011305021443,38.05,51.177756639786764,1024.83075,17717,76,56,(),2,5e+01 a1
yj_m,,False,1789621183406,0.7156962291275738,0.6476260236910336,0.1923882869469695,0.05822118615591398,0.015650598414093782,0.08134901902010158,0.07028878906881063,4356.749999999999,454.8580538269604,1.0,0.0024488678200343937,7.624727657445433e-06,1133.8125,1082.9140625,291.1011305021443,38.05,51.177756639786764,1024.83075,18141,76,56,(),2,5e+01 a1
yj_m,,False,1789621183456,0.6563392867769242,0.5988483595140891,0.1923882869469695,0.05339255712365591,0.015650598414093782,0.08134901902010158,0.07028878906881063,4356.749999999999,454.8580538269604,1.0,0.0024488678200343937,7.624727657445433e-06,1044.0,993.1015625,291.1011305021443,38.05,51.177756639786764,1024.83075,16704,76,56,(),2,5e+01 a1
yj_m,,False,1789621183506,0.6129678257691427,0.5634888605008613,0.1923882869469695,0.0498643313172043,0.015650598414093782,0.08134901902010158,0.07028878906881063,4356.749999999999,454.8580538269604,1.0,0.0024488678200343937,7.624727657445433e-06,978.375,927.4765625,291.1011305021443,38.05,51.177756639786764,1024.83075,15654,76,56,(),2,5e+01 a1
yj_m,,False,1789621183556,0.614537459596091,0.5647637802365446,0.1923882869469695,0.049992019489247315,0.015650598414093782,0.08134901902010158,0.07028878906881063,4356.749999999999,454.8580538269604,1.0,0.0024488678200343937,7.624727657445433e-06,980.75,929.8515625,291.1011305021443,38.05,51.177756639786764,1024.83075,15692,76,56,(),2,5e+01 a1
yj_m,,False,1789621183606,0.6190811364635729,0.5684564588032311,0.1923882869469695,0.05036164314516129,0.015650598414093782,0.08134901902010158,0.07028878906881063,4356.749999999999,454.8580538269604,1.0,0.0024488678200343937,7.624727657445433e-06,987.625,936.7265625,291.1011305021443,38.05,51.177756639786764,1024.83075,15802,76,56,(),2,5e+01 a1
yj_m,,False,1789621183656,0.6116460288622388,0.562415538909159,0.1923882869469695,0.04975680443548387,0.015650598414093782,0.08134901902010158,0.07028878906881063,4356.749999999999,454.8580538269604,1.0,0.0024488678200343937,7.624727657445433e-06,976.375,925.4765625,291.1011305021443,38.05,51.177756639786764,1024.83075,15622,76,56,(),2,5e+01 a1
yj_m,,False,1789621183706,0.6168506041831726,0.5666432974634574,0.1923882869469695,0.05018019153225806,0.015650598414093782,0.08134901902010158,0.07028878906881063,4356.749999999999,454.8580538269604,1.0,0.0024488678200343937,7.624727657445433e-06,984.25,933.3515625,291.1011305021443,38.05,51.177756639786764,1024.83075,15748,76,56,(),2,5e+01 a1
yj_m,,False,1789621183756,0.6186267687768247,0.5680870501883498,0.1923882869469695,0.05032468077956989,0.015650598414093782,0.08134901902010158,0.07028878906881063,4356.749999999999,454.8580538269604,1.0,0.0024488678200343937,7.624727657445433e-06,986.9375,936.0390625,291.1011305021443,38.05,51.177756639786764,1024.83075,15791,77,56,(),2,5e+01 a1
yj_m,,False,1789621183806,0.7259401551560785,0.6560828813086801,0.1923882869469695,0.059054519489247316,0.015650598414093782,0.08134901902010158,0.07028878906881063,4356.749999999999,454.8580538269604,1.0,0.0024488678200343937,7.624727657445433e-06,1149.3125,1098.4140625,291.1011305021443,38.05,51.177756639786764,1024.83075,18389,77,56,(),2,5e+01 a1
yj_m,,False,1789621183856,0.715654922974233,0.647591944791163,0.1923882869469695,0.05821782594086022,0.015650598414093782,0.08134901902010158,0.07028878906881063,4356.749999999999,454.8580538269604,1.0,0.0024488678200343937,7.624727657445433e-06,1133.75,1082.8515625,291.1011305021443,38.05,51.177756639786764,1024.83075,18140,77,57,(),2,5e+01 a1
yj_m,,False,1789621183906,0.7114416953334771,0.6441168137979835,0.1923882869469695,0.057875084005376345,0.015650598414093782,0.08134901902010158,0.07028878906881063,4356.749999999999,454.8580538269604,1.0,0.0024488678200343937,7.624727657445433e-06,1127.375,1076.4765625,291.1011305021443,38.05,51.177756639786764,1024.83075,18038,77,57,(),2,5e+01 a1
yj_m,,False,1789621183956,0.6965301739774684,0.6318325259724601,0.1923882869469695,0.05666204637096774,0.015650598414093782,0.08134901902010158,0.07028878906881063,4356.749999999999,454.8580538269604,1.0,0.0024488678200343937,7.624727657445433e-06,1104.8125,1053.9140625,291.1011305021443,38.05,51.177756639786764,1024.83075,17677,77,57,(),2,5e+01 a1
yj_m,,False,1789621184006,0.7127634922403809,0.6452068547684938,0.1923882869469695,0.057982610887096775,0.015650598414093782,0.08134901902010158,0.07028878906881063,4356.749999999999,454.8580538269604,1.0,0.0024488678200343937,7.624727657445433e-06,1129.375,1078.4765625,291.1011305021443,38.05,51.177756639786764,1024.83075,18070,77,57,(),2,5e+01 a1
yj_m,,False,1789621184056,0.6967367047441722,0.6320025053222359,0.1923882869469695,0.05667884744623656,0.015650598414093782,0.08134901902010158,0.07028878906881063,4356.749999999999,454.8580538269604,1.0,0.0024488678200343937,7.624727657445433e-06,1105.125,1054.2265625,291.1011305021443,38.05,51.177756639786764,1024.83075,17682,77,57,(),2,5e+01 a1
yj_m,,False,1789621184106,0.6902516386696753,0.6266674018121471,0.1923882869469695,0.0561512936827957,0.015650598414093782,0.08134901902010158,0.07028878906881063,4356.749999999999,454.8580538269604,1.0,0.0024488678200343937,7.624727657445433e-06,1095.3125,1044.4140625,291.1011305021443,38.05,51.177756639786764,1024.83075,17525,77,57,(),2,5e+01 a1
yj_m,,False,1789621184156,0.7218508459753447,0.6527057044550643,0.1923882869469695,0.058721858198924726,0.015650598414093782,0.08134901902010158,0.07028878906881063,4356.749999999999,454.8580538269604,1.0,0.0024488678200343937,7.624727657445433e-06,1143.125,1092.2265625,291.1011305021443,38.05,51.177756639786764,1024.83075,18290,77,57,(),2,5e+01 a1
yj_m,,False,1789621184206,0.7106155722666623,0.6434356298744394,0.1923882869469695,0.057807879704301075,0.015650598414093782,0.08134901902010158,0.07028878906881063,4356.749999999999,454.8580538269604,1.0,0.0024488678200343937,7.624727657445433e-06,1126.125,1075.2265625,291.1011305021443,38.05,51.177756639786764,1024.83075,18018,77,57,(),2,5e+01 a1
yj_m,,False,1789621184256,0.6840144095152229,0.621540641388954,0.1923882869469695,0.05564390120967742,0.015650598414093782,0.08134901902010158,0.07028878906881063,4356.749999999999,454.8580538269604,1.0,0.0024488678200343937,7.624727657445433e-06,1085.875,1034.9765625,291.1011305021443,38.05,51.177756639786764,1024.83075,17374,77,57,(),2,5e+01 a1
yj_m,,False,1789621184306,0.7111525522600919,0.6438783913859275,0.1923882869469695,0.0578515625,0.015650598414093782,0.08134901902010158,0.07028878906881063,4356.749999999999,454.8580538269604,1.0,0.0024488678200343937,7.624727657445433e-06,1126.9375,1076.0390625,291.1011305021443,38.05,51.177756639786764,1024.83075,18031,77,57,(),2,5e+01 a1
yj_m,,False,1789621184356,0.7087981015196694,0.6419372747564929,0.1923882869469695,0.05766003024193548,0.015650598414093782,0.08134901902010158,0.07028878906881063,4356.749999999999,454.8580538269604,1.0,0.0024488678200343937,7.624727657445433e-06,1123.375,1072.4765625,291.1011305021443,38.05,51.177756639786764,1024.83075,17974,77,57,(),2,5e+01 a1
yj_m,,False,1789621184406,0.6750096680869406,0.6141470206451587,0.1923882869469695,0.05491137432795699,0.015650598414093782,0.08134901902010158,0.07028878906881063,4356.749999999999,454.8580538269604,1.0,0.0024488678200343937,7.624727657445433e-06,1072.25,1021.3515625,291.1011305021443,38.05,51.177756639786764,1024.83075,17156,77,57,(),2,5e+01 a1
yj_m,,False,1789621184456,0.7190007213948333,0.650352895727892,0.1923882869469695,0.05849000336021505,0.015650598414093782,0.08134901902010158,0.07028878906881063,4356.749999999999,454.8580538269604,1.0,0.0024488678200343937,7.624727657445433e-06,1138.8125,1087.9140625,291.1011305021443,38.05,51.177756639786764,1024.83075,18221,77,57,(),2,5e+01 a1
yj_m,,False,1789621184506,0.679470732647741,0.6178087277916592,0.1923882869469695,0.05527427755376344,0.015650598414093782,0.08134901902010158,0.07028878906881063,4356.749999999999,454.8580538269604,1.0,0.0024488678200343937,7.624727657445433e-06,1079.0,1028.1015625,291.1011305021443,38.05,51.177756639786764,1024.83075,17264,77,57,(),2,5e+01 a1
yj_m,,False,1789621184556,0.6826100003016377,0.6203868851224112,0.1923882869469695,0.05552965389784947,0.015650598414093782,0.08134901902010158,0.07028878906881063,4356.749999999999,454.8580538269604,1.0,0.0024488678200343937,7.624727657445433e-06,1083.75,1032.8515625,291.1011305021443,38.05,51.177756639786764,1024.83075,17340,77,57,(),2,5e+01 a1
yj_m,,False,1789621184606,0.7021065046784689,0.6364235963432066,0.1923882869469695,0.057115675403225805,0.015650598414093782,0.08134901902010158,0.07028878906881063,4356.749999999999,454.8580538269604,1.0,0.0024488678200343937,7.624727657445433e-06,1113.25,1062.3515625,291.1011305021443,38.05,51.177756639786764,1024.83075,17812,77,57,(),2,5e+01 a1
yj_m,,False,1789621184656,0.7254444813159894,0.6556734388866546,0.1923882869469695,0.05901419690860215,0.015650598414093782,0.08134901902010158,0.07028878906881063,4356.749999999999,454.8580538269604,1.0,0.0024488678200343937,7.624727657445433e-06,1148.5625,1097.6640625,291.1011305021443,38.05,51.177756639786764,1024.83075,18377,77,57,(),2,5e+01 a1
yj_m,,False,1789621184706,0.7220986828953891,0.652910334793445,0.1923882869469695,0.058742019489247316,0.015650598414093782,0.08134901902010158,0.07028878906881063,4356.749999999999,454.8580538269604,1.0,0.0024488678200343937,7.624727657445433e-06,1143.5,1092.6015625,291.1011305021443,38.05,51.177756639786764,1024.83075,18296,77,57,(),2,5e+01 a1
yj_m,,False,1789621184756,0.7271793397563007,0.6571065924419641,0.1923882869469695,0.05915532594086022,0.015650598414093782,0.08134901902010158,0.07028878906881063,4356.749999999999,454.8580538269604,1.0,0.0024488678200343937,7.624727657445433e-06,1151.1875,1100.2890625,291.1011305021443,38.05,51.177756639786764,1024.83075,18419,78,57,(),2,5e+01 a1
yj_m,,False,1789621184806,0.6857492679555341,0.6229661829679156,0.1923882869469695,0.055785030241935485,0.015650598414093782,0.08134901902010158,0.07028878906881063,4356.749999999999,454.8580538269604,1.0,0.0024488678200343937,7.624727657445433e-06,1088.5,1037.6015625,291.1011305021443,38.05,51.177756639786764,1024.83075,17416,78,57,(),2,5e+01 a1
yj_m,,False,1789621184856,0.7161505968143219,0.6480009030393833,0.1923882869469695,0.058258148521505376,0.015650598414093782,0.08134901902010158,0.07028878906881063,4356.749999999999,454.8580538269604,1.0,0.0024488678200343937,7.624727657445433e-06,1134.5,1083.6015625,291.1011305021443,38.05,51.177756639786764,1024.83075,18152,78,58,(),2,5e+01 a1
yj_m,,False,1789621184906,0.7222226013554113,0.6530126522497893,0.1923882869469695,0.0587521001344086,0.015650598414093782,0.08134901902010158,0.07028878906881063,4356.749999999999,454.8580538269604,1.0,0.0024488678200343937,7.624727657445433e-06,1143.6875,1092.7890625,291.1011305021443,38.05,51.177756639786764,1024.83075,18299,78,58,(),2,5e+01 a1
yj_m,,False,1789621184956,0.7110699399534104,0.6438102722859388,0.1923882869469695,0.05784484206989247,0.015650598414093782,0.08134901902010158,0.07028878906881063,4356.749999999999,454.8580538269604,1.0,0.0024488678200343937,7.624727657445433e-06,1126.8125,1075.9140625,291.1011305021443,38.05,51.177756639786764,1024.83075,18029,78,58,(),2,5e+01 a1
yj_m,,False,1789621185006,0.7044196492655506,0.6383290226704862,0.1923882869469695,0.05730384744623656,0.015650598414093782,0.08134901902010158,0.07028878906881063,4356.749999999999,454.8580538269604,1.0,0.0024488678200343937,7.624727657445433e-06,1116.75,1065.8515625,291.1011305021443,38.05,51.177756639786764,1024.83075,17868,78,58,(),2,5e+01 a1
yj_m,,False,1789621185056,0.7050392415656618,0.6388395014591566,0.1923882869469695,0.057354250672043014,0.015650598414093782,0.08134901902010158,0.07028878906881063,4356.749999999999,454.8580538269604,1.0,0.0024488678200343937,7.624727657445433e-06,1117.6875,1066.7890625,291.1011305021443,38.05,51.177756639786764,1024.83075,17883,78,58,(),2,5e+01 a1
yj_m,,False,1789621185106,0.7215617029019595,0.6524669767752912,0.1923882869469695,0.05869833669354839,0.015650598414093782,0.08134901902010158,0.07028878906881063,4356.749999999999,454.8580538269604,1.0,0.0024488678200343937,7.624727657445433e-06,1142.6875,1091.7890625,291.1011305021443,38.05,51.177756639786764,1024.83075,18283,78,58,(),2,5e+01 a1
yj_m,,False,1789621185156,0.7255270936226709,0.6557416776189456,0.1923882869469695,0.05902091733870968,0.015650598414093782,0.08134901902010158,0.07028878906881063,4356.749999999999,454.8580538269604,1.0,0.0024488678200343937,7.624727657445433e-06,1148.6875,1097.7890625,291.1011305021443,38.05,51.177756639786764,1024.83075,18379,78,58,(),2,5e+01 a1
yj_m,,False,1789621185206,0.7289555043499526,0.6585741723582309,0.1923882869469695,0.05929981518817204,0.015650598414093782,0.08134901902010158,0.07028878906881063,4356.749999999999,454.8580538269604,1.0,0.0024488678200343937,7.624727657445433e-06,1153.875,1102.9765625,291.1011305021443,38.05,51.177756639786764,1024.83075,18462,78,58,(),2,5e+01 a1
yj_m,,False,1789621185256,0.6598090036575468,0.6016881804881099,0.1923882869469695,0.05367481518817205,0.015650598414093782,0.08134901902010158,0.07028878906881063,4356.749999999999,454.8580538269604,1.0,0.0024488678200343937,7.624727657445433e-06,1049.25,998.3515625,291.1011305021443,38.05,51.177756639786764,1024.83075,16788,78,58,(),2,5e+01 a1
yj_m,,False,1789621185306,0.6398581315939672,0.5853807488986873,0.1923882869469695,0.0520518313172043,0.015650598414093782,0.08134901902010158,0.07028878906881063,4356.749999999999,454.8580538269604,1.0,0.0024488678200343937,7.624727657445433e-06,1019.0625,968.1640625,291.1011305021443,38.05,51.177756639786764,1024.83075,16305,78,58,(),2,5e+01 a1
yj_m,,False,1789621185356,0.6230052210309436,0.5716480918500013,0.1923882869469695,0.05068086357526882,0.015650598414093782,0.08134901902010158,0.07028878906881063,4356.749999999999,454.8580538269604,1.0,0.0024488678200343937,7.624727657445433e-06,993.5625,942.6640625,291.1011305021443,38.05,51.177756639786764,1024.83075,15897,78,58,(),2,5e+01 a1
yj_m,,False,1789621185406,0.6182550133967579,0.5677848299181741,0.1923882869469695,0.05029443884408602,0.015650598414093782,0.08134901902010158,0.07028878906881063,4356.749999999999,454.8580538269604,1.0,0.0024488678200343937,7.624727657445433e-06,986.375,935.4765625,291.1011305021443,38.05,51.177756639786764,1024.83075,15782,78,58,(),2,5e+01 a1
yj_m,,False,1789621185456,0.6570001852303762,0.5993891590386939,0.1923882869469695,0.053446320564516134,0.015650598414093782,0.08134901902010158,0.07028878906881063,4356.749999999999,454.8580538269604,1.0,0.0024488678200343937,7.624727657445433e-06,1045.0,994.1015625,291.1011305021443,38.05,51.177756639786764,1024.83075,16720,78,58,(),2,5e+01 a1
yj_m,,False,1789621185506,0.714209207607307,0.6463992928597765,0.1923882869469695,0.05810021841397849,0.015650598414093782,0.08134901902010158,0.07028878906881063,4356.749999999999,454.8580538269604,1.0,0.0024488678200343937,7.624727657445433e-06,1131.5625,1080.6640625,291.1011305021443,38.05,51.177756639786764,1024.83075,18105,78,58,(),2,5e+01 a1
yj_m,,False,1789621185556,0.7263945228428266,0.6564582246487473,0.1923882869469695,0.05909148185483871,0.015650598414093782,0.08134901902010158,0.07028878906881063,4356.749999999999,454.8580538269604,1.0,0.0024488678200343937,7.624727657445433e-06,1150.0,1099.1015625,291.1011305021443,38.05,51.177756639786764,1024.83075,18400,78,58,(),2,5e+01 a1
yj_m,,False,1789621185606,0.7259814613094191,0.656117002596291,0.1923882869469695,0.059057879704301076,0.015650598414093782,0.08134901902010158,0.07028878906881063,4356.749999999999,454.8580538269604,1.0,0.0024488678200343937,7.624727657445433e-06,1149.375,1098.4765625,291.1011305021443,38.05,51.177756639786764,1024.83075,18390,78,58,(),2,5e+01 a1
yj_m,,False,1789621185656,0.7257749305427155,0.6559463978279653,0.1923882869469695,0.05904107862903226,0.015650598414093782,0.08134901902010158,0.07028878906881063,4356.749999999999,454.8580538269604,1.0,0.0024488678200343937,7.624727657445433e-06,1149.0625,1098.1640625,291.1011305021443,38.05,51.177756639786764,1024.83075,18385,78,58,(),2,5e+01 a1
yj_m,,False,1789621185706,0.6411799285008711,0.5864595113758292,0.1923882869469695,0.052159358198924734,0.015650598414093782,0.08134901902010158,0.07028878906881063,4356.749999999999,454.8580538269604,1.0,0.0024488678200343937,7.624727657445433e-06,1021.0625,970.1640625,291.1011305021443,38.05,51.177756639786764,1024.83075,16337,78,58,(),2,5e+01 a1
yj_m,,False,1789621185756,0.6884754740760233,0.6252070138545945,0.1923882869469695,0.05600680443548387,0.015650598414093782,0.08134901902010158,0.07028878906881063,4356.749999999999,454.8580538269604,1.0,0.0024488678200343937,7.624727657445433e-06,1092.625,1041.7265625,291.1011305021443,38.05,51.177756639786764,1024.83075,17482,79,58,(),2,5e+01 a1
yj_m,,False,1789621185806,0.7192485583148778,0.6505574555237202,0.1923882869469695,0.058510164650537634,0.015650598414093782,0.08134901902010158,0.07028878906881063,4356.749999999999,454.8580538269604,1.0,0.0024488678200343937,7.624727657445433e-06,1139.1875,1088.2890625,291.1011305021443,38.05,51.177756639786764,1024.83075,18227,79,58,(),2,5e+01 a1
yj_m,,False,1789621185856,0.6712921142862737,0.6110974097643336,0.1923882869469695,0.05460895497311828,0.015650598414093782,0.08134901902010158,0.07028878906881063,4356.749999999999,454.8580538269604,1.0,0.0024488678200343937,7.624727657445433e-06,1066.625,1015.7265625,291.1011305021443,38.05,51.177756639786764,1024.83075,17066,79,59,(),2,5e+01 a1
yj_m,,False,1789621185906,0.720033375228352,0.651205268851589,0.1923882869469695,0.058574008736559144,0.015650598414093782,0.08134901902010158,0.07028878906881063,4356.749999999999,454.8580538269604,1.0,0.0024488678200343937,7.624727657445433e-06,1140.375,1089.4765625,291.1011305021443,38.05,51.177756639786764,1024.83075,18246,79,59,(),2,5e+01 a1
yj_m,,False,1789621185956,0.6584459005973022,0.6005723531950147,0.1923882869469695,0.05356392809139785,0.015650598414093782,0.08134901902010158,0.07028878906881063,4356.749999999999,454.8580538269604,1.0,0.0024488678200343937,7.624727657445433e-06,1047.1875,996.2890625,291.1011305021443,38.05,51.177756639786764,1024.83075,16755,79,59,(),2,5e+01 a1
yj_m,,False,1789621186006,0.712598267627018,0.6450705897986493,0.1923882869469695,0.05796917002688172,0.015650598414093782,0.08134901902010158,0.07028878906881063,4356.749999999999,454.8580538269604,1.0,0.0024488678200343937,7.624727657445433e-06,1129.125,1078.2265625,291.1011305021443,38.05,51.177756639786764,1024.83075,18066,79,59,(),2,5e+01 a1
yj_m,,False,1789621186056,0.686905840249075,0.6239167352786437,0.1923882869469695,0.05587911626344086,0.015650598414093782,0.08134901902010158,0.07028878906881063,4356.749999999999,454.8580538269604,1.0,0.0024488678200343937,7.624727657445433e-06,1090.25,1039.3515625,291.1011305021443,38.05,51.177756639786764,1024.83075,17444,79,59,(),2,5e+01 a1
yj_m,,False,1789621186106,0.6743487696334887,0.6136047463990983,0.1923882869469695,0.05485761088709677,0.015650598414093782,0.08134901902010158,0.07028878906881063,4356.749999999999,454.8580538269604,1.0,0.0024488678200343937,7.624727657445433e-06,1071.25,1020.3515625,291.1011305021443,38.05,51.177756639786764,1024.83075,17140,79,59,(),2,5e+01 a1
yj_m,,False,1789621186156,0.6712508081329329,0.6110635345529783,0.1923882869469695,0.05460559475806452,0.015650598414093782,0.08134901902010158,0.07028878906881063,4356.749999999999,454.8580538269604,1.0,0.0024488678200343937,7.624727657445433e-06,1066.5625,1015.6640625,291.1011305021443,38.05,51.177756639786764,1024.83075,17065,79,59,(),2,5e+01 a1
yj_m,,False,1789621186206,0.7019825862184467,0.6363215360738051,0.1923882869469695,0.057105594758064517,0.015650598414093782,0.08134901902010158,0.07028878906881063,4356.749999999999,454.8580538269604,1.0,0.0024488678200343937,7.624727657445433e-06,1113.0625,1062.1640625,291.1011305021443,38.05,51.177756639786764,1024.83075,17809,79,59,(),2,5e+01 a1
yj_m,,False,1789621186256,0.6821969387682302,0.6200475884270399,0.1923882869469695,0.05549605174731183,0.015650598414093782,0.08134901902010158,0.07028878906881063,4356.749999999999,454.8580538269604,1.0,0.0024488678200343937,7.624727657445433e-06,1083.125,1032.2265625,291.1011305021443,38.05,51.177756639786764,1024.83075,17330,79,59,(),2,5e+01 a1
yj_m,,False,1789621186306,0.7112764707201141,0.6439805713604994,0.1923882869469695,0.05786164314516129,0.015650598414093782,0.08134901902010158,0.07028878906881063,4356.749999999999,454.8580538269604,1.0,0.0024488678200343937,7.624727657445433e-06,1127.125,1076.2265625,291.1011305021443,38.05,51.177756639786764,1024.83075,18034,79,59,(),2,5e+01 a1
yj_m,,False,1789621186356,0.673977014253422,0.6132997400851744,0.1923882869469695,0.0548273689516129,0.015650598414093782,0.08134901902010158,0.07028878906881063,4356.749999999999,454.8580538269604,1.0,0.0024488678200343937,7.624727657445433e-06,1070.6875,1019.7890625,291.1011305021443,38.05,51.177756639786764,1024.83075,17131,79,59,(),2,5e+01 a1
yj_m,,False,1789621186406,0.6956214386039721,0.631084672398572,0.1923882869469695,0.05658812163978495,0.015650598414093782,0.08134901902010158,0.07028878906881063,4356.749999999999,454.8580538269604,1.0,0.0024488678200343937,7.624727657445433e-06,1103.4375,1052.5390625,291.1011305021443,38.05,51.177756639786764,1024.83075,17655,79,59,(),2,5e+01 a1
yj_m,,False,1789621186456,0.7238748474890411,0.6543770303291374,0.1923882869469695,0.05888650873655914,0.015650598414093782,0.08134901902010158,0.07028878906881063,4356.749999999999,454.8580538269604,1.0,0.0024488678200343937,7.624727657445433e-06,1146.1875,1095.2890625,291.1011305021443,38.05,51.177756639786764,1024.83075,18339,79,59,(),2,5e+01 a1
yj_m,,False,1789621186506,0.7128461045470624,0.6452749883067219,0.1923882869469695,0.0579893313172043,0.015650598414093782,0.08134901902010158,0.07028878906881063,4356.749999999999,454.8580538269604,1.0,0.0024488678200343937,7.624727657445433e-06,1129.5,1078.6015625,291.1011305021443,38.05,51.177756639786764,1024.83075,18072,79,59,(),2,5e+01 a1
yj_m,,False,1789621186556,0.7198268444616481,0.6510347856771062,0.1923882869469695,0.05855720766129032,0.015650598414093782,0.08134901902010158,0.07028878906881063,4356.749999999999,454.8580538269604,1.0,0.0024488678200343937,7.624727657445433e-06,1140.0625,1089.1640625,291.1011305021443,38.05,51.177756639786764,1024.83075,18241,79,59,(),2,5e+01 a1
yj_m,,False,1789621186606,0.7368036734846941,0.6650624538377268,0.1923882869469695,0.059938256048387095,0.015650598414093782,0.08134901902010158,0.07028878906881063,4356.749999999999,454.8580538269604,1.0,0.0024488678200343937,7.624727657445433e-06,1165.75,1114.8515625,291.1011305021443,38.05,51.177756639786764,1024.83075,18652,79,59,(),2,5e+01 a1
yj_m,,False,1789621186656,0.7330448135306864,0.6619541759994407,0.1923882869469695,0.05963247647849462,0.015650598414093782,0.08134901902010158,0.07028878906881063,4356.749999999999,454.8580538269604,1.0,0.0024488678200343937,7.624727657445433e-06,1160.0625,1109.1640625,291.1011305021443,38.05,51.177756639786764,1024.83075,18561,79,59,(),2,5e+01 a1
yj_m,,False,1789621186706,0.6828165310683414,0.6205565408766566,0.1923882869469695,0.05554645497311828,0.015650598414093782,0.08134901902010158,0.07028878906881063,4356.749999999999,454.8580538269604,1.0,0.0024488678200343937,7.624727657445433e-06,1084.0625,1033.1640625,291.1011305021443,38.05,51.177756639786764,1024.83075,17345,79,59,(),2,5e+01 a1
yj_m,,False,1789621186756,0.7216030090553002,0.6525010802205438,0.1923882869469695,0.05870169690860215,0.015650598414093782,0.08134901902010158,0.07028878906881063,4356.749999999999,454.8580538269604,1.0,0.0024488678200343937,7.624727657445433e-06,1142.75,1091.8515625,291.1011305021443,38.05,51.177756639786764,1024.83075,18284,80,59,(),2,5e+01 a1
yj_m,,False,1789621186806,0.6987194001045278,0.6336345440983475,0.1923882869469695,0.0568401377688172,0.015650598414093782,0.08134901902010158,0.07028878906881063,4356.749999999999,454.8580538269604,1.0,0.0024488678200343937,7.624727657445433e-06,1108.125,1057.2265625,291.1011305021443,38.05,51.177756639786764,1024.83075,17730,80,60,(),2,5e+01 a1
yj_m,,False,1789621186856,0.661543862097858,0.6031086650395736,0.1923882869469695,0.05381594422043011,0.015650598414093782,0.08134901902010158,0.07028878906881063,4356.749999999999,454.8580538269604,1.0,0.0024488678200343937,7.624727657445433e-06,1051.875,1000.9765625,291.1011305021443,38.05,51.177756639786764,1024.83075,16830,80,60,(),2,5e+01 a1
yj_m,,False,1789621186906,0.7060305892458396,0.6396563521106468,0.1923882869469695,0.05743489583333333,0.015650598414093782,0.08134901902010158,0.07028878906881063,4356.749999999999,454.8580538269604,1.0,0.0024488678200343937,7.624727657445433e-06,1119.1875,1068.2890625,291.1011305021443,38.05,51.177756639786764,1024.83075,17907,80,60,(),2,5e+01 a1
yj_m,,False,1789621186956,0.7064023446259063,0.6399626978773728,0.1923882869469695,0.05746513776881721,0.015650598414093782,0.08134901902010158,0.07028878906881063,4356.749999999999,454.8580538269604,1.0,0.0024488678200343937,7.624727657445433e-06,1119.75,1068.8515625,291.1011305021443,38.05,51.177756639786764,1024.83075,17916,80,60,(),2,5e+01 a1
yj_m,,False,1789621187006,0.6833948172151116,0.6210316032155203,0.1923882869469695,0.05559349798387096,0.015650598414093782,0.08134901902010158,0.07028878906881063,4356.749999999999,454.8580538269604,1.0,0.0024488678200343937,7.624727657445433e-06,1084.9375,1034.0390625,291.1011305021443,38.05,51.177756639786764,1024.83075,17359,80,60,(),2,5e+01 a1
yj_m,,False,1789621187056,0.6009064289936453,0.5537050001131588,0.1923882869469695,0.048883148521505375,0.015650598414093782,0.08134901902010158,0.07028878906881063,4356.749999999999,454.8580538269604,1.0,0.0024488678200343937,7.624727657445433e-06,960.125,909.2265625,291.1011305021443,38.05,51.177756639786764,1024.83075,15362,80,60,(),2,5e+01 a1
yj_m,,False,1789621187106,0.6319686563058852,0.578946937198586,0.1923882869469695,0.05141003024193549,0.015650598414093782,0.08134901902010158,0.07028878906881063,4356.749999999999,454.8580538269604,1.0,0.0024488678200343937,7.624727657445433e-06,1007.125,956.2265625,291.1011305021443,38.05,51.177756639786764,1024.83075,16114,80,60,(),2,5e+01 a1
yj_m,,False,1789621187156,0.6986367877978463,0.6335665339347203,0.1923882869469695,0.056833417338709676,0.015650598414093782,0.08134901902010158,0.07028878906881063,4356.749999999999,454.8580538269604,1.0,0.0024488678200343937,7.624727657445433e-06,1108.0,1057.1015625,291.1011305021443,38.05,51.177756639786764,1024.83075,17728,80,60,(),2,5e+01 a1
yj_m,,False,1789621187206,0.6591067990507541,0.6011133308485356,0.1923882869469695,0.053617691532258066,0.015650598414093782,0.08134901902010158,0.07028878906881063,4356.749999999999,454.8580538269604,1.0,0.0024488678200343937,7.624727657445433e-06,1048.1875,997.2890625,291.1011305021443,38.05,51.177756639786764,1024.83075,16771,80,60,(),2,5e+01 a1
yj_m,,False,1789621187256,0.6862036356422823,0.6233395960379285,0.1923882869469695,0.05582199260752688,0.015650598414093782,0.08134901902010158,0.07028878906881063,4356.749999999999,454.8580538269604,1.0,0.0024488678200343937,7.624727657445433e-06,1089.1875,1038.2890625,291.1011305021443,38.05,51.177756639786764,1024.83075,17427,80,60,(),2,5e+01 a1
yj_m,,False,1789621187306,0.7129287168537439,0.6453431225468572,0.1923882869469695,0.05799605174731183,0.015650598414093782,0.08134901902010158,0.07028878906881063,4356.749999999999,454.8580538269604,1.0,0.0024488678200343937,7.624727657445433e-06,1129.625,1078.7265625,291.1011305021443,38.05,51.177756639786764,1024.83075,18074,80,60,(),2,5e+01 a1
yj_m,,False,1789621187356,0.69772805242435,0.632818471129393,0.1923882869469695,0.056759492607526885,0.015650598414093782,0.08134901902010158,0.07028878906881063,4356.749999999999,454.8580538269604,1.0,0.0024488678200343937,7.624727657445433e-06,1106.625,1055.7265625,291.1011305021443,38.05,51.177756639786764,1024.83075,17706,80,60,(),2,5e+01 a1
yj_m,,False,1789621187406,0.7121852060936106,0.6447299396729935,0.1923882869469695,0.05793556787634409,0.015650598414093782,0.08134901902010158,0.07028878906881063,4356.749999999999,454.8580538269604,1.0,0.0024488678200343937,7.624727657445433e-06,1128.5,1077.6015625,291.1011305021443,38.05,51.177756639786764,1024.83075,18056,80,60,(),2,5e+01 a1
yj_m,,False,1789621187456,0.7204464367617593,0.6515462480016806,0.1923882869469695,0.058607610887096775,0.015650598414093782,0.08134901902010158,0.07028878906881063,4356.749999999999,454.8580538269604,1.0,0.0024488678200343937,7.624727657445433e-06,1141.0,1090.1015625,291.1011305021443,38.05,51.177756639786764,1024.83075,18256,80,60,(),2,5e+01 a1
yj_m,,False,1789621187506,0.7243705213291302,0.6547863963255606,0.1923882869469695,0.0589268313172043,0.015650598414093782,0.08134901902010158,0.07028878906881063,4356.749999999999,454.8580538269604,1.0,0.0024488678200343937,7.624727657445433e-06,1146.9375,1096.0390625,291.1011305021443,38.05,51.177756639786764,1024.83075,18351,80,60,(),2,5e+01 a1
yj_m,,False,1789621187556,0.7140852891472848,0.6462970754846967,0.1923882869469695,0.058090137768817204,0.015650598414093782,0.08134901902010158,0.07028878906881063,4356.749999999999,454.8580538269604,1.0,0.0024488678200343937,7.624727657445433e-06,1131.375,1080.4765625,291.1011305021443,38.05,51.177756639786764,1024.83075,18102,80,60,(),2,5e+01 a1
yj_m,,False,1789621187606,0.6780663234341557,0.616655714641375,0.1923882869469695,0.055160030241935484,0.015650598414093782,0.08134901902010158,0.07028878906881063,4356.749999999999,454.8580538269604,1.0,0.0024488678200343937,7.624727657445433e-06,1076.875,1025.9765625,291.1011305021443,38.05,51.177756639786764,1024.83075,17230,80,60,(),2,5e+01 a1
yj_m,,False,1789621187656,0.6695159496926216,0.6096409626887656,0.1923882869469695,0.05446446572580645,0.015650598414093782,0.08134901902010158,0.07028878906881063,4356.749999999999,454.8580538269604,1.0,0.0024488678200343937,7.624727657445433e-06,1063.9375,1013.0390625,291.1011305021443,38.05,51.177756639786764,1024.83075,17023,80,60,(),2,5e+01 a1
yj_m,,False,1789621187706,0.6724899927331552,0.6120798806238295,0.1923882869469695,0.05470640120967742,0.015650598414093782,0.08134901902010158,0.07028878906881063,4356.749999999999,454.8580538269604,1.0,0.0024488678200343937,7.624727657445433e-06,1068.4375,1017.5390625,291.1011305021443,38.05,51.177756639786764,1024.83075,17095,80,60,(),2,5e+01 a1
yj_m,,False,1789621187756,0.7000825031647724,0.6347568186465458,0.1923882869469695,0.05695102486559139,0.015650598414093782,0.08134901902010158,0.07028878906881063,4356.749999999999,454.8580538269604,1.0,0.0024488678200343937,7.624727657445433e-06,1110.1875,1059.2890625,291.1011305021443,38.05,51.177756639786764,1024.83075,17763,81,60,(),2,5e+01 a1
yj_m,,False,1789621187806,0.6965714801308092,0.6318665214687023,0.1923882869469695,0.056665406586021504,0.015650598414093782,0.08134901902010158,0.07028878906881063,4356.749999999999,454.8580538269604,1.0,0.0024488678200343937,7.624727657445433e-06,1104.875,1053.9765625,291.1011305021443,38.05,51.177756639786764,1024.83075,17678,81,60,(),2,5e+01 a1
yj_m,,False,1789621187856,0.7116895322535215,0.6443211827464028,0.1923882869469695,0.05789524529569892,0.015650598414093782,0.08134901902010158,0.07028878906881063,4356.749999999999,454.8580538269604,1.0,0.0024488678200343937,7.624727657445433e-06,1127.75,1076.8515625,291.1011305021443,38.05,51.177756639786764,1024.83075,18044,81,61,(),2,5e+01 a1
yj_m,,False,1789621187906,0.7089220199796917,0.6420394243989446,0.1923882869469695,0.057670110887096775,0.015650598414093782,0.08134901902010158,0.07028878906881063,4356.749999999999,454.8580538269604,1.0,0.0024488678200343937,7.624727657445433e-06,1123.5625,1072.6640625,291.1011305021443,38.05,51.177756639786764,1024.83075,17977,81,61,(),2,5e+01 a1
yj_m,,False,1789621187956,0.6957040509106536,0.6311526553403098,0.1923882869469695,0.05659484206989247,0.015650598414093782,0.08134901902010158,0.07028878906881063,4356.749999999999,454.8580538269604,1.0,0.0024488678200343937,7.624727657445433e-06,1103.5625,1052.6640625,291.1011305021443,38.05,51.177756639786764,1024.83075,17657,81,61,(),2,5e+01 a1
yj_m,,False,1789621188006,0.7128047983937217,0.6452409214498556,0.1923882869469695,0.057985971102150535,0.015650598414093782,0.08134901902010158,0.07028878906881063,4356.749999999999,454.8580538269604,1.0,0.0024488678200343937,7.624727657445433e-06,1129.4375,1078.5390625,291.1011305021443,38.05,51.177756639786764,1024.83075,18071,81,61,(),2,5e+01 a1
yj_m,,False,1789621188056,0.723585704415656,0.6541382446839897,0.1923882869469695,0.058862987231182794,0.015650598414093782,0.08134901902010158,0.07028878906881063,4356.749999999999,454.8580538269604,1.0,0.0024488678200343937,7.624727657445433e-06,1145.75,1094.8515625,291.1011305021443,38.05,51.177756639786764,1024.83075,18332,81,61,(),2,5e+01 a1
yj_m,,False,1789621188106,0.6776119557474075,0.6162827306746854,0.1923882869469695,0.055123067876344085,0.015650598414093782,0.08134901902010158,0.07028878906881063,4356.749999999999,454.8580538269604,1.0,0.0024488678200343937,7.624727657445433e-06,1076.1875,1025.2890625,291.1011305021443,38.05,51.177756639786764,1024.83075,17219,81,61,(),2,5e+01 a1
yj_m,,False,1789621188156,0.6745139942468517,0.6137403100682379,0.1923882869469695,0.05487105174731183,0.015650598414093782,0.08134901902010158,0.07028878906881063,4356.749999999999,454.8580538269604,1.0,0.0024488678200343937,7.624727657445433e-06,1071.5,1020.6015625,291.1011305021443,38.05,51.177756639786764,1024.83075,17144,81,61,(),2,5e+01 a1
yj_m,,False,1789621188206,0.64555838075499,0.5900346144590158,0.1923882869469695,0.052515540994623654,0.015650598414093782,0.08134901902010158,0.07028878906881063,4356.749999999999,454.8580538269604,1.0,0.0024488678200343937,7.624727657445433e-06,1027.6875,976.7890625,291.1011305021443,38.05,51.177756639786764,1024.83075,16443,81,61,(),2,5e+01 a1
yj_m,,False,1789621188256,0.639734213133945,0.5852796272354059,0.1923882869469695,0.05204175067204301,0.015650598414093782,0.08134901902010158,0.07028878906881063,4356.749999999999,454.8580538269604,1.0,0.0024488678200343937,7.624727657445433e-06,1018.875,967.9765625,291.1011305021443,38.05,51.177756639786764,1024.83075,16302,81,61,(),2,5e+01 a1
yj_m,,False,1789621188306,0.6726552173465182,0.6122154074344507,0.1923882869469695,0.05471984206989248,0.015650598414093782,0.08134901902010158,0.07028878906881063,4356.749999999999,454.8580538269604,1.0,0.0024488678200343937,7.624727657445433e-06,1068.6875,1017.7890625,291.1011305021443,38.05,51.177756639786764,1024.83075,17099,81,61,(),2,5e+01 a1
yj_m,,False,1789621188356,0.7193724767749,0.6506597377336958,0.1923882869469695,0.05852024529569892,0.015650598414093782,0.08134901902010158,0.07028878906881063,4356.749999999999,454.8580538269604,1.0,0.0024488678200343937,7.624727657445433e-06,1139.375,1088.4765625,291.1011305021443,38.05,51.177756639786764,1024.83075,18230,81,61,(),2,5e+01 a1
yj_m,,False,1789621188406,0.6971497662775795,0.6323424780254739,0.1923882869469695,0.05671244959677419,0.015650598414093782,0.08134901902010158,0.07028878906881063,4356.749999999999,454.8580538269604,1.0,0.0024488678200343937,7.624727657445433e-06,1105.75,1054.8515625,291.1011305021443,38.05,51.177756639786764,1024.83075,17692,81,61,(),2,5e+01 a1
yj_m,,False,1789621188456,0.7275510951363673,0.6574137349762513,0.1923882869469695,0.05918556787634408,0.015650598414093782,0.08134901902010158,0.07028878906881063,4356.749999999999,454.8580538269604,1.0,0.0024488678200343937,7.624727657445433e-06,1151.75,1100.8515625,291.1011305021443,38.05,51.177756639786764,1024.83075,18428,81,61,(),2,5e+01 a1
yj_m,,False,1789621188506,0.6704659912194588,0.6104199448363057,0.1923882869469695,0.05454175067204301,0.015650598414093782,0.08134901902010158,0.07028878906881063,4356.749999999999,454.8580538269604,1.0,0.0024488678200343937,7.624727657445433e-06,1065.375,1014.4765625,291.1011305021443,38.05,51.177756639786764,1024.83075,17046,81,61,(),2,5e+01 a1
yj_m,,False,1789621188556,0.6429973992478638,0.5879432003338965,0.1923882869469695,0.05230720766129032,0.015650598414093782,0.08134901902010158,0.07028878906881063,4356.749999999999,454.8580538269604,1.0,0.0024488678200343937,7.624727657445433e-06,1023.8125,972.9140625,291.1011305021443,38.05,51.177756639786764,1024.83075,16381,81,61,(),2,5e+01 a1
yj_m,,False,1789621188606,0.6472932391953012,0.5914518807175305,0.1923882869469695,0.05265667002688172,0.015650598414093782,0.08134901902010158,0.07028878906881063,4356.749999999999,454.8580538269604,1.0,0.0024488678200343937,7.624727657445433e-06,1030.3125,979.4140625,291.1011305021443,38.05,51.177756639786764,1024.83075,16485,81,61,(),2,5e+01 a1
yj_m,,False,1789621188656,0.6905407817430605,0.6269051729781455,0.1923882869469695,0.05617481518817204,0.015650598414093782,0.08134901902010158,0.07028878906881063,4356.749999999999,454.8580538269604,1.0,0.0024488678200343937,7.624727657445433e-06,1095.75,1044.8515625,291.1011305021443,38.05,51.177756639786764,1024.83075,17532,81,61,(),2,5e+01 a1
yj_m,,False,1789621188706,0.7294511781900417,0.658983784101483,0.1923882869469695,0.059340137768817205,0.015650598414093782,0.08134901902010158,0.07028878906881063,4356.749999999999,454.8580538269604,1.0,0.0024488678200343937,7.624727657445433e-06,1154.625,1103.7265625,291.1011305021443,38.05,51.177756639786764,1024.83075,18474,81,61,(),2,5e+01 a1
yj_m,,False,1789621188756,0.6983063385711205,0.6332945006980513,0.1923882869469695,0.05680653561827957,0.015650598414093782,0.08134901902010158,0.07028878906881063,4356.749999999999,454.8580538269604,1.0,0.0024488678200343937,7.624727657445433e-06,1107.5,1056.6015625,291.1011305021443,38.05,51.177756639786764,1024.83075,17720,82,61,(),2,5e+01 a1
yj_m,,False,1789621188806,0.7135483091538551,0.6458541516987436,0.1923882869469695,0.058046454973118285,0.015650598414093782,0.08134901902010158,0.07028878906881063,4356.749999999999,454.8580538269604,1.0,0.0024488678200343937,7.624727657445433e-06,1130.5625,1079.6640625,291.1011305021443,38.05,51.177756639786764,1024.83075,18089,82,61,(),2,5e+01 a1
yj_m,,False,1789621188856,0.7137961460738995,0.6460585743900633,0.1923882869469695,0.05806661626344086,0.015650598414093782,0.08134901902010158,0.07028878906881063,4356.749999999999,454.8580538269604,1.0,0.0024488678200343937,7.624727657445433e-06,1130.9375,1080.0390625,291.1011305021443,38.05,51.177756639786764,1024.83075,18095,82,62,(),2,5e+01 a1
yj_m,,False,1789621188906,0.7189594152414925,0.6503188030283248,0.1923882869469695,0.05848664314516129,0.015650598414093782,0.08134901902010158,0.07028878906881063,4356.749999999999,454.8580538269604,1.0,0.0024488678200343937,7.624727657445433e-06,1138.75,1087.8515625,291.1011305021443,38.05,51.177756639786764,1024.83075,18220,82,62,(),2,5e+01 a1
yj_m,,False,1789621188956,0.7031804646653282,0.6373081875469307,0.1923882869469695,0.05720304099462366,0.015650598414093782,0.08134901902010158,0.07028878906881063,4356.749999999999,454.8580538269604,1.0,0.0024488678200343937,7.624727657445433e-06,1114.875,1063.9765625,291.1011305021443,38.05,51.177756639786764,1024.83075,17838,82,62,(),2,5e+01 a1
yj_m,,False,1789621189006,0.7009499323849281,0.6354710979502846,0.1923882869469695,0.05702158938172043,0.015650598414093782,0.08134901902010158,0.07028878906881063,4356.749999999999,454.8580538269604,1.0,0.0024488678200343937,7.624727657445433e-06,1111.5,1060.6015625,291.1011305021443,38.05,51.177756639786764,1024.83075,17784,82,62,(),2,5e+01 a1
yj_m,,False,1789621189056,0.7119786753269068,0.6445596212055079,0.1923882869469695,0.05791876680107527,0.015650598414093782,0.08134901902010158,0.07028878906881063,4356.749999999999,454.8580538269604,1.0,0.0024488678200343937,7.624727657445433e-06,1128.1875,1077.2890625,291.1011305021443,38.05,51.177756639786764,1024.83075,18051,82,62,(),2,5e+01 a1
yj_m,,False,1789621189106,0.7199507629216704,0.651137075069429,0.1923882869469695,0.05856728830645161,0.015650598414093782,0.08134901902010158,0.07028878906881063,4356.749999999999,454.8580538269604,1.0,0.0024488678200343937,7.624727657445433e-06,1140.25,1089.3515625,291.1011305021443,38.05,51.177756639786764,1024.83075,18244,82,62,(),2,5e+01 a1
yj_m,,False,1789621189156,0.7105329599599807,0.6433675153720712,0.1923882869469695,0.05780115927419355,0.015650598414093782,0.08134901902010158,0.07028878906881063,4356.749999999999,454.8580538269604,1.0,0.0024488678200343937,7.624727657445433e-06,1126.0,1075.1015625,291.1011305021443,38.05,51.177756639786764,1024.83075,18016,82,62,(),2,5e+01 a1
yj_m,,False,1789621189206,0.709045938439714,0.6421415756446844,0.1923882869469695,0.05768019153225807,0.015650598414093782,0.08134901902010158,0.07028878906881063,4356.749999999999,454.8580538269604,1.0,0.0024488678200343937,7.624727657445433e-06,1123.75,1072.8515625,291.1011305021443,38.05,51.177756639786764,1024.83075,17980,82,62,(),2,5e+01 a1
yj_m,,False,1789621189256,0.698223726264439,0.633226494244539,0.1923882869469695,0.056799815188172044,0.015650598414093782,0.08134901902010158,0.07028878906881063,4356.749999999999,454.8580538269604,1.0,0.0024488678200343937,7.624727657445433e-06,1107.375,1056.4765625,291.1011305021443,38.05,51.177756639786764,1024.83075,17718,82,62,(),2,5e+01 a1
yj_m,,False,1789621189306,0.6277967348184699,0.5755483288046961,0.1923882869469695,0.05107064852150538,0.015650598414093782,0.08134901902010158,0.07028878906881063,4356.749999999999,454.8580538269604,1.0,0.0024488678200343937,7.624727657445433e-06,1000.8125,949.9140625,291.1011305021443,38.05,51.177756639786764,1024.83075,16013,82,62,(),2,5e+01 a1
yj_m,,False,1789621189356,0.64167560234096,0.5868641090842329,0.1923882869469695,0.05219968077956989,0.015650598414093782,0.08134901902010158,0.07028878906881063,4356.749999999999,454.8580538269604,1.0,0.0024488678200343937,7.624727657445433e-06,1021.8125,970.9140625,291.1011305021443,38.05,51.177756639786764,1024.83075,16349,82,62,(),2,5e+01 a1
yj_m,,False,1789621189406,0.6985128693378242,0.6334645200797511,0.1923882869469695,0.05682333669354839,0.015650598414093782,0.08134901902010158,0.07028878906881063,4356.749999999999,454.8580538269604,1.0,0.0024488678200343937,7.624727657445433e-06,1107.8125,1056.9140625,291.1011305021443,38.05,51.177756639786764,1024.83075,17725,82,62,(),2,5e+01 a1
yj_m,,False,1789621189456,0.7218095398220039,0.6526715999919434,0.1923882869469695,0.058718497983870965,0.015650598414093782,0.08134901902010158,0.07028878906881063,4356.749999999999,454.8580538269604,1.0,0.0024488678200343937,7.624727657445433e-06,1143.0625,1092.1640625,291.1011305021443,38.05,51.177756639786764,1024.83075,18289,82,62,(),2,5e+01 a1
yj_m,,False,1789621189506,0.7211899475218928,0.6521600534094145,0.1923882869469695,0.05866809475806452,0.015650598414093782,0.08134901902010158,0.07028878906881063,4356.749999999999,454.8580538269604,1.0,0.0024488678200343937,7.624727657445433e-06,1142.125,1091.2265625,291.1011305021443,38.05,51.177756639786764,1024.83075,18274,82,62,(),2,5e+01 a1
yj_m,,False,1789621189556,0.7133004722338105,0.6456497353076104,0.1923882869469695,0.058026293682795695,0.015650598414093782,0.08134901902010158,0.07028878906881063,4356.749999999999,454.8580538269604,1.0,0.0024488678200343937,7.624727657445433e-06,1130.1875,1079.2890625,291.1011305021443,38.05,51.177756639786764,1024.83075,18083,82,62,(),2,5e+01 a1
yj_m,,False,1789621189606,0.704997935412321,0.6388054682729973,0.1923882869469695,0.05735089045698925,0.015650598414093782,0.08134901902010158,0.07028878906881063,4356.749999999999,454.8580538269604,1.0,0.0024488678200343937,7.624727657445433e-06,1117.625,1066.7265625,291.1011305021443,38.05,51.177756639786764,1024.83075,17882,82,62,(),2,5e+01 a1
yj_m,,False,1789621189656,0.7127221860870402,0.6451727882626646,0.1923882869469695,0.057979250672043015,0.015650598414093782,0.08134901902010158,0.07028878906881063,4356.749999999999,454.8580538269604,1.0,0.0024488678200343937,7.624727657445433e-06,1129.3125,1078.4140625,291.1011305021443,38.05,51.177756639786764,1024.83075,18069,82,62,(),2,5e+01 a1
yj_m,,False,1789621189706,0.7159440660476182,0.6478305007343252,0.1923882869469695,0.058241347446236554,0.015650598414093782,0.08134901902010158,0.07028878906881063,4356.749999999999,454.8580538269604,1.0,0.0024488678200343937,7.624727657445433e-06,1134.1875,1083.2890625,291.1011305021443,38.05,51.177756639786764,1024.83075,18147,82,62,(),2,5e+01 a1
yj_m,,False,1789621189756,0.6980171954977351,0.6330564813607708,0.1923882869469695,0.05678301411290322,0.015650598414093782,0.08134901902010158,0.07028878906881063,4356.749999999999,454.8580538269604,1.0,0.0024488678200343937,7.624727657445433e-06,1107.0625,1056.1640625,291.1011305021443,38.05,51.177756639786764,1024.83075,17713,83,62,(),2,5e+01 a1
yj_m,,False,1789621189806,0.6965714801308092,0.6318665214687023,0.1923882869469695,0.056665406586021504,0.015650598414093782,0.08134901902010158,0.07028878906881063,4356.749999999999,454.8580538269604,1.0,0.0024488678200343937,7.624727657445433e-06,1104.875,1053.9765625,291.1011305021443,38.05,51.177756639786764,1024.83075,17678,83,62,(),2,5e+01 a1
yj_m,,False,1789621189856,0.7042131184988469,0.6381588721328214,0.1923882869469695,0.057287046370967744,0.015650598414093782,0.08134901902010158,0.07028878906881063,4356.749999999999,454.8580538269604,1.0,0.0024488678200343937,7.624727657445433e-06,1116.4375,1065.5390625,291.1011305021443,38.05,51.177756639786764,1024.83075,17863,83,63,(),2,5e+01 a1
yj_m,,False,1789621189906,0.7208594982951668,0.6518872441976202,0.1923882869469695,0.058641213037634414,0.015650598414093782,0.08134901902010158,0.07028878906881063,4356.749999999999,454.8580538269604,1.0,0.0024488678200343937,7.624727657445433e-06,1141.625,1090.7265625,291.1011305021443,38.05,51.177756639786764,1024.83075,18266,83,63,(),2,5e+01 a1
yj_m,,False,1789621189956,0.7204464367617593,0.6515462480016806,0.1923882869469695,0.058607610887096775,0.015650598414093782,0.08134901902010158,0.07028878906881063,4356.749999999999,454.8580538269604,1.0,0.0024488678200343937,7.624727657445433e-06,1141.0,1090.1015625,291.1011305021443,38.05,51.177756639786764,1024.83075,18256,83,63,(),2,5e+01 a1
yj_m,,False,1789621190006,0.6485737299488642,0.5924982161972077,0.1923882869469695,0.052760836693548384,0.015650598414093782,0.08134901902010158,0.07028878906881063,4356.749999999999,454.8580538269604,1.0,0.0024488678200343937,7.624727657445433e-06,1032.25,981.3515625,291.1011305021443,38.05,51.177756639786764,1024.83075,16516,83,63,(),2,5e+01 a1
yj_m,,False,1789621190056,0.6105720688753796,0.5615436648717662,0.1923882869469695,0.04966943884408603,0.015650598414093782,0.08134901902010158,0.07028878906881063,4356.749999999999,454.8580538269604,1.0,0.0024488678200343937,7.624727657445433e-06,974.75,923.8515625,291.1011305021443,38.05,51.177756639786764,1024.83075,15596,83,63,(),2,5e+01 a1
yj_m,,False,1789621190106,0.5965279767395265,0.5501591186251074,0.1923882869469695,0.048526965725806455,0.015650598414093782,0.08134901902010158,0.07028878906881063,4356.749999999999,454.8580538269604,1.0,0.0024488678200343937,7.624727657445433e-06,953.5,902.6015625,291.1011305021443,38.05,51.177756639786764,1024.83075,15256,83,63,(),2,5e+01 a1
yj_m,,False,1789621190156,0.5899602983583481,0.5448462809154644,0.1923882869469695,0.04799269153225806,0.015650598414093782,0.08134901902010158,0.07028878906881063,4356.749999999999,454.8580538269604,1.0,0.0024488678200343937,7.624727657445433e-06,943.5625,892.6640625,291.1011305021443,38.05,51.177756639786764,1024.83075,15097,83,63,(),2,5e+01 a1
yj_m,,False,1789621190206,0.6040870028008827,0.5562827421701009,0.1923882869469695,0.04914188508064516,0.015650598414093782,0.08134901902010158,0.07028878906881063,4356.749999999999,454.8580538269604,1.0,0.0024488678200343937,7.624727657445433e-06,964.9375,914.0390625,291.1011305021443,38.05,51.177756639786764,1024.83075,15439,83,63,(),2,5e+01 a1
yj_m,,False,1789621190256,0.667368029718903,0.6078801920730877,0.1923882869469695,0.054289734543010754,0.015650598414093782,0.08134901902010158,0.07028878906881063,4356.749999999999,454.8580538269604,1.0,0.0024488678200343937,7.624727657445433e-06,1060.6875,1009.7890625,291.1011305021443,38.05,51.177756639786764,1024.83075,16971,83,63,(),2,5e+01 a1
yj_m,,False,1789621190306,0.71160691994684,0.644253059058269,0.1923882869469695,0.057888524865591394,0.015650598414093782,0.08134901902010158,0.07028878906881063,4356.749999999999,454.8580538269604,1.0,0.0024488678200343937,7.624727657445433e-06,1127.625,1076.7265625,291.1011305021443,38.05,51.177756639786764,1024.83075,18042,83,63,(),2,5e+01 a1
yj_m,,False,1789621190356,0.6853362064221267,0.6226267370157579,0.1923882869469695,0.055751428091397846,0.015650598414093782,0.08134901902010158,0.07028878906881063,4356.749999999999,454.8580538269604,1.0,0.0024488678200343937,7.624727657445433e-06,1087.875,1036.9765625,291.1011305021443,38.05,51.177756639786764,1024.83075,17406,83,63,(),2,5e+01 a1
yj_m,,False,1789621190406,0.6874841263958454,0.6243920685493962,0.1923882869469695,0.05592615927419355,0.015650598414093782,0.08134901902010158,0.07028878906881063,4356.749999999999,454.8580538269604,1.0,0.0024488678200343937,7.624727657445433e-06,1091.125,1040.2265625,291.1011305021443,38.05,51.177756639786764,1024.83075,17458,83,63,(),2,5e+01 a1
yj_m,,False,1789621190456,0.6823208572282523,0.6201493753604528,0.1923882869469695,0.055506132392473116,0.015650598414093782,0.08134901902010158,0.07028878906881063,4356.749999999999,454.8580538269604,1.0,0.0024488678200343937,7.624727657445433e-06,1083.3125,1032.4140625,291.1011305021443,38.05,51.177756639786764,1024.83075,17333,83,63,(),2,5e+01 a1
yj_m,,False,1789621190506,0.6804207741745781,0.6185888384135513,0.1923882869469695,0.0553515625,0.015650598414093782,0.08134901902010158,0.07028878906881063,4356.749999999999,454.8580538269604,1.0,0.0024488678200343937,7.624727657445433e-06,1080.4375,1029.5390625,291.1011305021443,38.05,51.177756639786764,1024.83075,17287,83,63,(),2,5e+01 a1
yj_m,,False,1789621190556,0.6947540093838164,0.6303708968578099,0.1923882869469695,0.056517557123655915,0.015650598414093782,0.08134901902010158,0.07028878906881063,4356.749999999999,454.8580538269604,1.0,0.0024488678200343937,7.624727657445433e-06,1102.125,1051.2265625,291.1011305021443,38.05,51.177756639786764,1024.83075,17634,83,63,(),2,5e+01 a1
yj_m,,False,1789621190606,0.699834666244728,0.634552753765462,0.1923882869469695,0.05693086357526882,0.015650598414093782,0.08134901902010158,0.07028878906881063,4356.749999999999,454.8580538269604,1.0,0.0024488678200343937,7.624727657445433e-06,1109.8125,1058.9140625,291.1011305021443,38.05,51.177756639786764,1024.83075,17757,83,63,(),2,5e+01 a1
yj_m,,False,1789621190656,0.6947953155371571,0.6304048842893049,0.1923882869469695,0.056520917338709675,0.015650598414093782,0.08134901902010158,0.07028878906881063,4356.749999999999,454.8580538269604,1.0,0.0024488678200343937,7.624727657445433e-06,1102.1875,1051.2890625,291.1011305021443,38.05,51.177756639786764,1024.83075,17635,83,63,(),2,5e+01 a1
yj_m,,False,1789621190706,0.6746379127068739,0.6138419849615705,0.1923882869469695,0.054881132392473116,0.015650598414093782,0.08134901902010158,0.07028878906881063,4356.749999999999,454.8580538269604,1.0,0.0024488678200343937,7.624727657445433e-06,1071.6875,1020.7890625,291.1011305021443,38.05,51.177756639786764,1024.83075,17147,83,63,(),2,5e+01 a1
yj_m,,False,1789621190756,0.6896733525229048,0.6261918876526379,0.1923882869469695,0.056104250672043006,0.015650598414093782,0.08134901902010158,0.07028878906881063,4356.749999999999,454.8580538269604,1.0,0.0024488678200343937,7.624727657445433e-06,1094.4375,1043.5390625,291.1011305021443,38.05,51.177756639786764,1024.83075,17511,84,63,(),2,5e+01 a1
yj_m,,False,1789621190806,0.6995455231713428,0.6343146864671222,0.1923882869469695,0.05690734206989247,0.015650598414093782,0.08134901902010158,0.07028878906881063,4356.749999999999,454.8580538269604,1.0,0.0024488678200343937,7.624727657445433e-06,1109.375,1058.4765625,291.1011305021443,38.05,51.177756639786764,1024.83075,17750,84,63,(),2,5e+01 a1
yj_m,,False,1789621190856,0.6819904080015264,0.6198779474940219,0.1923882869469695,0.05547925067204301,0.015650598414093782,0.08134901902010158,0.07028878906881063,4356.749999999999,454.8580538269604,1.0,0.0024488678200343937,7.624727657445433e-06,1082.8125,1031.9140625,291.1011305021443,38.05,51.177756639786764,1024.83075,17325,84,64,(),2,5e+01 a1
yj_m,,False,1789621190906,0.6682767650923993,0.60862506450692,0.1923882869469695,0.054363659274193545,0.015650598414093782,0.08134901902010158,0.07028878906881063,4356.749999999999,454.8580538269604,1.0,0.0024488678200343937,7.624727657445433e-06,1062.0625,1011.1640625,291.1011305021443,38.05,51.177756639786764,1024.83075,16993,84,64,(),2,5e+01 a1
yj_m,,False,1789621190956,0.6724486865798145,0.6120459994350967,0.1923882869469695,0.054703040994623656,0.015650598414093782,0.08134901902010158,0.07028878906881063,4356.749999999999,454.8580538269604,1.0,0.0024488678200343937,7.624727657445433e-06,1068.375,1017.4765625,291.1011305021443,38.05,51.177756639786764,1024.83075,17094,84,64,(),2,5e+01 a1
yj_m,,False,1789621191006,0.6757944850004148,0.6147910389763039,0.1923882869469695,0.0549752184139785,0.015650598414093782,0.08134901902010158,0.07028878906881063,4356.749999999999,454.8580538269604,1.0,0.0024488678200343937,7.624727657445433e-06,1073.4375,1022.5390625,291.1011305021443,38.05,51.177756639786764,1024.83075,17175,84,64,(),2,5e+01 a1
yj_m,,False,1789621191056,0.6630721897714655,0.604360358475749,0.1923882869469695,0.053940272177419354,0.015650598414093782,0.08134901902010158,0.07028878906881063,4356.749999999999,454.8580538269604,1.0,0.0024488678200343937,7.624727657445433e-06,1054.1875,1003.2890625,291.1011305021443,38.05,51.177756639786764,1024.83075,16867,84,64,(),2,5e+01 a1
yj_m,,False,1789621191106,0.7036761385054172,0.6377165019692467,0.1923882869469695,0.05724336357526882,0.015650598414093782,0.08134901902010158,0.07028878906881063,4356.749999999999,454.8580538269604,1.0,0.0024488678200343937,7.624727657445433e-06,1115.625,1064.7265625,291.1011305021443,38.05,51.177756639786764,1024.83075,17850,84,64,(),2,5e+01 a1
yj_m,,False,1789621191156,0.7126395737803587,0.6451046557777146,0.1923882869469695,0.05797253024193548,0.015650598414093782,0.08134901902010158,0.07028878906881063,4356.749999999999,454.8580538269604,1.0,0.0024488678200343937,7.624727657445433e-06,1129.1875,1078.2890625,291.1011305021443,38.05,51.177756639786764,1024.83075,18067,84,64,(),2,5e+01 a1
yj_m,,False,1789621191206,0.7049153231056395,0.638737402443295,0.1923882869469695,0.05734417002688172,0.015650598414093782,0.08134901902010158,0.07028878906881063,4356.749999999999,454.8580538269604,1.0,0.0024488678200343937,7.624727657445433e-06,1117.5,1066.6015625,291.1011305021443,38.05,51.177756639786764,1024.83075,17880,84,64,(),2,5e+01 a1
yj_m,,False,1789621191256,0.7080545907595361,0.6413244106137433,0.1923882869469695,0.057599546370967744,0.015650598414093782,0.08134901902010158,0.07028878906881063,4356.749999999999,454.8580538269604,1.0,0.0024488678200343937,7.624727657445433e-06,1122.25,1071.3515625,291.1011305021443,38.05,51.177756639786764,1024.83075,17956,84,64,(),2,5e+01 a1
yj_m,,False,1789621191306,0.7050392415656618,0.6388395014591566,0.1923882869469695,0.057354250672043014,0.015650598414093782,0.08134901902010158,0.07028878906881063,4356.749999999999,454.8580538269604,1.0,0.0024488678200343937,7.624727657445433e-06,1117.6875,1066.7890625,291.1011305021443,38.05,51.177756639786764,1024.83075,17883,84,64,(),2,5e+01 a1
yj_m,,False,1789621191356,0.6603459836509764,0.6021278136045014,0.1923882869469695,0.05371849798387097,0.015650598414093782,0.08134901902010158,0.07028878906881063,4356.749999999999,454.8580538269604,1.0,0.0024488678200343937,7.624727657445433e-06,1050.0625,999.1640625,291.1011305021443,38.05,51.177756639786764,1024.83075,16801,84,64,(),2,5e+01 a1
yj_m,,False,1789621191406,0.6957453570639942,0.631186647092476,0.1923882869469695,0.056598202284946234,0.015650598414093782,0.08134901902010158,0.07028878906881063,4356.749999999999,454.8580538269604,1.0,0.0024488678200343937,7.624727657445433e-06,1103.625,1052.7265625,291.1011305021443,38.05,51.177756639786764,1024.83075,17658,84,64,(),2,5e+01 a1
yj_m,,False,1789621191456,0.7090872445930547,0.6421756264160853,0.1923882869469695,0.05768355174731183,0.015650598414093782,0.08134901902010158,0.07028878906881063,4356.749999999999,454.8580538269604,1.0,0.0024488678200343937,7.624727657445433e-06,1123.8125,1072.9140625,291.1011305021443,38.05,51.177756639786764,1024.83075,17981,84,64,(),2,5e+01 a1
yj_m,,False,1789621191506,0.7027674031319209,0.6369679455616213,0.1923882869469695,0.057169438844086026,0.015650598414093782,0.08134901902010158,0.07028878906881063,4356.749999999999,454.8580538269604,1.0,0.0024488678200343937,7.624727657445433e-06,1114.25,1063.3515625,291.1011305021443,38.05,51.177756639786764,1024.83075,17828,84,64,(),2,5e+01 a1
yj_m,,False,1789621191556,0.6874841263958454,0.6243920685493962,0.1923882869469695,0.05592615927419355,0.015650598414093782,0.08134901902010158,0.07028878906881063,4356.749999999999,454.8580538269604,1.0,0.0024488678200343937,7.624727657445433e-06,1091.125,1040.2265625,291.1011305021443,38.05,51.177756639786764,1024.83075,17458,84,64,(),2,5e+01 a1
yj_m,,False,1789621191606,0.6610894944111098,0.6027365966190712,0.1923882869469695,0.05377898185483871,0.015650598414093782,0.08134901902010158,0.07028878906881063,4356.749999999999,454.8580538269604,1.0,0.0024488678200343937,7.624727657445433e-06,1051.1875,1000.2890625,291.1011305021443,38.05,51.177756639786764,1024.83075,16819,84,64,(),2,5e+01 a1
yj_m,,False,1789621191656,0.608713291975046,0.5600350779476643,0.1923882869469695,0.049518229166666664,0.015650598414093782,0.08134901902010158,0.07028878906881063,4356.749999999999,454.8580538269604,1.0,0.0024488678200343937,7.624727657445433e-06,971.9375,921.0390625,291.1011305021443,38.05,51.177756639786764,1024.83075,15551,84,64,(),2,5e+01 a1
yj_m,,False,1789621191706,0.5752966139223838,0.5330112081451002,0.1923882869469695,0.04679981518817204,0.015650598414093782,0.08134901902010158,0.07028878906881063,4356.749999999999,454.8580538269604,1.0,0.0024488678200343937,7.624727657445433e-06,921.375,870.4765625,291.1011305021443,38.05,51.177756639786764,1024.83075,14742,84,64,(),2,5e+01 a1
yj_m,,False,1789621191756,0.6036739412674752,0.5559478782403555,0.1923882869469695,0.04910828293010753,0.015650598414093782,0.08134901902010158,0.07028878906881063,4356.749999999999,454.8580538269604,1.0,0.0024488678200343937,7.624727657445433e-06,964.3125,913.4140625,291.1011305021443,38.05,51.177756639786764,1024.83075,15429,85,64,(),2,5e+01 a1
yj_m,,False,1789621191806,0.6681115404790363,0.6084896256159321,0.1923882869469695,0.05435021841397849,0.015650598414093782,0.08134901902010158,0.07028878906881063,4356.749999999999,454.8580538269604,1.0,0.0024488678200343937,7.624727657445433e-06,1061.8125,1010.9140625,291.1011305021443,38.05,51.177756639786764,1024.83075,16989,85,64,(),2,5e+01 a1
yj_m,,False,1789621191856,0.7074349984594249,0.6408137347258399,0.1923882869469695,0.05754914314516129,0.015650598414093782,0.08134901902010158,0.07028878906881063,4356.749999999999,454.8580538269604,1.0,0.0024488678200343937,7.624727657445433e-06,1121.3125,1070.4140625,291.1011305021443,38.05,51.177756639786764,1024.83075,17941,85,65,(),2,5e+01 a1
yj_m,,False,1789621191906,0.699504217018002,0.6342806775917602,0.1923882869469695,0.05690398185483871,0.015650598414093782,0.08134901902010158,0.07028878906881063,4356.749999999999,454.8580538269604,1.0,0.0024488678200343937,7.624727657445433e-06,1109.3125,1058.4140625,291.1011305021443,38.05,51.177756639786764,1024.83075,17749,85,65,(),2,5e+01 a1
yj_m,,False,1789621191956,0.6078871689082311,0.5593647690806149,0.1923882869469695,0.04945102486559139,0.015650598414093782,0.08134901902010158,0.07028878906881063,4356.749999999999,454.8580538269604,1.0,0.0024488678200343937,7.624727657445433e-06,970.6875,919.7890625,291.1011305021443,38.05,51.177756639786764,1024.83075,15531,85,65,(),2,5e+01 a1
yj_m,,False,1789621192006,0.600493367460238,0.5533703487419201,0.1923882869469695,0.04884954637096774,0.015650598414093782,0.08134901902010158,0.07028878906881063,4356.749999999999,454.8580538269604,1.0,0.0024488678200343937,7.624727657445433e-06,959.5,908.6015625,291.1011305021443,38.05,51.177756639786764,1024.83075,15352,85,65,(),2,5e+01 a1
yj_m,,False,1789621192056,0.6964475616707869,0.6317645355407561,0.1923882869469695,0.056655325940860216,0.015650598414093782,0.08134901902010158,0.07028878906881063,4356.749999999999,454.8580538269604,1.0,0.0024488678200343937,7.624727657445433e-06,1104.6875,1053.7890625,291.1011305021443,38.05,51.177756639786764,1024.83075,17675,85,65,(),2,5e+01 a1
yj_m,,False,1789621192106,0.7078893661461731,0.6411882264407269,0.1923882869469695,0.05758610551075269,0.015650598414093782,0.08134901902010158,0.07028878906881063,4356.749999999999,454.8580538269604,1.0,0.0024488678200343937,7.624727657445433e-06,1122.0,1071.1015625,291.1011305021443,38.05,51.177756639786764,1024.83075,17952,85,65,(),2,5e+01 a1
yj_m,,False,1789621192156,0.6831469802950673,0.6208280003409682,0.1923882869469695,0.055573336693548386,0.015650598414093782,0.08134901902010158,0.07028878906881063,4356.749999999999,454.8580538269604,1.0,0.0024488678200343937,7.624727657445433e-06,1084.5625,1033.6640625,291.1011305021443,38.05,51.177756639786764,1024.83075,17353,85,65,(),2,5e+01 a1
yj_m,,False,1789621192206,0.5790967800297324,0.5360746617396153,0.1923882869469695,0.04710895497311828,0.015650598414093782,0.08134901902010158,0.07028878906881063,4356.749999999999,454.8580538269604,1.0,0.0024488678200343937,7.624727657445433e-06,927.125,876.2265625,291.1011305021443,38.05,51.177756639786764,1024.83075,14834,85,65,(),2,5e+01 a1
yj_m,,False,1789621192256,0.6182550133967579,0.5677848299181741,0.1923882869469695,0.05029443884408602,0.015650598414093782,0.08134901902010158,0.07028878906881063,4356.749999999999,454.8580538269604,1.0,0.0024488678200343937,7.624727657445433e-06,986.375,935.4765625,291.1011305021443,38.05,51.177756639786764,1024.83075,15782,85,65,(),2,5e+01 a1
yj_m,,False,1789621192306,0.6451040130682417,0.589663492463996,0.1923882869469695,0.052478578629032255,0.015650598414093782,0.08134901902010158,0.07028878906881063,4356.749999999999,454.8580538269604,1.0,0.0024488678200343937,7.624727657445433e-06,1027.0,976.1015625,291.1011305021443,38.05,51.177756639786764,1024.83075,16432,85,65,(),2,5e+01 a1
yj_m,,False,1789621192356,0.6774054249807038,0.6161132005623671,0.1923882869469695,0.05510626680107527,0.015650598414093782,0.08134901902010158,0.07028878906881063,4356.749999999999,454.8580538269604,1.0,0.0024488678200343937,7.624727657445433e-06,1075.875,1024.9765625,291.1011305021443,38.05,51.177756639786764,1024.83075,17214,85,65,(),2,5e+01 a1
yj_m,,False,1789621192406,0.6327121670660184,0.5795528912589222,0.1923882869469695,0.05147051411290322,0.015650598414093782,0.08134901902010158,0.07028878906881063,4356.749999999999,454.8580538269604,1.0,0.0024488678200343937,7.624727657445433e-06,1008.25,957.3515625,291.1011305021443,38.05,51.177756639786764,1024.83075,16132,85,65,(),2,5e+01 a1
yj_m,,False,1789621192456,0.6796772634144447,0.6179783080739565,0.1923882869469695,0.05529107862903226,0.015650598414093782,0.08134901902010158,0.07028878906881063,4356.749999999999,454.8580538269604,1.0,0.0024488678200343937,7.624727657445433e-06,1079.3125,1028.4140625,291.1011305021443,38.05,51.177756639786764,1024.83075,17269,85,65,(),2,5e+01 a1
yj_m,,False,1789621192506,0.7078893661461731,0.6411882264407269,0.1923882869469695,0.05758610551075269,0.015650598414093782,0.08134901902010158,0.07028878906881063,4356.749999999999,454.8580538269604,1.0,0.0024488678200343937,7.624727657445433e-06,1122.0,1071.1015625,291.1011305021443,38.05,51.177756639786764,1024.83075,17952,85,65,(),2,5e+01 a1
yj_m,,False,1789621192556,0.6980171954977351,0.6330564813607708,0.1923882869469695,0.05678301411290322,0.015650598414093782,0.08134901902010158,0.07028878906881063,4356.749999999999,454.8580538269604,1.0,0.0024488678200343937,7.624727657445433e-06,1107.0625,1056.1640625,291.1011305021443,38.05,51.177756639786764,1024.83075,17713,85,65,(),2,5e+01 a1
yj_m,,False,1789621192606,0.6721182373530885,0.6117749573310516,0.1923882869469695,0.054676159274193545,0.015650598414093782,0.08134901902010158,0.07028878906881063,4356.749999999999,454.8580538269604,1.0,0.0024488678200343937,7.624727657445433e-06,1067.875,1016.9765625,291.1011305021443,38.05,51.177756639786764,1024.83075,17086,85,65,(),2,5e+01 a1
yj_m,,False,1789621192656,0.7260640736161006,0.6561852456722489,0.1923882869469695,0.059064600134408604,0.015650598414093782,0.08134901902010158,0.07028878906881063,4356.749999999999,454.8580538269604,1.0,0.0024488678200343937,7.624727657445433e-06,1149.5,1098.6015625,291.1011305021443,38.05,51.177756639786764,1024.83075,18392,85,65,(),2,5e+01 a1
yj_m,,False,1789621192706,0.6914908232698976,0.627686487056665,0.1923882869469695,0.0562521001344086,0.015650598414093782,0.08134901902010158,0.07028878906881063,4356.749999999999,454.8580538269604,1.0,0.0024488678200343937,7.624727657445433e-06,1097.1875,1046.2890625,291.1011305021443,38.05,51.177756639786764,1024.83075,17555,85,65,(),2,5e+01 a1
yj_m,,False,1789621192756,0.7166875768077516,0.6484439692967897,0.1923882869469695,0.0583018313172043,0.015650598414093782,0.08134901902010158,0.07028878906881063,4356.749999999999,454.8580538269604,1.0,0.0024488678200343937,7.624727657445433e-06,1135.3125,1084.4140625,291.1011305021443,38.05,51.177756639786764,1024.83075,18165,86,65,(),2,5e+01 a1
yj_m,,False,1789621192806,0.6718290942797034,0.611537806299733,0.1923882869469695,0.05465263776881721,0.015650598414093782,0.08134901902010158,0.07028878906881063,4356.749999999999,454.8580538269604,1.0,0.0024488678200343937,7.624727657445433e-06,1067.4375,1016.5390625,291.1011305021443,38.05,51.177756639786764,1024.83075,17079,86,65,(),2,5e+01 a1
yj_m,,False,1789621192856,0.6756705665403925,0.6146893469959899,0.1923882869469695,0.0549651377688172,0.015650598414093782,0.08134901902010158,0.07028878906881063,4356.749999999999,454.8580538269604,1.0,0.0024488678200343937,7.624727657445433e-06,1073.25,1022.3515625,291.1011305021443,38.05,51.177756639786764,1024.83075,17172,86,66,(),2,5e+01 a1
yj_m,,False,1789621192906,0.68108167262803,0.6191315862319787,0.1923882869469695,0.055405325940860214,0.015650598414093782,0.08134901902010158,0.07028878906881063,4356.749999999999,454.8580538269604,1.0,0.0024488678200343937,7.624727657445433e-06,1081.4375,1030.5390625,291.1011305021443,38.05,51.177756639786764,1024.83075,17303,86,66,(),2,5e+01 a1
yj_m,,False,1789621192956,0.7164810460410479,0.6482735557361793,0.1923882869469695,0.05828503024193548,0.015650598414093782,0.08134901902010158,0.07028878906881063,4356.749999999999,454.8580538269604,1.0,0.0024488678200343937,7.624727657445433e-06,1135.0,1084.1015625,291.1011305021443,38.05,51.177756639786764,1024.83075,18160,86,66,(),2,5e+01 a1
yj_m,,False,1789621193006,0.7110286338000696,0.6437762130009462,0.1923882869469695,0.05784148185483871,0.015650598414093782,0.08134901902010158,0.07028878906881063,4356.749999999999,454.8580538269604,1.0,0.0024488678200343937,7.624727657445433e-06,1126.75,1075.8515625,291.1011305021443,38.05,51.177756639786764,1024.83075,18028,86,66,(),2,5e+01 a1
yj_m,,False,1789621193056,0.6667484374187919,0.6073723827275423,0.1923882869469695,0.054239331317204306,0.015650598414093782,0.08134901902010158,0.07028878906881063,4356.749999999999,454.8580538269604,1.0,0.0024488678200343937,7.624727657445433e-06,1059.75,1008.8515625,291.1011305021443,38.05,51.177756639786764,1024.83075,16956,86,66,(),2,5e+01 a1
yj_m,,False,1789621193106,0.6996281354780243,0.6343827047720095,0.1923882869469695,0.0569140625,0.015650598414093782,0.08134901902010158,0.07028878906881063,4356.749999999999,454.8580538269604,1.0,0.0024488678200343937,7.624727657445433e-06,1109.5,1058.6015625,291.1011305021443,38.05,51.177756639786764,1024.83075,17752,86,66,(),2,5e+01 a1
yj_m,,False,1789621193156,0.5902494414317334,0.5450800259181524,0.1923882869469695,0.04801621303763441,0.015650598414093782,0.08134901902010158,0.07028878906881063,4356.749999999999,454.8580538269604,1.0,0.0024488678200343937,7.624727657445433e-06,944.0,893.1015625,291.1011305021443,38.05,51.177756639786764,1024.83075,15104,86,66,(),2,5e+01 a1
yj_m,,False,1789621193206,0.6515477729893978,0.5949292532682233,0.1923882869469695,0.053002772177419354,0.015650598414093782,0.08134901902010158,0.07028878906881063,4356.749999999999,454.8580538269604,1.0,0.0024488678200343937,7.624727657445433e-06,1036.75,985.8515625,291.1011305021443,38.05,51.177756639786764,1024.83075,16588,86,66,(),2,5e+01 a1
yj_m,,False,1789621193256,0.6734813404133331,0.6128930907559523,0.1923882869469695,0.05478704637096774,0.015650598414093782,0.08134901902010158,0.07028878906881063,4356.749999999999,454.8580538269604,1.0,0.0024488678200343937,7.624727657445433e-06,1069.9375,1019.0390625,291.1011305021443,38.05,51.177756639786764,1024.83075,17119,86,66,(),2,5e+01 a1
yj_m,,False,1789621193306,0.7076828353794694,0.6410180002488758,0.1923882869469695,0.05756930443548387,0.015650598414093782,0.08134901902010158,0.07028878906881063,4356.749999999999,454.8580538269604,1.0,0.0024488678200343937,7.624727657445433e-06,1121.6875,1070.7890625,291.1011305021443,38.05,51.177756639786764,1024.83075,17947,86,66,(),2,5e+01 a1
yj_m,,False,1789621193356,0.6976454401176685,0.6327504698800929,0.1923882869469695,0.05675277217741935,0.015650598414093782,0.08134901902010158,0.07028878906881063,4356.749999999999,454.8580538269604,1.0,0.0024488678200343937,7.624727657445433e-06,1106.5,1055.6015625,291.1011305021443,38.05,51.177756639786764,1024.83075,17704,86,66,(),2,5e+01 a1
yj_m,,False,1789621193406,0.675422729620348,0.6144859685171571,0.1923882869469695,0.05494497647849462,0.015650598414093782,0.08134901902010158,0.07028878906881063,4356.749999999999,454.8580538269604,1.0,0.0024488678200343937,7.624727657445433e-06,1072.875,1021.9765625,291.1011305021443,38.05,51.177756639786764,1024.83075,17166,86,66,(),2,5e+01 a1
yj_m,,False,1789621193456,0.6679876220190142,0.6083880486448419,0.1923882869469695,0.05434013776881721,0.015650598414093782,0.08134901902010158,0.07028878906881063,4356.749999999999,454.8580538269604,1.0,0.0024488678200343937,7.624727657445433e-06,1061.625,1010.7265625,291.1011305021443,38.05,51.177756639786764,1024.83075,16986,86,66,(),2,5e+01 a1
yj_m,,False,1789621193506,0.6954562139906091,0.6309487087663241,0.1923882869469695,0.0565746807795699,0.015650598414093782,0.08134901902010158,0.07028878906881063,4356.749999999999,454.8580538269604,1.0,0.0024488678200343937,7.624727657445433e-06,1103.1875,1052.2890625,291.1011305021443,38.05,51.177756639786764,1024.83075,17651,86,66,(),2,5e+01 a1
yj_m,,False,1789621193556,0.6969019293575351,0.6321384921640258,0.1923882869469695,0.056692288306451614,0.015650598414093782,0.08134901902010158,0.07028878906881063,4356.749999999999,454.8580538269604,1.0,0.0024488678200343937,7.624727657445433e-06,1105.375,1054.4765625,291.1011305021443,38.05,51.177756639786764,1024.83075,17686,86,66,(),2,5e+01 a1
yj_m,,False,1789621193606,0.6927713140234607,0.6287397220551054,0.1923882869469695,0.05635626680107527,0.015650598414093782,0.08134901902010158,0.07028878906881063,4356.749999999999,454.8580538269604,1.0,0.0024488678200343937,7.624727657445433e-06,1099.125,1048.2265625,291.1011305021443,38.05,51.177756639786764,1024.83075,17586,86,66,(),2,5e+01 a1
yj_m,,False,1789621193656,0.7135896153071959,0.6458882217099455,0.1923882869469695,0.058049815188172045,0.015650598414093782,0.08134901902010158,0.07028878906881063,4356.749999999999,454.8580538269604,1.0,0.0024488678200343937,7.624727657445433e-06,1130.625,1079.7265625,291.1011305021443,38.05,51.177756639786764,1024.83075,18090,86,66,(),2,5e+01 a1
yj_m,,False,1789621193706,0.6678223974056512,0.6082526156147164,0.1923882869469695,0.05432669690860215,0.015650598414093782,0.08134901902010158,0.07028878906881063,4356.749999999999,454.8580538269604,1.0,0.0024488678200343937,7.624727657445433e-06,1061.375,1010.4765625,291.1011305021443,38.05,51.177756639786764,1024.83075,16982,86,66,(),2,5e+01 a1
yj_m,,False,1789621193756,0.6940518047770238,0.6297931393449216,0.1923882869469695,0.05646043346774194,0.015650598414093782,0.08134901902010158,0.07028878906881063,4356.749999999999,454.8580538269604,1.0,0.0024488678200343937,7.624727657445433e-06,1101.0625,1050.1640625,291.1011305021443,38.05,51.177756639786764,1024.83075,17617,87,66,(),2,5e+01 a1
yj_m,,False,1789621193806,0.7208594982951668,0.6518872441976202,0.1923882869469695,0.058641213037634414,0.015650598414093782,0.08134901902010158,0.07028878906881063,4356.749999999999,454.8580538269604,1.0,0.0024488678200343937,7.624727657445433e-06,1141.625,1090.7265625,291.1011305021443,38.05,51.177756639786764,1024.83075,18266,87,66,(),2,5e+01 a1
yj_m,,False,1789621193856,0.6902516386696753,0.6266674018121471,0.1923882869469695,0.0561512936827957,0.015650598414093782,0.08134901902010158,0.07028878906881063,4356.749999999999,454.8580538269604,1.0,0.0024488678200343937,7.624727657445433e-06,1095.3125,1044.4140625,291.1011305021443,38.05,51.177756639786764,1024.83075,17525,87,67,(),2,5e+01 a1
yj_m,,False,1789621193906,0.6626178220847173,0.603988202775536,0.1923882869469695,0.053903309811827955,0.015650598414093782,0.08134901902010158,0.07028878906881063,4356.749999999999,454.8580538269604,1.0,0.0024488678200343937,7.624727657445433e-06,1053.5,1002.6015625,291.1011305021443,38.05,51.177756639786764,1024.83075,16856,87,67,(),2,5e+01 a1
yj_m,,False,1789621193956,0.7245770520958338,0.6549569726308108,0.1923882869469695,0.05894363239247312,0.015650598414093782,0.08134901902010158,0.07028878906881063,4356.749999999999,454.8580538269604,1.0,0.0024488678200343937,7.624727657445433e-06,1147.25,1096.3515625,291.1011305021443,38.05,51.177756639786764,1024.83075,18356,87,67,(),2,5e+01 a1
yj_m,,False,1789621194006,0.7118960630202253,0.6444914950507503,0.1923882869469695,0.057912046370967744,0.015650598414093782,0.08134901902010158,0.07028878906881063,4356.749999999999,454.8580538269604,1.0,0.0024488678200343937,7.624727657445433e-06,1128.0625,1077.1640625,291.1011305021443,38.05,51.177756639786764,1024.83075,18049,87,67,(),2,5e+01 a1
yj_m,,False,1789621194056,0.6661701512720214,0.6068984700514801,0.1923882869469695,0.05419228830645161,0.015650598414093782,0.08134901902010158,0.07028878906881063,4356.749999999999,454.8580538269604,1.0,0.0024488678200343937,7.624727657445433e-06,1058.875,1007.9765625,291.1011305021443,38.05,51.177756639786764,1024.83075,16942,87,67,(),2,5e+01 a1
yj_m,,False,1789621194106,0.7116895322535215,0.6443211827464028,0.1923882869469695,0.05789524529569892,0.015650598414093782,0.08134901902010158,0.07028878906881063,4356.749999999999,454.8580538269604,1.0,0.0024488678200343937,7.624727657445433e-06,1127.75,1076.8515625,291.1011305021443,38.05,51.177756639786764,1024.83075,18044,87,67,(),2,5e+01 a1
yj_m,,False,1789621194156,0.7128047983937217,0.6452409214498556,0.1923882869469695,0.057985971102150535,0.015650598414093782,0.08134901902010158,0.07028878906881063,4356.749999999999,454.8580538269604,1.0,0.0024488678200343937,7.624727657445433e-06,1129.4375,1078.5390625,291.1011305021443,38.05,51.177756639786764,1024.83075,18071,87,67,(),2,5e+01 a1
yj_m,,False,1789621194206,0.6956627447573128,0.6311186637756651,0.1923882869469695,0.05659148185483871,0.015650598414093782,0.08134901902010158,0.07028878906881063,4356.749999999999,454.8580538269604,1.0,0.0024488678200343937,7.624727657445433e-06,1103.5,1052.6015625,291.1011305021443,38.05,51.177756639786764,1024.83075,17656,87,67,(),2,5e+01 a1
yj_m,,False,1789621194256,0.662824352851421,0.6041573612506574,0.1923882869469695,0.05392011088709677,0.015650598414093782,0.08134901902010158,0.07028878906881063,4356.749999999999,454.8580538269604,1.0,0.0024488678200343937,7.624727657445433e-06,1053.8125,1002.9140625,291.1011305021443,38.05,51.177756639786764,1024.83075,16861,87,67,(),2,5e+01 a1
yj_m,,False,1789621194306,0.6740183204067627,0.6133336288585465,0.1923882869469695,0.05483072916666666,0.015650598414093782,0.08134901902010158,0.07028878906881063,4356.749999999999,454.8580538269604,1.0,0.0024488678200343937,7.624727657445433e-06,1070.75,1019.8515625,291.1011305021443,38.05,51.177756639786764,1024.83075,17132,87,67,(),2,5e+01 a1
yj_m,,False,1789621194356,0.6742248511734665,0.6135030757899047,0.1923882869469695,0.054847530241935484,0.015650598414093782,0.08134901902010158,0.07028878906881063,4356.749999999999,454.8580538269604,1.0,0.0024488678200343937,7.624727657445433e-06,1071.0625,1020.1640625,291.1011305021443,38.05,51.177756639786764,1024.83075,17137,87,67,(),2,5e+01 a1
yj_m,,False,1789621194406,0.6763314649938444,0.6152317253138009,0.1923882869469695,0.05501890120967742,0.015650598414093782,0.08134901902010158,0.07028878906881063,4356.749999999999,454.8580538269604,1.0,0.0024488678200343937,7.624727657445433e-06,1074.25,1023.3515625,291.1011305021443,38.05,51.177756639786764,1024.83075,17188,87,67,(),2,5e+01 a1
yj_m,,False,1789621194456,0.7135896153071959,0.6458882217099455,0.1923882869469695,0.058049815188172045,0.015650598414093782,0.08134901902010158,0.07028878906881063,4356.749999999999,454.8580538269604,1.0,0.0024488678200343937,7.624727657445433e-06,1130.625,1079.7265625,291.1011305021443,38.05,51.177756639786764,1024.83075,18090,87,67,(),2,5e+01 a1
yj_m,,False,1789621194506,0.6732335034932887,0.6126897771461156,0.1923882869469695,0.054766885080645165,0.015650598414093782,0.08134901902010158,0.07028878906881063,4356.749999999999,454.8580538269604,1.0,0.0024488678200343937,7.624727657445433e-06,1069.5625,1018.6640625,291.1011305021443,38.05,51.177756639786764,1024.83075,17113,87,67,(),2,5e+01 a1
yj_m,,False,1789621194556,0.6544805098765907,0.5973276626574657,0.1923882869469695,0.053241347446236556,0.015650598414093782,0.08134901902010158,0.07028878906881063,4356.749999999999,454.8580538269604,1.0,0.0024488678200343937,7.624727657445433e-06,1041.1875,990.2890625,291.1011305021443,38.05,51.177756639786764,1024.83075,16659,87,67,(),2,5e+01 a1
yj_m,,False,1789621194606,0.6554718575567686,0.5981386454515332,0.1923882869469695,0.05332199260752688,0.015650598414093782,0.08134901902010158,0.07028878906881063,4356.749999999999,454.8580538269604,1.0,0.0024488678200343937,7.624727657445433e-06,1042.6875,991.7890625,291.1011305021443,38.05,51.177756639786764,1024.83075,16683,87,67,(),2,5e+01 a1
yj_m,,False,1789621194656,0.6630308836181247,0.6043265250707339,0.1923882869469695,0.05393691196236559,0.015650598414093782,0.08134901902010158,0.07028878906881063,4356.749999999999,454.8580538269604,1.0,0.0024488678200343937,7.624727657445433e-06,1054.125,1003.2265625,291.1011305021443,38.05,51.177756639786764,1024.83075,16866,87,67,(),2,5e+01 a1
yj_m,,False,1789621194706,0.7021065046784689,0.6364235963432066,0.1923882869469695,0.057115675403225805,0.015650598414093782,0.08134901902010158,0.07028878906881063,4356.749999999999,454.8580538269604,1.0,0.0024488678200343937,7.624727657445433e-06,1113.25,1062.3515625,291.1011305021443,38.05,51.177756639786764,1024.83075,17812,87,67,(),2,5e+01 a1
yj_m,,False,1789621194756,0.6701355419927327,0.6101489820655889,0.1923882869469695,0.0545148689516129,0.015650598414093782,0.08134901902010158,0.07028878906881063,4356.749999999999,454.8580538269604,1.0,0.0024488678200343937,7.624727657445433e-06,1064.875,1013.9765625,291.1011305021443,38.05,51.177756639786764,1024.83075,17038,88,67,(),2,5e+01 a1
yj_m,,False,1789621194806,0.6680702343256956,0.6084557664162579,0.1923882869469695,0.05434685819892473,0.015650598414093782,0.08134901902010158,0.07028878906881063,4356.749999999999,454.8580538269604,1.0,0.0024488678200343937,7.624727657445433e-06,1061.75,1010.8515625,291.1011305021443,38.05,51.177756639786764,1024.83075,16988,88,67,(),2,5e+01 a1
yj_m,,False,1789621194856,0.708715489212988,0.6418691758859524,0.1923882869469695,0.05765330981182796,0.015650598414093782,0.08134901902010158,0.07028878906881063,4356.749999999999,454.8580538269604,1.0,0.0024488678200343937,7.624727657445433e-06,1123.25,1072.3515625,291.1011305021443,38.05,51.177756639786764,1024.83075,17972,88,68,(),2,5e+01 a1
yj_m,,False,1789621194906,0.6791402834210151,0.6175374097383961,0.1923882869469695,0.05524739583333334,0.015650598414093782,0.08134901902010158,0.07028878906881063,4356.749999999999,454.8580538269604,1.0,0.0024488678200343937,7.624727657445433e-06,1078.5,1027.6015625,291.1011305021443,38.05,51.177756639786764,1024.83075,17256,88,68,(),2,5e+01 a1
yj_m,,False,1789621194956,0.7073936923060841,0.6407796910989196,0.1923882869469695,0.05754578293010752,0.015650598414093782,0.08134901902010158,0.07028878906881063,4356.749999999999,454.8580538269604,1.0,0.0024488678200343937,7.624727657445433e-06,1121.25,1070.3515625,291.1011305021443,38.05,51.177756639786764,1024.83075,17940,88,68,(),2,5e+01 a1
yj_m,,False,1789621195006,0.6143309288293872,0.564596005991719,0.1923882869469695,0.04997521841397849,0.015650598414093782,0.08134901902010158,0.07028878906881063,4356.749999999999,454.8580538269604,1.0,0.0024488678200343937,7.624727657445433e-06,980.4375,929.5390625,291.1011305021443,38.05,51.177756639786764,1024.83075,15687,88,68,(),2,5e+01 a1
yj_m,,False,1789621195056,0.6006998982269416,0.5535376709527959,0.1923882869469695,0.04886634744623656,0.015650598414093782,0.08134901902010158,0.07028878906881063,4356.749999999999,454.8580538269604,1.0,0.0024488678200343937,7.624727657445433e-06,959.8125,908.9140625,291.1011305021443,38.05,51.177756639786764,1024.83075,15357,88,68,(),2,5e+01 a1
yj_m,,False,1789621195106,0.7015282185316986,0.6359473291821637,0.1923882869469695,0.057068632392473125,0.015650598414093782,0.08134901902010158,0.07028878906881063,4356.749999999999,454.8580538269604,1.0,0.0024488678200343937,7.624727657445433e-06,1112.375,1061.4765625,291.1011305021443,38.05,51.177756639786764,1024.83075,17798,88,68,(),2,5e+01 a1
yj_m,,False,1789621195156,0.7074349984594249,0.6408137347258399,0.1923882869469695,0.05754914314516129,0.015650598414093782,0.08134901902010158,0.07028878906881063,4356.749999999999,454.8580538269604,1.0,0.0024488678200343937,7.624727657445433e-06,1121.3125,1070.4140625,291.1011305021443,38.05,51.177756639786764,1024.83075,17941,88,68,(),2,5e+01 a1
yj_m,,False,1789621195206,0.6916560478832606,0.6278223780714141,0.1923882869469695,0.05626554099462366,0.015650598414093782,0.08134901902010158,0.07028878906881063,4356.749999999999,454.8580538269604,1.0,0.0024488678200343937,7.624727657445433e-06,1097.4375,1046.5390625,291.1011305021443,38.05,51.177756639786764,1024.83075,17559,88,68,(),2,5e+01 a1
yj_m,,False,1789621195256,0.6771988942140001,0.6159436754898422,0.1923882869469695,0.055089465725806454,0.015650598414093782,0.08134901902010158,0.07028878906881063,4356.749999999999,454.8580538269604,1.0,0.0024488678200343937,7.624727657445433e-06,1075.5625,1024.6640625,291.1011305021443,38.05,51.177756639786764,1024.83075,17209,88,68,(),2,5e+01 a1
yj_m,,False,1789621195306,0.7073110799994027,0.6407116043826956,0.1923882869469695,0.0575390625,0.015650598414093782,0.08134901902010158,0.07028878906881063,4356.749999999999,454.8580538269604,1.0,0.0024488678200343937,7.624727657445433e-06,1121.125,1070.2265625,291.1011305021443,38.05,51.177756639786764,1024.83075,17938,88,68,(),2,5e+01 a1
yj_m,,False,1789621195356,0.6832295926017488,0.6208958671780289,0.1923882869469695,0.055580057123655914,0.015650598414093782,0.08134901902010158,0.07028878906881063,4356.749999999999,454.8580538269604,1.0,0.0024488678200343937,7.624727657445433e-06,1084.6875,1033.7890625,291.1011305021443,38.05,51.177756639786764,1024.83075,17355,88,68,(),2,5e+01 a1
yj_m,,False,1789621195406,0.6489867914822718,0.592835790294251,0.1923882869469695,0.05279443884408602,0.015650598414093782,0.08134901902010158,0.07028878906881063,4356.749999999999,454.8580538269604,1.0,0.0024488678200343937,7.624727657445433e-06,1032.875,981.9765625,291.1011305021443,38.05,51.177756639786764,1024.83075,16526,88,68,(),2,5e+01 a1
yj_m,,False,1789621195456,0.6968606232041944,0.6321044951735348,0.1923882869469695,0.056688928091397854,0.015650598414093782,0.08134901902010158,0.07028878906881063,4356.749999999999,454.8580538269604,1.0,0.0024488678200343937,7.624727657445433e-06,1105.3125,1054.4140625,291.1011305021443,38.05,51.177756639786764,1024.83075,17685,88,68,(),2,5e+01 a1
yj_m,,False,1789621195506,0.6167266857231505,0.5665425883671654,0.1923882869469695,0.050170110887096775,0.015650598414093782,0.08134901902010158,0.07028878906881063,4356.749999999999,454.8580538269604,1.0,0.0024488678200343937,7.624727657445433e-06,984.0625,933.1640625,291.1011305021443,38.05,51.177756639786764,1024.83075,15745,88,68,(),2,5e+01 a1
yj_m,,False,1789621195556,0.6085480673616831,0.559901007572587,0.1923882869469695,0.049504788306451615,0.015650598414093782,0.08134901902010158,0.07028878906881063,4356.749999999999,454.8580538269604,1.0,0.0024488678200343937,7.624727657445433e-06,971.6875,920.7890625,291.1011305021443,38.05,51.177756639786764,1024.83075,15547,88,68,(),2,5e+01 a1
yj_m,,False,1789621195606,0.6997107477847058,0.6344507238155833,0.1923882869469695,0.05692078293010753,0.015650598414093782,0.08134901902010158,0.07028878906881063,4356.749999999999,454.8580538269604,1.0,0.0024488678200343937,7.624727657445433e-06,1109.625,1058.7265625,291.1011305021443,38.05,51.177756639786764,1024.83075,17754,88,68,(),2,5e+01 a1
yj_m,,False,1789621195656,0.7158614537409368,0.6477623410259692,0.1923882869469695,0.05823462701612903,0.015650598414093782,0.08134901902010158,0.07028878906881063,4356.749999999999,454.8580538269604,1.0,0.0024488678200343937,7.624727657445433e-06,1134.0625,1083.1640625,291.1011305021443,38.05,51.177756639786764,1024.83075,18145,88,68,(),2,5e+01 a1
yj_m,,False,1789621195706,0.7111938584134326,0.6439124512008677,0.1923882869469695,0.05785492271505376,0.015650598414093782,0.08134901902010158,0.07028878906881063,4356.749999999999,454.8580538269604,1.0,0.0024488678200343937,7.624727657445433e-06,1127.0,1076.1015625,291.1011305021443,38.05,51.177756639786764,1024.83075,18032,88,68,(),2,5e+01 a1
yj_m,,False,1789621195756,0.7055762215590914,0.6392819493245644,0.1923882869469695,0.057397933467741934,0.015650598414093782,0.08134901902010158,0.07028878906881063,4356.749999999999,454.8580538269604,1.0,0.0024488678200343937,7.624727657445433e-06,1118.5,1067.6015625,291.1011305021443,38.05,51.177756639786764,1024.83075,17896,89,68,(),2,5e+01 a1
yj_m,,False,1789621195806,0.7130526353137662,0.64544532522265,0.1923882869469695,0.05800613239247312,0.015650598414093782,0.08134901902010158,0.07028878906881063,4356.749999999999,454.8580538269604,1.0,0.0024488678200343937,7.624727657445433e-06,1129.8125,1078.9140625,291.1011305021443,38.05,51.177756639786764,1024.83075,18077,89,68,(),2,5e+01 a1
yj_m,,False,1789621195856,0.6798837941811484,0.6181478933505533,0.1923882869469695,0.05530787970430107,0.015650598414093782,0.08134901902010158,0.07028878906881063,4356.749999999999,454.8580538269604,1.0,0.0024488678200343937,7.624727657445433e-06,1079.625,1028.7265625,291.1011305021443,38.05,51.177756639786764,1024.83075,17274,89,69,(),2,5e+01 a1
yj_m,,False,1789621195906,0.5964866705861857,0.5501256819644623,0.1923882869469695,0.04852360551075269,0.015650598414093782,0.08134901902010158,0.07028878906881063,4356.749999999999,454.8580538269604,1.0,0.0024488678200343937,7.624727657445433e-06,953.4375,902.5390625,291.1011305021443,38.05,51.177756639786764,1024.83075,15255,89,69,(),2,5e+01 a1
yj_m,,False,1789621195956,0.5854579276442069,0.5412083917332781,0.1923882869469695,0.047626428091397846,0.015650598414093782,0.08134901902010158,0.07028878906881063,4356.749999999999,454.8580538269604,1.0,0.0024488678200343937,7.624727657445433e-06,936.75,885.8515625,291.1011305021443,38.05,51.177756639786764,1024.83075,14988,89,69,(),2,5e+01 a1
yj_m,,False,1789621196006,0.5916125444919779,0.5461821584795105,0.1923882869469695,0.0481271001344086,0.015650598414093782,0.08134901902010158,0.07028878906881063,4356.749999999999,454.8580538269604,1.0,0.0024488678200343937,7.624727657445433e-06,946.0625,895.1640625,291.1011305021443,38.05,51.177756639786764,1024.83075,15137,89,69,(),2,5e+01 a1
yj_m,,False,1789621196056,0.6439061346213601,0.5886852134427889,0.1923882869469695,0.05238113239247311,0.015650598414093782,0.08134901902010158,0.07028878906881063,4356.749999999999,454.8580538269604,1.0,0.0024488678200343937,7.624727657445433e-06,1025.1875,974.2890625,291.1011305021443,38.05,51.177756639786764,1024.83075,16403,89,69,(),2,5e+01 a1
yj_m,,False,1789621196106,0.6102829258019943,0.5613089602720432,0.1923882869469695,0.049645917338709676,0.015650598414093782,0.08134901902010158,0.07028878906881063,4356.749999999999,454.8580538269604,1.0,0.0024488678200343937,7.624727657445433e-06,974.3125,923.4140625,291.1011305021443,38.05,51.177756639786764,1024.83075,15589,89,69,(),2,5e+01 a1
yj_m,,False,1789621196156,0.5781467385028952,0.5353085537526172,0.1923882869469695,0.04703167002688172,0.015650598414093782,0.08134901902010158,0.07028878906881063,4356.749999999999,454.8580538269604,1.0,0.0024488678200343937,7.624727657445433e-06,925.6875,874.7890625,291.1011305021443,38.05,51.177756639786764,1024.83075,14811,89,69,(),2,5e+01 a1
yj_m,,False,1789621196206,0.7038000569654395,0.6378185846670783,0.1923882869469695,0.05725344422043011,0.015650598414093782,0.08134901902010158,0.07028878906881063,4356.749999999999,454.8580538269604,1.0,0.0024488678200343937,7.624727657445433e-06,1115.8125,1064.9140625,291.1011305021443,38.05,51.177756639786764,1024.83075,17853,89,69,(),2,5e+01 a1
yj_m,,False,1789621196256,0.7148701060607588,0.6469444787089096,0.1923882869469695,0.05815398185483871,0.015650598414093782,0.08134901902010158,0.07028878906881063,4356.749999999999,454.8580538269604,1.0,0.0024488678200343937,7.624727657445433e-06,1132.5625,1081.6640625,291.1011305021443,38.05,51.177756639786764,1024.83075,18121,89,69,(),2,5e+01 a1
yj_m,,False,1789621196306,0.7186289660147667,0.6500460676053694,0.1923882869469695,0.05845976142473119,0.015650598414093782,0.08134901902010158,0.07028878906881063,4356.749999999999,454.8580538269604,1.0,0.0024488678200343937,7.624727657445433e-06,1138.25,1087.3515625,291.1011305021443,38.05,51.177756639786764,1024.83075,18212,89,69,(),2,5e+01 a1
yj_m,,False,1789621196356,0.6443191961547676,0.5890225291305345,0.1923882869469695,0.05241473454301075,0.015650598414093782,0.08134901902010158,0.07028878906881063,4356.749999999999,454.8580538269604,1.0,0.0024488678200343937,7.624727657445433e-06,1025.8125,974.9140625,291.1011305021443,38.05,51.177756639786764,1024.83075,16413,89,69,(),2,5e+01 a1
yj_m,,False,1789621196406,0.5712073047416502,0.5297176107119365,0.1923882869469695,0.04646715389784946,0.015650598414093782,0.08134901902010158,0.07028878906881063,4356.749999999999,454.8580538269604,1.0,0.0024488678200343937,7.624727657445433e-06,915.1875,864.2890625,291.1011305021443,38.05,51.177756639786764,1024.83075,14643,89,69,(),2,5e+01 a1
yj_m,,False,1789621196456,0.5962388336661412,0.5499250679492615,0.1923882869469695,0.048503444220430104,0.015650598414093782,0.08134901902010158,0.07028878906881063,4356.749999999999,454.8580538269604,1.0,0.0024488678200343937,7.624727657445433e-06,953.0625,902.1640625,291.1011305021443,38.05,51.177756639786764,1024.83075,15249,89,69,(),2,5e+01 a1
yj_m,,False,1789621196506,0.5894233183649185,0.5444122209617328,0.1923882869469695,0.04794900873655914,0.015650598414093782,0.08134901902010158,0.07028878906881063,4356.749999999999,454.8580538269604,1.0,0.0024488678200343937,7.624727657445433e-06,942.75,891.8515625,291.1011305021443,38.05,51.177756639786764,1024.83075,15084,89,69,(),2,5e+01 a1
yj_m,,False,1789621196556,0.6769923634472964,0.6157741554612732,0.1923882869469695,0.05507266465053764,0.015650598414093782,0.08134901902010158,0.07028878906881063,4356.749999999999,454.8580538269604,1.0,0.0024488678200343937,7.624727657445433e-06,1075.25,1024.3515625,291.1011305021443,38.05,51.177756639786764,1024.83075,17204,89,69,(),2,5e+01 a1
yj_m,,False,1789621196606,0.6996694416313649,0.6344167142014754,0.1923882869469695,0.05691742271505376,0.015650598414093782,0.08134901902010158,0.07028878906881063,4356.749999999999,454.8580538269604,1.0,0.0024488678200343937,7.624727657445433e-06,1109.5625,1058.6640625,291.1011305021443,38.05,51.177756639786764,1024.83075,17753,89,69,(),2,5e+01 a1
yj_m,,False,1789621196656,0.6711268896729107,0.6109619101588354,0.1923882869469695,0.054595514112903226,0.015650598414093782,0.08134901902010158,0.07028878906881063,4356.749999999999,454.8580538269604,1.0,0.0024488678200343937,7.624727657445433e-06,1066.375,1015.4765625,291.1011305021443,38.05,51.177756639786764,1024.83075,17062,89,69,(),2,5e+01 a1
yj_m,,False,1789621196706,0.7063197323192248,0.639894619780404,0.1923882869469695,0.057458417338709676,0.015650598414093782,0.08134901902010158,0.07028878906881063,4356.749999999999,454.8580538269604,1.0,0.0024488678200343937,7.624727657445433e-06,1119.625,1068.7265625,291.1011305021443,38.05,51.177756639786764,1024.83075,17914,89,69,(),2,5e+01 a1
yj_m,,False,1789621196756,0.6635678636115544,0.604766375985137,0.1923882869469695,0.053980594758064514,0.015650598414093782,0.08134901902010158,0.07028878906881063,4356.749999999999,454.8580538269604,1.0,0.0024488678200343937,7.624727657445433e-06,1054.9375,1004.0390625,291.1011305021443,38.05,51.177756639786764,1024.83075,16879,90,69,(),2,5e+01 a1
yj_m,,False,1789621196806,0.6015260212937565,0.5542070292282207,0.1923882869469695,0.04893355174731183,0.015650598414093782,0.08134901902010158,0.07028878906881063,4356.749999999999,454.8580538269604,1.0,0.0024488678200343937,7.624727657445433e-06,961.0625,910.1640625,291.1011305021443,38.05,51.177756639786764,1024.83075,15377,90,69,(),2,5e+01 a1
yj_m,,False,1789621196856,0.6377928239269299,0.583695664859392,0.1923882869469695,0.051883820564516125,0.015650598414093782,0.08134901902010158,0.07028878906881063,4356.749999999999,454.8580538269604,1.0,0.0024488678200343937,7.624727657445433e-06,1015.9375,965.0390625,291.1011305021443,38.05,51.177756639786764,1024.83075,16255,90,70,(),2,5e+01 a1
yj_m,,False,1789621196906,0.704832710798958,0.638669337337274,0.1923882869469695,0.0573374495967742,0.015650598414093782,0.08134901902010158,0.07028878906881063,4356.749999999999,454.8580538269604,1.0,0.0024488678200343937,7.624727657445433e-06,1117.375,1066.4765625,291.1011305021443,38.05,51.177756639786764,1024.83075,17878,90,70,(),2,5e+01 a1
yj_m,,False,1789621196956,0.6566284298503093,0.5990849523997208,0.1923882869469695,0.053416078629032256,0.015650598414093782,0.08134901902010158,0.07028878906881063,4356.749999999999,454.8580538269604,1.0,0.0024488678200343937,7.624727657445433e-06,1044.4375,993.5390625,291.1011305021443,38.05,51.177756639786764,1024.83075,16711,90,70,(),2,5e+01 a1
yj_m,,False,1789621197006,0.7058240584791359,0.6394861663216372,0.1923882869469695,0.05741809475806452,0.015650598414093782,0.08134901902010158,0.07028878906881063,4356.749999999999,454.8580538269604,1.0,0.0024488678200343937,7.624727657445433e-06,1118.875,1067.9765625,291.1011305021443,38.05,51.177756639786764,1024.83075,17902,90,70,(),2,5e+01 a1
yj_m,,False,1789621197056,0.6974389093509648,0.6325804700141962,0.1923882869469695,0.056735971102150534,0.015650598414093782,0.08134901902010158,0.07028878906881063,4356.749999999999,454.8580538269604,1.0,0.0024488678200343937,7.624727657445433e-06,1106.1875,1055.2890625,291.1011305021443,38.05,51.177756639786764,1024.83075,17699,90,70,(),2,5e+01 a1
yj_m,,False,1789621197106,0.7168941075744554,0.6486143871803173,0.1923882869469695,0.05831863239247312,0.015650598414093782,0.08134901902010158,0.07028878906881063,4356.749999999999,454.8580538269604,1.0,0.0024488678200343937,7.624727657445433e-06,1135.625,1084.7265625,291.1011305021443,38.05,51.177756639786764,1024.83075,18170,90,70,(),2,5e+01 a1
yj_m,,False,1789621197156,0.6443605023081084,0.5890562619688454,0.1923882869469695,0.05241809475806452,0.015650598414093782,0.08134901902010158,0.07028878906881063,4356.749999999999,454.8580538269604,1.0,0.0024488678200343937,7.624727657445433e-06,1025.875,974.9765625,291.1011305021443,38.05,51.177756639786764,1024.83075,16414,90,70,(),2,5e+01 a1
yj_m,,False,1789621197206,0.6171810534098986,0.5669118664521055,0.1923882869469695,0.050207073252688174,0.015650598414093782,0.08134901902010158,0.07028878906881063,4356.749999999999,454.8580538269604,1.0,0.0024488678200343937,7.624727657445433e-06,984.75,933.8515625,291.1011305021443,38.05,51.177756639786764,1024.83075,15756,90,70,(),2,5e+01 a1
yj_m,,False,1789621197256,0.6842622464352673,0.6217442690348827,0.1923882869469695,0.0556640625,0.015650598414093782,0.08134901902010158,0.07028878906881063,4356.749999999999,454.8580538269604,1.0,0.0024488678200343937,7.624727657445433e-06,1086.25,1035.3515625,291.1011305021443,38.05,51.177756639786764,1024.83075,17380,90,70,(),2,5e+01 a1
yj_m,,False,1789621197306,0.7098307553531881,0.6427885707169846,0.1923882869469695,0.057744035618279566,0.015650598414093782,0.08134901902010158,0.07028878906881063,4356.749999999999,454.8580538269604,1.0,0.0024488678200343937,7.624727657445433e-06,1124.9375,1074.0390625,291.1011305021443,38.05,51.177756639786764,1024.83075,17999,90,70,(),2,5e+01 a1
yj_m,,False,1789621197356,0.7108634091867067,0.6436399776283088,0.1923882869469695,0.05782804099462365,0.015650598414093782,0.08134901902010158,0.07028878906881063,4356.749999999999,454.8580538269604,1.0,0.0024488678200343937,7.624727657445433e-06,1126.5,1075.6015625,291.1011305021443,38.05,51.177756639786764,1024.83075,18024,90,70,(),2,5e+01 a1
yj_m,,False,1789621197406,0.618874605696869,0.5682885419428857,0.1923882869469695,0.05034484206989247,0.015650598414093782,0.08134901902010158,0.07028878906881063,4356.749999999999,454.8580538269604,1.0,0.0024488678200343937,7.624727657445433e-06,987.3125,936.4140625,291.1011305021443,38.05,51.177756639786764,1024.83075,15797,90,70,(),2,5e+01 a1
yj_m,,False,1789621197456,0.6419647454143452,0.587100139930434,0.1923882869469695,0.05222320228494624,0.015650598414093782,0.08134901902010158,0.07028878906881063,4356.749999999999,454.8580538269604,1.0,0.0024488678200343937,7.624727657445433e-06,1022.25,971.3515625,291.1011305021443,38.05,51.177756639786764,1024.83075,16356,90,70,(),2,5e+01 a1
yj_m,,False,1789621197506,0.612430845775713,0.5630527909733003,0.1923882869469695,0.049820648521505376,0.015650598414093782,0.08134901902010158,0.07028878906881063,4356.749999999999,454.8580538269604,1.0,0.0024488678200343937,7.624727657445433e-06,977.5625,926.6640625,291.1011305021443,38.05,51.177756639786764,1024.83075,15641,90,70,(),2,5e+01 a1
yj_m,,False,1789621197556,0.7009086262315873,0.6354370828106966,0.1923882869469695,0.05701822916666667,0.015650598414093782,0.08134901902010158,0.07028878906881063,4356.749999999999,454.8580538269604,1.0,0.0024488678200343937,7.624727657445433e-06,1111.4375,1060.5390625,291.1011305021443,38.05,51.177756639786764,1024.83075,17783,90,70,(),2,5e+01 a1
yj_m,,False,1789621197606,0.7180506798679963,0.6495688070562883,0.1923882869469695,0.0584127184139785,0.015650598414093782,0.08134901902010158,0.07028878906881063,4356.749999999999,454.8580538269604,1.0,0.0024488678200343937,7.624727657445433e-06,1137.375,1086.4765625,291.1011305021443,38.05,51.177756639786764,1024.83075,18198,90,70,(),2,5e+01 a1
yj_m,,False,1789621197656,0.688516780229364,0.6252409723235245,0.1923882869469695,0.05601016465053764,0.015650598414093782,0.08134901902010158,0.07028878906881063,4356.749999999999,454.8580538269604,1.0,0.0024488678200343937,7.624727657445433e-06,1092.6875,1041.7890625,291.1011305021443,38.05,51.177756639786764,1024.83075,17483,90,70,(),2,5e+01 a1
yj_m,,False,1789621197706,0.625855345611455,0.5739676555524501,0.1923882869469695,0.0509127184139785,0.015650598414093782,0.08134901902010158,0.07028878906881063,4356.749999999999,454.8580538269604,1.0,0.0024488678200343937,7.624727657445433e-06,997.875,946.9765625,291.1011305021443,38.05,51.177756639786764,1024.83075,15966,90,70,(),2,5e+01 a1
yj_m,,False,1789621197756,0.6960758062907202,0.6314585878569446,0.1923882869469695,0.056625084005376344,0.015650598414093782,0.08134901902010158,0.07028878906881063,4356.749999999999,454.8580538269604,1.0,0.0024488678200343937,7.624727657445433e-06,1104.125,1053.2265625,291.1011305021443,38.05,51.177756639786764,1024.83075,17666,91,70,(),2,5e+01 a1
yj_m,,False,1789621197806,0.6595198605841615,0.6014514701096755,0.1923882869469695,0.0536512936827957,0.015650598414093782,0.08134901902010158,0.07028878906881063,4356.749999999999,454.8580538269604,1.0,0.0024488678200343937,7.624727657445433e-06,1048.8125,997.9140625,291.1011305021443,38.05,51.177756639786764,1024.83075,16781,91,70,(),2,5e+01 a1
yj_m,,False,1789621197856,0.703221770818669,0.6373422127477143,0.1923882869469695,0.05720640120967742,0.015650598414093782,0.08134901902010158,0.07028878906881063,4356.749999999999,454.8580538269604,1.0,0.0024488678200343937,7.624727657445433e-06,1114.9375,1064.0390625,291.1011305021443,38.05,51.177756639786764,1024.83075,17839,91,71,(),2,5e+01 a1
yj_m,,False,1789621197906,0.6499368330091089,0.5936122965282029,0.1923882869469695,0.05287172379032258,0.015650598414093782,0.08134901902010158,0.07028878906881063,4356.749999999999,454.8580538269604,1.0,0.0024488678200343937,7.624727657445433e-06,1034.3125,983.4140625,291.1011305021443,38.05,51.177756639786764,1024.83075,16549,91,71,(),2,5e+01 a1
yj_m,,False,1789621197956,0.6746379127068739,0.6138419849615705,0.1923882869469695,0.054881132392473116,0.015650598414093782,0.08134901902010158,0.07028878906881063,4356.749999999999,454.8580538269604,1.0,0.0024488678200343937,7.624727657445433e-06,1071.6875,1020.7890625,291.1011305021443,38.05,51.177756639786764,1024.83075,17147,91,71,(),2,5e+01 a1
yj_m,,False,1789621198006,0.7167288829610924,0.6484780525277709,0.1923882869469695,0.05830519153225806,0.015650598414093782,0.08134901902010158,0.07028878906881063,4356.749999999999,454.8580538269604,1.0,0.0024488678200343937,7.624727657445433e-06,1135.375,1084.4765625,291.1011305021443,38.05,51.177756639786764,1024.83075,18166,91,71,(),2,5e+01 a1
yj_m,,False,1789621198056,0.628746776345307,0.5763220491077441,0.1923882869469695,0.051147933467741935,0.015650598414093782,0.08134901902010158,0.07028878906881063,4356.749999999999,454.8580538269604,1.0,0.0024488678200343937,7.624727657445433e-06,1002.25,951.3515625,291.1011305021443,38.05,51.177756639786764,1024.83075,16036,91,71,(),2,5e+01 a1
yj_m,,False,1789621198106,0.6766619142205704,0.6155029339173934,0.1923882869469695,0.05504578293010753,0.015650598414093782,0.08134901902010158,0.07028878906881063,4356.749999999999,454.8580538269604,1.0,0.0024488678200343937,7.624727657445433e-06,1074.75,1023.8515625,291.1011305021443,38.05,51.177756639786764,1024.83075,17196,91,71,(),2,5e+01 a1
yj_m,,False,1789621198156,0.6585698190573244,0.6006737822654146,0.1923882869469695,0.05357400873655914,0.015650598414093782,0.08134901902010158,0.07028878906881063,4356.749999999999,454.8580538269604,1.0,0.0024488678200343937,7.624727657445433e-06,1047.375,996.4765625,291.1011305021443,38.05,51.177756639786764,1024.83075,16758,91,71,(),2,5e+01 a1
yj_m,,False,1789621198206,0.6379993546936337,0.5838641466762713,0.1923882869469695,0.05190062163978494,0.015650598414093782,0.08134901902010158,0.07028878906881063,4356.749999999999,454.8580538269604,1.0,0.0024488678200343937,7.624727657445433e-06,1016.25,965.3515625,291.1011305021443,38.05,51.177756639786764,1024.83075,16260,91,71,(),2,5e+01 a1
yj_m,,False,1789621198256,0.7174723937212257,0.6490915802231306,0.1923882869469695,0.058365675403225806,0.015650598414093782,0.08134901902010158,0.07028878906881063,4356.749999999999,454.8580538269604,1.0,0.0024488678200343937,7.624727657445433e-06,1136.5,1085.6015625,291.1011305021443,38.05,51.177756639786764,1024.83075,18184,91,71,(),2,5e+01 a1
yj_m,,False,1789621198306,0.7016521369917207,0.6360493834090595,0.1923882869469695,0.057078713037634406,0.015650598414093782,0.08134901902010158,0.07028878906881063,4356.749999999999,454.8580538269604,1.0,0.0024488678200343937,7.624727657445433e-06,1112.5625,1061.6640625,291.1011305021443,38.05,51.177756639786764,1024.83075,17801,91,71,(),2,5e+01 a1
yj_m,,False,1789621198356,0.7063610384725655,0.6399286587389323,0.1923882869469695,0.057461777553763436,0.015650598414093782,0.08134901902010158,0.07028878906881063,4356.749999999999,454.8580538269604,1.0,0.0024488678200343937,7.624727657445433e-06,1119.6875,1068.7890625,291.1011305021443,38.05,51.177756639786764,1024.83075,17915,91,71,(),2,5e+01 a1
yj_m,,False,1789621198406,0.7227595813488411,0.6534560454932765,0.1923882869469695,0.05879578293010753,0.015650598414093782,0.08134901902010158,0.07028878906881063,4356.749999999999,454.8580538269604,1.0,0.0024488678200343937,7.624727657445433e-06,1144.5,1093.6015625,291.1011305021443,38.05,51.177756639786764,1024.83075,18312,91,71,(),2,5e+01 a1
yj_m,,False,1789621198456,0.6520847529828275,0.5953683146391369,0.1923882869469695,0.05304645497311828,0.015650598414093782,0.08134901902010158,0.07028878906881063,4356.749999999999,454.8580538269604,1.0,0.0024488678200343937,7.624727657445433e-06,1037.5625,986.6640625,291.1011305021443,38.05,51.177756639786764,1024.83075,16601,91,71,(),2,5e+01 a1
yj_m,,False,1789621198506,0.6370080070134558,0.5830554880532178,0.1923882869469695,0.05181997647849462,0.015650598414093782,0.08134901902010158,0.07028878906881063,4356.749999999999,454.8580538269604,1.0,0.0024488678200343937,7.624727657445433e-06,1014.75,963.8515625,291.1011305021443,38.05,51.177756639786764,1024.83075,16236,91,71,(),2,5e+01 a1
yj_m,,False,1789621198556,0.6916147417299199,0.6277884050318672,0.1923882869469695,0.0562621807795699,0.015650598414093782,0.08134901902010158,0.07028878906881063,4356.749999999999,454.8580538269604,1.0,0.0024488678200343937,7.624727657445433e-06,1097.375,1046.4765625,291.1011305021443,38.05,51.177756639786764,1024.83075,17558,91,71,(),2,5e+01 a1
yj_m,,False,1789621198606,0.6100350888819499,0.5611077952973498,0.1923882869469695,0.0496257560483871,0.015650598414093782,0.08134901902010158,0.07028878906881063,4356.749999999999,454.8580538269604,1.0,0.0024488678200343937,7.624727657445433e-06,973.9375,923.0390625,291.1011305021443,38.05,51.177756639786764,1024.83075,15583,91,71,(),2,5e+01 a1
yj_m,,False,1789621198656,0.7296577089567453,0.6591544626656618,0.1923882869469695,0.05935693884408602,0.015650598414093782,0.08134901902010158,0.07028878906881063,4356.749999999999,454.8580538269604,1.0,0.0024488678200343937,7.624727657445433e-06,1154.9375,1104.0390625,291.1011305021443,38.05,51.177756639786764,1024.83075,18479,91,71,(),2,5e+01 a1
yj_m,,False,1789621198706,0.7249075013225598,0.6552299034439306,0.1923882869469695,0.05897051411290322,0.015650598414093782,0.08134901902010158,0.07028878906881063,4356.749999999999,454.8580538269604,1.0,0.0024488678200343937,7.624727657445433e-06,1147.75,1096.8515625,291.1011305021443,38.05,51.177756639786764,1024.83075,18364,91,71,(),2,5e+01 a1
yj_m,,False,1789621198756,0.7099133676598696,0.6428566791927398,0.1923882869469695,0.0577507560483871,0.015650598414093782,0.08134901902010158,0.07028878906881063,4356.749999999999,454.8580538269604,1.0,0.0024488678200343937,7.624727657445433e-06,1125.0625,1074.1640625,291.1011305021443,38.05,51.177756639786764,1024.83075,18001,92,71,(),2,5e+01 a1
yj_m,,False,1789621198806,0.7194550890815816,0.650727926729505,0.1923882869469695,0.05852696572580646,0.015650598414093782,0.08134901902010158,0.07028878906881063,4356.749999999999,454.8580538269604,1.0,0.0024488678200343937,7.624727657445433e-06,1139.5,1088.6015625,291.1011305021443,38.05,51.177756639786764,1024.83075,18232,92,71,(),2,5e+01 a1
yj_m,,False,1789621198856,0.7256097059293524,0.655809917020067,0.1923882869469695,0.059027637768817205,0.015650598414093782,0.08134901902010158,0.07028878906881063,4356.749999999999,454.8580538269604,1.0,0.0024488678200343937,7.624727657445433e-06,1148.8125,1097.9140625,291.1011305021443,38.05,51.177756639786764,1024.83075,18381,92,72,(),2,5e+01 a1
yj_m,,False,1789621198906,0.6774880372873853,0.6161810120027521,0.1923882869469695,0.05511298723118279,0.015650598414093782,0.08134901902010158,0.07028878906881063,4356.749999999999,454.8580538269604,1.0,0.0024488678200343937,7.624727657445433e-06,1076.0,1025.1015625,291.1011305021443,38.05,51.177756639786764,1024.83075,17216,92,72,(),2,5e+01 a1
yj_m,,False,1789621198956,0.6836426541351562,0.6212352131763096,0.1923882869469695,0.05561365927419355,0.015650598414093782,0.08134901902010158,0.07028878906881063,4356.749999999999,454.8580538269604,1.0,0.0024488678200343937,7.624727657445433e-06,1085.3125,1034.4140625,291.1011305021443,38.05,51.177756639786764,1024.83075,17365,92,72,(),2,5e+01 a1
yj_m,,False,1789621199006,0.6446496453814936,0.5892923982934563,0.1923882869469695,0.05244161626344086,0.015650598414093782,0.08134901902010158,0.07028878906881063,4356.749999999999,454.8580538269604,1.0,0.0024488678200343937,7.624727657445433e-06,1026.3125,975.4140625,291.1011305021443,38.05,51.177756639786764,1024.83075,16421,92,72,(),2,5e+01 a1
yj_m,,False,1789621199056,0.6806686110946226,0.6187923628772322,0.1923882869469695,0.05537172379032258,0.015650598414093782,0.08134901902010158,0.07028878906881063,4356.749999999999,454.8580538269604,1.0,0.0024488678200343937,7.624727657445433e-06,1080.8125,1029.9140625,291.1011305021443,38.05,51.177756639786764,1024.83075,17293,92,72,(),2,5e+01 a1
yj_m,,False,1789621199106,0.6493172407089977,0.5931058658660867,0.1923882869469695,0.052821320564516126,0.015650598414093782,0.08134901902010158,0.07028878906881063,4356.749999999999,454.8580538269604,1.0,0.0024488678200343937,7.624727657445433e-06,1033.375,982.4765625,291.1011305021443,38.05,51.177756639786764,1024.83075,16534,92,72,(),2,5e+01 a1
yj_m,,False,1789621199156,0.6597263913508652,0.601620547868661,0.1923882869469695,0.05366809475806451,0.015650598414093782,0.08134901902010158,0.07028878906881063,4356.749999999999,454.8580538269604,1.0,0.0024488678200343937,7.624727657445433e-06,1049.125,998.2265625,291.1011305021443,38.05,51.177756639786764,1024.83075,16786,92,72,(),2,5e+01 a1
yj_m,,False,1789621199206,0.6703833789127772,0.6103522028992254,0.1923882869469695,0.054535030241935484,0.015650598414093782,0.08134901902010158,0.07028878906881063,4356.749999999999,454.8580538269604,1.0,0.0024488678200343937,7.624727657445433e-06,1065.25,1014.3515625,291.1011305021443,38.05,51.177756639786764,1024.83075,17044,92,72,(),2,5e+01 a1
yj_m,,False,1789621199256,0.6916973540366013,0.6278563513014822,0.1923882869469695,0.05626890120967742,0.015650598414093782,0.08134901902010158,0.07028878906881063,4356.749999999999,454.8580538269604,1.0,0.0024488678200343937,7.624727657445433e-06,1097.5,1046.6015625,291.1011305021443,38.05,51.177756639786764,1024.83075,17560,92,72,(),2,5e+01 a1
yj_m,,False,1789621199306,0.6330426162927444,0.5798222293781304,0.1923882869469695,0.051497395833333334,0.015650598414093782,0.08134901902010158,0.07028878906881063,4356.749999999999,454.8580538269604,1.0,0.0024488678200343937,7.624727657445433e-06,1008.75,957.8515625,291.1011305021443,38.05,51.177756639786764,1024.83075,16140,92,72,(),2,5e+01 a1
yj_m,,False,1789621199356,0.7287902797365897,0.6584376403901913,0.1923882869469695,0.05928637432795699,0.015650598414093782,0.08134901902010158,0.07028878906881063,4356.749999999999,454.8580538269604,1.0,0.0024488678200343937,7.624727657445433e-06,1153.625,1102.7265625,291.1011305021443,38.05,51.177756639786764,1024.83075,18458,92,72,(),2,5e+01 a1
yj_m,,False,1789621199406,0.6322164932259295,0.5791489131509326,0.1923882869469695,0.051430191532258064,0.015650598414093782,0.08134901902010158,0.07028878906881063,4356.749999999999,454.8580538269604,1.0,0.0024488678200343937,7.624727657445433e-06,1007.5,956.6015625,291.1011305021443,38.05,51.177756639786764,1024.83075,16120,92,72,(),2,5e+01 a1
yj_m,,False,1789621199456,0.7042131184988469,0.6381588721328214,0.1923882869469695,0.057287046370967744,0.015650598414093782,0.08134901902010158,0.07028878906881063,4356.749999999999,454.8580538269604,1.0,0.0024488678200343937,7.624727657445433e-06,1116.4375,1065.5390625,291.1011305021443,38.05,51.177756639786764,1024.83075,17863,92,72,(),2,5e+01 a1
yj_m,,False,1789621199506,0.666872355878814,0.6074739408128698,0.1923882869469695,0.05424941196236559,0.015650598414093782,0.08134901902010158,0.07028878906881063,4356.749999999999,454.8580538269604,1.0,0.0024488678200343937,7.624727657445433e-06,1059.9375,1009.0390625,291.1011305021443,38.05,51.177756639786764,1024.83075,16959,92,72,(),2,5e+01 a1
yj_m,,False,1789621199556,0.6710029712128884,0.6108602876252982,0.1923882869469695,0.05458543346774194,0.015650598414093782,0.08134901902010158,0.07028878906881063,4356.749999999999,454.8580538269604,1.0,0.0024488678200343937,7.624727657445433e-06,1066.1875,1015.2890625,291.1011305021443,38.05,51.177756639786764,1024.83075,17059,92,72,(),2,5e+01 a1
yj_m,,False,1789621199606,0.71160691994684,0.644253059058269,0.1923882869469695,0.057888524865591394,0.015650598414093782,0.08134901902010158,0.07028878906881063,4356.749999999999,454.8580538269604,1.0,0.0024488678200343937,7.624727657445433e-06,1127.625,1076.7265625,291.1011305021443,38.05,51.177756639786764,1024.83075,18042,92,72,(),2,5e+01 a1
yj_m,,False,1789621199656,0.690953843276468,0.6272448623352957,0.1923882869469695,0.05620841733870968,0.015650598414093782,0.08134901902010158,0.07028878906881063,4356.749999999999,454.8580538269604,1.0,0.0024488678200343937,7.624727657445433e-06,1096.375,1045.4765625,291.1011305021443,38.05,51.177756639786764,1024.83075,17542,92,72,(),2,5e+01 a1
yj_m,,False,1789621199706,0.6365949454800484,0.5827185873641187,0.1923882869469695,0.051786374327956984,0.015650598414093782,0.08134901902010158,0.07028878906881063,4356.749999999999,454.8580538269604,1.0,0.0024488678200343937,7.624727657445433e-06,1014.125,963.2265625,291.1011305021443,38.05,51.177756639786764,1024.83075,16226,92,72,(),2,5e+01 a1
yj_m,,False,1789621199756,0.6172223595632393,0.5669454387406174,0.1923882869469695,0.050210433467741934,0.015650598414093782,0.08134901902010158,0.07028878906881063,4356.749999999999,454.8580538269604,1.0,0.0024488678200343937,7.624727657445433e-06,984.8125,933.9140625,291.1011305021443,38.05,51.177756639786764,1024.83075,15757,93,72,(),2,5e+01 a1
yj_m,,False,1789621199806,0.6133395811492094,0.5637907808829554,0.1923882869469695,0.049894573252688174,0.015650598414093782,0.08134901902010158,0.07028878906881063,4356.749999999999,454.8580538269604,1.0,0.0024488678200343937,7.624727657445433e-06,978.9375,928.0390625,291.1011305021443,38.05,51.177756639786764,1024.83075,15663,93,72,(),2,5e+01 a1
yj_m,,False,1789621200206,0.5091968217774772,0.5782788602342578,0.37761278972719436,0.021104250672043013,0.015650598414093782,0.04144615553249806,0.035648386289091914,4356.749999999999,454.8580538269604,1.0,0.0024488678200343937,3.88468911106764e-06,443.4375,392.5390625,291.1011305021443,38.05,54.10643731753758,1024.83075,7095,93,73,(),3,5e+01 a1
yj_m,,False,1789621200256,0.4757131657091562,0.556784700206927,0.37761278972719436,0.01971648185483871,0.015650598414093782,0.04144615553249806,0.035648386289091914,4356.749999999999,454.8580538269604,1.0,0.0024488678200343937,3.88468911106764e-06,417.625,366.7265625,291.1011305021443,38.05,54.10643731753758,1024.83075,6682,93,73,(),3,5e+01 a1
yj_m,,False,1789621200306,0.4584443551945016,0.5459624432083446,0.37761278972719436,0.019000756048387097,0.015650598414093782,0.04144615553249806,0.035648386289091914,4356.749999999999,454.8580538269604,1.0,0.0024488678200343937,3.88468911106764e-06,404.3125,353.4140625,291.1011305021443,38.05,54.10643731753758,1024.83075,6469,93,73,(),3,5e+01 a1
yj_m,,False,1789621200356,0.5312490117304632,0.5927734573313809,0.37761278972719436,0.022018229166666667,0.015650598414093782,0.04144615553249806,0.035648386289091914,4356.749999999999,454.8580538269604,1.0,0.0024488678200343937,3.88468911106764e-06,460.4375,409.5390625,291.1011305021443,38.05,54.10643731753758,1024.83075,7367,93,73,(),3,5e+01 a1
yj_m,,False,1789621200406,0.483982736941526,0.5620323976054936,0.37761278972719436,0.02005922379032258,0.015650598414093782,0.04144615553249806,0.035648386289091914,4356.749999999999,454.8580538269604,1.0,0.0024488678200343937,3.88468911106764e-06,424.0,373.1015625,291.1011305021443,38.05,54.10643731753758,1024.83075,6784,93,73,(),3,5e+01 a1
yj_m,,False,1789621200456,0.5460855954120679,0.6026651019961138,0.37761278972719436,0.022633148521505376,0.015650598414093782,0.04144615553249806,0.035648386289091914,4356.749999999999,454.8580538269604,1.0,0.0024488678200343937,3.88468911106764e-06,471.875,420.9765625,291.1011305021443,38.05,54.10643731753758,1024.83075,7550,93,73,(),3,5e+01 a1
yj_m,,False,1789621200506,0.5696781956926524,0.6186108723556605,0.37761278972719436,0.02361097110215054,0.015650598414093782,0.04144615553249806,0.035648386289091914,4356.749999999999,454.8580538269604,1.0,0.0024488678200343937,3.88468911106764e-06,490.0625,439.1640625,291.1011305021443,38.05,54.10643731753758,1024.83075,7841,93,73,(),3,5e+01 a1
yj_m,,False,1789621200556,0.5444641108567013,0.6015787887495884,0.37761278972719436,0.022565944220430106,0.015650598414093782,0.04144615553249806,0.035648386289091914,4356.749999999999,454.8580538269604,1.0,0.0024488678200343937,3.88468911106764e-06,470.625,419.7265625,291.1011305021443,38.05,54.10643731753758,1024.83075,7530,93,73,(),3,5e+01 a1
yj_m,,False,1789621200606,0.5338433870190499,0.5944952557575791,0.37761278972719436,0.022125756048387096,0.015650598414093782,0.04144615553249806,0.035648386289091914,4356.749999999999,454.8580538269604,1.0,0.0024488678200343937,3.88468911106764e-06,462.4375,411.5390625,291.1011305021443,38.05,54.10643731753758,1024.83075,7399,93,73,(),3,5e+01 a1
yj_m,,False,1789621200656,0.5506257521670945,0.6057134981496247,0.37761278972719436,0.022821320564516127,0.015650598414093782,0.04144615553249806,0.035648386289091914,4356.749999999999,454.8580538269604,1.0,0.0024488678200343937,3.88468911106764e-06,475.375,424.4765625,291.1011305021443,38.05,54.10643731753758,1024.83075,7606,93,73,(),3,5e+01 a1
yj_m,,False,1789621200706,0.5648948162543209,0.6153571940923203,0.37761278972719436,0.023412718413978496,0.015650598414093782,0.04144615553249806,0.035648386289091914,4356.749999999999,454.8580538269604,1.0,0.0024488678200343937,3.88468911106764e-06,486.375,435.4765625,291.1011305021443,38.05,54.10643731753758,1024.83075,7782,93,73,(),3,5e+01 a1
yj_m,,False,1789621200756,0.4978464298899107,0.5709206056426992,0.37761278972719436,0.02063382056451613,0.015650598414093782,0.04144615553249806,0.035648386289091914,4356.749999999999,454.8580538269604,1.0,0.0024488678200343937,3.88468911106764e-06,434.6875,383.7890625,291.1011305021443,38.05,54.10643731753758,1024.83075,6955,94,73,(),3,5e+01 a1
yj_m,,False,1789621200806,0.5517607913558512,0.606477131843691,0.37761278972719436,0.022868363575268818,0.015650598414093782,0.04144615553249806,0.035648386289091914,4356.749999999999,454.8580538269604,1.0,0.0024488678200343937,3.88468911106764e-06,476.25,425.3515625,291.1011305021443,38.05,54.10643731753758,1024.83075,7620,94,73,(),3,5e+01 a1
yj_m,,False,1789621200856,0.4654978130103465,0.5503600841716013,0.37761278972719436,0.019293094758064518,0.015650598414093782,0.04144615553249806,0.035648386289091914,4356.749999999999,454.8580538269604,1.0,0.0024488678200343937,3.88468911106764e-06,409.75,358.8515625,291.1011305021443,38.05,54.10643731753758,1024.83075,6556,94,74,(),3,5e+01 a1
yj_m,,False,1789621200906,0.4584443551945016,0.5459624432083446,0.37761278972719436,0.019000756048387097,0.015650598414093782,0.04144615553249806,0.035648386289091914,4356.749999999999,454.8580538269604,1.0,0.0024488678200343937,3.88468911106764e-06,404.3125,353.4140625,291.1011305021443,38.05,54.10643731753758,1024.83075,6469,94,74,(),3,5e+01 a1
yj_m,,False,1789621200956,0.44295917769075027,0.5364220754163503,0.37761278972719436,0.01835895497311828,0.015650598414093782,0.04144615553249806,0.035648386289091914,4356.749999999999,454.8580538269604,1.0,0.0024488678200343937,3.88468911106764e-06,392.375,341.4765625,291.1011305021443,38.05,54.10643731753758,1024.83075,6278,94,74,(),3,5e+01 a1
yj_m,,False,1789621201006,0.5113047516994537,0.5796532123322898,0.37761278972719436,0.02119161626344086,0.015650598414093782,0.04144615553249806,0.035648386289091914,4356.749999999999,454.8580538269604,1.0,0.0024488678200343937,3.88468911106764e-06,445.0625,394.1640625,291.1011305021443,38.05,54.10643731753758,1024.83075,7121,94,74,(),3,5e+01 a1
yj_m,,False,1789621201056,0.5408157706071264,0.5991392523844786,0.37761278972719436,0.022414734543010753,0.015650598414093782,0.04144615553249806,0.035648386289091914,4356.749999999999,454.8580538269604,1.0,0.0024488678200343937,3.88468911106764e-06,467.8125,416.9140625,291.1011305021443,38.05,54.10643731753758,1024.83075,7485,94,74,(),3,5e+01 a1
yj_m,,False,1789621201106,0.5443019624011646,0.6014702273786083,0.37761278972719436,0.022559223790322578,0.015650598414093782,0.04144615553249806,0.035648386289091914,4356.749999999999,454.8580538269604,1.0,0.0024488678200343937,3.88468911106764e-06,470.5,419.6015625,291.1011305021443,38.05,54.10643731753758,1024.83075,7528,94,74,(),3,5e+01 a1
yj_m,,False,1789621201156,0.46395740268274815,0.5493969664341747,0.37761278972719436,0.01922925067204301,0.015650598414093782,0.04144615553249806,0.035648386289091914,4356.749999999999,454.8580538269604,1.0,0.0024488678200343937,3.88468911106764e-06,408.5625,357.6640625,291.1011305021443,38.05,54.10643731753758,1024.83075,6537,94,74,(),3,5e+01 a1
yj_m,,False,1789621201206,0.49549527728462905,0.5694054344912264,0.37761278972719436,0.020536374327956988,0.015650598414093782,0.04144615553249806,0.035648386289091914,4356.749999999999,454.8580538269604,1.0,0.0024488678200343937,3.88468911106764e-06,432.875,381.9765625,291.1011305021443,38.05,54.10643731753758,1024.83075,6926,94,74,(),3,5e+01 a1
yj_m,,False,1789621201256,0.5434912201234814,0.6009276118579898,0.37761278972719436,0.022525621639784946,0.015650598414093782,0.04144615553249806,0.035648386289091914,4356.749999999999,454.8580538269604,1.0,0.0024488678200343937,3.88468911106764e-06,469.875,418.9765625,291.1011305021443,38.05,54.10643731753758,1024.83075,7518,94,74,(),3,5e+01 a1
yj_m,,False,1789621201306,0.479604728642036,0.5592490700197028,0.37761278972719436,0.019877772177419352,0.015650598414093782,0.04144615553249806,0.035648386289091914,4356.749999999999,454.8580538269604,1.0,0.0024488678200343937,3.88468911106764e-06,420.625,369.7265625,291.1011305021443,38.05,54.10643731753758,1024.83075,6730,94,74,(),3,5e+01 a1
yj_m,,False,1789621201356,0.49217123394612744,0.5672686915537721,0.37761278972719436,0.020398605510752687,0.015650598414093782,0.04144615553249806,0.035648386289091914,4356.749999999999,454.8580538269604,1.0,0.0024488678200343937,3.88468911106764e-06,430.3125,379.4140625,291.1011305021443,38.05,54.10643731753758,1024.83075,6885,94,74,(),3,5e+01 a1
yj_m,,False,1789621201406,0.5263845580643634,0.5895542966139803,0.37761278972719436,0.02181661626344086,0.015650598414093782,0.04144615553249806,0.035648386289091914,4356.749999999999,454.8580538269604,1.0,0.0024488678200343937,3.88468911106764e-06,456.6875,405.7890625,291.1011305021443,38.05,54.10643731753758,1024.83075,7307,94,74,(),3,5e+01 a1
yj_m,,False,1789621201456,0.5657055585320042,0.6159079404195295,0.37761278972719436,0.02344632056451613,0.015650598414093782,0.04144615553249806,0.035648386289091914,4356.749999999999,454.8580538269604,1.0,0.0024488678200343937,3.88468911106764e-06,487.0,436.1015625,291.1011305021443,38.05,54.10643731753758,1024.83075,7792,94,74,(),3,5e+01 a1
yj_m,,False,1789621201506,0.5685431565038958,0.6178378844334564,0.37761278972719436,0.02356392809139785,0.015650598414093782,0.04144615553249806,0.035648386289091914,4356.749999999999,454.8580538269604,1.0,0.0024488678200343937,3.88468911106764e-06,489.1875,438.2890625,291.1011305021443,38.05,54.10643731753758,1024.83075,7827,94,74,(),3,5e+01 a1
yj_m,,False,1789621201556,0.5614086244602826,0.6129923857370598,0.37761278972719436,0.023268229166666664,0.015650598414093782,0.04144615553249806,0.035648386289091914,4356.749999999999,454.8580538269604,1.0,0.0024488678200343937,3.88468911106764e-06,483.6875,432.7890625,291.1011305021443,38.05,54.10643731753758,1024.83075,7739,94,74,(),3,5e+01 a1
yj_m,,False,1789621201606,0.5515175686725462,0.6063134446861427,0.37761278972719436,0.02285828293010753,0.015650598414093782,0.04144615553249806,0.035648386289091914,4356.749999999999,454.8580538269604,1.0,0.0024488678200343937,3.88468911106764e-06,476.0625,425.1640625,291.1011305021443,38.05,54.10643731753758,1024.83075,7617,94,74,(),3,5e+01 a1
yj_m,,False,1789621201656,0.5305193436805483,0.5922898144331381,0.37761278972719436,0.021987987231182796,0.015650598414093782,0.04144615553249806,0.035648386289091914,4356.749999999999,454.8580538269604,1.0,0.0024488678200343937,3.88468911106764e-06,459.875,408.9765625,291.1011305021443,38.05,54.10643731753758,1024.83075,7358,94,74,(),3,5e+01 a1
yj_m,,False,1789621201706,0.5237091085480085,0.5877889379519723,0.37761278972719436,0.021705729166666667,0.015650598414093782,0.04144615553249806,0.035648386289091914,4356.749999999999,454.8580538269604,1.0,0.0024488678200343937,3.88468911106764e-06,454.625,403.7265625,291.1011305021443,38.05,54.10643731753758,1024.83075,7274,94,74,(),3,5e+01 a1
yj_m,,False,1789621201756,0.5263845580643634,0.5895542966139803,0.37761278972719436,0.02181661626344086,0.015650598414093782,0.04144615553249806,0.035648386289091914,4356.749999999999,454.8580538269604,1.0,0.0024488678200343937,3.88468911106764e-06,456.6875,405.7890625,291.1011305021443,38.05,54.10643731753758,1024.83075,7307,95,74,(),3,5e+01 a1
yj_m,,False,1789621201806,0.5510311233059362,0.6059861543866099,0.37761278972719436,0.022838121639784947,0.015650598414093782,0.04144615553249806,0.035648386289091914,4356.749999999999,454.8580538269604,1.0,0.0024488678200343937,3.88468911106764e-06,475.6875,424.7890625,291.1011305021443,38.05,54.10643731753758,1024.83075,7611,95,74,(),3,5e+01 a1
yj_m,,False,1789621201856,0.5519229398113878,0.6065862721584343,0.37761278972719436,0.022875084005376346,0.015650598414093782,0.04144615553249806,0.035648386289091914,4356.749999999999,454.8580538269604,1.0,0.0024488678200343937,3.88468911106764e-06,476.375,425.4765625,291.1011305021443,38.05,54.10643731753758,1024.83075,7622,95,75,(),3,5e+01 a1
yj_m,,False,1789621201906,0.5264656322921317,0.5896078500224573,0.37761278972719436,0.021819976478494624,0.015650598414093782,0.04144615553249806,0.035648386289091914,4356.749999999999,454.8580538269604,1.0,0.0024488678200343937,3.88468911106764e-06,456.75,405.8515625,291.1011305021443,38.05,54.10643731753758,1024.83075,7308,95,75,(),3,5e+01 a1
yj_m,,False,1789621201956,0.5256548900144484,0.589072468317366,0.37761278972719436,0.02178637432795699,0.015650598414093782,0.04144615553249806,0.035648386289091914,4356.749999999999,454.8580538269604,1.0,0.0024488678200343937,3.88468911106764e-06,456.125,405.2265625,291.1011305021443,38.05,54.10643731753758,1024.83075,7298,95,75,(),3,5e+01 a1
yj_m,,False,1789621202006,0.5387889149129181,0.5977867702825435,0.37761278972719436,0.022330729166666667,0.015650598414093782,0.04144615553249806,0.035648386289091914,4356.749999999999,454.8580538269604,1.0,0.0024488678200343937,3.88468911106764e-06,466.25,415.3515625,291.1011305021443,38.05,54.10643731753758,1024.83075,7460,95,75,(),3,5e+01 a1
yj_m,,False,1789621202056,0.5317354570970734,0.5930960357726581,0.37761278972719436,0.02203839045698925,0.015650598414093782,0.04144615553249806,0.035648386289091914,4356.749999999999,454.8580538269604,1.0,0.0024488678200343937,3.88468911106764e-06,460.8125,409.9140625,291.1011305021443,38.05,54.10643731753758,1024.83075,7373,95,75,(),3,5e+01 a1
yj_m,,False,1789621202106,0.47628068530353457,0.5571435139307753,0.37761278972719436,0.019740003360215055,0.015650598414093782,0.04144615553249806,0.035648386289091914,4356.749999999999,454.8580538269604,1.0,0.0024488678200343937,3.88468911106764e-06,418.0625,367.1640625,291.1011305021443,38.05,54.10643731753758,1024.83075,6689,95,75,(),3,5e+01 a1
yj_m,,False,1789621202156,0.5570306161607927,0.610030518199364,0.37761278972719436,0.02308677755376344,0.015650598414093782,0.04144615553249806,0.035648386289091914,4356.749999999999,454.8580538269604,1.0,0.0024488678200343937,3.88468911106764e-06,480.3125,429.4140625,291.1011305021443,38.05,54.10643731753758,1024.83075,7685,95,75,(),3,5e+01 a1
yj_m,,False,1789621202206,0.45625535104475673,0.54460417927615,0.37761278972719436,0.018910030241935487,0.015650598414093782,0.04144615553249806,0.035648386289091914,4356.749999999999,454.8580538269604,1.0,0.0024488678200343937,3.88468911106764e-06,402.625,351.7265625,291.1011305021443,38.05,54.10643731753758,1024.83075,6442,95,75,(),3,5e+01 a1
yj_m,,False,1789621202256,0.47660498221460784,0.5573486385734755,0.37761278972719436,0.019753444220430107,0.015650598414093782,0.04144615553249806,0.035648386289091914,4356.749999999999,454.8580538269604,1.0,0.0024488678200343937,3.88468911106764e-06,418.3125,367.4140625,291.1011305021443,38.05,54.10643731753758,1024.83075,6693,95,75,(),3,5e+01 a1
yj_m,,False,1789621202306,0.5083050052720254,0.5776981322440454,0.37761278972719436,0.02106728830645161,0.015650598414093782,0.04144615553249806,0.035648386289091914,4356.749999999999,454.8580538269604,1.0,0.0024488678200343937,3.88468911106764e-06,442.75,391.8515625,291.1011305021443,38.05,54.10643731753758,1024.83075,7084,95,75,(),3,5e+01 a1
yj_m,,False,1789621202356,0.5440587397178597,0.6013074092238139,0.37761278972719436,0.02254914314516129,0.015650598414093782,0.04144615553249806,0.035648386289091914,4356.749999999999,454.8580538269604,1.0,0.0024488678200343937,3.88468911106764e-06,470.3125,419.4140625,291.1011305021443,38.05,54.10643731753758,1024.83075,7525,95,75,(),3,5e+01 a1
yj_m,,False,1789621202406,0.5378970984074665,0.5971923200287321,0.37761278972719436,0.022293766801075268,0.015650598414093782,0.04144615553249806,0.035648386289091914,4356.749999999999,454.8580538269604,1.0,0.0024488678200343937,3.88468911106764e-06,465.5625,414.6640625,291.1011305021443,38.05,54.10643731753758,1024.83075,7449,95,75,(),3,5e+01 a1
yj_m,,False,1789621202456,0.5164124280488587,0.5829933204998273,0.37761278972719436,0.021403309811827958,0.015650598414093782,0.04144615553249806,0.035648386289091914,4356.749999999999,454.8580538269604,1.0,0.0024488678200343937,3.88468911106764e-06,449.0,398.1015625,291.1011305021443,38.05,54.10643731753758,1024.83075,7184,95,75,(),3,5e+01 a1
yj_m,,False,1789621202506,0.44676966639586185,0.538754833300333,0.37761278972719436,0.01851688508064516,0.015650598414093782,0.04144615553249806,0.035648386289091914,4356.749999999999,454.8580538269604,1.0,0.0024488678200343937,3.88468911106764e-06,395.3125,344.4140625,291.1011305021443,38.05,54.10643731753758,1024.83075,6325,95,75,(),3,5e+01 a1
yj_m,,False,1789621202556,0.44271595500744526,0.5362735115209651,0.37761278972719436,0.01834887432795699,0.015650598414093782,0.04144615553249806,0.035648386289091914,4356.749999999999,454.8580538269604,1.0,0.0024488678200343937,3.88468911106764e-06,392.1875,341.2890625,291.1011305021443,38.05,54.10643731753758,1024.83075,6275,95,75,(),3,5e+01 a1
yj_m,,False,1789621202606,0.5342487581578915,0.594764592768062,0.37761278972719436,0.022142557123655912,0.015650598414093782,0.04144615553249806,0.035648386289091914,4356.749999999999,454.8580538269604,1.0,0.0024488678200343937,3.88468911106764e-06,462.75,411.8515625,291.1011305021443,38.05,54.10643731753758,1024.83075,7404,95,75,(),3,5e+01 a1
yj_m,,False,1789621202656,0.5623004409657343,0.6135968094596048,0.37761278972719436,0.023305191532258067,0.015650598414093782,0.04144615553249806,0.035648386289091914,4356.749999999999,454.8580538269604,1.0,0.0024488678200343937,3.88468911106764e-06,484.375,433.4765625,291.1011305021443,38.05,54.10643731753758,1024.83075,7750,95,75,(),3,5e+01 a1
yj_m,,False,1789621202706,0.4970356876122274,0.5703977775940262,0.37761278972719436,0.020600218413978494,0.015650598414093782,0.04144615553249806,0.035648386289091914,4356.749999999999,454.8580538269604,1.0,0.0024488678200343937,3.88468911106764e-06,434.0625,383.1640625,291.1011305021443,38.05,54.10643731753758,1024.83075,6945,95,75,(),3,5e+01 a1
yj_m,,False,1789621202756,0.559300694538306,0.6115651977372184,0.37761278972719436,0.023180863575268818,0.015650598414093782,0.04144615553249806,0.035648386289091914,4356.749999999999,454.8580538269604,1.0,0.0024488678200343937,3.88468911106764e-06,482.0625,431.1640625,291.1011305021443,38.05,54.10643731753758,1024.83075,7713,96,75,(),3,5e+01 a1
yj_m,,False,1789621202806,0.5293843044917916,0.591538018551041,0.37761278972719436,0.02194094422043011,0.015650598414093782,0.04144615553249806,0.035648386289091914,4356.749999999999,454.8580538269604,1.0,0.0024488678200343937,3.88468911106764e-06,459.0,408.1015625,291.1011305021443,38.05,54.10643731753758,1024.83075,7344,96,75,(),3,5e+01 a1
yj_m,,False,1789621202856,0.5284114137585717,0.5908941445593549,0.37761278972719436,0.021900621639784946,0.015650598414093782,0.04144615553249806,0.035648386289091914,4356.749999999999,454.8580538269604,1.0,0.0024488678200343937,3.88468911106764e-06,458.25,407.3515625,291.1011305021443,38.05,54.10643731753758,1024.83075,7332,96,76,(),3,5e+01 a1
yj_m,,False,1789621202906,0.5347352035245015,0.5950879059257294,0.37761278972719436,0.022162718413978495,0.015650598414093782,0.04144615553249806,0.035648386289091914,4356.749999999999,454.8580538269604,1.0,0.0024488678200343937,3.88468911106764e-06,463.125,412.2265625,291.1011305021443,38.05,54.10643731753758,1024.83075,7410,96,76,(),3,5e+01 a1
yj_m,,False,1789621202956,0.5419508097958831,0.5998975233748715,0.37761278972719436,0.02246177755376344,0.015650598414093782,0.04144615553249806,0.035648386289091914,4356.749999999999,454.8580538269604,1.0,0.0024488678200343937,3.88468911106764e-06,468.6875,417.7890625,291.1011305021443,38.05,54.10643731753758,1024.83075,7499,96,76,(),3,5e+01 a1
yj_m,,False,1789621203006,0.52995182408617,0.5919138345775424,0.37761278972719436,0.021964465725806452,0.015650598414093782,0.04144615553249806,0.035648386289091914,4356.749999999999,454.8580538269604,1.0,0.0024488678200343937,3.88468911106764e-06,459.4375,408.5390625,291.1011305021443,38.05,54.10643731753758,1024.83075,7351,96,76,(),3,5e+01 a1
yj_m,,False,1789621203056,0.5593817687660744,0.6116200517825584,0.37761278972719436,0.023184223790322582,0.015650598414093782,0.04144615553249806,0.035648386289091914,4356.749999999999,454.8580538269604,1.0,0.0024488678200343937,3.88468911106764e-06,482.125,431.2265625,291.1011305021443,38.05,54.10643731753758,1024.83075,7714,96,76,(),3,5e+01 a1
yj_m,,False,1789621203106,0.4908740463018342,0.5664365687768962,0.37761278972719436,0.020344842069892472,0.015650598414093782,0.04144615553249806,0.035648386289091914,4356.749999999999,454.8580538269604,1.0,0.0024488678200343937,3.88468911106764e-06,429.3125,378.4140625,291.1011305021443,38.05,54.10643731753758,1024.83075,6869,96,76,(),3,5e+01 a1
yj_m,,False,1789621203156,0.5666784492652241,0.6165692276814231,0.37761278972719436,0.02348664314516129,0.015650598414093782,0.04144615553249806,0.035648386289091914,4356.749999999999,454.8580538269604,1.0,0.0024488678200343937,3.88468911106764e-06,487.75,436.8515625,291.1011305021443,38.05,54.10643731753758,1024.83075,7804,96,76,(),3,5e+01 a1
yj_m,,False,1789621203206,0.5588953233994643,0.6112909729977073,0.37761278972719436,0.023164062500000002,0.015650598414093782,0.04144615553249806,0.035648386289091914,4356.749999999999,454.8580538269604,1.0,0.0024488678200343937,3.88468911106764e-06,481.75,430.8515625,291.1011305021443,38.05,54.10643731753758,1024.83075,7708,96,76,(),3,5e+01 a1
yj_m,,False,1789621203256,0.5384646180018448,0.5975705610499804,0.37761278972719436,0.02231728830645161,0.015650598414093782,0.04144615553249806,0.035648386289091914,4356.749999999999,454.8580538269604,1.0,0.0024488678200343937,3.88468911106764e-06,466.0,415.1015625,291.1011305021443,38.05,54.10643731753758,1024.83075,7456,96,76,(),3,5e+01 a1
yj_m,,False,1789621203306,0.467605742932323,0.5516804664406836,0.37761278972719436,0.019380460349462364,0.015650598414093782,0.04144615553249806,0.035648386289091914,4356.749999999999,454.8580538269604,1.0,0.0024488678200343937,3.88468911106764e-06,411.375,360.4765625,291.1011305021443,38.05,54.10643731753758,1024.83075,6582,96,76,(),3,5e+01 a1
yj_m,,False,1789621203356,0.4855231472691243,0.5630144338475548,0.37761278972719436,0.020123067876344086,0.015650598414093782,0.04144615553249806,0.035648386289091914,4356.749999999999,454.8580538269604,1.0,0.0024488678200343937,3.88468911106764e-06,425.1875,374.2890625,291.1011305021443,38.05,54.10643731753758,1024.83075,6803,96,76,(),3,5e+01 a1
yj_m,,False,1789621203406,0.5238712570035451,0.5878958238776368,0.37761278972719436,0.021712449596774194,0.015650598414093782,0.04144615553249806,0.035648386289091914,4356.749999999999,454.8580538269604,1.0,0.0024488678200343937,3.88468911106764e-06,454.75,403.8515625,291.1011305021443,38.05,54.10643731753758,1024.83075,7276,96,76,(),3,5e+01 a1
yj_m,,False,1789621203456,0.5684620822761274,0.6177826930348289,0.37761278972719436,0.023560567876344085,0.015650598414093782,0.04144615553249806,0.035648386289091914,4356.749999999999,454.8580538269604,1.0,0.0024488678200343937,3.88468911106764e-06,489.125,438.2265625,291.1011305021443,38.05,54.10643731753758,1024.83075,7826,96,76,(),3,5e+01 a1
yj_m,,False,1789621203506,0.5053863330723656,0.5758006174323053,0.37761278972719436,0.02094632056451613,0.015650598414093782,0.04144615553249806,0.035648386289091914,4356.749999999999,454.8580538269604,1.0,0.0024488678200343937,3.88468911106764e-06,440.5,389.6015625,291.1011305021443,38.05,54.10643731753758,1024.83075,7048,96,76,(),3,5e+01 a1
yj_m,,False,1789621203556,0.5511932717614729,0.6060952386985285,0.37761278972719436,0.022844842069892474,0.015650598414093782,0.04144615553249806,0.035648386289091914,4356.749999999999,454.8580538269604,1.0,0.0024488678200343937,3.88468911106764e-06,475.8125,424.9140625,291.1011305021443,38.05,54.10643731753758,1024.83075,7613,96,76,(),3,5e+01 a1
yj_m,,False,1789621203607,0.5040891454280723,0.5749587857031936,0.37761278972719436,0.020892557123655914,0.015650598414093782,0.04144615553249806,0.035648386289091914,4356.749999999999,454.8580538269604,1.0,0.0024488678200343937,3.88468911106764e-06,439.5,388.6015625,291.1011305021443,38.05,54.10643731753758,1024.83075,7032,96,76,(),3,5e+01 a1
yj_m,,False,1789621203656,0.5025487351004739,0.5739603238350761,0.37761278972719436,0.020828713037634408,0.015650598414093782,0.04144615553249806,0.035648386289091914,4356.749999999999,454.8580538269604,1.0,0.0024488678200343937,3.88468911106764e-06,438.3125,387.4140625,291.1011305021443,38.05,54.10643731753758,1024.83075,7013,96,76,(),3,5e+01 a1
yj_m,,False,1789621203706,0.5224929951314835,0.5869877293522322,0.37761278972719436,0.021655325940860216,0.015650598414093782,0.04144615553249806,0.035648386289091914,4356.749999999999,454.8580538269604,1.0,0.0024488678200343937,3.88468911106764e-06,453.6875,402.7890625,291.1011305021443,38.05,54.10643731753758,1024.83075,7259,96,76,(),3,5e+01 a1
yj_m,,False,1789621203756,0.5165745765043953,0.5830995844037707,0.37761278972719436,0.021410030241935486,0.015650598414093782,0.04144615553249806,0.035648386289091914,4356.749999999999,454.8580538269604,1.0,0.0024488678200343937,3.88468911106764e-06,449.125,398.2265625,291.1011305021443,38.05,54.10643731753758,1024.83075,7186,97,76,(),3,5e+01 a1
yj_m,,False,1789621203806,0.49346842159042087,0.5681017867297481,0.37761278972719436,0.020452368951612905,0.015650598414093782,0.04144615553249806,0.035648386289091914,4356.749999999999,454.8580538269604,1.0,0.0024488678200343937,3.88468911106764e-06,431.3125,380.4140625,291.1011305021443,38.05,54.10643731753758,1024.83075,6901,97,76,(),3,5e+01 a1
yj_m,,False,1789621203856,0.4929009019960425,0.5677371882138088,0.37761278972719436,0.020428847446236558,0.015650598414093782,0.04144615553249806,0.035648386289091914,4356.749999999999,454.8580538269604,1.0,0.0024488678200343937,3.88468911106764e-06,430.875,379.9765625,291.1011305021443,38.05,54.10643731753758,1024.83075,6894,97,77,(),3,5e+01 a1
yj_m,,False,1789621203906,0.49030652670745584,0.5660728219317493,0.37761278972719436,0.02032132056451613,0.015650598414093782,0.04144615553249806,0.035648386289091914,4356.749999999999,454.8580538269604,1.0,0.0024488678200343937,3.88468911106764e-06,428.875,377.9765625,291.1011305021443,38.05,54.10643731753758,1024.83075,6862,97,77,(),3,5e+01 a1
yj_m,,False,1789621203956,0.49460346077917744,0.5688315393212748,0.37761278972719436,0.020499411962365592,0.015650598414093782,0.04144615553249806,0.035648386289091914,4356.749999999999,454.8580538269604,1.0,0.0024488678200343937,3.88468911106764e-06,432.1875,381.2890625,291.1011305021443,38.05,54.10643731753758,1024.83075,6915,97,77,(),3,5e+01 a1
yj_m,,False,1789621204006,0.48990115556861424,0.5658131174121763,0.37761278972719436,0.020304519489247313,0.015650598414093782,0.04144615553249806,0.035648386289091914,4356.749999999999,454.8580538269604,1.0,0.0024488678200343937,3.88468911106764e-06,428.5625,377.6640625,291.1011305021443,38.05,54.10643731753758,1024.83075,6857,97,77,(),3,5e+01 a1
yj_m,,False,1789621204056,0.5543551666444377,0.6082248643244298,0.37761278972719436,0.022975890456989247,0.015650598414093782,0.04144615553249806,0.035648386289091914,4356.749999999999,454.8580538269604,1.0,0.0024488678200343937,3.88468911106764e-06,478.25,427.3515625,291.1011305021443,38.05,54.10643731753758,1024.83075,7652,97,77,(),3,5e+01 a1
yj_m,,False,1789621204106,0.5439776654900913,0.6012531428827812,0.37761278972719436,0.022545782930107526,0.015650598414093782,0.04144615553249806,0.035648386289091914,4356.749999999999,454.8580538269604,1.0,0.0024488678200343937,3.88468911106764e-06,470.25,419.3515625,291.1011305021443,38.05,54.10643731753758,1024.83075,7524,97,77,(),3,5e+01 a1
yj_m,,False,1789621204156,0.5532201274556812,0.6074598414714302,0.37761278972719436,0.02292884744623656,0.015650598414093782,0.04144615553249806,0.035648386289091914,4356.749999999999,454.8580538269604,1.0,0.0024488678200343937,3.88468911106764e-06,477.375,426.4765625,291.1011305021443,38.05,54.10643731753758,1024.83075,7638,97,77,(),3,5e+01 a1
yj_m,,False,1789621204206,0.5537876470500595,0.6078422772557917,0.37761278972719436,0.022952368951612904,0.015650598414093782,0.04144615553249806,0.035648386289091914,4356.749999999999,454.8580538269604,1.0,0.0024488678200343937,3.88468911106764e-06,477.8125,426.9140625,291.1011305021443,38.05,54.10643731753758,1024.83075,7645,97,77,(),3,5e+01 a1
yj_m,,False,1789621204256,0.5533012016834495,0.607514465881778,0.37761278972719436,0.022932207661290324,0.015650598414093782,0.04144615553249806,0.035648386289091914,4356.749999999999,454.8580538269604,1.0,0.0024488678200343937,3.88468911106764e-06,477.4375,426.5390625,291.1011305021443,38.05,54.10643731753758,1024.83075,7639,97,77,(),3,5e+01 a1
yj_m,,False,1789621204306,0.5325461993747566,0.5936339322915468,0.37761278972719436,0.02207199260752688,0.015650598414093782,0.04144615553249806,0.035648386289091914,4356.749999999999,454.8580538269604,1.0,0.0024488678200343937,3.88468911106764e-06,461.4375,410.5390625,291.1011305021443,38.05,54.10643731753758,1024.83075,7383,97,77,(),3,5e+01 a1
yj_m,,False,1789621204356,0.5594628429938426,0.6116749088584739,0.37761278972719436,0.023187584005376342,0.015650598414093782,0.04144615553249806,0.035648386289091914,4356.749999999999,454.8580538269604,1.0,0.0024488678200343937,3.88468911106764e-06,482.1875,431.2890625,291.1011305021443,38.05,54.10643731753758,1024.83075,7715,97,77,(),3,5e+01 a1
yj_m,,False,1789621204406,0.49833287525652065,0.571234481385644,0.37761278972719436,0.02065398185483871,0.015650598414093782,0.04144615553249806,0.035648386289091914,4356.749999999999,454.8580538269604,1.0,0.0024488678200343937,3.88468911106764e-06,435.0625,384.1640625,291.1011305021443,38.05,54.10643731753758,1024.83075,6961,97,77,(),3,5e+01 a1
yj_m,,False,1789621204456,0.5702457152870307,0.6189975817321673,0.37761278972719436,0.02363449260752688,0.015650598414093782,0.04144615553249806,0.035648386289091914,4356.749999999999,454.8580538269604,1.0,0.0024488678200343937,3.88468911106764e-06,490.5,439.6015625,291.1011305021443,38.05,54.10643731753758,1024.83075,7848,97,77,(),3,5e+01 a1
yj_m,,False,1789621204506,0.543410145895713,0.6008733678654941,0.37761278972719436,0.022522261424731183,0.015650598414093782,0.04144615553249806,0.035648386289091914,4356.749999999999,454.8580538269604,1.0,0.0024488678200343937,3.88468911106764e-06,469.8125,418.9140625,291.1011305021443,38.05,54.10643731753758,1024.83075,7517,97,77,(),3,5e+01 a1
yj_m,,False,1789621204556,0.5114669001549904,0.5797590316267983,0.37761278972719436,0.021198336693548387,0.015650598414093782,0.04144615553249806,0.035648386289091914,4356.749999999999,454.8580538269604,1.0,0.0024488678200343937,3.88468911106764e-06,445.1875,394.2890625,291.1011305021443,38.05,54.10643731753758,1024.83075,7123,97,77,(),3,5e+01 a1
yj_m,,False,1789621204606,0.5594628429938426,0.6116749088584739,0.37761278972719436,0.023187584005376342,0.015650598414093782,0.04144615553249806,0.035648386289091914,4356.749999999999,454.8580538269604,1.0,0.0024488678200343937,3.88468911106764e-06,482.1875,431.2890625,291.1011305021443,38.05,54.10643731753758,1024.83075,7715,97,77,(),3,5e+01 a1
yj_m,,False,1789621204656,0.5750290947253622,0.6222626550917935,0.37761278972719436,0.023832745295698923,0.015650598414093782,0.04144615553249806,0.035648386289091914,4356.749999999999,454.8580538269604,1.0,0.0024488678200343937,3.88468911106764e-06,494.1875,443.2890625,291.1011305021443,38.05,54.10643731753758,1024.83075,7907,97,77,(),3,5e+01 a1
yj_m,,False,1789621204706,0.5759209112308139,0.6228725102651986,0.37761278972719436,0.02386970766129032,0.015650598414093782,0.04144615553249806,0.035648386289091914,4356.749999999999,454.8580538269604,1.0,0.0024488678200343937,3.88468911106764e-06,494.875,443.9765625,291.1011305021443,38.05,54.10643731753758,1024.83075,7918,97,77,(),3,5e+01 a1
yj_m,,False,1789621204756,0.5725157936645441,0.6205458490751173,0.37761278972719436,0.02372857862903226,0.015650598414093782,0.04144615553249806,0.035648386289091914,4356.749999999999,454.8580538269604,1.0,0.0024488678200343937,3.88468911106764e-06,492.25,441.3515625,291.1011305021443,38.05,54.10643731753758,1024.83075,7876,98,77,(),3,5e+01 a1
yj_m,,False,1789621204806,0.5241955539146185,0.588109636671193,0.37761278972719436,0.02172589045698925,0.015650598414093782,0.04144615553249806,0.035648386289091914,4356.749999999999,454.8580538269604,1.0,0.0024488678200343937,3.88468911106764e-06,455.0,404.1015625,291.1011305021443,38.05,54.10643731753758,1024.83075,7280,98,77,(),3,5e+01 a1
yj_m,,False,1789621204856,0.45357990152840166,0.5429483310349766,0.37761278972719436,0.01879914314516129,0.015650598414093782,0.04144615553249806,0.035648386289091914,4356.749999999999,454.8580538269604,1.0,0.0024488678200343937,3.88468911106764e-06,400.5625,349.6640625,291.1011305021443,38.05,54.10643731753758,1024.83075,6409,98,78,(),3,5e+01 a1
yj_m,,False,1789621204906,0.5092778960052454,0.5783316752210035,0.37761278972719436,0.021107610887096773,0.015650598414093782,0.04144615553249806,0.035648386289091914,4356.749999999999,454.8580538269604,1.0,0.0024488678200343937,3.88468911106764e-06,443.5,392.6015625,291.1011305021443,38.05,54.10643731753758,1024.83075,7096,98,78,(),3,5e+01 a1
yj_m,,False,1789621204956,0.5273574487975834,0.5901971605800288,0.37761278972719436,0.021856938844086023,0.015650598414093782,0.04144615553249806,0.035648386289091914,4356.749999999999,454.8580538269604,1.0,0.0024488678200343937,3.88468911106764e-06,457.4375,406.5390625,291.1011305021443,38.05,54.10643731753758,1024.83075,7319,98,78,(),3,5e+01 a1
yj_m,,False,1789621205006,0.547301708828593,0.6034806688253916,0.37761278972719436,0.02268355174731183,0.015650598414093782,0.04144615553249806,0.035648386289091914,4356.749999999999,454.8580538269604,1.0,0.0024488678200343937,3.88468911106764e-06,472.8125,421.9140625,291.1011305021443,38.05,54.10643731753758,1024.83075,7565,98,78,(),3,5e+01 a1
yj_m,,False,1789621205056,0.5460855954120679,0.6026651019961138,0.37761278972719436,0.022633148521505376,0.015650598414093782,0.04144615553249806,0.035648386289091914,4356.749999999999,454.8580538269604,1.0,0.0024488678200343937,3.88468911106764e-06,471.875,420.9765625,291.1011305021443,38.05,54.10643731753758,1024.83075,7550,98,78,(),3,5e+01 a1
yj_m,,False,1789621205106,0.5373295788130882,0.5968142385306869,0.37761278972719436,0.022270245295698925,0.015650598414093782,0.04144615553249806,0.035648386289091914,4356.749999999999,454.8580538269604,1.0,0.0024488678200343937,3.88468911106764e-06,465.125,414.2265625,291.1011305021443,38.05,54.10643731753758,1024.83075,7442,98,78,(),3,5e+01 a1
yj_m,,False,1789621205156,0.5379781726352348,0.5972463447006799,0.37761278972719436,0.022297127016129032,0.015650598414093782,0.04144615553249806,0.035648386289091914,4356.749999999999,454.8580538269604,1.0,0.0024488678200343937,3.88468911106764e-06,465.625,414.7265625,291.1011305021443,38.05,54.10643731753758,1024.83075,7450,98,78,(),3,5e+01 a1
yj_m,,False,1789621205206,0.4542284953505483,0.5433493172192226,0.37761278972719436,0.018826024865591397,0.015650598414093782,0.04144615553249806,0.035648386289091914,4356.749999999999,454.8580538269604,1.0,0.0024488678200343937,3.88468911106764e-06,401.0625,350.1640625,291.1011305021443,38.05,54.10643731753758,1024.83075,6417,98,78,(),3,5e+01 a1
yj_m,,False,1789621205256,0.5391132118239915,0.5980030314490627,0.37761278972719436,0.022344170026881723,0.015650598414093782,0.04144615553249806,0.035648386289091914,4356.749999999999,454.8580538269604,1.0,0.0024488678200343937,3.88468911106764e-06,466.5,415.6015625,291.1011305021443,38.05,54.10643731753758,1024.83075,7464,98,78,(),3,5e+01 a1
yj_m,,False,1789621205306,0.530195046769475,0.592074948758859,0.37761278972719436,0.021974546370967744,0.015650598414093782,0.04144615553249806,0.035648386289091914,4356.749999999999,454.8580538269604,1.0,0.0024488678200343937,3.88468911106764e-06,459.625,408.7265625,291.1011305021443,38.05,54.10643731753758,1024.83075,7354,98,78,(),3,5e+01 a1
yj_m,,False,1789621205356,0.5039269969725355,0.5748536223178787,0.37761278972719436,0.020885836693548387,0.015650598414093782,0.04144615553249806,0.035648386289091914,4356.749999999999,454.8580538269604,1.0,0.0024488678200343937,3.88468911106764e-06,439.375,388.4765625,291.1011305021443,38.05,54.10643731753758,1024.83075,7030,98,78,(),3,5e+01 a1
yj_m,,False,1789621205406,0.5012515474561806,0.5731205403537154,0.37761278972719436,0.020774949596774193,0.015650598414093782,0.04144615553249806,0.035648386289091914,4356.749999999999,454.8580538269604,1.0,0.0024488678200343937,3.88468911106764e-06,437.3125,386.4140625,291.1011305021443,38.05,54.10643731753758,1024.83075,6997,98,78,(),3,5e+01 a1
yj_m,,False,1789621205456,0.49103619475737087,0.5665405307994316,0.37761278972719436,0.0203515625,0.015650598414093782,0.04144615553249806,0.035648386289091914,4356.749999999999,454.8580538269604,1.0,0.0024488678200343937,3.88468911106764e-06,429.4375,378.5390625,291.1011305021443,38.05,54.10643731753758,1024.83075,6871,98,78,(),3,5e+01 a1
yj_m,,False,1789621205506,0.5211958074871902,0.5861339571515662,0.37761278972719436,0.0216015625,0.015650598414093782,0.04144615553249806,0.035648386289091914,4356.749999999999,454.8580538269604,1.0,0.0024488678200343937,3.88468911106764e-06,452.6875,401.7890625,291.1011305021443,38.05,54.10643731753758,1024.83075,7243,98,78,(),3,5e+01 a1
yj_m,,False,1789621205556,0.5061160011222805,0.576274556649552,0.37761278972719436,0.0209765625,0.015650598414093782,0.04144615553249806,0.035648386289091914,4356.749999999999,454.8580538269604,1.0,0.0024488678200343937,3.88468911106764e-06,441.0625,390.1640625,291.1011305021443,38.05,54.10643731753758,1024.83075,7057,98,78,(),3,5e+01 a1
yj_m,,False,1789621205606,0.5263034838365951,0.5895007465892577,0.37761278972719436,0.021813256048387096,0.015650598414093782,0.04144615553249806,0.035648386289091914,4356.749999999999,454.8580538269604,1.0,0.0024488678200343937,3.88468911106764e-06,456.625,405.7265625,291.1011305021443,38.05,54.10643731753758,1024.83075,7306,98,78,(),3,5e+01 a1
yj_m,,False,1789621205656,0.46022798820540484,0.5470714743739683,0.37761278972719436,0.01907468077956989,0.015650598414093782,0.04144615553249806,0.035648386289091914,4356.749999999999,454.8580538269604,1.0,0.0024488678200343937,3.88468911106764e-06,405.6875,354.7890625,291.1011305021443,38.05,54.10643731753758,1024.83075,6491,98,78,(),3,5e+01 a1
yj_m,,False,1789621205706,0.5276006714808883,0.5903579525195809,0.37761278972719436,0.02186701948924731,0.015650598414093782,0.04144615553249806,0.035648386289091914,4356.749999999999,454.8580538269604,1.0,0.0024488678200343937,3.88468911106764e-06,457.625,406.7265625,291.1011305021443,38.05,54.10643731753758,1024.83075,7322,98,78,(),3,5e+01 a1
yj_m,,False,1789621205756,0.48819859678547933,0.5647234049613192,0.37761278972719436,0.020233954973118282,0.015650598414093782,0.04144615553249806,0.035648386289091914,4356.749999999999,454.8580538269604,1.0,0.0024488678200343937,3.88468911106764e-06,427.25,376.3515625,291.1011305021443,38.05,54.10643731753758,1024.83075,6836,99,78,(),3,5e+01 a1
yj_m,,False,1789621205806,0.4549581634004633,0.5438007573157928,0.37761278972719436,0.01885626680107527,0.015650598414093782,0.04144615553249806,0.035648386289091914,4356.749999999999,454.8580538269604,1.0,0.0024488678200343937,3.88468911106764e-06,401.625,350.7265625,291.1011305021443,38.05,54.10643731753758,1024.83075,6426,99,78,(),3,5e+01 a1
yj_m,,False,1789621205856,0.5246009250534601,0.5883769793530946,0.37761278972719436,0.021742691532258066,0.015650598414093782,0.04144615553249806,0.035648386289091914,4356.749999999999,454.8580538269604,1.0,0.0024488678200343937,3.88468911106764e-06,455.3125,404.4140625,291.1011305021443,38.05,54.10643731753758,1024.83075,7285,99,79,(),3,5e+01 a1
yj_m,,False,1789621205906,0.48771215141886926,0.5644123699695986,0.37761278972719436,0.0202137936827957,0.015650598414093782,0.04144615553249806,0.035648386289091914,4356.749999999999,454.8580538269604,1.0,0.0024488678200343937,3.88468911106764e-06,426.875,375.9765625,291.1011305021443,38.05,54.10643731753758,1024.83075,6830,99,79,(),3,5e+01 a1
yj_m,,False,1789621205956,0.5438155170345547,0.6011446197717456,0.37761278972719436,0.0225390625,0.015650598414093782,0.04144615553249806,0.035648386289091914,4356.749999999999,454.8580538269604,1.0,0.0024488678200343937,3.88468911106764e-06,470.125,419.2265625,291.1011305021443,38.05,54.10643731753758,1024.83075,7522,99,79,(),3,5e+01 a1
yj_m,,False,1789621206006,0.5428426263013347,0.6004937494575389,0.37761278972719436,0.02249873991935484,0.015650598414093782,0.04144615553249806,0.035648386289091914,4356.749999999999,454.8580538269604,1.0,0.0024488678200343937,3.88468911106764e-06,469.375,418.4765625,291.1011305021443,38.05,54.10643731753758,1024.83075,7510,99,79,(),3,5e+01 a1
yj_m,,False,1789621206056,0.5709753833369458,0.6194949899566351,0.37761278972719436,0.023664734543010754,0.015650598414093782,0.04144615553249806,0.035648386289091914,4356.749999999999,454.8580538269604,1.0,0.0024488678200343937,3.88468911106764e-06,491.0625,440.1640625,291.1011305021443,38.05,54.10643731753758,1024.83075,7857,99,79,(),3,5e+01 a1
yj_m,,False,1789621206106,0.5096832671440872,0.57859580390393,0.37761278972719436,0.021124411962365593,0.015650598414093782,0.04144615553249806,0.035648386289091914,4356.749999999999,454.8580538269604,1.0,0.0024488678200343937,3.88468911106764e-06,443.8125,392.9140625,291.1011305021443,38.05,54.10643731753758,1024.83075,7101,99,79,(),3,5e+01 a1
yj_m,,False,1789621206156,0.5337623127912816,0.5944413982521507,0.37761278972719436,0.022122395833333336,0.015650598414093782,0.04144615553249806,0.035648386289091914,4356.749999999999,454.8580538269604,1.0,0.0024488678200343937,3.88468911106764e-06,462.375,411.4765625,291.1011305021443,38.05,54.10643731753758,1024.83075,7398,99,79,(),3,5e+01 a1
yj_m,,False,1789621206206,0.4569850190946716,0.5450565873665879,0.37761278972719436,0.018940272177419355,0.015650598414093782,0.04144615553249806,0.035648386289091914,4356.749999999999,454.8580538269604,1.0,0.0024488678200343937,3.88468911106764e-06,403.1875,352.2890625,291.1011305021443,38.05,54.10643731753758,1024.83075,6451,99,79,(),3,5e+01 a1
yj_m,,False,1789621206256,0.5174663930098469,0.5836842857327939,0.37761278972719436,0.02144699260752688,0.015650598414093782,0.04144615553249806,0.035648386289091914,4356.749999999999,454.8580538269604,1.0,0.0024488678200343937,3.88468911106764e-06,449.8125,398.9140625,291.1011305021443,38.05,54.10643731753758,1024.83075,7197,99,79,(),3,5e+01 a1
yj_m,,False,1789621206306,0.5031973289226207,0.5743805678770503,0.37761278972719436,0.02085559475806452,0.015650598414093782,0.04144615553249806,0.035648386289091914,4356.749999999999,454.8580538269604,1.0,0.0024488678200343937,3.88468911106764e-06,438.8125,387.9140625,291.1011305021443,38.05,54.10643731753758,1024.83075,7021,99,79,(),3,5e+01 a1
yj_m,,False,1789621206356,0.442148435413067,0.5359270198444275,0.37761278972719436,0.018325352822580646,0.015650598414093782,0.04144615553249806,0.035648386289091914,4356.749999999999,454.8580538269604,1.0,0.0024488678200343937,3.88468911106764e-06,391.75,340.8515625,291.1011305021443,38.05,54.10643731753758,1024.83075,6268,99,79,(),3,5e+01 a1
yj_m,,False,1789621206406,0.44158091581868864,0.5355807488918778,0.37761278972719436,0.018301831317204302,0.015650598414093782,0.04144615553249806,0.035648386289091914,4356.749999999999,454.8580538269604,1.0,0.0024488678200343937,3.88468911106764e-06,391.3125,340.4140625,291.1011305021443,38.05,54.10643731753758,1024.83075,6261,99,79,(),3,5e+01 a1
yj_m,,False,1789621206456,0.45593105413368334,0.5444032205716743,0.37761278972719436,0.01889658938172043,0.015650598414093782,0.04144615553249806,0.035648386289091914,4356.749999999999,454.8580538269604,1.0,0.0024488678200343937,3.88468911106764e-06,402.375,351.4765625,291.1011305021443,38.05,54.10643731753758,1024.83075,6438,99,79,(),3,5e+01 a1
yj_m,,False,1789621206506,0.48763107719110094,0.5643605442954752,0.37761278972719436,0.020210433467741935,0.015650598414093782,0.04144615553249806,0.035648386289091914,4356.749999999999,454.8580538269604,1.0,0.0024488678200343937,3.88468911106764e-06,426.8125,375.9140625,291.1011305021443,38.05,54.10643731753758,1024.83075,6829,99,79,(),3,5e+01 a1
yj_m,,False,1789621206556,0.44879652209007015,0.5399996607196216,0.37761278972719436,0.018600890456989247,0.015650598414093782,0.04144615553249806,0.035648386289091914,4356.749999999999,454.8580538269604,1.0,0.0024488678200343937,3.88468911106764e-06,396.875,345.9765625,291.1011305021443,38.05,54.10643731753758,1024.83075,6350,99,79,(),3,5e+01 a1
yj_m,,False,1789621206606,0.5466531150064462,0.6030456113303002,0.37761278972719436,0.02265667002688172,0.015650598414093782,0.04144615553249806,0.035648386289091914,4356.749999999999,454.8580538269604,1.0,0.0024488678200343937,3.88468911106764e-06,472.3125,421.4140625,291.1011305021443,38.05,54.10643731753758,1024.83075,7557,99,79,(),3,5e+01 a1
yj_m,,False,1789621206656,0.5048188134779872,0.5754322013997886,0.37761278972719436,0.020922799059139786,0.015650598414093782,0.04144615553249806,0.035648386289091914,4356.749999999999,454.8580538269604,1.0,0.0024488678200343937,3.88468911106764e-06,440.0625,389.1640625,291.1011305021443,38.05,54.10643731753758,1024.83075,7041,99,79,(),3,5e+01 a1
yj_m,,False,1789621206706,0.4894147102020043,0.5655015983182919,0.37761278972719436,0.020284358198924733,0.015650598414093782,0.04144615553249806,0.035648386289091914,4356.749999999999,454.8580538269604,1.0,0.0024488678200343937,3.88468911106764e-06,428.1875,377.2890625,291.1011305021443,38.05,54.10643731753758,1024.83075,6851,99,79,(),3,5e+01 a1
yj_m,,False,1789621206756,0.5541930181889011,0.6081155383128665,0.37761278972719436,0.02296917002688172,0.015650598414093782,0.04144615553249806,0.035648386289091914,4356.749999999999,454.8580538269604,1.0,0.0024488678200343937,3.88468911106764e-06,478.125,427.2265625,291.1011305021443,38.05,54.10643731753758,1024.83075,7650,100,79,(),3,5e+01 a1
yj_m,,False,1789621206806,0.5210336590316536,0.5860272975277042,0.37761278972719436,0.021594842069892473,0.015650598414093782,0.04144615553249806,0.035648386289091914,4356.749999999999,454.8580538269604,1.0,0.0024488678200343937,3.88468911106764e-06,452.5625,401.6640625,291.1011305021443,38.05,54.10643731753758,1024.83075,7241,100,79,(),3,5e+01 a1
yj_m,,False,1789621206856,0.5403293252405165,0.5988144723996454,0.37761278972719436,0.022394573252688173,0.015650598414093782,0.04144615553249806,0.035648386289091914,4356.749999999999,454.8580538269604,1.0,0.0024488678200343937,3.88468911106764e-06,467.4375,416.5390625,291.1011305021443,38.05,54.10643731753758,1024.83075,7479,100,80,(),3,5e+01 a1
yj_m,,False,1789621206906,0.5378970984074665,0.5971923200287321,0.37761278972719436,0.022293766801075268,0.015650598414093782,0.04144615553249806,0.035648386289091914,4356.749999999999,454.8580538269604,1.0,0.0024488678200343937,3.88468911106764e-06,465.5625,414.6640625,291.1011305021443,38.05,54.10643731753758,1024.83075,7449,100,80,(),3,5e+01 a1
yj_m,,False,1789621206956,0.5391132118239915,0.5980030314490627,0.37761278972719436,0.022344170026881723,0.015650598414093782,0.04144615553249806,0.035648386289091914,4356.749999999999,454.8580538269604,1.0,0.0024488678200343937,3.88468911106764e-06,466.5,415.6015625,291.1011305021443,38.05,54.10643731753758,1024.83075,7464,100,80,(),3,5e+01 a1
yj_m,,False,1789621207006,0.5400050283294431,0.5985980169818671,0.37761278972719436,0.022381132392473118,0.015650598414093782,0.04144615553249806,0.035648386289091914,4356.749999999999,454.8580538269604,1.0,0.0024488678200343937,3.88468911106764e-06,467.1875,416.2890625,291.1011305021443,38.05,54.10643731753758,1024.83075,7475,100,80,(),3,5e+01 a1
yj_m,,False,1789621207056,0.4390676147578703,0.534049927490297,0.37761278972719436,0.018197664650537633,0.015650598414093782,0.04144615553249806,0.035648386289091914,4356.749999999999,454.8580538269604,1.0,0.0024488678200343937,3.88468911106764e-06,389.375,338.4765625,291.1011305021443,38.05,54.10643731753758,1024.83075,6230,100,80,(),3,5e+01 a1
yj_m,,False,1789621207106,0.43217630539756224,0.5298750691873664,0.37761278972719436,0.017912046370967744,0.015650598414093782,0.04144615553249806,0.035648386289091914,4356.749999999999,454.8580538269604,1.0,0.0024488678200343937,3.88468911106764e-06,384.0625,333.1640625,291.1011305021443,38.05,54.10643731753758,1024.83075,6145,100,80,(),3,5e+01 a1
yj_m,,False,1789621207156,0.479604728642036,0.5592490700197028,0.37761278972719436,0.019877772177419352,0.015650598414093782,0.04144615553249806,0.035648386289091914,4356.749999999999,454.8580538269604,1.0,0.0024488678200343937,3.88468911106764e-06,420.625,369.7265625,291.1011305021443,38.05,54.10643731753758,1024.83075,6730,100,80,(),3,5e+01 a1
yj_m,,False,1789621207206,0.5318165313248416,0.5931498104837174,0.37761278972719436,0.02204175067204301,0.015650598414093782,0.04144615553249806,0.035648386289091914,4356.749999999999,454.8580538269604,1.0,0.0024488678200343937,3.88468911106764e-06,460.875,409.9765625,291.1011305021443,38.05,54.10643731753758,1024.83075,7374,100,80,(),3,5e+01 a1
yj_m,,False,1789621207256,0.529708601402865,0.5917527504872756,0.37761278972719436,0.02195438508064516,0.015650598414093782,0.04144615553249806,0.035648386289091914,4356.749999999999,454.8580538269604,1.0,0.0024488678200343937,3.88468911106764e-06,459.25,408.3515625,291.1011305021443,38.05,54.10643731753758,1024.83075,7348,100,80,(),3,5e+01 a1
yj_m,,False,1789621207306,0.5066835207166588,0.5766433789722857,0.37761278972719436,0.021000084005376344,0.015650598414093782,0.04144615553249806,0.035648386289091914,4356.749999999999,454.8580538269604,1.0,0.0024488678200343937,3.88468911106764e-06,441.5,390.6015625,291.1011305021443,38.05,54.10643731753758,1024.83075,7064,100,80,(),3,5e+01 a1
yj_m,,False,1789621207356,0.5407346963793581,0.5990851143220558,0.37761278972719436,0.02241137432795699,0.015650598414093782,0.04144615553249806,0.035648386289091914,4356.749999999999,454.8580538269604,1.0,0.0024488678200343937,3.88468911106764e-06,467.75,416.8515625,291.1011305021443,38.05,54.10643731753758,1024.83075,7484,100,80,(),3,5e+01 a1
yj_m,,False,1789621207406,0.5398428798739064,0.598489808665631,0.37761278972719436,0.02237441196236559,0.015650598414093782,0.04144615553249806,0.035648386289091914,4356.749999999999,454.8580538269604,1.0,0.0024488678200343937,3.88468911106764e-06,467.0625,416.1640625,291.1011305021443,38.05,54.10643731753758,1024.83075,7473,100,80,(),3,5e+01 a1
yj_m,,False,1789621207456,0.5186014321986037,0.5844290610975277,0.37761278972719436,0.02149403561827957,0.015650598414093782,0.04144615553249806,0.035648386289091914,4356.749999999999,454.8580538269604,1.0,0.0024488678200343937,3.88468911106764e-06,450.6875,399.7890625,291.1011305021443,38.05,54.10643731753758,1024.83075,7211,100,80,(),3,5e+01 a1
yj_m,,False,1789621207506,0.5580035068940127,0.6106879458363219,0.37761278972719436,0.023127100134408603,0.015650598414093782,0.04144615553249806,0.035648386289091914,4356.749999999999,454.8580538269604,1.0,0.0024488678200343937,3.88468911106764e-06,481.0625,430.1640625,291.1011305021443,38.05,54.10643731753758,1024.83075,7697,100,80,(),3,5e+01 a1
yj_m,,False,1789621207556,0.515763834226712,0.5825684049321105,0.37761278972719436,0.02137642809139785,0.015650598414093782,0.04144615553249806,0.035648386289091914,4356.749999999999,454.8580538269604,1.0,0.0024488678200343937,3.88468911106764e-06,448.5,397.6015625,291.1011305021443,38.05,54.10643731753758,1024.83075,7176,100,80,(),3,5e+01 a1
yj_m,,False,1789621207606,0.4362300167859787,0.5323268405572138,0.37761278972719436,0.018080057123655912,0.015650598414093782,0.04144615553249806,0.035648386289091914,4356.749999999999,454.8580538269604,1.0,0.0024488678200343937,3.88468911106764e-06,387.1875,336.2890625,291.1011305021443,38.05,54.10643731753758,1024.83075,6195,100,80,(),3,5e+01 a1
yj_m,,False,1789621207656,0.5040080712003039,0.5749062021860134,0.37761278972719436,0.02088919690860215,0.015650598414093782,0.04144615553249806,0.035648386289091914,4356.749999999999,454.8580538269604,1.0,0.0024488678200343937,3.88468911106764e-06,439.4375,388.5390625,291.1011305021443,38.05,54.10643731753758,1024.83075,7031,100,80,(),3,5e+01 a1
yj_m,,False,1789621207706,0.4552824603115367,0.5440015095152785,0.37761278972719436,0.018869707661290324,0.015650598414093782,0.04144615553249806,0.035648386289091914,4356.749999999999,454.8580538269604,1.0,0.0024488678200343937,3.88468911106764e-06,401.875,350.9765625,291.1011305021443,38.05,54.10643731753758,1024.83075,6430,100,80,(),3,5e+01 a1
yj_m,,False,1789621207756,0.503278403150389,0.5744331148586757,0.37761278972719436,0.02085895497311828,0.015650598414093782,0.04144615553249806,0.035648386289091914,4356.749999999999,454.8580538269604,1.0,0.0024488678200343937,3.88468911106764e-06,438.875,387.9765625,291.1011305021443,38.05,54.10643731753758,1024.83075,7022,101,80,(),3,5e+01 a1
yj_m,,False,1789621207806,0.4997111371285823,0.5721245224923719,0.37761278972719436,0.020711105510752687,0.015650598414093782,0.04144615553249806,0.035648386289091914,4356.749999999999,454.8580538269604,1.0,0.0024488678200343937,3.88468911106764e-06,436.125,385.2265625,291.1011305021443,38.05,54.10643731753758,1024.83075,6978,101,80,(),3,5e+01 a1
yj_m,,False,1789621207856,0.5410589932904314,0.5993016859118927,0.37761278972719436,0.02242481518817204,0.015650598414093782,0.04144615553249806,0.035648386289091914,4356.749999999999,454.8580538269604,1.0,0.0024488678200343937,3.88468911106764e-06,468.0,417.1015625,291.1011305021443,38.05,54.10643731753758,1024.83075,7488,101,81,(),3,5e+01 a1
yj_m,,False,1789621207906,0.513574830076967,0.581135974800852,0.37761278972719436,0.021285702284946237,0.015650598414093782,0.04144615553249806,0.035648386289091914,4356.749999999999,454.8580538269604,1.0,0.0024488678200343937,3.88468911106764e-06,446.8125,395.9140625,291.1011305021443,38.05,54.10643731753758,1024.83075,7149,101,81,(),3,5e+01 a1
yj_m,,False,1789621207956,0.5361134653965631,0.5960046024735338,0.37761278972719436,0.02221984206989247,0.015650598414093782,0.04144615553249806,0.035648386289091914,4356.749999999999,454.8580538269604,1.0,0.0024488678200343937,3.88468911106764e-06,464.1875,413.2890625,291.1011305021443,38.05,54.10643731753758,1024.83075,7427,101,81,(),3,5e+01 a1
yj_m,,False,1789621208006,0.45974154283879487,0.546768807530162,0.37761278972719436,0.01905451948924731,0.015650598414093782,0.04144615553249806,0.035648386289091914,4356.749999999999,454.8580538269604,1.0,0.0024488678200343937,3.88468911106764e-06,405.3125,354.4140625,291.1011305021443,38.05,54.10643731753758,1024.83075,6485,101,81,(),3,5e+01 a1
yj_m,,False,1789621208056,0.4623359181273815,0.5483847891516238,0.37761278972719436,0.01916204637096774,0.015650598414093782,0.04144615553249806,0.035648386289091914,4356.749999999999,454.8580538269604,1.0,0.0024488678200343937,3.88468911106764e-06,407.3125,356.4140625,291.1011305021443,38.05,54.10643731753758,1024.83075,6517,101,81,(),3,5e+01 a1
yj_m,,False,1789621208106,0.5318165313248416,0.5931498104837174,0.37761278972719436,0.02204175067204301,0.015650598414093782,0.04144615553249806,0.035648386289091914,4356.749999999999,454.8580538269604,1.0,0.0024488678200343937,3.88468911106764e-06,460.875,409.9765625,291.1011305021443,38.05,54.10643731753758,1024.83075,7374,101,81,(),3,5e+01 a1
yj_m,,False,1789621208156,0.5142234238991137,0.5815601308948724,0.37761278972719436,0.021312584005376344,0.015650598414093782,0.04144615553249806,0.035648386289091914,4356.749999999999,454.8580538269604,1.0,0.0024488678200343937,3.88468911106764e-06,447.3125,396.4140625,291.1011305021443,38.05,54.10643731753758,1024.83075,7157,101,81,(),3,5e+01 a1
yj_m,,False,1789621208206,0.5464098923231413,0.6028825169140877,0.37761278972719436,0.02264658938172043,0.015650598414093782,0.04144615553249806,0.035648386289091914,4356.749999999999,454.8580538269604,1.0,0.0024488678200343937,3.88468911106764e-06,472.125,421.2265625,291.1011305021443,38.05,54.10643731753758,1024.83075,7554,101,81,(),3,5e+01 a1
yj_m,,False,1789621208256,0.49663031647338574,0.5701365036152286,0.37761278972719436,0.020583417338709678,0.015650598414093782,0.04144615553249806,0.035648386289091914,4356.749999999999,454.8580538269604,1.0,0.0024488678200343937,3.88468911106764e-06,433.75,382.8515625,291.1011305021443,38.05,54.10643731753758,1024.83075,6940,101,81,(),3,5e+01 a1
yj_m,,False,1789621208306,0.558814249171696,0.6112361371529567,0.37761278972719436,0.023160702284946235,0.015650598414093782,0.04144615553249806,0.035648386289091914,4356.749999999999,454.8580538269604,1.0,0.0024488678200343937,3.88468911106764e-06,481.6875,430.7890625,291.1011305021443,38.05,54.10643731753758,1024.83075,7707,101,81,(),3,5e+01 a1
yj_m,,False,1789621208356,0.5000354340396557,0.5723340996208668,0.37761278972719436,0.020724546370967743,0.015650598414093782,0.04144615553249806,0.035648386289091914,4356.749999999999,454.8580538269604,1.0,0.0024488678200343937,3.88468911106764e-06,436.375,385.4765625,291.1011305021443,38.05,54.10643731753758,1024.83075,6982,101,81,(),3,5e+01 a1
yj_m,,False,1789621208406,0.43606786833044203,0.5322285480033996,0.37761278972719436,0.018073336693548384,0.015650598414093782,0.04144615553249806,0.035648386289091914,4356.749999999999,454.8580538269604,1.0,0.0024488678200343937,3.88468911106764e-06,387.0625,336.1640625,291.1011305021443,38.05,54.10643731753758,1024.83075,6193,101,81,(),3,5e+01 a1
yj_m,,False,1789621208456,0.4942791638681041,0.5686229631122603,0.37761278972719436,0.020485971102150537,0.015650598414093782,0.04144615553249806,0.035648386289091914,4356.749999999999,454.8580538269604,1.0,0.0024488678200343937,3.88468911106764e-06,431.9375,381.0390625,291.1011305021443,38.05,54.10643731753758,1024.83075,6911,101,81,(),3,5e+01 a1
yj_m,,False,1789621208506,0.4961438711067757,0.5698230983180954,0.37761278972719436,0.020563256048387095,0.015650598414093782,0.04144615553249806,0.035648386289091914,4356.749999999999,454.8580538269604,1.0,0.0024488678200343937,3.88468911106764e-06,433.375,382.4765625,291.1011305021443,38.05,54.10643731753758,1024.83075,6934,101,81,(),3,5e+01 a1
yj_m,,False,1789621208556,0.499143617534204,0.5717579051041048,0.37761278972719436,0.020687584005376344,0.015650598414093782,0.04144615553249806,0.035648386289091914,4356.749999999999,454.8580538269604,1.0,0.0024488678200343937,3.88468911106764e-06,435.6875,384.7890625,291.1011305021443,38.05,54.10643731753758,1024.83075,6971,101,81,(),3,5e+01 a1
yj_m,,False,1789621208606,0.49103619475737087,0.5665405307994316,0.37761278972719436,0.0203515625,0.015650598414093782,0.04144615553249806,0.035648386289091914,4356.749999999999,454.8580538269604,1.0,0.0024488678200343937,3.88468911106764e-06,429.4375,378.5390625,291.1011305021443,38.05,54.10643731753758,1024.83075,6871,101,81,(),3,5e+01 a1
yj_m,,False,1789621208656,0.49217123394612744,0.5672686915537721,0.37761278972719436,0.020398605510752687,0.015650598414093782,0.04144615553249806,0.035648386289091914,4356.749999999999,454.8580538269604,1.0,0.0024488678200343937,3.88468911106764e-06,430.3125,379.4140625,291.1011305021443,38.05,54.10643731753758,1024.83075,6885,101,81,(),3,5e+01 a1
yj_m,,False,1789621208706,0.5231415889536302,0.5874149448125993,0.37761278972719436,0.021682207661290323,0.015650598414093782,0.04144615553249806,0.035648386289091914,4356.749999999999,454.8580538269604,1.0,0.0024488678200343937,3.88468911106764e-06,454.1875,403.2890625,291.1011305021443,38.05,54.10643731753758,1024.83075,7267,101,81,(),3,5e+01 a1
yj_m,,False,1789621208756,0.5552469831498894,0.6088263775451154,0.37761278972719436,0.023012852822580643,0.015650598414093782,0.04144615553249806,0.035648386289091914,4356.749999999999,454.8580538269604,1.0,0.0024488678200343937,3.88468911106764e-06,478.9375,428.0390625,291.1011305021443,38.05,54.10643731753758,1024.83075,7663,102,81,(),3,5e+01 a1
yj_m,,False,1789621208806,0.5177906899209203,0.583897009070892,0.37761278972719436,0.021460433467741936,0.015650598414093782,0.04144615553249806,0.035648386289091914,4356.749999999999,454.8580538269604,1.0,0.0024488678200343937,3.88468911106764e-06,450.0625,399.1640625,291.1011305021443,38.05,54.10643731753758,1024.83075,7201,102,81,(),3,5e+01 a1
yj_m,,False,1789621208856,0.533600164335745,0.5943336931451366,0.37761278972719436,0.022115675403225808,0.015650598414093782,0.04144615553249806,0.035648386289091914,4356.749999999999,454.8580538269604,1.0,0.0024488678200343937,3.88468911106764e-06,462.25,411.3515625,291.1011305021443,38.05,54.10643731753758,1024.83075,7396,102,82,(),3,5e+01 a1
yj_m,,False,1789621208906,0.5271142261142784,0.5900363989948635,0.37761278972719436,0.02184685819892473,0.015650598414093782,0.04144615553249806,0.035648386289091914,4356.749999999999,454.8580538269604,1.0,0.0024488678200343937,3.88468911106764e-06,457.25,406.3515625,291.1011305021443,38.05,54.10643731753758,1024.83075,7316,102,82,(),3,5e+01 a1
yj_m,,False,1789621208956,0.5187635806541403,0.5845355132159722,0.37761278972719436,0.0215007560483871,0.015650598414093782,0.04144615553249806,0.035648386289091914,4356.749999999999,454.8580538269604,1.0,0.0024488678200343937,3.88468911106764e-06,450.8125,399.9140625,291.1011305021443,38.05,54.10643731753758,1024.83075,7213,102,82,(),3,5e+01 a1
yj_m,,False,1789621209006,0.5220065497648735,0.5866674617208713,0.37761278972719436,0.021635164650537636,0.015650598414093782,0.04144615553249806,0.035648386289091914,4356.749999999999,454.8580538269604,1.0,0.0024488678200343937,3.88468911106764e-06,453.3125,402.4140625,291.1011305021443,38.05,54.10643731753758,1024.83075,7253,102,82,(),3,5e+01 a1
yj_m,,False,1789621209056,0.5358702427132581,0.5958427635932257,0.37761278972719436,0.022209761424731182,0.015650598414093782,0.04144615553249806,0.035648386289091914,4356.749999999999,454.8580538269604,1.0,0.0024488678200343937,3.88468911106764e-06,464.0,413.1015625,291.1011305021443,38.05,54.10643731753758,1024.83075,7424,102,82,(),3,5e+01 a1
yj_m,,False,1789621209106,0.5425994036180297,0.60033110386939,0.37761278972719436,0.022488659274193547,0.015650598414093782,0.04144615553249806,0.035648386289091914,4356.749999999999,454.8580538269604,1.0,0.0024488678200343937,3.88468911106764e-06,469.1875,418.2890625,291.1011305021443,38.05,54.10643731753758,1024.83075,7507,102,82,(),3,5e+01 a1
yj_m,,False,1789621209156,0.5431669232124081,0.6007106550681167,0.37761278972719436,0.022512180779569894,0.015650598414093782,0.04144615553249806,0.035648386289091914,4356.749999999999,454.8580538269604,1.0,0.0024488678200343937,3.88468911106764e-06,469.625,418.7265625,291.1011305021443,38.05,54.10643731753758,1024.83075,7514,102,82,(),3,5e+01 a1
yj_m,,False,1789621209206,0.5234658858647034,0.5876286346733128,0.37761278972719436,0.021695648521505375,0.015650598414093782,0.04144615553249806,0.035648386289091914,4356.749999999999,454.8580538269604,1.0,0.0024488678200343937,3.88468911106764e-06,454.4375,403.5390625,291.1011305021443,38.05,54.10643731753758,1024.83075,7271,102,82,(),3,5e+01 a1
yj_m,,False,1789621209256,0.545599150045458,0.6023390746668954,0.37761278972719436,0.022612987231182796,0.015650598414093782,0.04144615553249806,0.035648386289091914,4356.749999999999,454.8580538269604,1.0,0.0024488678200343937,3.88468911106764e-06,471.5,420.6015625,291.1011305021443,38.05,54.10643731753758,1024.83075,7544,102,82,(),3,5e+01 a1
yj_m,,False,1789621209306,0.5465720407786779,0.6029912433620618,0.37761278972719436,0.02265330981182796,0.015650598414093782,0.04144615553249806,0.035648386289091914,4356.749999999999,454.8580538269604,1.0,0.0024488678200343937,3.88468911106764e-06,472.25,421.3515625,291.1011305021443,38.05,54.10643731753758,1024.83075,7556,102,82,(),3,5e+01 a1
yj_m,,False,1789621209356,0.52703315188651,0.5899828185495166,0.37761278972719436,0.021843497983870967,0.015650598414093782,0.04144615553249806,0.035648386289091914,4356.749999999999,454.8580538269604,1.0,0.0024488678200343937,3.88468911106764e-06,457.1875,406.2890625,291.1011305021443,38.05,54.10643731753758,1024.83075,7315,102,82,(),3,5e+01 a1
yj_m,,False,1789621209406,0.5273574487975834,0.5901971605800288,0.37761278972719436,0.021856938844086023,0.015650598414093782,0.04144615553249806,0.035648386289091914,4356.749999999999,454.8580538269604,1.0,0.0024488678200343937,3.88468911106764e-06,457.4375,406.5390625,291.1011305021443,38.05,54.10643731753758,1024.83075,7319,102,82,(),3,5e+01 a1
yj_m,,False,1789621209456,0.5086293021830988,0.5779092557780686,0.37761278972719436,0.021080729166666666,0.015650598414093782,0.04144615553249806,0.035648386289091914,4356.749999999999,454.8580538269604,1.0,0.0024488678200343937,3.88468911106764e-06,443.0,392.1015625,291.1011305021443,38.05,54.10643731753758,1024.83075,7088,102,82,(),3,5e+01 a1
yj_m,,False,1789621209506,0.5341676839301233,0.5947107187711748,0.37761278972719436,0.02213919690860215,0.015650598414093782,0.04144615553249806,0.035648386289091914,4356.749999999999,454.8580538269604,1.0,0.0024488678200343937,3.88468911106764e-06,462.6875,411.7890625,291.1011305021443,38.05,54.10643731753758,1024.83075,7403,102,82,(),3,5e+01 a1
yj_m,,False,1789621209556,0.5428426263013347,0.6004937494575389,0.37761278972719436,0.02249873991935484,0.015650598414093782,0.04144615553249806,0.035648386289091914,4356.749999999999,454.8580538269604,1.0,0.0024488678200343937,3.88468911106764e-06,469.375,418.4765625,291.1011305021443,38.05,54.10643731753758,1024.83075,7510,102,82,(),3,5e+01 a1
yj_m,,False,1789621209606,0.5400861025572115,0.5986521259894632,0.37761278972719436,0.022384492607526882,0.015650598414093782,0.04144615553249806,0.035648386289091914,4356.749999999999,454.8580538269604,1.0,0.0024488678200343937,3.88468911106764e-06,467.25,416.3515625,291.1011305021443,38.05,54.10643731753758,1024.83075,7476,102,82,(),3,5e+01 a1
yj_m,,False,1789621209656,0.44920189322891174,0.5402489570706112,0.37761278972719436,0.018617691532258063,0.015650598414093782,0.04144615553249806,0.035648386289091914,4356.749999999999,454.8580538269604,1.0,0.0024488678200343937,3.88468911106764e-06,397.1875,346.2890625,291.1011305021443,38.05,54.10643731753758,1024.83075,6355,102,82,(),3,5e+01 a1
yj_m,,False,1789621209706,0.5216822528538002,0.586454018633197,0.37761278972719436,0.02162172379032258,0.015650598414093782,0.04144615553249806,0.035648386289091914,4356.749999999999,454.8580538269604,1.0,0.0024488678200343937,3.88468911106764e-06,453.0625,402.1640625,291.1011305021443,38.05,54.10643731753758,1024.83075,7249,102,82,(),3,5e+01 a1
yj_m,,False,1789621209756,0.4672814460212497,0.5514771485015224,0.37761278972719436,0.019367019489247312,0.015650598414093782,0.04144615553249806,0.035648386289091914,4356.749999999999,454.8580538269604,1.0,0.0024488678200343937,3.88468911106764e-06,411.125,360.2265625,291.1011305021443,38.05,54.10643731753758,1024.83075,6578,103,82,(),3,5e+01 a1
yj_m,,False,1789621209806,0.47887506059212115,0.558786301304006,0.37761278972719436,0.019847530241935484,0.015650598414093782,0.04144615553249806,0.035648386289091914,4356.749999999999,454.8580538269604,1.0,0.0024488678200343937,3.88468911106764e-06,420.0625,369.1640625,291.1011305021443,38.05,54.10643731753758,1024.83075,6721,103,82,(),3,5e+01 a1
yj_m,,False,1789621209856,0.4526070107951817,0.5423473717984517,0.37761278972719436,0.018758820564516127,0.015650598414093782,0.04144615553249806,0.035648386289091914,4356.749999999999,454.8580538269604,1.0,0.0024488678200343937,3.88468911106764e-06,399.8125,348.9140625,291.1011305021443,38.05,54.10643731753758,1024.83075,6397,103,83,(),3,5e+01 a1
yj_m,,False,1789621209906,0.5225740693592519,0.5870411192954231,0.37761278972719436,0.02165868615591398,0.015650598414093782,0.04144615553249806,0.035648386289091914,4356.749999999999,454.8580538269604,1.0,0.0024488678200343937,3.88468911106764e-06,453.75,402.8515625,291.1011305021443,38.05,54.10643731753758,1024.83075,7260,103,83,(),3,5e+01 a1
yj_m,,False,1789621209956,0.4716594543207397,0.5542274920868476,0.37761278972719436,0.01954847110215054,0.015650598414093782,0.04144615553249806,0.035648386289091914,4356.749999999999,454.8580538269604,1.0,0.0024488678200343937,3.88468911106764e-06,414.5,363.6015625,291.1011305021443,38.05,54.10643731753758,1024.83075,6632,103,83,(),3,5e+01 a1
yj_m,,False,1789621210006,0.49500883191801914,0.5690923443369001,0.37761278972719436,0.02051621303763441,0.015650598414093782,0.04144615553249806,0.035648386289091914,4356.749999999999,454.8580538269604,1.0,0.0024488678200343937,3.88468911106764e-06,432.5,381.6015625,291.1011305021443,38.05,54.10643731753758,1024.83075,6920,103,83,(),3,5e+01 a1
yj_m,,False,1789621210056,0.5388699891406864,0.597840830707566,0.37761278972719436,0.022334089381720428,0.015650598414093782,0.04144615553249806,0.035648386289091914,4356.749999999999,454.8580538269604,1.0,0.0024488678200343937,3.88468911106764e-06,466.3125,415.4140625,291.1011305021443,38.05,54.10643731753758,1024.83075,7461,103,83,(),3,5e+01 a1
yj_m,,False,1789621210106,0.5542740924166695,0.6081701997774274,0.37761278972719436,0.022972530241935483,0.015650598414093782,0.04144615553249806,0.035648386289091914,4356.749999999999,454.8580538269604,1.0,0.0024488678200343937,3.88468911106764e-06,478.1875,427.2890625,291.1011305021443,38.05,54.10643731753758,1024.83075,7651,103,83,(),3,5e+01 a1
yj_m,,False,1789621210156,0.47903720904765784,0.5588891110061812,0.37761278972719436,0.019854250672043012,0.015650598414093782,0.04144615553249806,0.035648386289091914,4356.749999999999,454.8580538269604,1.0,0.0024488678200343937,3.88468911106764e-06,420.1875,369.2890625,291.1011305021443,38.05,54.10643731753758,1024.83075,6723,103,83,(),3,5e+01 a1
yj_m,,False,1789621210206,0.44231058386860367,0.5360259949621531,0.37761278972719436,0.018332073252688173,0.015650598414093782,0.04144615553249806,0.035648386289091914,4356.749999999999,454.8580538269604,1.0,0.0024488678200343937,3.88468911106764e-06,391.875,340.9765625,291.1011305021443,38.05,54.10643731753758,1024.83075,6270,103,83,(),3,5e+01 a1
yj_m,,False,1789621210256,0.4439320684239702,0.5370167349521123,0.37761278972719436,0.01839927755376344,0.015650598414093782,0.04144615553249806,0.035648386289091914,4356.749999999999,454.8580538269604,1.0,0.0024488678200343937,3.88468911106764e-06,393.125,342.2265625,291.1011305021443,38.05,54.10643731753758,1024.83075,6290,103,83,(),3,5e+01 a1
yj_m,,False,1789621210306,0.44571570143487355,0.5381086170329663,0.37761278972719436,0.018473202284946238,0.015650598414093782,0.04144615553249806,0.035648386289091914,4356.749999999999,454.8580538269604,1.0,0.0024488678200343937,3.88468911106764e-06,394.5,343.6015625,291.1011305021443,38.05,54.10643731753758,1024.83075,6312,103,83,(),3,5e+01 a1
yj_m,,False,1789621210356,0.4502558581899001,0.5408976416905852,0.37761278972719436,0.01866137432795699,0.015650598414093782,0.04144615553249806,0.035648386289091914,4356.749999999999,454.8580538269604,1.0,0.0024488678200343937,3.88468911106764e-06,398.0,347.1015625,291.1011305021443,38.05,54.10643731753758,1024.83075,6368,103,83,(),3,5e+01 a1
yj_m,,False,1789621210406,0.4970356876122274,0.5703977775940262,0.37761278972719436,0.020600218413978494,0.015650598414093782,0.04144615553249806,0.035648386289091914,4356.749999999999,454.8580538269604,1.0,0.0024488678200343937,3.88468911106764e-06,434.0625,383.1640625,291.1011305021443,38.05,54.10643731753758,1024.83075,6945,103,83,(),3,5e+01 a1
yj_m,,False,1789621210456,0.532140828235915,0.5933649425448463,0.37761278972719436,0.022055191532258066,0.015650598414093782,0.04144615553249806,0.035648386289091914,4356.749999999999,454.8580538269604,1.0,0.0024488678200343937,3.88468911106764e-06,461.125,410.2265625,291.1011305021443,38.05,54.10643731753758,1024.83075,7378,103,83,(),3,5e+01 a1
yj_m,,False,1789621210506,0.5667595234929925,0.6166243542003516,0.37761278972719436,0.023490003360215055,0.015650598414093782,0.04144615553249806,0.035648386289091914,4356.749999999999,454.8580538269604,1.0,0.0024488678200343937,3.88468911106764e-06,487.8125,436.9140625,291.1011305021443,38.05,54.10643731753758,1024.83075,7805,103,83,(),3,5e+01 a1
yj_m,,False,1789621210556,0.5228983662703252,0.5872547133328312,0.37761278972719436,0.02167212701612903,0.015650598414093782,0.04144615553249806,0.035648386289091914,4356.749999999999,454.8580538269604,1.0,0.0024488678200343937,3.88468911106764e-06,454.0,403.1015625,291.1011305021443,38.05,54.10643731753758,1024.83075,7264,103,83,(),3,5e+01 a1
yj_m,,False,1789621210606,0.5165745765043953,0.5830995844037707,0.37761278972719436,0.021410030241935486,0.015650598414093782,0.04144615553249806,0.035648386289091914,4356.749999999999,454.8580538269604,1.0,0.0024488678200343937,3.88468911106764e-06,449.125,398.2265625,291.1011305021443,38.05,54.10643731753758,1024.83075,7186,103,83,(),3,5e+01 a1
yj_m,,False,1789621210656,0.5160881311377853,0.5827808346910394,0.37761278972719436,0.021389868951612902,0.015650598414093782,0.04144615553249806,0.035648386289091914,4356.749999999999,454.8580538269604,1.0,0.0024488678200343937,3.88468911106764e-06,448.75,397.8515625,291.1011305021443,38.05,54.10643731753758,1024.83075,7180,103,83,(),3,5e+01 a1
yj_m,,False,1789621210706,0.45479601494492666,0.5437004070816157,0.37761278972719436,0.01884954637096774,0.015650598414093782,0.04144615553249806,0.035648386289091914,4356.749999999999,454.8580538269604,1.0,0.0024488678200343937,3.88468911106764e-06,401.5,350.6015625,291.1011305021443,38.05,54.10643731753758,1024.83075,6424,103,83,(),3,5e+01 a1
yj_m,,False,1789621210756,0.4526880850229501,0.5423974278578476,0.37761278972719436,0.018762180779569895,0.015650598414093782,0.04144615553249806,0.035648386289091914,4356.749999999999,454.8580538269604,1.0,0.0024488678200343937,3.88468911106764e-06,399.875,348.9765625,291.1011305021443,38.05,54.10643731753758,1024.83075,6398,104,83,(),3,5e+01 a1
yj_m,,False,1789621210806,0.4412566189076153,0.5353829790415293,0.37761278972719436,0.018288390456989247,0.015650598414093782,0.04144615553249806,0.035648386289091914,4356.749999999999,454.8580538269604,1.0,0.0024488678200343937,3.88468911106764e-06,391.0625,340.1640625,291.1011305021443,38.05,54.10643731753758,1024.83075,6257,104,83,(),3,5e+01 a1
yj_m,,False,1789621210856,0.4687407821210797,0.5523925990777627,0.37761278972719436,0.019427503360215054,0.015650598414093782,0.04144615553249806,0.035648386289091914,4356.749999999999,454.8580538269604,1.0,0.0024488678200343937,3.88468911106764e-06,412.25,361.3515625,291.1011305021443,38.05,54.10643731753758,1024.83075,6596,104,84,(),3,5e+01 a1
yj_m,,False,1789621210906,0.43347349304185545,0.5306583760152367,0.37761278972719436,0.017965809811827955,0.015650598414093782,0.04144615553249806,0.035648386289091914,4356.749999999999,454.8580538269604,1.0,0.0024488678200343937,3.88468911106764e-06,385.0625,334.1640625,291.1011305021443,38.05,54.10643731753758,1024.83075,6161,104,84,(),3,5e+01 a1
yj_m,,False,1789621210956,0.5258170384699851,0.5891795175514318,0.37761278972719436,0.021793094758064516,0.015650598414093782,0.04144615553249806,0.035648386289091914,4356.749999999999,454.8580538269604,1.0,0.0024488678200343937,3.88468911106764e-06,456.25,405.3515625,291.1011305021443,38.05,54.10643731753758,1024.83075,7300,104,84,(),3,5e+01 a1
yj_m,,False,1789621211006,0.5109804547883804,0.5794416164726036,0.37761278972719436,0.021178175403225807,0.015650598414093782,0.04144615553249806,0.035648386289091914,4356.749999999999,454.8580538269604,1.0,0.0024488678200343937,3.88468911106764e-06,444.8125,393.9140625,291.1011305021443,38.05,54.10643731753758,1024.83075,7117,104,84,(),3,5e+01 a1
yj_m,,False,1789621211056,0.5500582325727161,0.605331910485675,0.37761278972719436,0.022797799059139784,0.015650598414093782,0.04144615553249806,0.035648386289091914,4356.749999999999,454.8580538269604,1.0,0.0024488678200343937,3.88468911106764e-06,474.9375,424.0390625,291.1011305021443,38.05,54.10643731753758,1024.83075,7599,104,84,(),3,5e+01 a1
yj_m,,False,1789621211106,0.5194932487040552,0.5850147194868319,0.37761278972719436,0.021530997983870967,0.015650598414093782,0.04144615553249806,0.035648386289091914,4356.749999999999,454.8580538269604,1.0,0.0024488678200343937,3.88468911106764e-06,451.375,400.4765625,291.1011305021443,38.05,54.10643731753758,1024.83075,7222,104,84,(),3,5e+01 a1
yj_m,,False,1789621211156,0.5216822528538002,0.586454018633197,0.37761278972719436,0.02162172379032258,0.015650598414093782,0.04144615553249806,0.035648386289091914,4356.749999999999,454.8580538269604,1.0,0.0024488678200343937,3.88468911106764e-06,453.0625,402.1640625,291.1011305021443,38.05,54.10643731753758,1024.83075,7249,104,84,(),3,5e+01 a1
yj_m,,False,1789621211206,0.4491208190011435,0.5401990890008925,0.37761278972719436,0.018614331317204302,0.015650598414093782,0.04144615553249806,0.035648386289091914,4356.749999999999,454.8580538269604,1.0,0.0024488678200343937,3.88468911106764e-06,397.125,346.2265625,291.1011305021443,38.05,54.10643731753758,1024.83075,6354,104,84,(),3,5e+01 a1
yj_m,,False,1789621211256,0.5119533455216003,0.5800765748754437,0.37761278972719436,0.021218497983870967,0.015650598414093782,0.04144615553249806,0.035648386289091914,4356.749999999999,454.8580538269604,1.0,0.0024488678200343937,3.88468911106764e-06,445.5625,394.6640625,291.1011305021443,38.05,54.10643731753758,1024.83075,7129,104,84,(),3,5e+01 a1
yj_m,,False,1789621211306,0.5528958305446079,0.6072413747710665,0.37761278972719436,0.02291540658602151,0.015650598414093782,0.04144615553249806,0.035648386289091914,4356.749999999999,454.8580538269604,1.0,0.0024488678200343937,3.88468911106764e-06,477.125,426.2265625,291.1011305021443,38.05,54.10643731753758,1024.83075,7634,104,84,(),3,5e+01 a1
yj_m,,False,1789621211356,0.499386840217509,0.5719150046043638,0.37761278972719436,0.020697664650537635,0.015650598414093782,0.04144615553249806,0.035648386289091914,4356.749999999999,454.8580538269604,1.0,0.0024488678200343937,3.88468911106764e-06,435.875,384.9765625,291.1011305021443,38.05,54.10643731753758,1024.83075,6974,104,84,(),3,5e+01 a1
yj_m,,False,1789621211406,0.5479503026507396,0.6039159282316563,0.37761278972719436,0.022710433467741938,0.015650598414093782,0.04144615553249806,0.035648386289091914,4356.749999999999,454.8580538269604,1.0,0.0024488678200343937,3.88468911106764e-06,473.3125,422.4140625,291.1011305021443,38.05,54.10643731753758,1024.83075,7573,104,84,(),3,5e+01 a1
yj_m,,False,1789621211456,0.5290600075807184,0.5913233402120337,0.37761278972719436,0.021927503360215053,0.015650598414093782,0.04144615553249806,0.035648386289091914,4356.749999999999,454.8580538269604,1.0,0.0024488678200343937,3.88468911106764e-06,458.75,407.8515625,291.1011305021443,38.05,54.10643731753758,1024.83075,7340,104,84,(),3,5e+01 a1
yj_m,,False,1789621211506,0.5209525848038853,0.5859739728831305,0.37761278972719436,0.021591481854838713,0.015650598414093782,0.04144615553249806,0.035648386289091914,4356.749999999999,454.8580538269604,1.0,0.0024488678200343937,3.88468911106764e-06,452.5,401.6015625,291.1011305021443,38.05,54.10643731753758,1024.83075,7240,104,84,(),3,5e+01 a1
yj_m,,False,1789621211556,0.4446617364738853,0.5374631528171592,0.37761278972719436,0.018429519489247315,0.015650598414093782,0.04144615553249806,0.035648386289091914,4356.749999999999,454.8580538269604,1.0,0.0024488678200343937,3.88468911106764e-06,393.6875,342.7890625,291.1011305021443,38.05,54.10643731753758,1024.83075,6299,104,84,(),3,5e+01 a1
yj_m,,False,1789621211606,0.5373295788130882,0.5968142385306869,0.37761278972719436,0.022270245295698925,0.015650598414093782,0.04144615553249806,0.035648386289091914,4356.749999999999,454.8580538269604,1.0,0.0024488678200343937,3.88468911106764e-06,465.125,414.2265625,291.1011305021443,38.05,54.10643731753758,1024.83075,7442,104,84,(),3,5e+01 a1
yj_m,,False,1789621211656,0.542680477845798,0.6003853158618204,0.37761278972719436,0.02249201948924731,0.015650598414093782,0.04144615553249806,0.035648386289091914,4356.749999999999,454.8580538269604,1.0,0.0024488678200343937,3.88468911106764e-06,469.25,418.3515625,291.1011305021443,38.05,54.10643731753758,1024.83075,7508,104,84,(),3,5e+01 a1
yj_m,,False,1789621211706,0.5187635806541403,0.5845355132159722,0.37761278972719436,0.0215007560483871,0.015650598414093782,0.04144615553249806,0.035648386289091914,4356.749999999999,454.8580538269604,1.0,0.0024488678200343937,3.88468911106764e-06,450.8125,399.9140625,291.1011305021443,38.05,54.10643731753758,1024.83075,7213,104,84,(),3,5e+01 a1
yj_m,,False,1789621211756,0.472470196598423,0.5547381236109944,0.37761278972719436,0.019582073252688174,0.015650598414093782,0.04144615553249806,0.035648386289091914,4356.749999999999,454.8580538269604,1.0,0.0024488678200343937,3.88468911106764e-06,415.125,364.2265625,291.1011305021443,38.05,54.10643731753758,1024.83075,6642,105,84,(),3,5e+01 a1
yj_m,,False,1789621211806,0.544139813945628,0.6013616787540381,0.37761278972719436,0.022552503360215054,0.015650598414093782,0.04144615553249806,0.035648386289091914,4356.749999999999,454.8580538269604,1.0,0.0024488678200343937,3.88468911106764e-06,470.375,419.4765625,291.1011305021443,38.05,54.10643731753758,1024.83075,7526,105,84,(),3,5e+01 a1
yj_m,,False,1789621211856,0.5324651251469883,0.5935801277096598,0.37761278972719436,0.022068632392473118,0.015650598414093782,0.04144615553249806,0.035648386289091914,4356.749999999999,454.8580538269604,1.0,0.0024488678200343937,3.88468911106764e-06,461.375,410.4765625,291.1011305021443,38.05,54.10643731753758,1024.83075,7382,105,85,(),3,5e+01 a1
yj_m,,False,1789621211906,0.5601925110437576,0.6121687587831768,0.37761278972719436,0.023217825940860214,0.015650598414093782,0.04144615553249806,0.035648386289091914,4356.749999999999,454.8580538269604,1.0,0.0024488678200343937,3.88468911106764e-06,482.75,431.8515625,291.1011305021443,38.05,54.10643731753758,1024.83075,7724,105,85,(),3,5e+01 a1
yj_m,,False,1789621211956,0.47214589968734966,0.5545338221982293,0.37761278972719436,0.01956863239247312,0.015650598414093782,0.04144615553249806,0.035648386289091914,4356.749999999999,454.8580538269604,1.0,0.0024488678200343937,3.88468911106764e-06,414.875,363.9765625,291.1011305021443,38.05,54.10643731753758,1024.83075,6638,105,85,(),3,5e+01 a1
yj_m,,False,1789621212006,0.5460855954120679,0.6026651019961138,0.37761278972719436,0.022633148521505376,0.015650598414093782,0.04144615553249806,0.035648386289091914,4356.749999999999,454.8580538269604,1.0,0.0024488678200343937,3.88468911106764e-06,471.875,420.9765625,291.1011305021443,38.05,54.10643731753758,1024.83075,7550,105,85,(),3,5e+01 a1
yj_m,,False,1789621212056,0.5543551666444377,0.6082248643244298,0.37761278972719436,0.022975890456989247,0.015650598414093782,0.04144615553249806,0.035648386289091914,4356.749999999999,454.8580538269604,1.0,0.0024488678200343937,3.88468911106764e-06,478.25,427.3515625,291.1011305021443,38.05,54.10643731753758,1024.83075,7652,105,85,(),3,5e+01 a1
yj_m,,False,1789621212106,0.541707587112578,0.5997349836590621,0.37761278972719436,0.02245169690860215,0.015650598414093782,0.04144615553249806,0.035648386289091914,4356.749999999999,454.8580538269604,1.0,0.0024488678200343937,3.88468911106764e-06,468.5,417.6015625,291.1011305021443,38.05,54.10643731753758,1024.83075,7496,105,85,(),3,5e+01 a1
yj_m,,False,1789621212156,0.4924955308572008,0.567476874352556,0.37761278972719436,0.020412046370967742,0.015650598414093782,0.04144615553249806,0.035648386289091914,4356.749999999999,454.8580538269604,1.0,0.0024488678200343937,3.88468911106764e-06,430.5625,379.6640625,291.1011305021443,38.05,54.10643731753758,1024.83075,6889,105,85,(),3,5e+01 a1
yj_m,,False,1789621212206,0.454877089172695,0.5437505800422459,0.37761278972719436,0.018852906586021505,0.015650598414093782,0.04144615553249806,0.035648386289091914,4356.749999999999,454.8580538269604,1.0,0.0024488678200343937,3.88468911106764e-06,401.5625,350.6640625,291.1011305021443,38.05,54.10643731753758,1024.83075,6425,105,85,(),3,5e+01 a1
yj_m,,False,1789621212256,0.5233037374091667,0.5875217829049675,0.37761278972719436,0.021688928091397847,0.015650598414093782,0.04144615553249806,0.035648386289091914,4356.749999999999,454.8580538269604,1.0,0.0024488678200343937,3.88468911106764e-06,454.3125,403.4140625,291.1011305021443,38.05,54.10643731753758,1024.83075,7269,105,85,(),3,5e+01 a1
yj_m,,False,1789621212306,0.5408968448348946,0.5991933936708416,0.37761278972719436,0.022418094758064513,0.015650598414093782,0.04144615553249806,0.035648386289091914,4356.749999999999,454.8580538269604,1.0,0.0024488678200343937,3.88468911106764e-06,467.875,416.9765625,291.1011305021443,38.05,54.10643731753758,1024.83075,7486,105,85,(),3,5e+01 a1
yj_m,,False,1789621212356,0.5481935253340445,0.6040792024751559,0.37761278972719436,0.022720514112903226,0.015650598414093782,0.04144615553249806,0.035648386289091914,4356.749999999999,454.8580538269604,1.0,0.0024488678200343937,3.88468911106764e-06,473.5,422.6015625,291.1011305021443,38.05,54.10643731753758,1024.83075,7576,105,85,(),3,5e+01 a1
yj_m,,False,1789621212406,0.5500582325727161,0.605331910485675,0.37761278972719436,0.022797799059139784,0.015650598414093782,0.04144615553249806,0.035648386289091914,4356.749999999999,454.8580538269604,1.0,0.0024488678200343937,3.88468911106764e-06,474.9375,424.0390625,291.1011305021443,38.05,54.10643731753758,1024.83075,7599,105,85,(),3,5e+01 a1
yj_m,,False,1789621212456,0.5447884077677746,0.6017959497031842,0.37761278972719436,0.02257938508064516,0.015650598414093782,0.04144615553249806,0.035648386289091914,4356.749999999999,454.8580538269604,1.0,0.0024488678200343937,3.88468911106764e-06,470.875,419.9765625,291.1011305021443,38.05,54.10643731753758,1024.83075,7534,105,85,(),3,5e+01 a1
yj_m,,False,1789621212506,0.5420318840236513,0.5999517097047624,0.37761278972719436,0.022465137768817204,0.015650598414093782,0.04144615553249806,0.035648386289091914,4356.749999999999,454.8580538269604,1.0,0.0024488678200343937,3.88468911106764e-06,468.75,417.8515625,291.1011305021443,38.05,54.10643731753758,1024.83075,7500,105,85,(),3,5e+01 a1
yj_m,,False,1789621212556,0.5288167848974134,0.5911623666660847,0.37761278972719436,0.021917422715053765,0.015650598414093782,0.04144615553249806,0.035648386289091914,4356.749999999999,454.8580538269604,1.0,0.0024488678200343937,3.88468911106764e-06,458.5625,407.6640625,291.1011305021443,38.05,54.10643731753758,1024.83075,7337,105,85,(),3,5e+01 a1
yj_m,,False,1789621212606,0.563678702837796,0.6145316327946163,0.37761278972719436,0.023362315188172045,0.015650598414093782,0.04144615553249806,0.035648386289091914,4356.749999999999,454.8580538269604,1.0,0.0024488678200343937,3.88468911106764e-06,485.4375,434.5390625,291.1011305021443,38.05,54.10643731753758,1024.83075,7767,105,85,(),3,5e+01 a1
yj_m,,False,1789621212656,0.5327894220580616,0.5937953659204255,0.37761278972719436,0.022082073252688173,0.015650598414093782,0.04144615553249806,0.035648386289091914,4356.749999999999,454.8580538269604,1.0,0.0024488678200343937,3.88468911106764e-06,461.625,410.7265625,291.1011305021443,38.05,54.10643731753758,1024.83075,7386,105,85,(),3,5e+01 a1
yj_m,,False,1789621212706,0.5678134884539808,0.6173412677802628,0.37761278972719436,0.023533686155913978,0.015650598414093782,0.04144615553249806,0.035648386289091914,4356.749999999999,454.8580538269604,1.0,0.0024488678200343937,3.88468911106764e-06,488.625,437.7265625,291.1011305021443,38.05,54.10643731753758,1024.83075,7818,105,85,(),3,5e+01 a1
yj_m,,False,1789621212756,0.5220876239926417,0.5867208310800145,0.37761278972719436,0.021638524865591396,0.015650598414093782,0.04144615553249806,0.035648386289091914,4356.749999999999,454.8580538269604,1.0,0.0024488678200343937,3.88468911106764e-06,453.375,402.4765625,291.1011305021443,38.05,54.10643731753758,1024.83075,7254,106,85,(),3,5e+01 a1
yj_m,,False,1789621212806,0.5211147332594218,0.5860806256174962,0.37761278972719436,0.021598202284946234,0.015650598414093782,0.04144615553249806,0.035648386289091914,4356.749999999999,454.8580538269604,1.0,0.0024488678200343937,3.88468911106764e-06,452.625,401.7265625,291.1011305021443,38.05,54.10643731753758,1024.83075,7242,106,85,(),3,5e+01 a1
yj_m,,False,1789621212856,0.5286546364418767,0.5910550677483445,0.37761278972719436,0.021910702284946237,0.015650598414093782,0.04144615553249806,0.035648386289091914,4356.749999999999,454.8580538269604,1.0,0.0024488678200343937,3.88468911106764e-06,458.4375,407.5390625,291.1011305021443,38.05,54.10643731753758,1024.83075,7335,106,86,(),3,5e+01 a1
yj_m,,False,1789621212906,0.5440587397178597,0.6013074092238139,0.37761278972719436,0.02254914314516129,0.015650598414093782,0.04144615553249806,0.035648386289091914,4356.749999999999,454.8580538269604,1.0,0.0024488678200343937,3.88468911106764e-06,470.3125,419.4140625,291.1011305021443,38.05,54.10643731753758,1024.83075,7525,106,86,(),3,5e+01 a1
yj_m,,False,1789621212956,0.5506257521670945,0.6057134981496247,0.37761278972719436,0.022821320564516127,0.015650598414093782,0.04144615553249806,0.035648386289091914,4356.749999999999,454.8580538269604,1.0,0.0024488678200343937,3.88468911106764e-06,475.375,424.4765625,291.1011305021443,38.05,54.10643731753758,1024.83075,7606,106,86,(),3,5e+01 a1
yj_m,,False,1789621213006,0.5326272736025249,0.5936877401879042,0.37761278972719436,0.022075352822580645,0.015650598414093782,0.04144615553249806,0.035648386289091914,4356.749999999999,454.8580538269604,1.0,0.0024488678200343937,3.88468911106764e-06,461.5,410.6015625,291.1011305021443,38.05,54.10643731753758,1024.83075,7384,106,86,(),3,5e+01 a1
yj_m,,False,1789621213056,0.5464909665509096,0.6029368785563725,0.37761278972719436,0.02264994959677419,0.015650598414093782,0.04144615553249806,0.035648386289091914,4356.749999999999,454.8580538269604,1.0,0.0024488678200343937,3.88468911106764e-06,472.1875,421.2890625,291.1011305021443,38.05,54.10643731753758,1024.83075,7555,106,86,(),3,5e+01 a1
yj_m,,False,1789621213106,0.5463288180953729,0.6028281584360631,0.37761278972719436,0.022643229166666667,0.015650598414093782,0.04144615553249806,0.035648386289091914,4356.749999999999,454.8580538269604,1.0,0.0024488678200343937,3.88468911106764e-06,472.0625,421.1640625,291.1011305021443,38.05,54.10643731753758,1024.83075,7553,106,86,(),3,5e+01 a1
yj_m,,False,1789621213156,0.5250873704200701,0.5886979028967362,0.37761278972719436,0.021762852822580645,0.015650598414093782,0.04144615553249806,0.035648386289091914,4356.749999999999,454.8580538269604,1.0,0.0024488678200343937,3.88468911106764e-06,455.6875,404.7890625,291.1011305021443,38.05,54.10643731753758,1024.83075,7291,106,86,(),3,5e+01 a1
yj_m,,False,1789621213206,0.5413022159737364,0.5994641484311826,0.37761278972719436,0.022434895833333333,0.015650598414093782,0.04144615553249806,0.035648386289091914,4356.749999999999,454.8580538269604,1.0,0.0024488678200343937,3.88468911106764e-06,468.1875,417.2890625,291.1011305021443,38.05,54.10643731753758,1024.83075,7491,106,86,(),3,5e+01 a1
yj_m,,False,1789621213256,0.5208715105761168,0.5859206516847155,0.37761278972719436,0.021588121639784946,0.015650598414093782,0.04144615553249806,0.035648386289091914,4356.749999999999,454.8580538269604,1.0,0.0024488678200343937,3.88468911106764e-06,452.4375,401.5390625,291.1011305021443,38.05,54.10643731753758,1024.83075,7239,106,86,(),3,5e+01 a1
yj_m,,False,1789621213306,0.5168988734154686,0.5833121541725005,0.37761278972719436,0.021423471102150538,0.015650598414093782,0.04144615553249806,0.035648386289091914,4356.749999999999,454.8580538269604,1.0,0.0024488678200343937,3.88468911106764e-06,449.375,398.4765625,291.1011305021443,38.05,54.10643731753758,1024.83075,7190,106,86,(),3,5e+01 a1
yj_m,,False,1789621213356,0.5211147332594218,0.5860806256174962,0.37761278972719436,0.021598202284946234,0.015650598414093782,0.04144615553249806,0.035648386289091914,4356.749999999999,454.8580538269604,1.0,0.0024488678200343937,3.88468911106764e-06,452.625,401.7265625,291.1011305021443,38.05,54.10643731753758,1024.83075,7242,106,86,(),3,5e+01 a1
yj_m,,False,1789621213406,0.5513554202170096,0.6062043354672808,0.37761278972719436,0.022851562500000002,0.015650598414093782,0.04144615553249806,0.035648386289091914,4356.749999999999,454.8580538269604,1.0,0.0024488678200343937,3.88468911106764e-06,475.9375,425.0390625,291.1011305021443,38.05,54.10643731753758,1024.83075,7615,106,86,(),3,5e+01 a1
yj_m,,False,1789621213456,0.5558145027442678,0.6092093523218495,0.37761278972719436,0.02303637432795699,0.015650598414093782,0.04144615553249806,0.035648386289091914,4356.749999999999,454.8580538269604,1.0,0.0024488678200343937,3.88468911106764e-06,479.375,428.4765625,291.1011305021443,38.05,54.10643731753758,1024.83075,7670,106,86,(),3,5e+01 a1
yj_m,,False,1789621213506,0.5391942860517598,0.5980571048487714,0.37761278972719436,0.022347530241935483,0.015650598414093782,0.04144615553249806,0.035648386289091914,4356.749999999999,454.8580538269604,1.0,0.0024488678200343937,3.88468911106764e-06,466.5625,415.6640625,291.1011305021443,38.05,54.10643731753758,1024.83075,7465,106,86,(),3,5e+01 a1
yj_m,,False,1789621213556,0.5495717872061062,0.6050049572483739,0.37761278972719436,0.022777637768817204,0.015650598414093782,0.04144615553249806,0.035648386289091914,4356.749999999999,454.8580538269604,1.0,0.0024488678200343937,3.88468911106764e-06,474.5625,423.6640625,291.1011305021443,38.05,54.10643731753758,1024.83075,7593,106,86,(),3,5e+01 a1
yj_m,,False,1789621213606,0.5431669232124081,0.6007106550681167,0.37761278972719436,0.022512180779569894,0.015650598414093782,0.04144615553249806,0.035648386289091914,4356.749999999999,454.8580538269604,1.0,0.0024488678200343937,3.88468911106764e-06,469.625,418.7265625,291.1011305021443,38.05,54.10643731753758,1024.83075,7514,106,86,(),3,5e+01 a1
yj_m,,False,1789621213656,0.5326272736025249,0.5936877401879042,0.37761278972719436,0.022075352822580645,0.015650598414093782,0.04144615553249806,0.035648386289091914,4356.749999999999,454.8580538269604,1.0,0.0024488678200343937,3.88468911106764e-06,461.5,410.6015625,291.1011305021443,38.05,54.10643731753758,1024.83075,7384,106,86,(),3,5e+01 a1
yj_m,,False,1789621213706,0.517709615693152,0.5838438230093904,0.37761278972719436,0.021457073252688173,0.015650598414093782,0.04144615553249806,0.035648386289091914,4356.749999999999,454.8580538269604,1.0,0.0024488678200343937,3.88468911106764e-06,450.0,399.1015625,291.1011305021443,38.05,54.10643731753758,1024.83075,7200,106,86,(),3,5e+01 a1
yj_m,,False,1789621213756,0.543410145895713,0.6008733678654941,0.37761278972719436,0.022522261424731183,0.015650598414093782,0.04144615553249806,0.035648386289091914,4356.749999999999,454.8580538269604,1.0,0.0024488678200343937,3.88468911106764e-06,469.8125,418.9140625,291.1011305021443,38.05,54.10643731753758,1024.83075,7517,107,86,(),3,5e+01 a1
yj_m,,False,1789621213806,0.4927387535405058,0.5676330512949113,0.37761278972719436,0.02042212701612903,0.015650598414093782,0.04144615553249806,0.035648386289091914,4356.749999999999,454.8580538269604,1.0,0.0024488678200343937,3.88468911106764e-06,430.75,379.8515625,291.1011305021443,38.05,54.10643731753758,1024.83075,6892,107,86,(),3,5e+01 a1
yj_m,,False,1789621213856,0.47425382960932627,0.555862941100818,0.37761278972719436,0.01965599798387097,0.015650598414093782,0.04144615553249806,0.035648386289091914,4356.749999999999,454.8580538269604,1.0,0.0024488678200343937,3.88468911106764e-06,416.5,365.6015625,291.1011305021443,38.05,54.10643731753758,1024.83075,6664,107,87,(),3,5e+01 a1
yj_m,,False,1789621213906,0.45090445201204676,0.5412972004439875,0.37761278972719436,0.018688256048387097,0.015650598414093782,0.04144615553249806,0.035648386289091914,4356.749999999999,454.8580538269604,1.0,0.0024488678200343937,3.88468911106764e-06,398.5,347.6015625,291.1011305021443,38.05,54.10643731753758,1024.83075,6376,107,87,(),3,5e+01 a1
yj_m,,False,1789621213956,0.5427615520735664,0.6004395310581593,0.37761278972719436,0.022495379704301075,0.015650598414093782,0.04144615553249806,0.035648386289091914,4356.749999999999,454.8580538269604,1.0,0.0024488678200343937,3.88468911106764e-06,469.3125,418.4140625,291.1011305021443,38.05,54.10643731753758,1024.83075,7509,107,87,(),3,5e+01 a1
yj_m,,False,1789621214006,0.5645705193432475,0.615136978836212,0.37761278972719436,0.02339927755376344,0.015650598414093782,0.04144615553249806,0.035648386289091914,4356.749999999999,454.8580538269604,1.0,0.0024488678200343937,3.88468911106764e-06,486.125,435.2265625,291.1011305021443,38.05,54.10643731753758,1024.83075,7778,107,87,(),3,5e+01 a1
yj_m,,False,1789621214056,0.561489698688051,0.6130473183130362,0.37761278972719436,0.023271589381720432,0.015650598414093782,0.04144615553249806,0.035648386289091914,4356.749999999999,454.8580538269604,1.0,0.0024488678200343937,3.88468911106764e-06,483.75,432.8515625,291.1011305021443,38.05,54.10643731753758,1024.83075,7740,107,87,(),3,5e+01 a1
yj_m,,False,1789621214106,0.46168732430523485,0.5479803886221752,0.37761278972719436,0.019135164650537634,0.015650598414093782,0.04144615553249806,0.035648386289091914,4356.749999999999,454.8580538269604,1.0,0.0024488678200343937,3.88468911106764e-06,406.8125,355.9140625,291.1011305021443,38.05,54.10643731753758,1024.83075,6509,107,87,(),3,5e+01 a1
yj_m,,False,1789621214156,0.48333414311937933,0.561619330039161,0.37761278972719436,0.020032342069892472,0.015650598414093782,0.04144615553249806,0.035648386289091914,4356.749999999999,454.8580538269604,1.0,0.0024488678200343937,3.88468911106764e-06,423.5,372.6015625,291.1011305021443,38.05,54.10643731753758,1024.83075,6776,107,87,(),3,5e+01 a1
yj_m,,False,1789621214206,0.5411400675181998,0.599355836864834,0.37761278972719436,0.02242817540322581,0.015650598414093782,0.04144615553249806,0.035648386289091914,4356.749999999999,454.8580538269604,1.0,0.0024488678200343937,3.88468911106764e-06,468.0625,417.1640625,291.1011305021443,38.05,54.10643731753758,1024.83075,7489,107,87,(),3,5e+01 a1
yj_m,,False,1789621214256,0.5099264898273921,0.5787543240777194,0.37761278972719436,0.02113449260752688,0.015650598414093782,0.04144615553249806,0.035648386289091914,4356.749999999999,454.8580538269604,1.0,0.0024488678200343937,3.88468911106764e-06,444.0,393.1015625,291.1011305021443,38.05,54.10643731753758,1024.83075,7104,107,87,(),3,5e+01 a1
yj_m,,False,1789621214306,0.5018190670505589,0.5734878298480452,0.37761278972719436,0.020798471102150537,0.015650598414093782,0.04144615553249806,0.035648386289091914,4356.749999999999,454.8580538269604,1.0,0.0024488678200343937,3.88468911106764e-06,437.75,386.8515625,291.1011305021443,38.05,54.10643731753758,1024.83075,7004,107,87,(),3,5e+01 a1
yj_m,,False,1789621214356,0.5009272505451072,0.5729107416521562,0.37761278972719436,0.020761508736559138,0.015650598414093782,0.04144615553249806,0.035648386289091914,4356.749999999999,454.8580538269604,1.0,0.0024488678200343937,3.88468911106764e-06,437.0625,386.1640625,291.1011305021443,38.05,54.10643731753758,1024.83075,6993,107,87,(),3,5e+01 a1
yj_m,,False,1789621214406,0.49046867516299253,0.5661767305048108,0.37761278972719436,0.020328040994623656,0.015650598414093782,0.04144615553249806,0.035648386289091914,4356.749999999999,454.8580538269604,1.0,0.0024488678200343937,3.88468911106764e-06,429.0,378.1015625,291.1011305021443,38.05,54.10643731753758,1024.83075,6864,107,87,(),3,5e+01 a1
yj_m,,False,1789621214456,0.5466531150064462,0.6030456113303002,0.37761278972719436,0.02265667002688172,0.015650598414093782,0.04144615553249806,0.035648386289091914,4356.749999999999,454.8580538269604,1.0,0.0024488678200343937,3.88468911106764e-06,472.3125,421.4140625,291.1011305021443,38.05,54.10643731753758,1024.83075,7557,107,87,(),3,5e+01 a1
yj_m,,False,1789621214506,0.5402482510127481,0.5987603536992283,0.37761278972719436,0.02239121303763441,0.015650598414093782,0.04144615553249806,0.035648386289091914,4356.749999999999,454.8580538269604,1.0,0.0024488678200343937,3.88468911106764e-06,467.375,416.4765625,291.1011305021443,38.05,54.10643731753758,1024.83075,7478,107,87,(),3,5e+01 a1
yj_m,,False,1789621214556,0.5293032302640233,0.5914843439392693,0.37761278972719436,0.02193758400537634,0.015650598414093782,0.04144615553249806,0.035648386289091914,4356.749999999999,454.8580538269604,1.0,0.0024488678200343937,3.88468911106764e-06,458.9375,408.0390625,291.1011305021443,38.05,54.10643731753758,1024.83075,7343,107,87,(),3,5e+01 a1
yj_m,,False,1789621214606,0.542680477845798,0.6003853158618204,0.37761278972719436,0.02249201948924731,0.015650598414093782,0.04144615553249806,0.035648386289091914,4356.749999999999,454.8580538269604,1.0,0.0024488678200343937,3.88468911106764e-06,469.25,418.3515625,291.1011305021443,38.05,54.10643731753758,1024.83075,7508,107,87,(),3,5e+01 a1
yj_m,,False,1789621214656,0.5186014321986037,0.5844290610975277,0.37761278972719436,0.02149403561827957,0.015650598414093782,0.04144615553249806,0.035648386289091914,4356.749999999999,454.8580538269604,1.0,0.0024488678200343937,3.88468911106764e-06,450.6875,399.7890625,291.1011305021443,38.05,54.10643731753758,1024.83075,7211,107,87,(),3,5e+01 a1
yj_m,,False,1789621214706,0.5083050052720254,0.5776981322440454,0.37761278972719436,0.02106728830645161,0.015650598414093782,0.04144615553249806,0.035648386289091914,4356.749999999999,454.8580538269604,1.0,0.0024488678200343937,3.88468911106764e-06,442.75,391.8515625,291.1011305021443,38.05,54.10643731753758,1024.83075,7084,107,87,(),3,5e+01 a1
yj_m,,False,1789621214756,0.5162502795933219,0.5828870705930317,0.37761278972719436,0.02139658938172043,0.015650598414093782,0.04144615553249806,0.035648386289091914,4356.749999999999,454.8580538269604,1.0,0.0024488678200343937,3.88468911106764e-06,448.875,397.9765625,291.1011305021443,38.05,54.10643731753758,1024.83075,7182,108,87,(),3,5e+01 a1
yj_m,,False,1789621214806,0.5406536221515897,0.5990309794844471,0.37761278972719436,0.022408014112903225,0.015650598414093782,0.04144615553249806,0.035648386289091914,4356.749999999999,454.8580538269604,1.0,0.0024488678200343937,3.88468911106764e-06,467.6875,416.7890625,291.1011305021443,38.05,54.10643731753758,1024.83075,7483,108,87,(),3,5e+01 a1
yj_m,,False,1789621214856,0.5225740693592519,0.5870411192954231,0.37761278972719436,0.02165868615591398,0.015650598414093782,0.04144615553249806,0.035648386289091914,4356.749999999999,454.8580538269604,1.0,0.0024488678200343937,3.88468911106764e-06,453.75,402.8515625,291.1011305021443,38.05,54.10643731753758,1024.83075,7260,108,88,(),3,5e+01 a1
yj_m,,False,1789621214906,0.5406536221515897,0.5990309794844471,0.37761278972719436,0.022408014112903225,0.015650598414093782,0.04144615553249806,0.035648386289091914,4356.749999999999,454.8580538269604,1.0,0.0024488678200343937,3.88468911106764e-06,467.6875,416.7890625,291.1011305021443,38.05,54.10643731753758,1024.83075,7483,108,88,(),3,5e+01 a1
yj_m,,False,1789621214956,0.5080617825887205,0.5775398273522294,0.37761278972719436,0.021057207661290323,0.015650598414093782,0.04144615553249806,0.035648386289091914,4356.749999999999,454.8580538269604,1.0,0.0024488678200343937,3.88468911106764e-06,442.5625,391.6640625,291.1011305021443,38.05,54.10643731753758,1024.83075,7081,108,88,(),3,5e+01 a1
yj_m,,False,1789621215006,0.5283303395308034,0.5908405102167159,0.37761278972719436,0.021897261424731185,0.015650598414093782,0.04144615553249806,0.035648386289091914,4356.749999999999,454.8580538269604,1.0,0.0024488678200343937,3.88468911106764e-06,458.1875,407.2890625,291.1011305021443,38.05,54.10643731753758,1024.83075,7331,108,88,(),3,5e+01 a1
yj_m,,False,1789621215056,0.5386267664573815,0.5976786591709945,0.37761278972719436,0.02232400873655914,0.015650598414093782,0.04144615553249806,0.035648386289091914,4356.749999999999,454.8580538269604,1.0,0.0024488678200343937,3.88468911106764e-06,466.125,415.2265625,291.1011305021443,38.05,54.10643731753758,1024.83075,7458,108,88,(),3,5e+01 a1
yj_m,,False,1789621215106,0.5085482279553304,0.5778564695034186,0.37761278972719436,0.021077368951612902,0.015650598414093782,0.04144615553249806,0.035648386289091914,4356.749999999999,454.8580538269604,1.0,0.0024488678200343937,3.88468911106764e-06,442.9375,392.0390625,291.1011305021443,38.05,54.10643731753758,1024.83075,7087,108,88,(),3,5e+01 a1
yj_m,,False,1789621215156,0.5170610218710053,0.5834184600219984,0.37761278972719436,0.021430191532258065,0.015650598414093782,0.04144615553249806,0.035648386289091914,4356.749999999999,454.8580538269604,1.0,0.0024488678200343937,3.88468911106764e-06,449.5,398.6015625,291.1011305021443,38.05,54.10643731753758,1024.83075,7192,108,88,(),3,5e+01 a1
yj_m,,False,1789621215206,0.4799290255531094,0.5594548481208387,0.37761278972719436,0.019891213037634407,0.015650598414093782,0.04144615553249806,0.035648386289091914,4356.749999999999,454.8580538269604,1.0,0.0024488678200343937,3.88468911106764e-06,420.875,369.9765625,291.1011305021443,38.05,54.10643731753758,1024.83075,6734,108,88,(),3,5e+01 a1
yj_m,,False,1789621215256,0.43404101263623374,0.5310014465894798,0.37761278972719436,0.0179893313172043,0.015650598414093782,0.04144615553249806,0.035648386289091914,4356.749999999999,454.8580538269604,1.0,0.0024488678200343937,3.88468911106764e-06,385.5,334.6015625,291.1011305021443,38.05,54.10643731753758,1024.83075,6168,108,88,(),3,5e+01 a1
yj_m,,False,1789621215306,0.5425994036180297,0.60033110386939,0.37761278972719436,0.022488659274193547,0.015650598414093782,0.04144615553249806,0.035648386289091914,4356.749999999999,454.8580538269604,1.0,0.0024488678200343937,3.88468911106764e-06,469.1875,418.2890625,291.1011305021443,38.05,54.10643731753758,1024.83075,7507,108,88,(),3,5e+01 a1
yj_m,,False,1789621215356,0.5250062961923018,0.588644407137697,0.37761278972719436,0.02175949260752688,0.015650598414093782,0.04144615553249806,0.035648386289091914,4356.749999999999,454.8580538269604,1.0,0.0024488678200343937,3.88468911106764e-06,455.625,404.7265625,291.1011305021443,38.05,54.10643731753758,1024.83075,7290,108,88,(),3,5e+01 a1
yj_m,,False,1789621215406,0.5418697355681147,0.5998433402567106,0.37761278972719436,0.022458417338709676,0.015650598414093782,0.04144615553249806,0.035648386289091914,4356.749999999999,454.8580538269604,1.0,0.0024488678200343937,3.88468911106764e-06,468.625,417.7265625,291.1011305021443,38.05,54.10643731753758,1024.83075,7498,108,88,(),3,5e+01 a1
yj_m,,False,1789621215456,0.5118722712938321,0.5800236421141488,0.37761278972719436,0.021215137768817203,0.015650598414093782,0.04144615553249806,0.035648386289091914,4356.749999999999,454.8580538269604,1.0,0.0024488678200343937,3.88468911106764e-06,445.5,394.6015625,291.1011305021443,38.05,54.10643731753758,1024.83075,7128,108,88,(),3,5e+01 a1
yj_m,,False,1789621215506,0.5106561578773071,0.5792300776373873,0.37761278972719436,0.021164734543010752,0.015650598414093782,0.04144615553249806,0.035648386289091914,4356.749999999999,454.8580538269604,1.0,0.0024488678200343937,3.88468911106764e-06,444.5625,393.6640625,291.1011305021443,38.05,54.10643731753758,1024.83075,7113,108,88,(),3,5e+01 a1
yj_m,,False,1789621215556,0.5151152404045652,0.5821437138092507,0.37761278972719436,0.02134954637096774,0.015650598414093782,0.04144615553249806,0.035648386289091914,4356.749999999999,454.8580538269604,1.0,0.0024488678200343937,3.88468911106764e-06,448.0,397.1015625,291.1011305021443,38.05,54.10643731753758,1024.83075,7168,108,88,(),3,5e+01 a1
yj_m,,False,1789621215606,0.5011704732284122,0.5730680851509067,0.37761278972719436,0.02077158938172043,0.015650598414093782,0.04144615553249806,0.035648386289091914,4356.749999999999,454.8580538269604,1.0,0.0024488678200343937,3.88468911106764e-06,437.25,386.3515625,291.1011305021443,38.05,54.10643731753758,1024.83075,6996,108,88,(),3,5e+01 a1
yj_m,,False,1789621215656,0.5143855723546503,0.5816662051898924,0.37761278972719436,0.021319304435483872,0.015650598414093782,0.04144615553249806,0.035648386289091914,4356.749999999999,454.8580538269604,1.0,0.0024488678200343937,3.88468911106764e-06,447.4375,396.5390625,291.1011305021443,38.05,54.10643731753758,1024.83075,7159,108,88,(),3,5e+01 a1
yj_m,,False,1789621215706,0.5308436405916216,0.5925047335008096,0.37761278972719436,0.022001428091397848,0.015650598414093782,0.04144615553249806,0.035648386289091914,4356.749999999999,454.8580538269604,1.0,0.0024488678200343937,3.88468911106764e-06,460.125,409.2265625,291.1011305021443,38.05,54.10643731753758,1024.83075,7362,108,88,(),3,5e+01 a1
yj_m,,False,1789621215756,0.5575170615274028,0.6103591771286997,0.37761278972719436,0.023106938844086024,0.015650598414093782,0.04144615553249806,0.035648386289091914,4356.749999999999,454.8580538269604,1.0,0.0024488678200343937,3.88468911106764e-06,480.6875,429.7890625,291.1011305021443,38.05,54.10643731753758,1024.83075,7691,109,88,(),3,5e+01 a1
yj_m,,False,1789621215806,0.5122776424326737,0.5802883414342831,0.37761278972719436,0.021231938844086022,0.015650598414093782,0.04144615553249806,0.035648386289091914,4356.749999999999,454.8580538269604,1.0,0.0024488678200343937,3.88468911106764e-06,445.8125,394.9140625,291.1011305021443,38.05,54.10643731753758,1024.83075,7133,109,88,(),3,5e+01 a1
yj_m,,False,1789621215856,0.5209525848038853,0.5859739728831305,0.37761278972719436,0.021591481854838713,0.015650598414093782,0.04144615553249806,0.035648386289091914,4356.749999999999,454.8580538269604,1.0,0.0024488678200343937,3.88468911106764e-06,452.5,401.6015625,291.1011305021443,38.05,54.10643731753758,1024.83075,7240,109,89,(),3,5e+01 a1
yj_m,,False,1789621215906,0.5100075640551605,0.5788071712904387,0.37761278972719436,0.021137852822580645,0.015650598414093782,0.04144615553249806,0.035648386289091914,4356.749999999999,454.8580538269604,1.0,0.0024488678200343937,3.88468911106764e-06,444.0625,393.1640625,291.1011305021443,38.05,54.10643731753758,1024.83075,7105,109,89,(),3,5e+01 a1
yj_m,,False,1789621215956,0.5216011786260318,0.5864006664531914,0.37761278972719436,0.021618363575268817,0.015650598414093782,0.04144615553249806,0.035648386289091914,4356.749999999999,454.8580538269604,1.0,0.0024488678200343937,3.88468911106764e-06,453.0,402.1015625,291.1011305021443,38.05,54.10643731753758,1024.83075,7248,109,89,(),3,5e+01 a1
yj_m,,False,1789621216006,0.5063592238055855,0.5764326016404732,0.37761278972719436,0.02098664314516129,0.015650598414093782,0.04144615553249806,0.035648386289091914,4356.749999999999,454.8580538269604,1.0,0.0024488678200343937,3.88468911106764e-06,441.25,390.3515625,291.1011305021443,38.05,54.10643731753758,1024.83075,7060,109,89,(),3,5e+01 a1
yj_m,,False,1789621216056,0.5485178222451179,0.6042969454994169,0.37761278972719436,0.02273395497311828,0.015650598414093782,0.04144615553249806,0.035648386289091914,4356.749999999999,454.8580538269604,1.0,0.0024488678200343937,3.88468911106764e-06,473.75,422.8515625,291.1011305021443,38.05,54.10643731753758,1024.83075,7580,109,89,(),3,5e+01 a1
yj_m,,False,1789621216106,0.5062781495778172,0.5763799163553748,0.37761278972719436,0.020983282930107528,0.015650598414093782,0.04144615553249806,0.035648386289091914,4356.749999999999,454.8580538269604,1.0,0.0024488678200343937,3.88468911106764e-06,441.1875,390.2890625,291.1011305021443,38.05,54.10643731753758,1024.83075,7059,109,89,(),3,5e+01 a1
yj_m,,False,1789621216156,0.5053863330723656,0.5758006174323053,0.37761278972719436,0.02094632056451613,0.015650598414093782,0.04144615553249806,0.035648386289091914,4356.749999999999,454.8580538269604,1.0,0.0024488678200343937,3.88468911106764e-06,440.5,389.6015625,291.1011305021443,38.05,54.10643731753758,1024.83075,7048,109,89,(),3,5e+01 a1
yj_m,,False,1789621216206,0.5063592238055855,0.5764326016404732,0.37761278972719436,0.02098664314516129,0.015650598414093782,0.04144615553249806,0.035648386289091914,4356.749999999999,454.8580538269604,1.0,0.0024488678200343937,3.88468911106764e-06,441.25,390.3515625,291.1011305021443,38.05,54.10643731753758,1024.83075,7060,109,89,(),3,5e+01 a1
yj_m,,False,1789621216256,0.5370052819020149,0.5965982636997585,0.37761278972719436,0.022256804435483873,0.015650598414093782,0.04144615553249806,0.035648386289091914,4356.749999999999,454.8580538269604,1.0,0.0024488678200343937,3.88468911106764e-06,464.875,413.9765625,291.1011305021443,38.05,54.10643731753758,1024.83075,7438,109,89,(),3,5e+01 a1
yj_m,,False,1789621216306,0.5385456922296132,0.5976246084862301,0.37761278972719436,0.02232064852150538,0.015650598414093782,0.04144615553249806,0.035648386289091914,4356.749999999999,454.8580538269604,1.0,0.0024488678200343937,3.88468911106764e-06,466.0625,415.1640625,291.1011305021443,38.05,54.10643731753758,1024.83075,7457,109,89,(),3,5e+01 a1
yj_m,,False,1789621216356,0.5186825064263718,0.584482285420444,0.37761278972719436,0.021497395833333332,0.015650598414093782,0.04144615553249806,0.035648386289091914,4356.749999999999,454.8580538269604,1.0,0.0024488678200343937,3.88468911106764e-06,450.75,399.8515625,291.1011305021443,38.05,54.10643731753758,1024.83075,7212,109,89,(),3,5e+01 a1
yj_m,,False,1789621216406,0.5264656322921317,0.5896078500224573,0.37761278972719436,0.021819976478494624,0.015650598414093782,0.04144615553249806,0.035648386289091914,4356.749999999999,454.8580538269604,1.0,0.0024488678200343937,3.88468911106764e-06,456.75,405.8515625,291.1011305021443,38.05,54.10643731753758,1024.83075,7308,109,89,(),3,5e+01 a1
yj_m,,False,1789621216456,0.5176285414653836,0.5837906404319052,0.37761278972719436,0.02145371303763441,0.015650598414093782,0.04144615553249806,0.035648386289091914,4356.749999999999,454.8580538269604,1.0,0.0024488678200343937,3.88468911106764e-06,449.9375,399.0390625,291.1011305021443,38.05,54.10643731753758,1024.83075,7199,109,89,(),3,5e+01 a1
yj_m,,False,1789621216506,0.527762819936425,0.5904651639972518,0.37761278972719436,0.02187373991935484,0.015650598414093782,0.04144615553249806,0.035648386289091914,4356.749999999999,454.8580538269604,1.0,0.0024488678200343937,3.88468911106764e-06,457.75,406.8515625,291.1011305021443,38.05,54.10643731753758,1024.83075,7324,109,89,(),3,5e+01 a1
yj_m,,False,1789621216556,0.5102507867384655,0.5789657343792495,0.37761278972719436,0.021147933467741936,0.015650598414093782,0.04144615553249806,0.035648386289091914,4356.749999999999,454.8580538269604,1.0,0.0024488678200343937,3.88468911106764e-06,444.25,393.3515625,291.1011305021443,38.05,54.10643731753758,1024.83075,7108,109,89,(),3,5e+01 a1
yj_m,,False,1789621216606,0.5609221790936727,0.612662853525149,0.37761278972719436,0.02324806787634409,0.015650598414093782,0.04144615553249806,0.035648386289091914,4356.749999999999,454.8580538269604,1.0,0.0024488678200343937,3.88468911106764e-06,483.3125,432.4140625,291.1011305021443,38.05,54.10643731753758,1024.83075,7733,109,89,(),3,5e+01 a1
yj_m,,False,1789621216656,0.5659487812153092,0.6160732222244892,0.37761278972719436,0.02345640120967742,0.015650598414093782,0.04144615553249806,0.035648386289091914,4356.749999999999,454.8580538269604,1.0,0.0024488678200343937,3.88468911106764e-06,487.1875,436.2890625,291.1011305021443,38.05,54.10643731753758,1024.83075,7795,109,89,(),3,5e+01 a1
yj_m,,False,1789621216706,0.5664352265819191,0.616403865876898,0.37761278972719436,0.0234765625,0.015650598414093782,0.04144615553249806,0.035648386289091914,4356.749999999999,454.8580538269604,1.0,0.0024488678200343937,3.88468911106764e-06,487.5625,436.6640625,291.1011305021443,38.05,54.10643731753758,1024.83075,7801,109,89,(),3,5e+01 a1
yj_m,,False,1789621216756,0.5507879006226312,0.605822551290014,0.37761278972719436,0.022828040994623655,0.015650598414093782,0.04144615553249806,0.035648386289091914,4356.749999999999,454.8580538269604,1.0,0.0024488678200343937,3.88468911106764e-06,475.5,424.6015625,291.1011305021443,38.05,54.10643731753758,1024.83075,7608,110,89,(),3,5e+01 a1
yj_m,,False,1789621216806,0.5677324142262126,0.6172861028770855,0.37761278972719436,0.023530325940860217,0.015650598414093782,0.04144615553249806,0.035648386289091914,4356.749999999999,454.8580538269604,1.0,0.0024488678200343937,3.88468911106764e-06,488.5625,437.6640625,291.1011305021443,38.05,54.10643731753758,1024.83075,7817,110,89,(),3,5e+01 a1
yj_m,,False,1789621216856,0.5485178222451179,0.6042969454994169,0.37761278972719436,0.02273395497311828,0.015650598414093782,0.04144615553249806,0.035648386289091914,4356.749999999999,454.8580538269604,1.0,0.0024488678200343937,3.88468911106764e-06,473.75,422.8515625,291.1011305021443,38.05,54.10643731753758,1024.83075,7580,110,90,(),3,5e+01 a1
yj_m,,False,1789621216906,0.5130073104825887,0.5807650236814016,0.37761278972719436,0.021262180779569893,0.015650598414093782,0.04144615553249806,0.035648386289091914,4356.749999999999,454.8580538269604,1.0,0.0024488678200343937,3.88468911106764e-06,446.375,395.4765625,291.1011305021443,38.05,54.10643731753758,1024.83075,7142,110,90,(),3,5e+01 a1
yj_m,,False,1789621216956,0.5187635806541403,0.5845355132159722,0.37761278972719436,0.0215007560483871,0.015650598414093782,0.04144615553249806,0.035648386289091914,4356.749999999999,454.8580538269604,1.0,0.0024488678200343937,3.88468911106764e-06,450.8125,399.9140625,291.1011305021443,38.05,54.10643731753758,1024.83075,7213,110,90,(),3,5e+01 a1
yj_m,,False,1789621217006,0.5119533455216003,0.5800765748754437,0.37761278972719436,0.021218497983870967,0.015650598414093782,0.04144615553249806,0.035648386289091914,4356.749999999999,454.8580538269604,1.0,0.0024488678200343937,3.88468911106764e-06,445.5625,394.6640625,291.1011305021443,38.05,54.10643731753758,1024.83075,7129,110,90,(),3,5e+01 a1
yj_m,,False,1789621217056,0.5702457152870307,0.6189975817321673,0.37761278972719436,0.02363449260752688,0.015650598414093782,0.04144615553249806,0.035648386289091914,4356.749999999999,454.8580538269604,1.0,0.0024488678200343937,3.88468911106764e-06,490.5,439.6015625,291.1011305021443,38.05,54.10643731753758,1024.83075,7848,110,90,(),3,5e+01 a1
yj_m,,False,1789621217106,0.5265467065199001,0.5896614068137671,0.37761278972719436,0.021823336693548388,0.015650598414093782,0.04144615553249806,0.035648386289091914,4356.749999999999,454.8580538269604,1.0,0.0024488678200343937,3.88468911106764e-06,456.8125,405.9140625,291.1011305021443,38.05,54.10643731753758,1024.83075,7309,110,90,(),3,5e+01 a1
yj_m,,False,1789621217156,0.5480313768785079,0.6039703498325796,0.37761278972719436,0.022713793682795698,0.015650598414093782,0.04144615553249806,0.035648386289091914,4356.749999999999,454.8580538269604,1.0,0.0024488678200343937,3.88468911106764e-06,473.375,422.4765625,291.1011305021443,38.05,54.10643731753758,1024.83075,7574,110,90,(),3,5e+01 a1
yj_m,,False,1789621217206,0.5168177991877002,0.583259006487602,0.37761278972719436,0.021420110887096774,0.015650598414093782,0.04144615553249806,0.035648386289091914,4356.749999999999,454.8580538269604,1.0,0.0024488678200343937,3.88468911106764e-06,449.3125,398.4140625,291.1011305021443,38.05,54.10643731753758,1024.83075,7189,110,90,(),3,5e+01 a1
yj_m,,False,1789621217256,0.4948466834624825,0.56898801103732,0.37761278972719436,0.020509492607526884,0.015650598414093782,0.04144615553249806,0.035648386289091914,4356.749999999999,454.8580538269604,1.0,0.0024488678200343937,3.88468911106764e-06,432.375,381.4765625,291.1011305021443,38.05,54.10643731753758,1024.83075,6918,110,90,(),3,5e+01 a1
yj_m,,False,1789621217306,0.5139802012158088,0.5814010458939152,0.37761278972719436,0.021302503360215056,0.015650598414093782,0.04144615553249806,0.035648386289091914,4356.749999999999,454.8580538269604,1.0,0.0024488678200343937,3.88468911106764e-06,447.125,396.2265625,291.1011305021443,38.05,54.10643731753758,1024.83075,7154,110,90,(),3,5e+01 a1
yj_m,,False,1789621217356,0.5417886613403464,0.5997891603511506,0.37761278972719436,0.022455057123655916,0.015650598414093782,0.04144615553249806,0.035648386289091914,4356.749999999999,454.8580538269604,1.0,0.0024488678200343937,3.88468911106764e-06,468.5625,417.6640625,291.1011305021443,38.05,54.10643731753758,1024.83075,7497,110,90,(),3,5e+01 a1
yj_m,,False,1789621217406,0.5129262362548204,0.5807120448154718,0.37761278972719436,0.02125882056451613,0.015650598414093782,0.04144615553249806,0.035648386289091914,4356.749999999999,454.8580538269604,1.0,0.0024488678200343937,3.88468911106764e-06,446.3125,395.4140625,291.1011305021443,38.05,54.10643731753758,1024.83075,7141,110,90,(),3,5e+01 a1
yj_m,,False,1789621217456,0.5623815151935025,0.6136517750951707,0.37761278972719436,0.023308551747311827,0.015650598414093782,0.04144615553249806,0.035648386289091914,4356.749999999999,454.8580538269604,1.0,0.0024488678200343937,3.88468911106764e-06,484.4375,433.5390625,291.1011305021443,38.05,54.10643731753758,1024.83075,7751,110,90,(),3,5e+01 a1
yj_m,,False,1789621217506,0.5713807544757874,0.6197714299718965,0.37761278972719436,0.02368153561827957,0.015650598414093782,0.04144615553249806,0.035648386289091914,4356.749999999999,454.8580538269604,1.0,0.0024488678200343937,3.88468911106764e-06,491.375,440.4765625,291.1011305021443,38.05,54.10643731753758,1024.83075,7862,110,90,(),3,5e+01 a1
yj_m,,False,1789621217556,0.45463386648938997,0.5436000741038826,0.37761278972719436,0.018842825940860213,0.015650598414093782,0.04144615553249806,0.035648386289091914,4356.749999999999,454.8580538269604,1.0,0.0024488678200343937,3.88468911106764e-06,401.375,350.4765625,291.1011305021443,38.05,54.10643731753758,1024.83075,6422,110,90,(),3,5e+01 a1
yj_m,,False,1789621217606,0.5360323911687949,0.5959506529038352,0.37761278972719436,0.02221648185483871,0.015650598414093782,0.04144615553249806,0.035648386289091914,4356.749999999999,454.8580538269604,1.0,0.0024488678200343937,3.88468911106764e-06,464.125,413.2265625,291.1011305021443,38.05,54.10643731753758,1024.83075,7426,110,90,(),3,5e+01 a1
yj_m,,False,1789621217656,0.5011704732284122,0.5730680851509067,0.37761278972719436,0.02077158938172043,0.015650598414093782,0.04144615553249806,0.035648386289091914,4356.749999999999,454.8580538269604,1.0,0.0024488678200343937,3.88468911106764e-06,437.25,386.3515625,291.1011305021443,38.05,54.10643731753758,1024.83075,6996,110,90,(),3,5e+01 a1
yj_m,,False,1789621217706,0.515520611543407,0.5824091194325289,0.37761278972719436,0.02136634744623656,0.015650598414093782,0.04144615553249806,0.035648386289091914,4356.749999999999,454.8580538269604,1.0,0.0024488678200343937,3.88468911106764e-06,448.3125,397.4140625,291.1011305021443,38.05,54.10643731753758,1024.83075,7173,110,90,(),3,5e+01 a1
yj_m,,False,1789621217756,0.5359513169410265,0.5958967066101026,0.37761278972719436,0.022213121639784946,0.015650598414093782,0.04144615553249806,0.035648386289091914,4356.749999999999,454.8580538269604,1.0,0.0024488678200343937,3.88468911106764e-06,464.0625,413.1640625,291.1011305021443,38.05,54.10643731753758,1024.83075,7425,111,90,(),3,5e+01 a1
yj_m,,False,1789621217806,0.45366097575617004,0.5429984391583726,0.37761278972719436,0.018802503360215054,0.015650598414093782,0.04144615553249806,0.035648386289091914,4356.749999999999,454.8580538269604,1.0,0.0024488678200343937,3.88468911106764e-06,400.625,349.7265625,291.1011305021443,38.05,54.10643731753758,1024.83075,6410,111,90,(),3,5e+01 a1
yj_m,,False,1789621217856,0.5221686982204102,0.5867742038721732,0.37761278972719436,0.021641885080645164,0.015650598414093782,0.04144615553249806,0.035648386289091914,4356.749999999999,454.8580538269604,1.0,0.0024488678200343937,3.88468911106764e-06,453.4375,402.5390625,291.1011305021443,38.05,54.10643731753758,1024.83075,7255,111,91,(),3,5e+01 a1
yj_m,,False,1789621217906,0.5481935253340445,0.6040792024751559,0.37761278972719436,0.022720514112903226,0.015650598414093782,0.04144615553249806,0.035648386289091914,4356.749999999999,454.8580538269604,1.0,0.0024488678200343937,3.88468911106764e-06,473.5,422.6015625,291.1011305021443,38.05,54.10643731753758,1024.83075,7576,111,91,(),3,5e+01 a1
yj_m,,False,1789621217956,0.5293843044917916,0.591538018551041,0.37761278972719436,0.02194094422043011,0.015650598414093782,0.04144615553249806,0.035648386289091914,4356.749999999999,454.8580538269604,1.0,0.0024488678200343937,3.88468911106764e-06,459.0,408.1015625,291.1011305021443,38.05,54.10643731753758,1024.83075,7344,111,91,(),3,5e+01 a1
yj_m,,False,1789621218006,0.5208715105761168,0.5859206516847155,0.37761278972719436,0.021588121639784946,0.015650598414093782,0.04144615553249806,0.035648386289091914,4356.749999999999,454.8580538269604,1.0,0.0024488678200343937,3.88468911106764e-06,452.4375,401.5390625,291.1011305021443,38.05,54.10643731753758,1024.83075,7239,111,91,(),3,5e+01 a1
yj_m,,False,1789621218056,0.545599150045458,0.6023390746668954,0.37761278972719436,0.022612987231182796,0.015650598414093782,0.04144615553249806,0.035648386289091914,4356.749999999999,454.8580538269604,1.0,0.0024488678200343937,3.88468911106764e-06,471.5,420.6015625,291.1011305021443,38.05,54.10643731753758,1024.83075,7544,111,91,(),3,5e+01 a1
yj_m,,False,1789621218106,0.5550848346943527,0.6087169838202924,0.37761278972719436,0.023006132392473115,0.015650598414093782,0.04144615553249806,0.035648386289091914,4356.749999999999,454.8580538269604,1.0,0.0024488678200343937,3.88468911106764e-06,478.8125,427.9140625,291.1011305021443,38.05,54.10643731753758,1024.83075,7661,111,91,(),3,5e+01 a1
yj_m,,False,1789621218156,0.5561387996553411,0.6094282625369005,0.37761278972719436,0.023049815188172045,0.015650598414093782,0.04144615553249806,0.035648386289091914,4356.749999999999,454.8580538269604,1.0,0.0024488678200343937,3.88468911106764e-06,479.625,428.7265625,291.1011305021443,38.05,54.10643731753758,1024.83075,7674,111,91,(),3,5e+01 a1
yj_m,,False,1789621218206,0.5557334285164994,0.6091546324327591,0.37761278972719436,0.023033014112903226,0.015650598414093782,0.04144615553249806,0.035648386289091914,4356.749999999999,454.8580538269604,1.0,0.0024488678200343937,3.88468911106764e-06,479.3125,428.4140625,291.1011305021443,38.05,54.10643731753758,1024.83075,7669,111,91,(),3,5e+01 a1
yj_m,,False,1789621218256,0.5378160241796981,0.5971382986123589,0.37761278972719436,0.022290406586021504,0.015650598414093782,0.04144615553249806,0.035648386289091914,4356.749999999999,454.8580538269604,1.0,0.0024488678200343937,3.88468911106764e-06,465.5,414.6015625,291.1011305021443,38.05,54.10643731753758,1024.83075,7448,111,91,(),3,5e+01 a1
yj_m,,False,1789621218306,0.5094400444607821,0.5784373159472795,0.37761278972719436,0.0211143313172043,0.015650598414093782,0.04144615553249806,0.035648386289091914,4356.749999999999,454.8580538269604,1.0,0.0024488678200343937,3.88468911106764e-06,443.625,392.7265625,291.1011305021443,38.05,54.10643731753758,1024.83075,7098,111,91,(),3,5e+01 a1
yj_m,,False,1789621218356,0.5336812385635132,0.5943875440477041,0.37761278972719436,0.02211903561827957,0.015650598414093782,0.04144615553249806,0.035648386289091914,4356.749999999999,454.8580538269604,1.0,0.0024488678200343937,3.88468911106764e-06,462.3125,411.4140625,291.1011305021443,38.05,54.10643731753758,1024.83075,7397,111,91,(),3,5e+01 a1
yj_m,,False,1789621218406,0.5100886382829287,0.5788600220789195,0.37761278972719436,0.02114121303763441,0.015650598414093782,0.04144615553249806,0.035648386289091914,4356.749999999999,454.8580538269604,1.0,0.0024488678200343937,3.88468911106764e-06,444.125,393.2265625,291.1011305021443,38.05,54.10643731753758,1024.83075,7106,111,91,(),3,5e+01 a1
yj_m,,False,1789621218456,0.4963060195623124,0.5699275517711655,0.37761278972719436,0.020569976478494623,0.015650598414093782,0.04144615553249806,0.035648386289091914,4356.749999999999,454.8580538269604,1.0,0.0024488678200343937,3.88468911106764e-06,433.5,382.6015625,291.1011305021443,38.05,54.10643731753758,1024.83075,6936,111,91,(),3,5e+01 a1
yj_m,,False,1789621218506,0.4859285184079659,0.563273097848937,0.37761278972719436,0.0201398689516129,0.015650598414093782,0.04144615553249806,0.035648386289091914,4356.749999999999,454.8580538269604,1.0,0.0024488678200343937,3.88468911106764e-06,425.5,374.6015625,291.1011305021443,38.05,54.10643731753758,1024.83075,6808,111,91,(),3,5e+01 a1
yj_m,,False,1789621218556,0.5194121744762868,0.5849614604804497,0.37761278972719436,0.021527637768817203,0.015650598414093782,0.04144615553249806,0.035648386289091914,4356.749999999999,454.8580538269604,1.0,0.0024488678200343937,3.88468911106764e-06,451.3125,400.4140625,291.1011305021443,38.05,54.10643731753758,1024.83075,7221,111,91,(),3,5e+01 a1
yj_m,,False,1789621218606,0.48933363597423585,0.5654496918826697,0.37761278972719436,0.020280997983870966,0.015650598414093782,0.04144615553249806,0.035648386289091914,4356.749999999999,454.8580538269604,1.0,0.0024488678200343937,3.88468911106764e-06,428.125,377.2265625,291.1011305021443,38.05,54.10643731753758,1024.83075,6850,111,91,(),3,5e+01 a1
yj_m,,False,1789621218656,0.5525715336335345,0.6070229576164342,0.37761278972719436,0.022901965725806453,0.015650598414093782,0.04144615553249806,0.035648386289091914,4356.749999999999,454.8580538269604,1.0,0.0024488678200343937,3.88468911106764e-06,476.875,425.9765625,291.1011305021443,38.05,54.10643731753758,1024.83075,7630,111,91,(),3,5e+01 a1
yj_m,,False,1789621218706,0.5378970984074665,0.5971923200287321,0.37761278972719436,0.022293766801075268,0.015650598414093782,0.04144615553249806,0.035648386289091914,4356.749999999999,454.8580538269604,1.0,0.0024488678200343937,3.88468911106764e-06,465.5625,414.6640625,291.1011305021443,38.05,54.10643731753758,1024.83075,7449,111,91,(),3,5e+01 a1
yj_m,,False,1789621218756,0.5510311233059362,0.6059861543866099,0.37761278972719436,0.022838121639784947,0.015650598414093782,0.04144615553249806,0.035648386289091914,4356.749999999999,454.8580538269604,1.0,0.0024488678200343937,3.88468911106764e-06,475.6875,424.7890625,291.1011305021443,38.05,54.10643731753758,1024.83075,7611,112,91,(),3,5e+01 a1
yj_m,,False,1789621218806,0.5171420960987736,0.5834716181846884,0.37761278972719436,0.021433551747311826,0.015650598414093782,0.04144615553249806,0.035648386289091914,4356.749999999999,454.8580538269604,1.0,0.0024488678200343937,3.88468911106764e-06,449.5625,398.6640625,291.1011305021443,38.05,54.10643731753758,1024.83075,7193,112,91,(),3,5e+01 a1
yj_m,,False,1789621218856,0.527276374569815,0.5901435700110388,0.37761278972719436,0.02185357862903226,0.015650598414093782,0.04144615553249806,0.035648386289091914,4356.749999999999,454.8580538269604,1.0,0.0024488678200343937,3.88468911106764e-06,457.375,406.4765625,291.1011305021443,38.05,54.10643731753758,1024.83075,7318,112,92,(),3,5e+01 a1
yj_m,,False,1789621218906,0.4885228936965526,0.564930838637008,0.37761278972719436,0.020247395833333334,0.015650598414093782,0.04144615553249806,0.035648386289091914,4356.749999999999,454.8580538269604,1.0,0.0024488678200343937,3.88468911106764e-06,427.5,376.6015625,291.1011305021443,38.05,54.10643731753758,1024.83075,6840,112,92,(),3,5e+01 a1
yj_m,,False,1789621218956,0.46541673878257805,0.5503093562607657,0.37761278972719436,0.01928973454301075,0.015650598414093782,0.04144615553249806,0.035648386289091914,4356.749999999999,454.8580538269604,1.0,0.0024488678200343937,3.88468911106764e-06,409.6875,358.7890625,291.1011305021443,38.05,54.10643731753758,1024.83075,6555,112,92,(),3,5e+01 a1
yj_m,,False,1789621219006,0.46355203154390645,0.5491437649527839,0.37761278972719436,0.019212449596774192,0.015650598414093782,0.04144615553249806,0.035648386289091914,4356.749999999999,454.8580538269604,1.0,0.0024488678200343937,3.88468911106764e-06,408.25,357.3515625,291.1011305021443,38.05,54.10643731753758,1024.83075,6532,112,92,(),3,5e+01 a1
yj_m,,False,1789621219056,0.544626259312238,0.6016873628600787,0.37761278972719436,0.022572664650537633,0.015650598414093782,0.04144615553249806,0.035648386289091914,4356.749999999999,454.8580538269604,1.0,0.0024488678200343937,3.88468911106764e-06,470.75,419.8515625,291.1011305021443,38.05,54.10643731753758,1024.83075,7532,112,92,(),3,5e+01 a1
yj_m,,False,1789621219106,0.5236280343202401,0.5877355001101762,0.37761278972719436,0.021702368951612903,0.015650598414093782,0.04144615553249806,0.035648386289091914,4356.749999999999,454.8580538269604,1.0,0.0024488678200343937,3.88468911106764e-06,454.5625,403.6640625,291.1011305021443,38.05,54.10643731753758,1024.83075,7273,112,92,(),3,5e+01 a1
yj_m,,False,1789621219156,0.5344109066134282,0.5948723506477518,0.37761278972719436,0.02214927755376344,0.015650598414093782,0.04144615553249806,0.035648386289091914,4356.749999999999,454.8580538269604,1.0,0.0024488678200343937,3.88468911106764e-06,462.875,411.9765625,291.1011305021443,38.05,54.10643731753758,1024.83075,7406,112,92,(),3,5e+01 a1
yj_m,,False,1789621219206,0.45982261706656313,0.5468192414062565,0.37761278972719436,0.019057879704301072,0.015650598414093782,0.04144615553249806,0.035648386289091914,4356.749999999999,454.8580538269604,1.0,0.0024488678200343937,3.88468911106764e-06,405.375,354.4765625,291.1011305021443,38.05,54.10643731753758,1024.83075,6486,112,92,(),3,5e+01 a1
yj_m,,False,1789621219256,0.4605522851164782,0.5472733369824849,0.37761278972719436,0.019088121639784947,0.015650598414093782,0.04144615553249806,0.035648386289091914,4356.749999999999,454.8580538269604,1.0,0.0024488678200343937,3.88468911106764e-06,405.9375,355.0390625,291.1011305021443,38.05,54.10643731753758,1024.83075,6495,112,92,(),3,5e+01 a1
yj_m,,False,1789621219306,0.544869481995543,0.601850247897314,0.37761278972719436,0.022582745295698925,0.015650598414093782,0.04144615553249806,0.035648386289091914,4356.749999999999,454.8580538269604,1.0,0.0024488678200343937,3.88468911106764e-06,470.9375,420.0390625,291.1011305021443,38.05,54.10643731753758,1024.83075,7535,112,92,(),3,5e+01 a1
yj_m,,False,1789621219356,0.5348973519800382,0.595195703309705,0.37761278972719436,0.02216943884408602,0.015650598414093782,0.04144615553249806,0.035648386289091914,4356.749999999999,454.8580538269604,1.0,0.0024488678200343937,3.88468911106764e-06,463.25,412.3515625,291.1011305021443,38.05,54.10643731753758,1024.83075,7412,112,92,(),3,5e+01 a1
yj_m,,False,1789621219406,0.5478692284229713,0.6038615097787771,0.37761278972719436,0.02270707325268817,0.015650598414093782,0.04144615553249806,0.035648386289091914,4356.749999999999,454.8580538269604,1.0,0.0024488678200343937,3.88468911106764e-06,473.25,422.3515625,291.1011305021443,38.05,54.10643731753758,1024.83075,7572,112,92,(),3,5e+01 a1
yj_m,,False,1789621219456,0.47895613481988947,0.5588377041686182,0.37761278972719436,0.019850890456989248,0.015650598414093782,0.04144615553249806,0.035648386289091914,4356.749999999999,454.8580538269604,1.0,0.0024488678200343937,3.88468911106764e-06,420.125,369.2265625,291.1011305021443,38.05,54.10643731753758,1024.83075,6722,112,92,(),3,5e+01 a1
yj_m,,False,1789621219506,0.5640029997488692,0.6147517168561869,0.37761278972719436,0.023375756048387097,0.015650598414093782,0.04144615553249806,0.035648386289091914,4356.749999999999,454.8580538269604,1.0,0.0024488678200343937,3.88468911106764e-06,485.6875,434.7890625,291.1011305021443,38.05,54.10643731753758,1024.83075,7771,112,92,(),3,5e+01 a1
yj_m,,False,1789621219556,0.4929009019960425,0.5677371882138088,0.37761278972719436,0.020428847446236558,0.015650598414093782,0.04144615553249806,0.035648386289091914,4356.749999999999,454.8580538269604,1.0,0.0024488678200343937,3.88468911106764e-06,430.875,379.9765625,291.1011305021443,38.05,54.10643731753758,1024.83075,6894,112,92,(),3,5e+01 a1
yj_m,,False,1789621219606,0.5524093851779979,0.606913767635484,0.37761278972719436,0.022895245295698925,0.015650598414093782,0.04144615553249806,0.035648386289091914,4356.749999999999,454.8580538269604,1.0,0.0024488678200343937,3.88468911106764e-06,476.75,425.8515625,291.1011305021443,38.05,54.10643731753758,1024.83075,7628,112,92,(),3,5e+01 a1
yj_m,,False,1789621219656,0.558084581121781,0.6107427512813672,0.37761278972719436,0.023130460349462367,0.015650598414093782,0.04144615553249806,0.035648386289091914,4356.749999999999,454.8580538269604,1.0,0.0024488678200343937,3.88468911106764e-06,481.125,430.2265625,291.1011305021443,38.05,54.10643731753758,1024.83075,7698,112,92,(),3,5e+01 a1
yj_m,,False,1789621219706,0.5101697125106971,0.5789128764421828,0.37761278972719436,0.021144573252688172,0.015650598414093782,0.04144615553249806,0.035648386289091914,4356.749999999999,454.8580538269604,1.0,0.0024488678200343937,3.88468911106764e-06,444.1875,393.2890625,291.1011305021443,38.05,54.10643731753758,1024.83075,7107,112,92,(),3,5e+01 a1
yj_m,,False,1789621219756,0.4668760748824081,0.5512230941048488,0.37761278972719436,0.019350218413978496,0.015650598414093782,0.04144615553249806,0.035648386289091914,4356.749999999999,454.8580538269604,1.0,0.0024488678200343937,3.88468911106764e-06,410.8125,359.9140625,291.1011305021443,38.05,54.10643731753758,1024.83075,6573,113,92,(),3,5e+01 a1
yj_m,,False,1789621219806,0.4779832440866695,0.5582211323218523,0.37761278972719436,0.019810567876344085,0.015650598414093782,0.04144615553249806,0.035648386289091914,4356.749999999999,454.8580538269604,1.0,0.0024488678200343937,3.88468911106764e-06,419.375,368.4765625,291.1011305021443,38.05,54.10643731753758,1024.83075,6710,113,92,(),3,5e+01 a1
yj_m,,False,1789621219856,0.47684820489791285,0.5575025241106079,0.37761278972719436,0.019763524865591398,0.015650598414093782,0.04144615553249806,0.035648386289091914,4356.749999999999,454.8580538269604,1.0,0.0024488678200343937,3.88468911106764e-06,418.5,367.6015625,291.1011305021443,38.05,54.10643731753758,1024.83075,6696,113,93,(),3,5e+01 a1
yj_m,,False,1789621219906,0.5425183293902615,0.6002768950817362,0.37761278972719436,0.022485299059139787,0.015650598414093782,0.04144615553249806,0.035648386289091914,4356.749999999999,454.8580538269604,1.0,0.0024488678200343937,3.88468911106764e-06,469.125,418.2265625,291.1011305021443,38.05,54.10643731753758,1024.83075,7506,113,93,(),3,5e+01 a1
yj_m,,False,1789621219956,0.5452748531343846,0.6021217865593012,0.37761278972719436,0.02259954637096774,0.015650598414093782,0.04144615553249806,0.035648386289091914,4356.749999999999,454.8580538269604,1.0,0.0024488678200343937,3.88468911106764e-06,471.25,420.3515625,291.1011305021443,38.05,54.10643731753758,1024.83075,7540,113,93,(),3,5e+01 a1
yj_m,,False,1789621220006,0.5323840509192199,0.5935263264431443,0.37761278972719436,0.022065272177419354,0.015650598414093782,0.04144615553249806,0.035648386289091914,4356.749999999999,454.8580538269604,1.0,0.0024488678200343937,3.88468911106764e-06,461.3125,410.4140625,291.1011305021443,38.05,54.10643731753758,1024.83075,7381,113,93,(),3,5e+01 a1
yj_m,,False,1789621220056,0.5173853187820786,0.5836311136130732,0.37761278972719436,0.02144363239247312,0.015650598414093782,0.04144615553249806,0.035648386289091914,4356.749999999999,454.8580538269604,1.0,0.0024488678200343937,3.88468911106764e-06,449.75,398.8515625,291.1011305021443,38.05,54.10643731753758,1024.83075,7196,113,93,(),3,5e+01 a1
yj_m,,False,1789621220106,0.5353027231188798,0.5954652543018483,0.37761278972719436,0.02218623991935484,0.015650598414093782,0.04144615553249806,0.035648386289091914,4356.749999999999,454.8580538269604,1.0,0.0024488678200343937,3.88468911106764e-06,463.5625,412.6640625,291.1011305021443,38.05,54.10643731753758,1024.83075,7417,113,93,(),3,5e+01 a1
yj_m,,False,1789621220156,0.5558955769720361,0.6092640752776349,0.37761278972719436,0.023039734543010754,0.015650598414093782,0.04144615553249806,0.035648386289091914,4356.749999999999,454.8580538269604,1.0,0.0024488678200343937,3.88468911106764e-06,479.4375,428.5390625,291.1011305021443,38.05,54.10643731753758,1024.83075,7671,113,93,(),3,5e+01 a1
yj_m,,False,1789621220206,0.5630301090156492,0.6140916081326614,0.37761278972719436,0.023335433467741935,0.015650598414093782,0.04144615553249806,0.035648386289091914,4356.749999999999,454.8580538269604,1.0,0.0024488678200343937,3.88468911106764e-06,484.9375,434.0390625,291.1011305021443,38.05,54.10643731753758,1024.83075,7759,113,93,(),3,5e+01 a1
yj_m,,False,1789621220256,0.5442208881733963,0.6014159514725906,0.37761278972719436,0.022555863575268818,0.015650598414093782,0.04144615553249806,0.035648386289091914,4356.749999999999,454.8580538269604,1.0,0.0024488678200343937,3.88468911106764e-06,470.4375,419.5390625,291.1011305021443,38.05,54.10643731753758,1024.83075,7527,113,93,(),3,5e+01 a1
yj_m,,False,1789621220306,0.5752723174086674,0.6224289447403368,0.37761278972719436,0.023842825940860218,0.015650598414093782,0.04144615553249806,0.035648386289091914,4356.749999999999,454.8580538269604,1.0,0.0024488678200343937,3.88468911106764e-06,494.375,443.4765625,291.1011305021443,38.05,54.10643731753758,1024.83075,7910,113,93,(),3,5e+01 a1
yj_m,,False,1789621220356,0.5550037604665844,0.6086622915686808,0.37761278972719436,0.023002772177419355,0.015650598414093782,0.04144615553249806,0.035648386289091914,4356.749999999999,454.8580538269604,1.0,0.0024488678200343937,3.88468911106764e-06,478.75,427.8515625,291.1011305021443,38.05,54.10643731753758,1024.83075,7660,113,93,(),3,5e+01 a1
yj_m,,False,1789621220406,0.5065213722611221,0.5765379830700803,0.37761278972719436,0.020993363575268816,0.015650598414093782,0.04144615553249806,0.035648386289091914,4356.749999999999,454.8580538269604,1.0,0.0024488678200343937,3.88468911106764e-06,441.375,390.4765625,291.1011305021443,38.05,54.10643731753758,1024.83075,7062,113,93,(),3,5e+01 a1
yj_m,,False,1789621220456,0.5427615520735664,0.6004395310581593,0.37761278972719436,0.022495379704301075,0.015650598414093782,0.04144615553249806,0.035648386289091914,4356.749999999999,454.8580538269604,1.0,0.0024488678200343937,3.88468911106764e-06,469.3125,418.4140625,291.1011305021443,38.05,54.10643731753758,1024.83075,7509,113,93,(),3,5e+01 a1
yj_m,,False,1789621220506,0.5554902058331944,0.6089904911739247,0.37761278972719436,0.023022933467741938,0.015650598414093782,0.04144615553249806,0.035648386289091914,4356.749999999999,454.8580538269604,1.0,0.0024488678200343937,3.88468911106764e-06,479.125,428.2265625,291.1011305021443,38.05,54.10643731753758,1024.83075,7666,113,93,(),3,5e+01 a1
yj_m,,False,1789621220556,0.5372485045853198,0.5967602399280921,0.37761278972719436,0.02226688508064516,0.015650598414093782,0.04144615553249806,0.035648386289091914,4356.749999999999,454.8580538269604,1.0,0.0024488678200343937,3.88468911106764e-06,465.0625,414.1640625,291.1011305021443,38.05,54.10643731753758,1024.83075,7441,113,93,(),3,5e+01 a1
yj_m,,False,1789621220606,0.5360323911687949,0.5959506529038352,0.37761278972719436,0.02221648185483871,0.015650598414093782,0.04144615553249806,0.035648386289091914,4356.749999999999,454.8580538269604,1.0,0.0024488678200343937,3.88468911106764e-06,464.125,413.2265625,291.1011305021443,38.05,54.10643731753758,1024.83075,7426,113,93,(),3,5e+01 a1
yj_m,,False,1789621220656,0.5491664160672646,0.6047325823141176,0.37761278972719436,0.02276083669354839,0.015650598414093782,0.04144615553249806,0.035648386289091914,4356.749999999999,454.8580538269604,1.0,0.0024488678200343937,3.88468911106764e-06,474.25,423.3515625,291.1011305021443,38.05,54.10643731753758,1024.83075,7588,113,93,(),3,5e+01 a1
yj_m,,False,1789621220706,0.5255738157866802,0.5890189487879678,0.37761278972719436,0.02178301411290323,0.015650598414093782,0.04144615553249806,0.035648386289091914,4356.749999999999,454.8580538269604,1.0,0.0024488678200343937,3.88468911106764e-06,456.0625,405.1640625,291.1011305021443,38.05,54.10643731753758,1024.83075,7297,113,93,(),3,5e+01 a1
yj_m,,False,1789621220756,0.517952838376457,0.5840033916421377,0.37761278972719436,0.021467153897849464,0.015650598414093782,0.04144615553249806,0.035648386289091914,4356.749999999999,454.8580538269604,1.0,0.0024488678200343937,3.88468911106764e-06,450.1875,399.2890625,291.1011305021443,38.05,54.10643731753758,1024.83075,7203,114,93,(),3,5e+01 a1
yj_m,,False,1789621220806,0.4588497263333433,0.5462143151160921,0.37761278972719436,0.019017557123655916,0.015650598414093782,0.04144615553249806,0.035648386289091914,4356.749999999999,454.8580538269604,1.0,0.0024488678200343937,3.88468911106764e-06,404.625,353.7265625,291.1011305021443,38.05,54.10643731753758,1024.83075,6474,114,93,(),3,5e+01 a1
yj_m,,False,1789621220856,0.5654623358486991,0.6157426853240476,0.37761278972719436,0.023436239919354836,0.015650598414093782,0.04144615553249806,0.035648386289091914,4356.749999999999,454.8580538269604,1.0,0.0024488678200343937,3.88468911106764e-06,486.8125,435.9140625,291.1011305021443,38.05,54.10643731753758,1024.83075,7789,114,94,(),3,5e+01 a1
yj_m,,False,1789621220906,0.5327083478302932,0.5937415513978307,0.37761278972719436,0.022078713037634406,0.015650598414093782,0.04144615553249806,0.035648386289091914,4356.749999999999,454.8580538269604,1.0,0.0024488678200343937,3.88468911106764e-06,461.5625,410.6640625,291.1011305021443,38.05,54.10643731753758,1024.83075,7385,114,94,(),3,5e+01 a1
yj_m,,False,1789621220956,0.5346541292967332,0.5950340121686469,0.37761278972719436,0.02215935819892473,0.015650598414093782,0.04144615553249806,0.035648386289091914,4356.749999999999,454.8580538269604,1.0,0.0024488678200343937,3.88468911106764e-06,463.0625,412.1640625,291.1011305021443,38.05,54.10643731753758,1024.83075,7409,114,94,(),3,5e+01 a1
yj_m,,False,1789621221006,0.5555712800609627,0.6090452018579697,0.37761278972719436,0.023026293682795698,0.015650598414093782,0.04144615553249806,0.035648386289091914,4356.749999999999,454.8580538269604,1.0,0.0024488678200343937,3.88468911106764e-06,479.1875,428.2890625,291.1011305021443,38.05,54.10643731753758,1024.83075,7667,114,94,(),3,5e+01 a1
yj_m,,False,1789621221056,0.5705700121981041,0.6192186228530304,0.37761278972719436,0.023647933467741935,0.015650598414093782,0.04144615553249806,0.035648386289091914,4356.749999999999,454.8580538269604,1.0,0.0024488678200343937,3.88468911106764e-06,490.75,439.8515625,291.1011305021443,38.05,54.10643731753758,1024.83075,7852,114,94,(),3,5e+01 a1
yj_m,,False,1789621221106,0.589136010357052,0.6319496004940954,0.37761278972719436,0.024417422715053764,0.015650598414093782,0.04144615553249806,0.035648386289091914,4356.749999999999,454.8580538269604,1.0,0.0024488678200343937,3.88468911106764e-06,505.0625,454.1640625,291.1011305021443,38.05,54.10643731753758,1024.83075,8081,114,94,(),3,5e+01 a1
yj_m,,False,1789621221156,0.5845147793742571,0.62876693960874,0.37761278972719436,0.02422589045698925,0.015650598414093782,0.04144615553249806,0.035648386289091914,4356.749999999999,454.8580538269604,1.0,0.0024488678200343937,3.88468911106764e-06,501.5,450.6015625,291.1011305021443,38.05,54.10643731753758,1024.83075,8024,114,94,(),3,5e+01 a1
yj_m,,False,1789621221206,0.5893792330403569,0.632117357414928,0.37761278972719436,0.024427503360215052,0.015650598414093782,0.04144615553249806,0.035648386289091914,4356.749999999999,454.8580538269604,1.0,0.0024488678200343937,3.88468911106764e-06,505.25,454.3515625,291.1011305021443,38.05,54.10643731753758,1024.83075,8084,114,94,(),3,5e+01 a1
yj_m,,False,1789621221256,0.5909196433679552,0.6331803908535412,0.37761278972719436,0.024491347446236558,0.015650598414093782,0.04144615553249806,0.035648386289091914,4356.749999999999,454.8580538269604,1.0,0.0024488678200343937,3.88468911106764e-06,506.4375,455.5390625,291.1011305021443,38.05,54.10643731753758,1024.83075,8103,114,94,(),3,5e+01 a1
yj_m,,False,1789621221306,0.4948466834624825,0.56898801103732,0.37761278972719436,0.020509492607526884,0.015650598414093782,0.04144615553249806,0.035648386289091914,4356.749999999999,454.8580538269604,1.0,0.0024488678200343937,3.88468911106764e-06,432.375,381.4765625,291.1011305021443,38.05,54.10643731753758,1024.83075,6918,114,94,(),3,5e+01 a1
yj_m,,False,1789621221356,0.5284114137585717,0.5908941445593549,0.37761278972719436,0.021900621639784946,0.015650598414093782,0.04144615553249806,0.035648386289091914,4356.749999999999,454.8580538269604,1.0,0.0024488678200343937,3.88468911106764e-06,458.25,407.3515625,291.1011305021443,38.05,54.10643731753758,1024.83075,7332,114,94,(),3,5e+01 a1
yj_m,,False,1789621221406,0.5339244612468182,0.5945491165630925,0.37761278972719436,0.02212911626344086,0.015650598414093782,0.04144615553249806,0.035648386289091914,4356.749999999999,454.8580538269604,1.0,0.0024488678200343937,3.88468911106764e-06,462.5,411.6015625,291.1011305021443,38.05,54.10643731753758,1024.83075,7400,114,94,(),3,5e+01 a1
yj_m,,False,1789621221456,0.5408157706071264,0.5991392523844786,0.37761278972719436,0.022414734543010753,0.015650598414093782,0.04144615553249806,0.035648386289091914,4356.749999999999,454.8580538269604,1.0,0.0024488678200343937,3.88468911106764e-06,467.8125,416.9140625,291.1011305021443,38.05,54.10643731753758,1024.83075,7485,114,94,(),3,5e+01 a1
yj_m,,False,1789621221506,0.5371674303575514,0.5967062445881487,0.37761278972719436,0.022263524865591397,0.015650598414093782,0.04144615553249806,0.035648386289091914,4356.749999999999,454.8580538269604,1.0,0.0024488678200343937,3.88468911106764e-06,465.0,414.1015625,291.1011305021443,38.05,54.10643731753758,1024.83075,7440,114,94,(),3,5e+01 a1
yj_m,,False,1789621221556,0.5868659319795387,0.6303850642507214,0.37761278972719436,0.02432333669354839,0.015650598414093782,0.04144615553249806,0.035648386289091914,4356.749999999999,454.8580538269604,1.0,0.0024488678200343937,3.88468911106764e-06,503.3125,452.4140625,291.1011305021443,38.05,54.10643731753758,1024.83075,8053,114,94,(),3,5e+01 a1
yj_m,,False,1789621221606,0.5811096618079872,0.6264276124846676,0.37761278972719436,0.024084761424731184,0.015650598414093782,0.04144615553249806,0.035648386289091914,4356.749999999999,454.8580538269604,1.0,0.0024488678200343937,3.88468911106764e-06,498.875,447.9765625,291.1011305021443,38.05,54.10643731753758,1024.83075,7982,114,94,(),3,5e+01 a1
yj_m,,False,1789621221656,0.5288978591251816,0.591216021159736,0.37761278972719436,0.021920782930107525,0.015650598414093782,0.04144615553249806,0.035648386289091914,4356.749999999999,454.8580538269604,1.0,0.0024488678200343937,3.88468911106764e-06,458.625,407.7265625,291.1011305021443,38.05,54.10643731753758,1024.83075,7338,114,94,(),3,5e+01 a1
yj_m,,False,1789621221706,0.5586521007161592,0.6111264745731422,0.37761278972719436,0.023153981854838707,0.015650598414093782,0.04144615553249806,0.035648386289091914,4356.749999999999,454.8580538269604,1.0,0.0024488678200343937,3.88468911106764e-06,481.5625,430.6640625,291.1011305021443,38.05,54.10643731753758,1024.83075,7705,114,94,(),3,5e+01 a1
yj_m,,False,1789621221756,0.4997922113563507,0.5721769112232425,0.37761278972719436,0.020714465725806454,0.015650598414093782,0.04144615553249806,0.035648386289091914,4356.749999999999,454.8580538269604,1.0,0.0024488678200343937,3.88468911106764e-06,436.1875,385.2890625,291.1011305021443,38.05,54.10643731753758,1024.83075,6979,115,94,(),3,5e+01 a1
yj_m,,False,1789621221806,0.5444641108567013,0.6015787887495884,0.37761278972719436,0.022565944220430106,0.015650598414093782,0.04144615553249806,0.035648386289091914,4356.749999999999,454.8580538269604,1.0,0.0024488678200343937,3.88468911106764e-06,470.625,419.7265625,291.1011305021443,38.05,54.10643731753758,1024.83075,7530,115,94,(),3,5e+01 a1
yj_m,,False,1789621221856,0.4719026770040446,0.5543806388295739,0.37761278972719436,0.019558551747311827,0.015650598414093782,0.04144615553249806,0.035648386289091914,4356.749999999999,454.8580538269604,1.0,0.0024488678200343937,3.88468911106764e-06,414.6875,363.7890625,291.1011305021443,38.05,54.10643731753758,1024.83075,6635,115,95,(),3,5e+01 a1
yj_m,,False,1789621221906,0.5880009711682953,0.6311670621235008,0.37761278972719436,0.024370379704301073,0.015650598414093782,0.04144615553249806,0.035648386289091914,4356.749999999999,454.8580538269604,1.0,0.0024488678200343937,3.88468911106764e-06,504.1875,453.2890625,291.1011305021443,38.05,54.10643731753758,1024.83075,8067,115,95,(),3,5e+01 a1
yj_m,,False,1789621221956,0.5397618056461382,0.5984357093587445,0.37761278972719436,0.02237105174731183,0.015650598414093782,0.04144615553249806,0.035648386289091914,4356.749999999999,454.8580538269604,1.0,0.0024488678200343937,3.88468911106764e-06,467.0,416.1015625,291.1011305021443,38.05,54.10643731753758,1024.83075,7472,115,95,(),3,5e+01 a1
yj_m,,False,1789621222006,0.5485178222451179,0.6042969454994169,0.37761278972719436,0.02273395497311828,0.015650598414093782,0.04144615553249806,0.035648386289091914,4356.749999999999,454.8580538269604,1.0,0.0024488678200343937,3.88468911106764e-06,473.75,422.8515625,291.1011305021443,38.05,54.10643731753758,1024.83075,7580,115,95,(),3,5e+01 a1
yj_m,,False,1789621222056,0.559543917221611,0.6117297689641499,0.37761278972719436,0.02319094422043011,0.015650598414093782,0.04144615553249806,0.035648386289091914,4356.749999999999,454.8580538269604,1.0,0.0024488678200343937,3.88468911106764e-06,482.25,431.3515625,291.1011305021443,38.05,54.10643731753758,1024.83075,7716,115,95,(),3,5e+01 a1
yj_m,,False,1789621222106,0.5503825294837895,0.6055499418418988,0.37761278972719436,0.02281123991935484,0.015650598414093782,0.04144615553249806,0.035648386289091914,4356.749999999999,454.8580538269604,1.0,0.0024488678200343937,3.88468911106764e-06,475.1875,424.2890625,291.1011305021443,38.05,54.10643731753758,1024.83075,7603,115,95,(),3,5e+01 a1
yj_m,,False,1789621222156,0.5552469831498894,0.6088263775451154,0.37761278972719436,0.023012852822580643,0.015650598414093782,0.04144615553249806,0.035648386289091914,4356.749999999999,454.8580538269604,1.0,0.0024488678200343937,3.88468911106764e-06,478.9375,428.0390625,291.1011305021443,38.05,54.10643731753758,1024.83075,7663,115,95,(),3,5e+01 a1
yj_m,,False,1789621222206,0.5656244843042358,0.6158528524189205,0.37761278972719436,0.023442960349462364,0.015650598414093782,0.04144615553249806,0.035648386289091914,4356.749999999999,454.8580538269604,1.0,0.0024488678200343937,3.88468911106764e-06,486.9375,436.0390625,291.1011305021443,38.05,54.10643731753758,1024.83075,7791,115,95,(),3,5e+01 a1
yj_m,,False,1789621222256,0.46784896561562805,0.551832998259801,0.37761278972719436,0.019390540994623656,0.015650598414093782,0.04144615553249806,0.035648386289091914,4356.749999999999,454.8580538269604,1.0,0.0024488678200343937,3.88468911106764e-06,411.5625,360.6640625,291.1011305021443,38.05,54.10643731753758,1024.83075,6585,115,95,(),3,5e+01 a1
yj_m,,False,1789621222306,0.5287357106696451,0.5911087155286495,0.37761278972719436,0.0219140625,0.015650598414093782,0.04144615553249806,0.035648386289091914,4356.749999999999,454.8580538269604,1.0,0.0024488678200343937,3.88468911106764e-06,458.5,407.6015625,291.1011305021443,38.05,54.10643731753758,1024.83075,7336,115,95,(),3,5e+01 a1
yj_m,,False,1789621222356,0.5534633501389861,0.607623723978941,0.37761278972719436,0.02293892809139785,0.015650598414093782,0.04144615553249806,0.035648386289091914,4356.749999999999,454.8580538269604,1.0,0.0024488678200343937,3.88468911106764e-06,477.5625,426.6640625,291.1011305021443,38.05,54.10643731753758,1024.83075,7641,115,95,(),3,5e+01 a1
yj_m,,False,1789621222406,0.5259791869255218,0.5892865803463616,0.37761278972719436,0.021799815188172044,0.015650598414093782,0.04144615553249806,0.035648386289091914,4356.749999999999,454.8580538269604,1.0,0.0024488678200343937,3.88468911106764e-06,456.375,405.4765625,291.1011305021443,38.05,54.10643731753758,1024.83075,7302,115,95,(),3,5e+01 a1
yj_m,,False,1789621222456,0.5254927415589117,0.5889654326515585,0.37761278972719436,0.02177965389784946,0.015650598414093782,0.04144615553249806,0.035648386289091914,4356.749999999999,454.8580538269604,1.0,0.0024488678200343937,3.88468911106764e-06,456.0,405.1015625,291.1011305021443,38.05,54.10643731753758,1024.83075,7296,115,95,(),3,5e+01 a1
yj_m,,False,1789621222506,0.5232226631813985,0.5874683621488199,0.37761278972719436,0.021685567876344087,0.015650598414093782,0.04144615553249806,0.035648386289091914,4356.749999999999,454.8580538269604,1.0,0.0024488678200343937,3.88468911106764e-06,454.25,403.3515625,291.1011305021443,38.05,54.10643731753758,1024.83075,7268,115,95,(),3,5e+01 a1
yj_m,,False,1789621222556,0.4862528153190393,0.5634800988934967,0.37761278972719436,0.020153309811827957,0.015650598414093782,0.04144615553249806,0.035648386289091914,4356.749999999999,454.8580538269604,1.0,0.0024488678200343937,3.88468911106764e-06,425.75,374.8515625,291.1011305021443,38.05,54.10643731753758,1024.83075,6812,115,95,(),3,5e+01 a1
yj_m,,False,1789621222606,0.48527992458581937,0.5628592820603839,0.37761278972719436,0.020112987231182797,0.015650598414093782,0.04144615553249806,0.035648386289091914,4356.749999999999,454.8580538269604,1.0,0.0024488678200343937,3.88468911106764e-06,425.0,374.1015625,291.1011305021443,38.05,54.10643731753758,1024.83075,6800,115,95,(),3,5e+01 a1
yj_m,,False,1789621222656,0.4898200813408459,0.5657611879875005,0.37761278972719436,0.02030115927419355,0.015650598414093782,0.04144615553249806,0.035648386289091914,4356.749999999999,454.8580538269604,1.0,0.0024488678200343937,3.88468911106764e-06,428.5,377.6015625,291.1011305021443,38.05,54.10643731753758,1024.83075,6856,115,95,(),3,5e+01 a1
yj_m,,False,1789621222706,0.5604357337270627,0.6123334298578419,0.37761278972719436,0.023227906586021505,0.015650598414093782,0.04144615553249806,0.035648386289091914,4356.749999999999,454.8580538269604,1.0,0.0024488678200343937,3.88468911106764e-06,482.9375,432.0390625,291.1011305021443,38.05,54.10643731753758,1024.83075,7727,115,95,(),3,5e+01 a1
yj_m,,False,1789621222756,0.4711730089541296,0.5539213086006897,0.37761278972719436,0.019528309811827956,0.015650598414093782,0.04144615553249806,0.035648386289091914,4356.749999999999,454.8580538269604,1.0,0.0024488678200343937,3.88468911106764e-06,414.125,363.2265625,291.1011305021443,38.05,54.10643731753758,1024.83075,6626,116,95,(),3,5e+01 a1
yj_m,,False,1789621222806,0.5790828061137789,0.6250375146576241,0.37761278972719436,0.024000756048387098,0.015650598414093782,0.04144615553249806,0.035648386289091914,4356.749999999999,454.8580538269604,1.0,0.0024488678200343937,3.88468911106764e-06,497.3125,446.4140625,291.1011305021443,38.05,54.10643731753758,1024.83075,7957,116,95,(),3,5e+01 a1
yj_m,,False,1789621222856,0.5418697355681147,0.5998433402567106,0.37761278972719436,0.022458417338709676,0.015650598414093782,0.04144615553249806,0.035648386289091914,4356.749999999999,454.8580538269604,1.0,0.0024488678200343937,3.88468911106764e-06,468.625,417.7265625,291.1011305021443,38.05,54.10643731753758,1024.83075,7498,116,96,(),3,5e+01 a1
yj_m,,False,1789621222906,0.5531390532279128,0.6074052201543503,0.37761278972719436,0.022925487231182796,0.015650598414093782,0.04144615553249806,0.035648386289091914,4356.749999999999,454.8580538269604,1.0,0.0024488678200343937,3.88468911106764e-06,477.3125,426.4140625,291.1011305021443,38.05,54.10643731753758,1024.83075,7637,116,96,(),3,5e+01 a1
yj_m,,False,1789621222956,0.5758398370030456,0.6228170545240622,0.37761278972719436,0.023866347446236558,0.015650598414093782,0.04144615553249806,0.035648386289091914,4356.749999999999,454.8580538269604,1.0,0.0024488678200343937,3.88468911106764e-06,494.8125,443.9140625,291.1011305021443,38.05,54.10643731753758,1024.83075,7917,116,96,(),3,5e+01 a1
yj_m,,False,1789621223006,0.5140612754435769,0.5814540707007382,0.37761278972719436,0.021305863575268816,0.015650598414093782,0.04144615553249806,0.035648386289091914,4356.749999999999,454.8580538269604,1.0,0.0024488678200343937,3.88468911106764e-06,447.1875,396.2890625,291.1011305021443,38.05,54.10643731753758,1024.83075,7155,116,96,(),3,5e+01 a1
yj_m,,False,1789621223056,0.5264656322921317,0.5896078500224573,0.37761278972719436,0.021819976478494624,0.015650598414093782,0.04144615553249806,0.035648386289091914,4356.749999999999,454.8580538269604,1.0,0.0024488678200343937,3.88468911106764e-06,456.75,405.8515625,291.1011305021443,38.05,54.10643731753758,1024.83075,7308,116,96,(),3,5e+01 a1
yj_m,,False,1789621223106,0.5184392837430669,0.5843226228733254,0.37761278972719436,0.021487315188172044,0.015650598414093782,0.04144615553249806,0.035648386289091914,4356.749999999999,454.8580538269604,1.0,0.0024488678200343937,3.88468911106764e-06,450.5625,399.6640625,291.1011305021443,38.05,54.10643731753758,1024.83075,7209,116,96,(),3,5e+01 a1
yj_m,,False,1789621223156,0.5469774119175196,0.6032631148116421,0.37761278972719436,0.022670110887096775,0.015650598414093782,0.04144615553249806,0.035648386289091914,4356.749999999999,454.8580538269604,1.0,0.0024488678200343937,3.88468911106764e-06,472.5625,421.6640625,291.1011305021443,38.05,54.10643731753758,1024.83075,7561,116,96,(),3,5e+01 a1
yj_m,,False,1789621223206,0.5379781726352348,0.5972463447006799,0.37761278972719436,0.022297127016129032,0.015650598414093782,0.04144615553249806,0.035648386289091914,4356.749999999999,454.8580538269604,1.0,0.0024488678200343937,3.88468911106764e-06,465.625,414.7265625,291.1011305021443,38.05,54.10643731753758,1024.83075,7450,116,96,(),3,5e+01 a1
yj_m,,False,1789621223256,0.4729566419650329,0.5550446975582732,0.37761278972719436,0.01960223454301075,0.015650598414093782,0.04144615553249806,0.035648386289091914,4356.749999999999,454.8580538269604,1.0,0.0024488678200343937,3.88468911106764e-06,415.5,364.6015625,291.1011305021443,38.05,54.10643731753758,1024.83075,6648,116,96,(),3,5e+01 a1
yj_m,,False,1789621223306,0.47060548935975133,0.553564280176079,0.37761278972719436,0.019504788306451613,0.015650598414093782,0.04144615553249806,0.035648386289091914,4356.749999999999,454.8580538269604,1.0,0.0024488678200343937,3.88468911106764e-06,413.6875,362.7890625,291.1011305021443,38.05,54.10643731753758,1024.83075,6619,116,96,(),3,5e+01 a1
yj_m,,False,1789621223356,0.4907929720740659,0.5663845934878919,0.37761278972719436,0.020341481854838712,0.015650598414093782,0.04144615553249806,0.035648386289091914,4356.749999999999,454.8580538269604,1.0,0.0024488678200343937,3.88468911106764e-06,429.25,378.3515625,291.1011305021443,38.05,54.10643731753758,1024.83075,6868,116,96,(),3,5e+01 a1
yj_m,,False,1789621223406,0.5494907129783378,0.6049504759959876,0.37761278972719436,0.02277427755376344,0.015650598414093782,0.04144615553249806,0.035648386289091914,4356.749999999999,454.8580538269604,1.0,0.0024488678200343937,3.88468911106764e-06,474.5,423.6015625,291.1011305021443,38.05,54.10643731753758,1024.83075,7592,116,96,(),3,5e+01 a1
yj_m,,False,1789621223456,0.49184693703505417,0.5670605695298337,0.37761278972719436,0.020385164650537635,0.015650598414093782,0.04144615553249806,0.035648386289091914,4356.749999999999,454.8580538269604,1.0,0.0024488678200343937,3.88468911106764e-06,430.0625,379.1640625,291.1011305021443,38.05,54.10643731753758,1024.83075,6881,116,96,(),3,5e+01 a1
yj_m,,False,1789621223506,0.5490042676117279,0.6046236542816419,0.37761278972719436,0.02275411626344086,0.015650598414093782,0.04144615553249806,0.035648386289091914,4356.749999999999,454.8580538269604,1.0,0.0024488678200343937,3.88468911106764e-06,474.125,423.2265625,291.1011305021443,38.05,54.10643731753758,1024.83075,7586,116,96,(),3,5e+01 a1
yj_m,,False,1789621223556,0.48357736580268434,0.5617742010496201,0.37761278972719436,0.020042422715053763,0.015650598414093782,0.04144615553249806,0.035648386289091914,4356.749999999999,454.8580538269604,1.0,0.0024488678200343937,3.88468911106764e-06,423.6875,372.7890625,291.1011305021443,38.05,54.10643731753758,1024.83075,6779,116,96,(),3,5e+01 a1
yj_m,,False,1789621223606,0.5380592468630031,0.5973003726273188,0.37761278972719436,0.022300487231182796,0.015650598414093782,0.04144615553249806,0.035648386289091914,4356.749999999999,454.8580538269604,1.0,0.0024488678200343937,3.88468911106764e-06,465.6875,414.7890625,291.1011305021443,38.05,54.10643731753758,1024.83075,7451,116,96,(),3,5e+01 a1
yj_m,,False,1789621223656,0.5849201505130988,0.6290457597591356,0.37761278972719436,0.024242691532258064,0.015650598414093782,0.04144615553249806,0.035648386289091914,4356.749999999999,454.8580538269604,1.0,0.0024488678200343937,3.88468911106764e-06,501.8125,450.9140625,291.1011305021443,38.05,54.10643731753758,1024.83075,8029,116,96,(),3,5e+01 a1
yj_m,,False,1789621223706,0.5442208881733963,0.6014159514725906,0.37761278972719436,0.022555863575268818,0.015650598414093782,0.04144615553249806,0.035648386289091914,4356.749999999999,454.8580538269604,1.0,0.0024488678200343937,3.88468911106764e-06,470.4375,419.5390625,291.1011305021443,38.05,54.10643731753758,1024.83075,7527,116,96,(),3,5e+01 a1
yj_m,,False,1789621223756,0.5543551666444377,0.6082248643244298,0.37761278972719436,0.022975890456989247,0.015650598414093782,0.04144615553249806,0.035648386289091914,4356.749999999999,454.8580538269604,1.0,0.0024488678200343937,3.88468911106764e-06,478.25,427.3515625,291.1011305021443,38.05,54.10643731753758,1024.83075,7652,117,96,(),3,5e+01 a1
yj_m,,False,1789621223806,0.5444641108567013,0.6015787887495884,0.37761278972719436,0.022565944220430106,0.015650598414093782,0.04144615553249806,0.035648386289091914,4356.749999999999,454.8580538269604,1.0,0.0024488678200343937,3.88468911106764e-06,470.625,419.7265625,291.1011305021443,38.05,54.10643731753758,1024.83075,7530,117,96,(),3,5e+01 a1
yj_m,,False,1789621223856,0.5443019624011646,0.6014702273786083,0.37761278972719436,0.022559223790322578,0.015650598414093782,0.04144615553249806,0.035648386289091914,4356.749999999999,454.8580538269604,1.0,0.0024488678200343937,3.88468911106764e-06,470.5,419.6015625,291.1011305021443,38.05,54.10643731753758,1024.83075,7528,117,97,(),3,5e+01 a1
yj_m,,False,1789621223906,0.5518418655836195,0.6065317004473175,0.37761278972719436,0.02287172379032258,0.015650598414093782,0.04144615553249806,0.035648386289091914,4356.749999999999,454.8580538269604,1.0,0.0024488678200343937,3.88468911106764e-06,476.3125,425.4140625,291.1011305021443,38.05,54.10643731753758,1024.83075,7621,117,97,(),3,5e+01 a1
yj_m,,False,1789621223956,0.5394375087350648,0.598219344493215,0.37761278972719436,0.022357610887096774,0.015650598414093782,0.04144615553249806,0.035648386289091914,4356.749999999999,454.8580538269604,1.0,0.0024488678200343937,3.88468911106764e-06,466.75,415.8515625,291.1011305021443,38.05,54.10643731753758,1024.83075,7468,117,97,(),3,5e+01 a1
yj_m,,False,1789621224007,0.5533012016834495,0.607514465881778,0.37761278972719436,0.022932207661290324,0.015650598414093782,0.04144615553249806,0.035648386289091914,4356.749999999999,454.8580538269604,1.0,0.0024488678200343937,3.88468911106764e-06,477.4375,426.5390625,291.1011305021443,38.05,54.10643731753758,1024.83075,7639,117,97,(),3,5e+01 a1
yj_m,,False,1789621224056,0.515277388860102,0.5822498655213972,0.37761278972719436,0.021356266801075267,0.015650598414093782,0.04144615553249806,0.035648386289091914,4356.749999999999,454.8580538269604,1.0,0.0024488678200343937,3.88468911106764e-06,448.125,397.2265625,291.1011305021443,38.05,54.10643731753758,1024.83075,7170,117,97,(),3,5e+01 a1
yj_m,,False,1789621224106,0.515763834226712,0.5825684049321105,0.37761278972719436,0.02137642809139785,0.015650598414093782,0.04144615553249806,0.035648386289091914,4356.749999999999,454.8580538269604,1.0,0.0024488678200343937,3.88468911106764e-06,448.5,397.6015625,291.1011305021443,38.05,54.10643731753758,1024.83075,7176,117,97,(),3,5e+01 a1
yj_m,,False,1789621224156,0.5528147563168394,0.6071867658354073,0.37761278972719436,0.02291204637096774,0.015650598414093782,0.04144615553249806,0.035648386289091914,4356.749999999999,454.8580538269604,1.0,0.0024488678200343937,3.88468911106764e-06,477.0625,426.1640625,291.1011305021443,38.05,54.10643731753758,1024.83075,7633,117,97,(),3,5e+01 a1
yj_m,,False,1789621224206,0.5577602842107077,0.6105235477713078,0.37761278972719436,0.023117019489247312,0.015650598414093782,0.04144615553249806,0.035648386289091914,4356.749999999999,454.8580538269604,1.0,0.0024488678200343937,3.88468911106764e-06,480.875,429.9765625,291.1011305021443,38.05,54.10643731753758,1024.83075,7694,117,97,(),3,5e+01 a1
yj_m,,False,1789621224256,0.469308301715458,0.5527489679444483,0.37761278972719436,0.019451024865591398,0.015650598414093782,0.04144615553249806,0.035648386289091914,4356.749999999999,454.8580538269604,1.0,0.0024488678200343937,3.88468911106764e-06,412.6875,361.7890625,291.1011305021443,38.05,54.10643731753758,1024.83075,6603,117,97,(),3,5e+01 a1
yj_m,,False,1789621224306,0.4582822067389649,0.5458617242619653,0.37761278972719436,0.01899403561827957,0.015650598414093782,0.04144615553249806,0.035648386289091914,4356.749999999999,454.8580538269604,1.0,0.0024488678200343937,3.88468911106764e-06,404.1875,353.2890625,291.1011305021443,38.05,54.10643731753758,1024.83075,6467,117,97,(),3,5e+01 a1
yj_m,,False,1789621224356,0.4861717410912709,0.5634283428163451,0.37761278972719436,0.020149949596774193,0.015650598414093782,0.04144615553249806,0.035648386289091914,4356.749999999999,454.8580538269604,1.0,0.0024488678200343937,3.88468911106764e-06,425.6875,374.7890625,291.1011305021443,38.05,54.10643731753758,1024.83075,6811,117,97,(),3,5e+01 a1
yj_m,,False,1789621224406,0.5036027000614622,0.5746433393558296,0.37761278972719436,0.020872395833333335,0.015650598414093782,0.04144615553249806,0.035648386289091914,4356.749999999999,454.8580538269604,1.0,0.0024488678200343937,3.88468911106764e-06,439.125,388.2265625,291.1011305021443,38.05,54.10643731753758,1024.83075,7026,117,97,(),3,5e+01 a1
yj_m,,False,1789621224456,0.5355459458021848,0.5956270243120813,0.37761278972719436,0.02219632056451613,0.015650598414093782,0.04144615553249806,0.035648386289091914,4356.749999999999,454.8580538269604,1.0,0.0024488678200343937,3.88468911106764e-06,463.75,412.8515625,291.1011305021443,38.05,54.10643731753758,1024.83075,7420,117,97,(),3,5e+01 a1
yj_m,,False,1789621224506,0.5420318840236513,0.5999517097047624,0.37761278972719436,0.022465137768817204,0.015650598414093782,0.04144615553249806,0.035648386289091914,4356.749999999999,454.8580538269604,1.0,0.0024488678200343937,3.88468911106764e-06,468.75,417.8515625,291.1011305021443,38.05,54.10643731753758,1024.83075,7500,117,97,(),3,5e+01 a1
yj_m,,False,1789621224556,0.5126830135715154,0.5805531294656932,0.37761278972719436,0.021248739919354838,0.015650598414093782,0.04144615553249806,0.035648386289091914,4356.749999999999,454.8580538269604,1.0,0.0024488678200343937,3.88468911106764e-06,446.125,395.2265625,291.1011305021443,38.05,54.10643731753758,1024.83075,7138,117,97,(),3,5e+01 a1
yj_m,,False,1789621224606,0.5173042445543102,0.5835779449811797,0.37761278972719436,0.021440272177419353,0.015650598414093782,0.04144615553249806,0.035648386289091914,4356.749999999999,454.8580538269604,1.0,0.0024488678200343937,3.88468911106764e-06,449.6875,398.7890625,291.1011305021443,38.05,54.10643731753758,1024.83075,7195,117,97,(),3,5e+01 a1
yj_m,,False,1789621224656,0.5428426263013347,0.6004937494575389,0.37761278972719436,0.02249873991935484,0.015650598414093782,0.04144615553249806,0.035648386289091914,4356.749999999999,454.8580538269604,1.0,0.0024488678200343937,3.88468911106764e-06,469.375,418.4765625,291.1011305021443,38.05,54.10643731753758,1024.83075,7510,117,97,(),3,5e+01 a1
yj_m,,False,1789621224706,0.5460045211842997,0.6026107561836941,0.37761278972719436,0.022629788306451612,0.015650598414093782,0.04144615553249806,0.035648386289091914,4356.749999999999,454.8580538269604,1.0,0.0024488678200343937,3.88468911106764e-06,471.8125,420.9140625,291.1011305021443,38.05,54.10643731753758,1024.83075,7549,117,97,(),3,5e+01 a1
yj_m,,False,1789621224756,0.5447073335400063,0.6017416546904855,0.37761278972719436,0.0225760248655914,0.015650598414093782,0.04144615553249806,0.035648386289091914,4356.749999999999,454.8580538269604,1.0,0.0024488678200343937,3.88468911106764e-06,470.8125,419.9140625,291.1011305021443,38.05,54.10643731753758,1024.83075,7533,118,97,(),3,5e+01 a1
yj_m,,False,1789621224806,0.5542740924166695,0.6081701997774274,0.37761278972719436,0.022972530241935483,0.015650598414093782,0.04144615553249806,0.035648386289091914,4356.749999999999,454.8580538269604,1.0,0.0024488678200343937,3.88468911106764e-06,478.1875,427.2890625,291.1011305021443,38.05,54.10643731753758,1024.83075,7651,118,97,(),3,5e+01 a1
yj_m,,False,1789621224856,0.5502203810282529,0.6054409199151545,0.37761278972719436,0.02280451948924731,0.015650598414093782,0.04144615553249806,0.035648386289091914,4356.749999999999,454.8580538269604,1.0,0.0024488678200343937,3.88468911106764e-06,475.0625,424.1640625,291.1011305021443,38.05,54.10643731753758,1024.83075,7601,118,98,(),3,5e+01 a1
yj_m,,False,1789621224906,0.5217633270815685,0.5865073742509056,0.37761278972719436,0.021625084005376344,0.015650598414093782,0.04144615553249806,0.035648386289091914,4356.749999999999,454.8580538269604,1.0,0.0024488678200343937,3.88468911106764e-06,453.125,402.2265625,291.1011305021443,38.05,54.10643731753758,1024.83075,7250,118,98,(),3,5e+01 a1
yj_m,,False,1789621224956,0.483496291574916,0.5617225734670552,0.37761278972719436,0.0200390625,0.015650598414093782,0.04144615553249806,0.035648386289091914,4356.749999999999,454.8580538269604,1.0,0.0024488678200343937,3.88468911106764e-06,423.625,372.7265625,291.1011305021443,38.05,54.10643731753758,1024.83075,6778,118,98,(),3,5e+01 a1
yj_m,,False,1789621225006,0.4963060195623124,0.5699275517711655,0.37761278972719436,0.020569976478494623,0.015650598414093782,0.04144615553249806,0.035648386289091914,4356.749999999999,454.8580538269604,1.0,0.0024488678200343937,3.88468911106764e-06,433.5,382.6015625,291.1011305021443,38.05,54.10643731753758,1024.83075,6936,118,98,(),3,5e+01 a1
yj_m,,False,1789621225056,0.5153584630878704,0.5823029466470134,0.37761278972719436,0.021359627016129035,0.015650598414093782,0.04144615553249806,0.035648386289091914,4356.749999999999,454.8580538269604,1.0,0.0024488678200343937,3.88468911106764e-06,448.1875,397.2890625,291.1011305021443,38.05,54.10643731753758,1024.83075,7171,118,98,(),3,5e+01 a1
yj_m,,False,1789621225106,0.499386840217509,0.5719150046043638,0.37761278972719436,0.020697664650537635,0.015650598414093782,0.04144615553249806,0.035648386289091914,4356.749999999999,454.8580538269604,1.0,0.0024488678200343937,3.88468911106764e-06,435.875,384.9765625,291.1011305021443,38.05,54.10643731753758,1024.83075,6974,118,98,(),3,5e+01 a1
yj_m,,False,1789621225156,0.5014136959117174,0.5732254618081013,0.37761278972719436,0.02078167002688172,0.015650598414093782,0.04144615553249806,0.035648386289091914,4356.749999999999,454.8580538269604,1.0,0.0024488678200343937,3.88468911106764e-06,437.4375,386.5390625,291.1011305021443,38.05,54.10643731753758,1024.83075,6999,118,98,(),3,5e+01 a1
yj_m,,False,1789621225206,0.5701646410592625,0.6189423287587504,0.37761278972719436,0.02363113239247312,0.015650598414093782,0.04144615553249806,0.035648386289091914,4356.749999999999,454.8580538269604,1.0,0.0024488678200343937,3.88468911106764e-06,490.4375,439.5390625,291.1011305021443,38.05,54.10643731753758,1024.83075,7847,118,98,(),3,5e+01 a1
yj_m,,False,1789621225256,0.49865717216759403,0.5714438062918591,0.37761278972719436,0.020667422715053764,0.015650598414093782,0.04144615553249806,0.035648386289091914,4356.749999999999,454.8580538269604,1.0,0.0024488678200343937,3.88468911106764e-06,435.3125,384.4140625,291.1011305021443,38.05,54.10643731753758,1024.83075,6965,118,98,(),3,5e+01 a1
yj_m,,False,1789621225306,0.4774967987200595,0.5579130615308242,0.37761278972719436,0.019790406586021506,0.015650598414093782,0.04144615553249806,0.035648386289091914,4356.749999999999,454.8580538269604,1.0,0.0024488678200343937,3.88468911106764e-06,419.0,368.1015625,291.1011305021443,38.05,54.10643731753758,1024.83075,6704,118,98,(),3,5e+01 a1
yj_m,,False,1789621225356,0.5521661624946927,0.6067500059283407,0.37761278972719436,0.022885164650537634,0.015650598414093782,0.04144615553249806,0.035648386289091914,4356.749999999999,454.8580538269604,1.0,0.0024488678200343937,3.88468911106764e-06,476.5625,425.6640625,291.1011305021443,38.05,54.10643731753758,1024.83075,7625,118,98,(),3,5e+01 a1
yj_m,,False,1789621225406,0.5283303395308034,0.5908405102167159,0.37761278972719436,0.021897261424731185,0.015650598414093782,0.04144615553249806,0.035648386289091914,4356.749999999999,454.8580538269604,1.0,0.0024488678200343937,3.88468911106764e-06,458.1875,407.2890625,291.1011305021443,38.05,54.10643731753758,1024.83075,7331,118,98,(),3,5e+01 a1
yj_m,,False,1789621225456,0.5018190670505589,0.5734878298480452,0.37761278972719436,0.020798471102150537,0.015650598414093782,0.04144615553249806,0.035648386289091914,4356.749999999999,454.8580538269604,1.0,0.0024488678200343937,3.88468911106764e-06,437.75,386.8515625,291.1011305021443,38.05,54.10643731753758,1024.83075,7004,118,98,(),3,5e+01 a1
yj_m,,False,1789621225506,0.5807042906691455,0.6261494515074889,0.37761278972719436,0.024067960349462365,0.015650598414093782,0.04144615553249806,0.035648386289091914,4356.749999999999,454.8580538269604,1.0,0.0024488678200343937,3.88468911106764e-06,498.5625,447.6640625,291.1011305021443,38.05,54.10643731753758,1024.83075,7977,118,98,(),3,5e+01 a1
yj_m,,False,1789621225556,0.5768127277362656,0.6234827126216519,0.37761278972719436,0.02390667002688172,0.015650598414093782,0.04144615553249806,0.035648386289091914,4356.749999999999,454.8580538269604,1.0,0.0024488678200343937,3.88468911106764e-06,495.5625,444.6640625,291.1011305021443,38.05,54.10643731753758,1024.83075,7929,118,98,(),3,5e+01 a1
yj_m,,False,1789621225606,0.5785152865194007,0.6246486047896203,0.37761278972719436,0.023977234543010754,0.015650598414093782,0.04144615553249806,0.035648386289091914,4356.749999999999,454.8580538269604,1.0,0.0024488678200343937,3.88468911106764e-06,496.875,445.9765625,291.1011305021443,38.05,54.10643731753758,1024.83075,7950,118,98,(),3,5e+01 a1
yj_m,,False,1789621225656,0.5304382694527799,0.5922360930066674,0.37761278972719436,0.021984627016129032,0.015650598414093782,0.04144615553249806,0.035648386289091914,4356.749999999999,454.8580538269604,1.0,0.0024488678200343937,3.88468911106764e-06,459.8125,408.9140625,291.1011305021443,38.05,54.10643731753758,1024.83075,7357,118,98,(),3,5e+01 a1
yj_m,,False,1789621225706,0.5058727784389755,0.5761165442666544,0.37761278972719436,0.02096648185483871,0.015650598414093782,0.04144615553249806,0.035648386289091914,4356.749999999999,454.8580538269604,1.0,0.0024488678200343937,3.88468911106764e-06,440.875,389.9765625,291.1011305021443,38.05,54.10643731753758,1024.83075,7054,118,98,(),3,5e+01 a1
yj_m,,False,1789621225756,0.5655434100764676,0.6157977673868278,0.37761278972719436,0.023439600134408604,0.015650598414093782,0.04144615553249806,0.035648386289091914,4356.749999999999,454.8580538269604,1.0,0.0024488678200343937,3.88468911106764e-06,486.875,435.9765625,291.1011305021443,38.05,54.10643731753758,1024.83075,7790,119,98,(),3,5e+01 a1
yj_m,,False,1789621225806,0.5687053049594325,0.6179482760499106,0.37761278972719436,0.023570648521505377,0.015650598414093782,0.04144615553249806,0.035648386289091914,4356.749999999999,454.8580538269604,1.0,0.0024488678200343937,3.88468911106764e-06,489.3125,438.4140625,291.1011305021443,38.05,54.10643731753758,1024.83075,7829,119,98,(),3,5e+01 a1
yj_m,,False,1789621225856,0.5690296018705058,0.6181690945375649,0.37761278972719436,0.02358408938172043,0.015650598414093782,0.04144615553249806,0.035648386289091914,4356.749999999999,454.8580538269604,1.0,0.0024488678200343937,3.88468911106764e-06,489.5625,438.6640625,291.1011305021443,38.05,54.10643731753758,1024.83075,7833,119,99,(),3,5e+01 a1
yj_m,,False,1789621225906,0.49306305045157917,0.567841340288834,0.37761278972719436,0.020435567876344086,0.015650598414093782,0.04144615553249806,0.035648386289091914,4356.749999999999,454.8580538269604,1.0,0.0024488678200343937,3.88468911106764e-06,431.0,380.1015625,291.1011305021443,38.05,54.10643731753758,1024.83075,6896,119,99,(),3,5e+01 a1
yj_m,,False,1789621225956,0.4963870937900808,0.5699797841164853,0.37761278972719436,0.02057333669354839,0.015650598414093782,0.04144615553249806,0.035648386289091914,4356.749999999999,454.8580538269604,1.0,0.0024488678200343937,3.88468911106764e-06,433.5625,382.6640625,291.1011305021443,38.05,54.10643731753758,1024.83075,6937,119,99,(),3,5e+01 a1
yj_m,,False,1789621226006,0.5846769278297939,0.6288784593060757,0.37761278972719436,0.024232610887096776,0.015650598414093782,0.04144615553249806,0.035648386289091914,4356.749999999999,454.8580538269604,1.0,0.0024488678200343937,3.88468911106764e-06,501.625,450.7265625,291.1011305021443,38.05,54.10643731753758,1024.83075,8026,119,99,(),3,5e+01 a1
yj_m,,False,1789621226056,0.5560577254275727,0.6093735303859863,0.37761278972719436,0.023046454973118278,0.015650598414093782,0.04144615553249806,0.035648386289091914,4356.749999999999,454.8580538269604,1.0,0.0024488678200343937,3.88468911106764e-06,479.5625,428.6640625,291.1011305021443,38.05,54.10643731753758,1024.83075,7673,119,99,(),3,5e+01 a1
yj_m,,False,1789621226106,0.49176586280728585,0.5670085485277617,0.37761278972719436,0.02038180443548387,0.015650598414093782,0.04144615553249806,0.035648386289091914,4356.749999999999,454.8580538269604,1.0,0.0024488678200343937,3.88468911106764e-06,430.0,379.1015625,291.1011305021443,38.05,54.10643731753758,1024.83075,6880,119,99,(),3,5e+01 a1
yj_m,,False,1789621226156,0.560760030638136,0.612553033566886,0.37761278972719436,0.02324134744623656,0.015650598414093782,0.04144615553249806,0.035648386289091914,4356.749999999999,454.8580538269604,1.0,0.0024488678200343937,3.88468911106764e-06,483.1875,432.2890625,291.1011305021443,38.05,54.10643731753758,1024.83075,7731,119,99,(),3,5e+01 a1
yj_m,,False,1789621226206,0.48690140914118596,0.5638942869412352,0.37761278972719436,0.020180191532258064,0.015650598414093782,0.04144615553249806,0.035648386289091914,4356.749999999999,454.8580538269604,1.0,0.0024488678200343937,3.88468911106764e-06,426.25,375.3515625,291.1011305021443,38.05,54.10643731753758,1024.83075,6820,119,99,(),3,5e+01 a1
yj_m,,False,1789621226256,0.4651735160992731,0.5501571974960958,0.37761278972719436,0.019279653897849462,0.015650598414093782,0.04144615553249806,0.035648386289091914,4356.749999999999,454.8580538269604,1.0,0.0024488678200343937,3.88468911106764e-06,409.5,358.6015625,291.1011305021443,38.05,54.10643731753758,1024.83075,6552,119,99,(),3,5e+01 a1
yj_m,,False,1789621226306,0.5259791869255218,0.5892865803463616,0.37761278972719436,0.021799815188172044,0.015650598414093782,0.04144615553249806,0.035648386289091914,4356.749999999999,454.8580538269604,1.0,0.0024488678200343937,3.88468911106764e-06,456.375,405.4765625,291.1011305021443,38.05,54.10643731753758,1024.83075,7302,119,99,(),3,5e+01 a1
yj_m,,False,1789621226356,0.539032137596223,0.5979489612917058,0.37761278972719436,0.022340809811827955,0.015650598414093782,0.04144615553249806,0.035648386289091914,4356.749999999999,454.8580538269604,1.0,0.0024488678200343937,3.88468911106764e-06,466.4375,415.5390625,291.1011305021443,38.05,54.10643731753758,1024.83075,7463,119,99,(),3,5e+01 a1
yj_m,,False,1789621226406,0.5397618056461382,0.5984357093587445,0.37761278972719436,0.02237105174731183,0.015650598414093782,0.04144615553249806,0.035648386289091914,4356.749999999999,454.8580538269604,1.0,0.0024488678200343937,3.88468911106764e-06,467.0,416.1015625,291.1011305021443,38.05,54.10643731753758,1024.83075,7472,119,99,(),3,5e+01 a1
yj_m,,False,1789621226456,0.4861717410912709,0.5634283428163451,0.37761278972719436,0.020149949596774193,0.015650598414093782,0.04144615553249806,0.035648386289091914,4356.749999999999,454.8580538269604,1.0,0.0024488678200343937,3.88468911106764e-06,425.6875,374.7890625,291.1011305021443,38.05,54.10643731753758,1024.83075,6811,119,99,(),3,5e+01 a1
yj_m,,False,1789621226506,0.5789206576582422,0.6249263833432817,0.37761278972719436,0.02399403561827957,0.015650598414093782,0.04144615553249806,0.035648386289091914,4356.749999999999,454.8580538269604,1.0,0.0024488678200343937,3.88468911106764e-06,497.1875,446.2890625,291.1011305021443,38.05,54.10643731753758,1024.83075,7955,119,99,(),3,5e+01 a1
yj_m,,False,1789621226556,0.5498150098894112,0.6051684197886003,0.37761278972719436,0.022787718413978496,0.015650598414093782,0.04144615553249806,0.035648386289091914,4356.749999999999,454.8580538269604,1.0,0.0024488678200343937,3.88468911106764e-06,474.75,423.8515625,291.1011305021443,38.05,54.10643731753758,1024.83075,7596,119,99,(),3,5e+01 a1
yj_m,,False,1789621226606,0.5639219255211009,0.6146966913620456,0.37761278972719436,0.023372395833333334,0.015650598414093782,0.04144615553249806,0.035648386289091914,4356.749999999999,454.8580538269604,1.0,0.0024488678200343937,3.88468911106764e-06,485.625,434.7265625,291.1011305021443,38.05,54.10643731753758,1024.83075,7770,119,99,(),3,5e+01 a1
yj_m,,False,1789621226656,0.5635976286100275,0.6144766192464778,0.37761278972719436,0.023358954973118278,0.015650598414093782,0.04144615553249806,0.035648386289091914,4356.749999999999,454.8580538269604,1.0,0.0024488678200343937,3.88468911106764e-06,485.375,434.4765625,291.1011305021443,38.05,54.10643731753758,1024.83075,7766,119,99,(),3,5e+01 a1
yj_m,,False,1789621226706,0.5648948162543209,0.6153571940923203,0.37761278972719436,0.023412718413978496,0.015650598414093782,0.04144615553249806,0.035648386289091914,4356.749999999999,454.8580538269604,1.0,0.0024488678200343937,3.88468911106764e-06,486.375,435.4765625,291.1011305021443,38.05,54.10643731753758,1024.83075,7782,119,99,(),3,5e+01 a1
yj_m,,False,1789621226756,0.5533012016834495,0.607514465881778,0.37761278972719436,0.022932207661290324,0.015650598414093782,0.04144615553249806,0.035648386289091914,4356.749999999999,454.8580538269604,1.0,0.0024488678200343937,3.88468911106764e-06,477.4375,426.5390625,291.1011305021443,38.05,54.10643731753758,1024.83075,7639,120,99,(),3,5e+01 a1
yj_m,,False,1789621226806,0.5785963607471689,0.6247041548136402,0.37761278972719436,0.023980594758064515,0.015650598414093782,0.04144615553249806,0.035648386289091914,4356.749999999999,454.8580538269604,1.0,0.0024488678200343937,3.88468911106764e-06,496.9375,446.0390625,291.1011305021443,38.05,54.10643731753758,1024.83075,7951,120,99,(),3,5e+01 a1
yj_m,,False,1789621226856,0.4791182832754261,0.5589405218155988,0.37761278972719436,0.019857610887096772,0.015650598414093782,0.04144615553249806,0.035648386289091914,4356.749999999999,454.8580538269604,1.0,0.0024488678200343937,3.88468911106764e-06,420.25,369.3515625,291.1011305021443,38.05,54.10643731753758,1024.83075,6724,120,100,(),3,5e+01 a1
yj_m,,False,1789621226906,0.4955763515123974,0.5694576293350322,0.37761278972719436,0.02053973454301075,0.015650598414093782,0.04144615553249806,0.035648386289091914,4356.749999999999,454.8580538269604,1.0,0.0024488678200343937,3.88468911106764e-06,432.9375,382.0390625,291.1011305021443,38.05,54.10643731753758,1024.83075,6927,120,100,(),3,5e+01 a1
yj_m,,False,1789621226956,0.561489698688051,0.6130473183130362,0.37761278972719436,0.023271589381720432,0.015650598414093782,0.04144615553249806,0.035648386289091914,4356.749999999999,454.8580538269604,1.0,0.0024488678200343937,3.88468911106764e-06,483.75,432.8515625,291.1011305021443,38.05,54.10643731753758,1024.83075,7740,120,100,(),3,5e+01 a1
yj_m,,False,1789621227006,0.5594628429938426,0.6116749088584739,0.37761278972719436,0.023187584005376342,0.015650598414093782,0.04144615553249806,0.035648386289091914,4356.749999999999,454.8580538269604,1.0,0.0024488678200343937,3.88468911106764e-06,482.1875,431.2890625,291.1011305021443,38.05,54.10643731753758,1024.83075,7715,120,100,(),3,5e+01 a1
yj_m,,False,1789621227056,0.5182771352875303,0.5842161985509599,0.37761278972719436,0.021480594758064516,0.015650598414093782,0.04144615553249806,0.035648386289091914,4356.749999999999,454.8580538269604,1.0,0.0024488678200343937,3.88468911106764e-06,450.4375,399.5390625,291.1011305021443,38.05,54.10643731753758,1024.83075,7207,120,100,(),3,5e+01 a1
yj_m,,False,1789621227106,0.46193054698853986,0.5481320072491612,0.37761278972719436,0.019145245295698925,0.015650598414093782,0.04144615553249806,0.035648386289091914,4356.749999999999,454.8580538269604,1.0,0.0024488678200343937,3.88468911106764e-06,407.0,356.1015625,291.1011305021443,38.05,54.10643731753758,1024.83075,6512,120,100,(),3,5e+01 a1
yj_m,,False,1789621227156,0.46371417999944314,0.5492450329921793,0.37761278972719436,0.01921917002688172,0.015650598414093782,0.04144615553249806,0.035648386289091914,4356.749999999999,454.8580538269604,1.0,0.0024488678200343937,3.88468911106764e-06,408.375,357.4765625,291.1011305021443,38.05,54.10643731753758,1024.83075,6534,120,100,(),3,5e+01 a1
yj_m,,False,1789621227206,0.46663285219910305,0.5510707111362898,0.37761278972719436,0.019340137768817205,0.015650598414093782,0.04144615553249806,0.035648386289091914,4356.749999999999,454.8580538269604,1.0,0.0024488678200343937,3.88468911106764e-06,410.625,359.7265625,291.1011305021443,38.05,54.10643731753758,1024.83075,6570,120,100,(),3,5e+01 a1
yj_m,,False,1789621227256,0.5718671998423974,0.6201032540962987,0.37761278972719436,0.023701696908602153,0.015650598414093782,0.04144615553249806,0.035648386289091914,4356.749999999999,454.8580538269604,1.0,0.0024488678200343937,3.88468911106764e-06,491.75,440.8515625,291.1011305021443,38.05,54.10643731753758,1024.83075,7868,120,100,(),3,5e+01 a1
yj_m,,False,1789621227306,0.5866227092962336,0.6302175637910867,0.37761278972719436,0.024313256048387095,0.015650598414093782,0.04144615553249806,0.035648386289091914,4356.749999999999,454.8580538269604,1.0,0.0024488678200343937,3.88468911106764e-06,503.125,452.2265625,291.1011305021443,38.05,54.10643731753758,1024.83075,8050,120,100,(),3,5e+01 a1
yj_m,,False,1789621227356,0.5438155170345547,0.6011446197717456,0.37761278972719436,0.0225390625,0.015650598414093782,0.04144615553249806,0.035648386289091914,4356.749999999999,454.8580538269604,1.0,0.0024488678200343937,3.88468911106764e-06,470.125,419.2265625,291.1011305021443,38.05,54.10643731753758,1024.83075,7522,120,100,(),3,5e+01 a1
yj_m,,False,1789621227406,0.587676674257222,0.6309435789190976,0.37761278972719436,0.02435693884408602,0.015650598414093782,0.04144615553249806,0.035648386289091914,4356.749999999999,454.8580538269604,1.0,0.0024488678200343937,3.88468911106764e-06,503.9375,453.0390625,291.1011305021443,38.05,54.10643731753758,1024.83075,8063,120,100,(),3,5e+01 a1
yj_m,,False,1789621227456,0.5507879006226312,0.605822551290014,0.37761278972719436,0.022828040994623655,0.015650598414093782,0.04144615553249806,0.035648386289091914,4356.749999999999,454.8580538269604,1.0,0.0024488678200343937,3.88468911106764e-06,475.5,424.6015625,291.1011305021443,38.05,54.10643731753758,1024.83075,7608,120,100,(),3,5e+01 a1
yj_m,,False,1789621227506,0.5680567111372857,0.617506780169214,0.37761278972719436,0.023543766801075266,0.015650598414093782,0.04144615553249806,0.035648386289091914,4356.749999999999,454.8580538269604,1.0,0.0024488678200343937,3.88468911106764e-06,488.8125,437.9140625,291.1011305021443,38.05,54.10643731753758,1024.83075,7821,120,100,(),3,5e+01 a1
yj_m,,False,1789621227556,0.5492474902950328,0.6047870510337408,0.37761278972719436,0.02276419690860215,0.015650598414093782,0.04144615553249806,0.035648386289091914,4356.749999999999,454.8580538269604,1.0,0.0024488678200343937,3.88468911106764e-06,474.3125,423.4140625,291.1011305021443,38.05,54.10643731753758,1024.83075,7589,120,100,(),3,5e+01 a1
yj_m,,False,1789621227606,0.593270795973237,0.6348048149691558,0.37761278972719436,0.0245887936827957,0.015650598414093782,0.04144615553249806,0.035648386289091914,4356.749999999999,454.8580538269604,1.0,0.0024488678200343937,3.88468911106764e-06,508.25,457.3515625,291.1011305021443,38.05,54.10643731753758,1024.83075,8132,120,100,(),3,5e+01 a1
yj_m,,False,1789621227656,0.5939193897953836,0.635253333866469,0.37761278972719436,0.024615675403225807,0.015650598414093782,0.04144615553249806,0.035648386289091914,4356.749999999999,454.8580538269604,1.0,0.0024488678200343937,3.88468911106764e-06,508.75,457.8515625,291.1011305021443,38.05,54.10643731753758,1024.83075,8140,120,100,(),3,5e+01 a1
yj_m,,False,1789621227706,0.5700835668314941,0.6188870787096187,0.37761278972719436,0.023627772177419355,0.015650598414093782,0.04144615553249806,0.035648386289091914,4356.749999999999,454.8580538269604,1.0,0.0024488678200343937,3.88468911106764e-06,490.375,439.4765625,291.1011305021443,38.05,54.10643731753758,1024.83075,7846,120,100,(),3,5e+01 a1
yj_m,,False,1789621227756,0.4687407821210797,0.5523925990777627,0.37761278972719436,0.019427503360215054,0.015650598414093782,0.04144615553249806,0.035648386289091914,4356.749999999999,454.8580538269604,1.0,0.0024488678200343937,3.88468911106764e-06,412.25,361.3515625,291.1011305021443,38.05,54.10643731753758,1024.83075,6596,121,100,(),3,5e+01 a1
yj_m,,False,1789621227806,0.5418697355681147,0.5998433402567106,0.37761278972719436,0.022458417338709676,0.015650598414093782,0.04144615553249806,0.035648386289091914,4356.749999999999,454.8580538269604,1.0,0.0024488678200343937,3.88468911106764e-06,468.625,417.7265625,291.1011305021443,38.05,54.10643731753758,1024.83075,7498,121,100,(),3,5e+01 a1
yj_m,,False,1789621227856,0.5609221790936727,0.612662853525149,0.37761278972719436,0.02324806787634409,0.015650598414093782,0.04144615553249806,0.035648386289091914,4356.749999999999,454.8580538269604,1.0,0.0024488678200343937,3.88468911106764e-06,483.3125,432.4140625,291.1011305021443,38.05,54.10643731753758,1024.83075,7733,121,101,(),3,5e+01 a1
yj_m,,False,1789621227906,0.5588953233994643,0.6112909729977073,0.37761278972719436,0.023164062500000002,0.015650598414093782,0.04144615553249806,0.035648386289091914,4356.749999999999,454.8580538269604,1.0,0.0024488678200343937,3.88468911106764e-06,481.75,430.8515625,291.1011305021443,38.05,54.10643731753758,1024.83075,7708,121,101,(),3,5e+01 a1
yj_m,,False,1789621227956,0.5271142261142784,0.5900363989948635,0.37761278972719436,0.02184685819892473,0.015650598414093782,0.04144615553249806,0.035648386289091914,4356.749999999999,454.8580538269604,1.0,0.0024488678200343937,3.88468911106764e-06,457.25,406.3515625,291.1011305021443,38.05,54.10643731753758,1024.83075,7316,121,101,(),3,5e+01 a1
yj_m,,False,1789621228006,0.46209269544407655,0.5482331073873455,0.37761278972719436,0.019151965725806453,0.015650598414093782,0.04144615553249806,0.035648386289091914,4356.749999999999,454.8580538269604,1.0,0.0024488678200343937,3.88468911106764e-06,407.125,356.2265625,291.1011305021443,38.05,54.10643731753758,1024.83075,6514,121,101,(),3,5e+01 a1
yj_m,,False,1789621228056,0.5867848577517704,0.630329227995282,0.37761278972719436,0.024319976478494622,0.015650598414093782,0.04144615553249806,0.035648386289091914,4356.749999999999,454.8580538269604,1.0,0.0024488678200343937,3.88468911106764e-06,503.25,452.3515625,291.1011305021443,38.05,54.10643731753758,1024.83075,8052,121,101,(),3,5e+01 a1
yj_m,,False,1789621228106,0.5670027461762974,0.6167897514982911,0.37761278972719436,0.023500084005376343,0.015650598414093782,0.04144615553249806,0.035648386289091914,4356.749999999999,454.8580538269604,1.0,0.0024488678200343937,3.88468911106764e-06,488.0,437.1015625,291.1011305021443,38.05,54.10643731753758,1024.83075,7808,121,101,(),3,5e+01 a1
yj_m,,False,1789621228156,0.5470584861452878,0.6033174985798013,0.37761278972719436,0.022673471102150535,0.015650598414093782,0.04144615553249806,0.035648386289091914,4356.749999999999,454.8580538269604,1.0,0.0024488678200343937,3.88468911106764e-06,472.625,421.7265625,291.1011305021443,38.05,54.10643731753758,1024.83075,7562,121,101,(),3,5e+01 a1
yj_m,,False,1789621228206,0.5872713031183804,0.6306642870319185,0.37761278972719436,0.024340137768817206,0.015650598414093782,0.04144615553249806,0.035648386289091914,4356.749999999999,454.8580538269604,1.0,0.0024488678200343937,3.88468911106764e-06,503.625,452.7265625,291.1011305021443,38.05,54.10643731753758,1024.83075,8058,121,101,(),3,5e+01 a1
yj_m,,False,1789621228256,0.554922686238816,0.6086076023920406,0.37761278972719436,0.02299941196236559,0.015650598414093782,0.04144615553249806,0.035648386289091914,4356.749999999999,454.8580538269604,1.0,0.0024488678200343937,3.88468911106764e-06,478.6875,427.7890625,291.1011305021443,38.05,54.10643731753758,1024.83075,7659,121,101,(),3,5e+01 a1
yj_m,,False,1789621228306,0.5460045211842997,0.6026107561836941,0.37761278972719436,0.022629788306451612,0.015650598414093782,0.04144615553249806,0.035648386289091914,4356.749999999999,454.8580538269604,1.0,0.0024488678200343937,3.88468911106764e-06,471.8125,420.9140625,291.1011305021443,38.05,54.10643731753758,1024.83075,7549,121,101,(),3,5e+01 a1
yj_m,,False,1789621228356,0.48560422149689264,0.5630661588817429,0.37761278972719436,0.02012642809139785,0.015650598414093782,0.04144615553249806,0.035648386289091914,4356.749999999999,454.8580538269604,1.0,0.0024488678200343937,3.88468911106764e-06,425.25,374.3515625,291.1011305021443,38.05,54.10643731753758,1024.83075,6804,121,101,(),3,5e+01 a1
yj_m,,False,1789621228406,0.4511476746953518,0.5414471071449672,0.37761278972719436,0.01869833669354839,0.015650598414093782,0.04144615553249806,0.035648386289091914,4356.749999999999,454.8580538269604,1.0,0.0024488678200343937,3.88468911106764e-06,398.6875,347.7890625,291.1011305021443,38.05,54.10643731753758,1024.83075,6379,121,101,(),3,5e+01 a1
yj_m,,False,1789621228456,0.46193054698853986,0.5481320072491612,0.37761278972719436,0.019145245295698925,0.015650598414093782,0.04144615553249806,0.035648386289091914,4356.749999999999,454.8580538269604,1.0,0.0024488678200343937,3.88468911106764e-06,407.0,356.1015625,291.1011305021443,38.05,54.10643731753758,1024.83075,6512,121,101,(),3,5e+01 a1
yj_m,,False,1789621228506,0.45357990152840166,0.5429483310349766,0.37761278972719436,0.01879914314516129,0.015650598414093782,0.04144615553249806,0.035648386289091914,4356.749999999999,454.8580538269604,1.0,0.0024488678200343937,3.88468911106764e-06,400.5625,349.6640625,291.1011305021443,38.05,54.10643731753758,1024.83075,6409,121,101,(),3,5e+01 a1
yj_m,,False,1789621228556,0.48746892873556424,0.5642569045206423,0.37761278972719436,0.020203713037634408,0.015650598414093782,0.04144615553249806,0.035648386289091914,4356.749999999999,454.8580538269604,1.0,0.0024488678200343937,3.88468911106764e-06,426.6875,375.7890625,291.1011305021443,38.05,54.10643731753758,1024.83075,6827,121,101,(),3,5e+01 a1
yj_m,,False,1789621228606,0.452444862339645,0.542247272720303,0.37761278972719436,0.0187521001344086,0.015650598414093782,0.04144615553249806,0.035648386289091914,4356.749999999999,454.8580538269604,1.0,0.0024488678200343937,3.88468911106764e-06,399.6875,348.7890625,291.1011305021443,38.05,54.10643731753758,1024.83075,6395,121,101,(),3,5e+01 a1
yj_m,,False,1789621228656,0.45568783145037833,0.5442525466621118,0.37761278972719436,0.01888650873655914,0.015650598414093782,0.04144615553249806,0.035648386289091914,4356.749999999999,454.8580538269604,1.0,0.0024488678200343937,3.88468911106764e-06,402.1875,351.2890625,291.1011305021443,38.05,54.10643731753758,1024.83075,6435,121,101,(),3,5e+01 a1
yj_m,,False,1789621228706,0.45220163965634,0.5420971567227462,0.37761278972719436,0.01874201948924731,0.015650598414093782,0.04144615553249806,0.035648386289091914,4356.749999999999,454.8580538269604,1.0,0.0024488678200343937,3.88468911106764e-06,399.5,348.6015625,291.1011305021443,38.05,54.10643731753758,1024.83075,6392,121,101,(),3,5e+01 a1
yj_m,,False,1789621228756,0.4898200813408459,0.5657611879875005,0.37761278972719436,0.02030115927419355,0.015650598414093782,0.04144615553249806,0.035648386289091914,4356.749999999999,454.8580538269604,1.0,0.0024488678200343937,3.88468911106764e-06,428.5,377.6015625,291.1011305021443,38.05,54.10643731753758,1024.83075,6856,122,101,(),3,5e+01 a1
yj_m,,False,1789621228806,0.5042512938836089,0.575063963680687,0.37761278972719436,0.020899277553763442,0.015650598414093782,0.04144615553249806,0.035648386289091914,4356.749999999999,454.8580538269604,1.0,0.0024488678200343937,3.88468911106764e-06,439.625,388.7265625,291.1011305021443,38.05,54.10643731753758,1024.83075,7034,122,101,(),3,5e+01 a1
yj_m,,False,1789621228856,0.47968580286980445,0.5593005086014355,0.37761278972719436,0.01988113239247312,0.015650598414093782,0.04144615553249806,0.035648386289091914,4356.749999999999,454.8580538269604,1.0,0.0024488678200343937,3.88468911106764e-06,420.6875,369.7890625,291.1011305021443,38.05,54.10643731753758,1024.83075,6731,122,102,(),3,5e+01 a1
yj_m,,False,1789621228906,0.4549581634004633,0.5438007573157928,0.37761278972719436,0.01885626680107527,0.015650598414093782,0.04144615553249806,0.035648386289091914,4356.749999999999,454.8580538269604,1.0,0.0024488678200343937,3.88468911106764e-06,401.625,350.7265625,291.1011305021443,38.05,54.10643731753758,1024.83075,6426,122,102,(),3,5e+01 a1
yj_m,,False,1789621228956,0.4912794174406759,0.5666965024288042,0.37761278972719436,0.02036164314516129,0.015650598414093782,0.04144615553249806,0.035648386289091914,4356.749999999999,454.8580538269604,1.0,0.0024488678200343937,3.88468911106764e-06,429.625,378.7265625,291.1011305021443,38.05,54.10643731753758,1024.83075,6874,122,102,(),3,5e+01 a1
yj_m,,False,1789621229006,0.47871291213658446,0.55868350749802,0.37761278972719436,0.019840809811827956,0.015650598414093782,0.04144615553249806,0.035648386289091914,4356.749999999999,454.8580538269604,1.0,0.0024488678200343937,3.88468911106764e-06,419.9375,369.0390625,291.1011305021443,38.05,54.10643731753758,1024.83075,6719,122,102,(),3,5e+01 a1
yj_m,,False,1789621229056,0.44887759631783847,0.5400495111878616,0.37761278972719436,0.01860425067204301,0.015650598414093782,0.04144615553249806,0.035648386289091914,4356.749999999999,454.8580538269604,1.0,0.0024488678200343937,3.88468911106764e-06,396.9375,346.0390625,291.1011305021443,38.05,54.10643731753758,1024.83075,6351,122,102,(),3,5e+01 a1
yj_m,,False,1789621229106,0.484955627674746,0.5626524674534096,0.37761278972719436,0.020099546370967742,0.015650598414093782,0.04144615553249806,0.035648386289091914,4356.749999999999,454.8580538269604,1.0,0.0024488678200343937,3.88468911106764e-06,424.75,373.8515625,291.1011305021443,38.05,54.10643731753758,1024.83075,6796,122,102,(),3,5e+01 a1
yj_m,,False,1789621229156,0.5014947701394856,0.5732779280576563,0.37761278972719436,0.020785030241935485,0.015650598414093782,0.04144615553249806,0.035648386289091914,4356.749999999999,454.8580538269604,1.0,0.0024488678200343937,3.88468911106764e-06,437.5,386.6015625,291.1011305021443,38.05,54.10643731753758,1024.83075,7000,122,102,(),3,5e+01 a1
yj_m,,False,1789621229206,0.5609221790936727,0.612662853525149,0.37761278972719436,0.02324806787634409,0.015650598414093782,0.04144615553249806,0.035648386289091914,4356.749999999999,454.8580538269604,1.0,0.0024488678200343937,3.88468911106764e-06,483.3125,432.4140625,291.1011305021443,38.05,54.10643731753758,1024.83075,7733,122,102,(),3,5e+01 a1
yj_m,,False,1789621229256,0.5468963376897512,0.6032087342017579,0.37761278972719436,0.022666750672043007,0.015650598414093782,0.04144615553249806,0.035648386289091914,4356.749999999999,454.8580538269604,1.0,0.0024488678200343937,3.88468911106764e-06,472.5,421.6015625,291.1011305021443,38.05,54.10643731753758,1024.83075,7560,122,102,(),3,5e+01 a1
yj_m,,False,1789621229306,0.5674081173151392,0.6170654727511482,0.37761278972719436,0.023516885080645162,0.015650598414093782,0.04144615553249806,0.035648386289091914,4356.749999999999,454.8580538269604,1.0,0.0024488678200343937,3.88468911106764e-06,488.3125,437.4140625,291.1011305021443,38.05,54.10643731753758,1024.83075,7813,122,102,(),3,5e+01 a1
yj_m,,False,1789621229356,0.45949832015548997,0.5466175313578966,0.37761278972719436,0.019044438844086024,0.015650598414093782,0.04144615553249806,0.035648386289091914,4356.749999999999,454.8580538269604,1.0,0.0024488678200343937,3.88468911106764e-06,405.125,354.2265625,291.1011305021443,38.05,54.10643731753758,1024.83075,6482,122,102,(),3,5e+01 a1
yj_m,,False,1789621229406,0.545599150045458,0.6023390746668954,0.37761278972719436,0.022612987231182796,0.015650598414093782,0.04144615553249806,0.035648386289091914,4356.749999999999,454.8580538269604,1.0,0.0024488678200343937,3.88468911106764e-06,471.5,420.6015625,291.1011305021443,38.05,54.10643731753758,1024.83075,7544,122,102,(),3,5e+01 a1
yj_m,,False,1789621229456,0.5471395603730563,0.6033718855053819,0.37761278972719436,0.022676831317204302,0.015650598414093782,0.04144615553249806,0.035648386289091914,4356.749999999999,454.8580538269604,1.0,0.0024488678200343937,3.88468911106764e-06,472.6875,421.7890625,291.1011305021443,38.05,54.10643731753758,1024.83075,7563,122,102,(),3,5e+01 a1
yj_m,,False,1789621229506,0.5328704962858298,0.593849183754788,0.37761278972719436,0.022085433467741934,0.015650598414093782,0.04144615553249806,0.035648386289091914,4356.749999999999,454.8580538269604,1.0,0.0024488678200343937,3.88468911106764e-06,461.6875,410.7890625,291.1011305021443,38.05,54.10643731753758,1024.83075,7387,122,102,(),3,5e+01 a1
yj_m,,False,1789621229556,0.5606789564103676,0.6124981281124725,0.37761278972719436,0.023237987231182793,0.015650598414093782,0.04144615553249806,0.035648386289091914,4356.749999999999,454.8580538269604,1.0,0.0024488678200343937,3.88468911106764e-06,483.125,432.2265625,291.1011305021443,38.05,54.10643731753758,1024.83075,7730,122,102,(),3,5e+01 a1
yj_m,,False,1789621229606,0.5194932487040552,0.5850147194868319,0.37761278972719436,0.021530997983870967,0.015650598414093782,0.04144615553249806,0.035648386289091914,4356.749999999999,454.8580538269604,1.0,0.0024488678200343937,3.88468911106764e-06,451.375,400.4765625,291.1011305021443,38.05,54.10643731753758,1024.83075,7222,122,102,(),3,5e+01 a1
yj_m,,False,1789621229656,0.45990369129433156,0.5468696795230642,0.37761278972719436,0.01906123991935484,0.015650598414093782,0.04144615553249806,0.035648386289091914,4356.749999999999,454.8580538269604,1.0,0.0024488678200343937,3.88468911106764e-06,405.4375,354.5390625,291.1011305021443,38.05,54.10643731753758,1024.83075,6487,122,102,(),3,5e+01 a1
yj_m,,False,1789621229706,0.46152517584969815,0.5478793306046396,0.37761278972719436,0.019128444220430106,0.015650598414093782,0.04144615553249806,0.035648386289091914,4356.749999999999,454.8580538269604,1.0,0.0024488678200343937,3.88468911106764e-06,406.6875,355.7890625,291.1011305021443,38.05,54.10643731753758,1024.83075,6507,122,102,(),3,5e+01 a1
yj_m,,False,1789621229756,0.525330593103375,0.5888584105614084,0.37761278972719436,0.021772933467741933,0.015650598414093782,0.04144615553249806,0.035648386289091914,4356.749999999999,454.8580538269604,1.0,0.0024488678200343937,3.88468911106764e-06,455.875,404.9765625,291.1011305021443,38.05,54.10643731753758,1024.83075,7294,123,102,(),3,5e+01 a1
yj_m,,False,1789621229806,0.5680567111372857,0.617506780169214,0.37761278972719436,0.023543766801075266,0.015650598414093782,0.04144615553249806,0.035648386289091914,4356.749999999999,454.8580538269604,1.0,0.0024488678200343937,3.88468911106764e-06,488.8125,437.9140625,291.1011305021443,38.05,54.10643731753758,1024.83075,7821,123,102,(),3,5e+01 a1
yj_m,,False,1789621229856,0.5849201505130988,0.6290457597591356,0.37761278972719436,0.024242691532258064,0.015650598414093782,0.04144615553249806,0.035648386289091914,4356.749999999999,454.8580538269604,1.0,0.0024488678200343937,3.88468911106764e-06,501.8125,450.9140625,291.1011305021443,38.05,54.10643731753758,1024.83075,8029,123,103,(),3,5e+01 a1
yj_m,,False,1789621229906,0.5547605377832795,0.608498233266991,0.37761278972719436,0.022992691532258067,0.015650598414093782,0.04144615553249806,0.035648386289091914,4356.749999999999,454.8580538269604,1.0,0.0024488678200343937,3.88468911106764e-06,478.5625,427.6640625,291.1011305021443,38.05,54.10643731753758,1024.83075,7657,123,103,(),3,5e+01 a1
yj_m,,False,1789621229956,0.574218352447679,0.6217085434320708,0.37761278972719436,0.02379914314516129,0.015650598414093782,0.04144615553249806,0.035648386289091914,4356.749999999999,454.8580538269604,1.0,0.0024488678200343937,3.88468911106764e-06,493.5625,442.6640625,291.1011305021443,38.05,54.10643731753758,1024.83075,7897,123,103,(),3,5e+01 a1
yj_m,,False,1789621230006,0.5210336590316536,0.5860272975277042,0.37761278972719436,0.021594842069892473,0.015650598414093782,0.04144615553249806,0.035648386289091914,4356.749999999999,454.8580538269604,1.0,0.0024488678200343937,3.88468911106764e-06,452.5625,401.6640625,291.1011305021443,38.05,54.10643731753758,1024.83075,7241,123,103,(),3,5e+01 a1
yj_m,,False,1789621230056,0.5047377392502189,0.5753795850862109,0.37761278972719436,0.020919438844086022,0.015650598414093782,0.04144615553249806,0.035648386289091914,4356.749999999999,454.8580538269604,1.0,0.0024488678200343937,3.88468911106764e-06,440.0,389.1015625,291.1011305021443,38.05,54.10643731753758,1024.83075,7040,123,103,(),3,5e+01 a1
yj_m,,False,1789621230106,0.5259791869255218,0.5892865803463616,0.37761278972719436,0.021799815188172044,0.015650598414093782,0.04144615553249806,0.035648386289091914,4356.749999999999,454.8580538269604,1.0,0.0024488678200343937,3.88468911106764e-06,456.375,405.4765625,291.1011305021443,38.05,54.10643731753758,1024.83075,7302,123,103,(),3,5e+01 a1
yj_m,,False,1789621230156,0.5863794866129287,0.6300500882625444,0.37761278972719436,0.024303175403225807,0.015650598414093782,0.04144615553249806,0.035648386289091914,4356.749999999999,454.8580538269604,1.0,0.0024488678200343937,3.88468911106764e-06,502.9375,452.0390625,291.1011305021443,38.05,54.10643731753758,1024.83075,8047,123,103,(),3,5e+01 a1
yj_m,,False,1789621230206,0.5305193436805483,0.5922898144331381,0.37761278972719436,0.021987987231182796,0.015650598414093782,0.04144615553249806,0.035648386289091914,4356.749999999999,454.8580538269604,1.0,0.0024488678200343937,3.88468911106764e-06,459.875,408.9765625,291.1011305021443,38.05,54.10643731753758,1024.83075,7358,123,103,(),3,5e+01 a1
yj_m,,False,1789621230256,0.5490853418394962,0.6046781167298023,0.37761278972719436,0.02275747647849462,0.015650598414093782,0.04144615553249806,0.035648386289091914,4356.749999999999,454.8580538269604,1.0,0.0024488678200343937,3.88468911106764e-06,474.1875,423.2890625,291.1011305021443,38.05,54.10643731753758,1024.83075,7587,123,103,(),3,5e+01 a1
yj_m,,False,1789621230306,0.5635976286100275,0.6144766192464778,0.37761278972719436,0.023358954973118278,0.015650598414093782,0.04144615553249806,0.035648386289091914,4356.749999999999,454.8580538269604,1.0,0.0024488678200343937,3.88468911106764e-06,485.375,434.4765625,291.1011305021443,38.05,54.10643731753758,1024.83075,7766,123,103,(),3,5e+01 a1
yj_m,,False,1789621230356,0.5559766511998044,0.6093188012992893,0.37761278972719436,0.023043094758064517,0.015650598414093782,0.04144615553249806,0.035648386289091914,4356.749999999999,454.8580538269604,1.0,0.0024488678200343937,3.88468911106764e-06,479.5,428.6015625,291.1011305021443,38.05,54.10643731753758,1024.83075,7672,123,103,(),3,5e+01 a1
yj_m,,False,1789621230406,0.5531390532279128,0.6074052201543503,0.37761278972719436,0.022925487231182796,0.015650598414093782,0.04144615553249806,0.035648386289091914,4356.749999999999,454.8580538269604,1.0,0.0024488678200343937,3.88468911106764e-06,477.3125,426.4140625,291.1011305021443,38.05,54.10643731753758,1024.83075,7637,123,103,(),3,5e+01 a1
yj_m,,False,1789621230456,0.5619761440546609,0.6133769769392102,0.37761278972719436,0.02329175067204301,0.015650598414093782,0.04144615553249806,0.035648386289091914,4356.749999999999,454.8580538269604,1.0,0.0024488678200343937,3.88468911106764e-06,484.125,433.2265625,291.1011305021443,38.05,54.10643731753758,1024.83075,7746,123,103,(),3,5e+01 a1
yj_m,,False,1789621230506,0.5386267664573815,0.5976786591709945,0.37761278972719436,0.02232400873655914,0.015650598414093782,0.04144615553249806,0.035648386289091914,4356.749999999999,454.8580538269604,1.0,0.0024488678200343937,3.88468911106764e-06,466.125,415.2265625,291.1011305021443,38.05,54.10643731753758,1024.83075,7458,123,103,(),3,5e+01 a1
yj_m,,False,1789621230556,0.5639219255211009,0.6146966913620456,0.37761278972719436,0.023372395833333334,0.015650598414093782,0.04144615553249806,0.035648386289091914,4356.749999999999,454.8580538269604,1.0,0.0024488678200343937,3.88468911106764e-06,485.625,434.7265625,291.1011305021443,38.05,54.10643731753758,1024.83075,7770,123,103,(),3,5e+01 a1
yj_m,,False,1789621230606,0.5813528844912922,0.6265945429254467,0.37761278972719436,0.024094842069892472,0.015650598414093782,0.04144615553249806,0.035648386289091914,4356.749999999999,454.8580538269604,1.0,0.0024488678200343937,3.88468911106764e-06,499.0625,448.1640625,291.1011305021443,38.05,54.10643731753758,1024.83075,7985,123,103,(),3,5e+01 a1
yj_m,,False,1789621230656,0.557354913071866,0.6102496119459069,0.37761278972719436,0.023100218413978496,0.015650598414093782,0.04144615553249806,0.035648386289091914,4356.749999999999,454.8580538269604,1.0,0.0024488678200343937,3.88468911106764e-06,480.5625,429.6640625,291.1011305021443,38.05,54.10643731753758,1024.83075,7689,123,103,(),3,5e+01 a1
yj_m,,False,1789621230706,0.561489698688051,0.6130473183130362,0.37761278972719436,0.023271589381720432,0.015650598414093782,0.04144615553249806,0.035648386289091914,4356.749999999999,454.8580538269604,1.0,0.0024488678200343937,3.88468911106764e-06,483.75,432.8515625,291.1011305021443,38.05,54.10643731753758,1024.83075,7740,123,103,(),3,5e+01 a1
yj_m,,False,1789621230756,0.5922979052400169,0.6341323619984863,0.37761278972719436,0.024548471102150537,0.015650598414093782,0.04144615553249806,0.035648386289091914,4356.749999999999,454.8580538269604,1.0,0.0024488678200343937,3.88468911106764e-06,507.5,456.6015625,291.1011305021443,38.05,54.10643731753758,1024.83075,8120,124,103,(),3,5e+01 a1
yj_m,,False,1789621230806,0.5889738619015153,0.6318377762826922,0.37761278972719436,0.024410702284946236,0.015650598414093782,0.04144615553249806,0.035648386289091914,4356.749999999999,454.8580538269604,1.0,0.0024488678200343937,3.88468911106764e-06,504.9375,454.0390625,291.1011305021443,38.05,54.10643731753758,1024.83075,8079,124,103,(),3,5e+01 a1
yj_m,,False,1789621230856,0.5585710264883911,0.6110716478397131,0.37761278972719436,0.023150621639784947,0.015650598414093782,0.04144615553249806,0.035648386289091914,4356.749999999999,454.8580538269604,1.0,0.0024488678200343937,3.88468911106764e-06,481.5,430.6015625,291.1011305021443,38.05,54.10643731753758,1024.83075,7704,124,104,(),3,5e+01 a1
yj_m,,False,1789621230906,0.5858119670185503,0.6296594090952677,0.37761278972719436,0.02427965389784946,0.015650598414093782,0.04144615553249806,0.035648386289091914,4356.749999999999,454.8580538269604,1.0,0.0024488678200343937,3.88468911106764e-06,502.5,451.6015625,291.1011305021443,38.05,54.10643731753758,1024.83075,8040,124,104,(),3,5e+01 a1
yj_m,,False,1789621230956,0.5880009711682953,0.6311670621235008,0.37761278972719436,0.024370379704301073,0.015650598414093782,0.04144615553249806,0.035648386289091914,4356.749999999999,454.8580538269604,1.0,0.0024488678200343937,3.88468911106764e-06,504.1875,453.2890625,291.1011305021443,38.05,54.10643731753758,1024.83075,8067,124,104,(),3,5e+01 a1
yj_m,,False,1789621231006,0.5413022159737364,0.5994641484311826,0.37761278972719436,0.022434895833333333,0.015650598414093782,0.04144615553249806,0.035648386289091914,4356.749999999999,454.8580538269604,1.0,0.0024488678200343937,3.88468911106764e-06,468.1875,417.2890625,291.1011305021443,38.05,54.10643731753758,1024.83075,7491,124,104,(),3,5e+01 a1
yj_m,,False,1789621231056,0.5456802242732263,0.6023934046280226,0.37761278972719436,0.022616347446236557,0.015650598414093782,0.04144615553249806,0.035648386289091914,4356.749999999999,454.8580538269604,1.0,0.0024488678200343937,3.88468911106764e-06,471.5625,420.6640625,291.1011305021443,38.05,54.10643731753758,1024.83075,7545,124,104,(),3,5e+01 a1
yj_m,,False,1789621231106,0.5492474902950328,0.6047870510337408,0.37761278972719436,0.02276419690860215,0.015650598414093782,0.04144615553249806,0.035648386289091914,4356.749999999999,454.8580538269604,1.0,0.0024488678200343937,3.88468911106764e-06,474.3125,423.4140625,291.1011305021443,38.05,54.10643731753758,1024.83075,7589,124,104,(),3,5e+01 a1
yj_m,,False,1789621231156,0.559543917221611,0.6117297689641499,0.37761278972719436,0.02319094422043011,0.015650598414093782,0.04144615553249806,0.035648386289091914,4356.749999999999,454.8580538269604,1.0,0.0024488678200343937,3.88468911106764e-06,482.25,431.3515625,291.1011305021443,38.05,54.10643731753758,1024.83075,7716,124,104,(),3,5e+01 a1
yj_m,,False,1789621231206,0.46671392642687143,0.5511215013173517,0.37761278972719436,0.01934349798387097,0.015650598414093782,0.04144615553249806,0.035648386289091914,4356.749999999999,454.8580538269604,1.0,0.0024488678200343937,3.88468911106764e-06,410.6875,359.7890625,291.1011305021443,38.05,54.10643731753758,1024.83075,6571,124,104,(),3,5e+01 a1
yj_m,,False,1789621231256,0.532140828235915,0.5933649425448463,0.37761278972719436,0.022055191532258066,0.015650598414093782,0.04144615553249806,0.035648386289091914,4356.749999999999,454.8580538269604,1.0,0.0024488678200343937,3.88468911106764e-06,461.125,410.2265625,291.1011305021443,38.05,54.10643731753758,1024.83075,7378,124,104,(),3,5e+01 a1
yj_m,,False,1789621231306,0.5575170615274028,0.6103591771286997,0.37761278972719436,0.023106938844086024,0.015650598414093782,0.04144615553249806,0.035648386289091914,4356.749999999999,454.8580538269604,1.0,0.0024488678200343937,3.88468911106764e-06,480.6875,429.7890625,291.1011305021443,38.05,54.10643731753758,1024.83075,7691,124,104,(),3,5e+01 a1
yj_m,,False,1789621231356,0.5193311002485185,0.5849082049381525,0.37761278972719436,0.02152427755376344,0.015650598414093782,0.04144615553249806,0.035648386289091914,4356.749999999999,454.8580538269604,1.0,0.0024488678200343937,3.88468911106764e-06,451.25,400.3515625,291.1011305021443,38.05,54.10643731753758,1024.83075,7220,124,104,(),3,5e+01 a1
yj_m,,False,1789621231406,0.47125408318189793,0.5539723289890897,0.37761278972719436,0.01953167002688172,0.015650598414093782,0.04144615553249806,0.035648386289091914,4356.749999999999,454.8580538269604,1.0,0.0024488678200343937,3.88468911106764e-06,414.1875,363.2890625,291.1011305021443,38.05,54.10643731753758,1024.83075,6627,124,104,(),3,5e+01 a1
yj_m,,False,1789621231456,0.5075753372221105,0.577223314777786,0.37761278972719436,0.021037046370967743,0.015650598414093782,0.04144615553249806,0.035648386289091914,4356.749999999999,454.8580538269604,1.0,0.0024488678200343937,3.88468911106764e-06,442.1875,391.2890625,291.1011305021443,38.05,54.10643731753758,1024.83075,7075,124,104,(),3,5e+01 a1
yj_m,,False,1789621231506,0.5571927646163294,0.61014005896727,0.37761278972719436,0.02309349798387097,0.015650598414093782,0.04144615553249806,0.035648386289091914,4356.749999999999,454.8580538269604,1.0,0.0024488678200343937,3.88468911106764e-06,480.4375,429.5390625,291.1011305021443,38.05,54.10643731753758,1024.83075,7687,124,104,(),3,5e+01 a1
yj_m,,False,1789621231556,0.4863338895468076,0.5635318588462088,0.37761278972719436,0.02015667002688172,0.015650598414093782,0.04144615553249806,0.035648386289091914,4356.749999999999,454.8580538269604,1.0,0.0024488678200343937,3.88468911106764e-06,425.8125,374.9140625,291.1011305021443,38.05,54.10643731753758,1024.83075,6813,124,104,(),3,5e+01 a1
yj_m,,False,1789621231606,0.45090445201204676,0.5412972004439875,0.37761278972719436,0.018688256048387097,0.015650598414093782,0.04144615553249806,0.035648386289091914,4356.749999999999,454.8580538269604,1.0,0.0024488678200343937,3.88468911106764e-06,398.5,347.6015625,291.1011305021443,38.05,54.10643731753758,1024.83075,6376,124,104,(),3,5e+01 a1
yj_m,,False,1789621231656,0.4489586705456068,0.5400993660582992,0.37761278972719436,0.018607610887096775,0.015650598414093782,0.04144615553249806,0.035648386289091914,4356.749999999999,454.8580538269604,1.0,0.0024488678200343937,3.88468911106764e-06,397.0,346.1015625,291.1011305021443,38.05,54.10643731753758,1024.83075,6352,124,104,(),3,5e+01 a1
yj_m,,False,1789621231706,0.45309345616179175,0.5426477733099208,0.37761278972719436,0.01877898185483871,0.015650598414093782,0.04144615553249806,0.035648386289091914,4356.749999999999,454.8580538269604,1.0,0.0024488678200343937,3.88468911106764e-06,400.1875,349.2890625,291.1011305021443,38.05,54.10643731753758,1024.83075,6403,124,104,(),3,5e+01 a1
yj_m,,False,1789621231756,0.48990115556861424,0.5658131174121763,0.37761278972719436,0.020304519489247313,0.015650598414093782,0.04144615553249806,0.035648386289091914,4356.749999999999,454.8580538269604,1.0,0.0024488678200343937,3.88468911106764e-06,428.5625,377.6640625,291.1011305021443,38.05,54.10643731753758,1024.83075,6857,125,104,(),3,5e+01 a1
yj_m,,False,1789621231806,0.5281681910752667,0.590733251617466,0.37761278972719436,0.021890540994623658,0.015650598414093782,0.04144615553249806,0.035648386289091914,4356.749999999999,454.8580538269604,1.0,0.0024488678200343937,3.88468911106764e-06,458.0625,407.1640625,291.1011305021443,38.05,54.10643731753758,1024.83075,7329,125,104,(),3,5e+01 a1
yj_m,,False,1789621231856,0.5560577254275727,0.6093735303859863,0.37761278972719436,0.023046454973118278,0.015650598414093782,0.04144615553249806,0.035648386289091914,4356.749999999999,454.8580538269604,1.0,0.0024488678200343937,3.88468911106764e-06,479.5625,428.6640625,291.1011305021443,38.05,54.10643731753758,1024.83075,7673,125,105,(),3,5e+01 a1
yj_m,,False,1789621231906,0.5599492883604527,0.6120041149104173,0.37761278972719436,0.023207745295698926,0.015650598414093782,0.04144615553249806,0.035648386289091914,4356.749999999999,454.8580538269604,1.0,0.0024488678200343937,3.88468911106764e-06,482.5625,431.6640625,291.1011305021443,38.05,54.10643731753758,1024.83075,7721,125,105,(),3,5e+01 a1
yj_m,,False,1789621231956,0.4638763284549798,0.5493463177706656,0.37761278972719436,0.019225890456989247,0.015650598414093782,0.04144615553249806,0.035648386289091914,4356.749999999999,454.8580538269604,1.0,0.0024488678200343937,3.88468911106764e-06,408.5,357.6015625,291.1011305021443,38.05,54.10643731753758,1024.83075,6536,125,105,(),3,5e+01 a1
yj_m,,False,1789621232006,0.45552568299484164,0.5441521188920583,0.37761278972719436,0.018879788306451612,0.015650598414093782,0.04144615553249806,0.035648386289091914,4356.749999999999,454.8580538269604,1.0,0.0024488678200343937,3.88468911106764e-06,402.0625,351.1640625,291.1011305021443,38.05,54.10643731753758,1024.83075,6433,125,105,(),3,5e+01 a1
yj_m,,False,1789621232056,0.53335694165244,0.594172160257687,0.37761278972719436,0.022105594758064517,0.015650598414093782,0.04144615553249806,0.035648386289091914,4356.749999999999,454.8580538269604,1.0,0.0024488678200343937,3.88468911106764e-06,462.0625,411.1640625,291.1011305021443,38.05,54.10643731753758,1024.83075,7393,125,105,(),3,5e+01 a1
yj_m,,False,1789621232106,0.5603546594992943,0.612278536478541,0.37761278972719436,0.02322454637096774,0.015650598414093782,0.04144615553249806,0.035648386289091914,4356.749999999999,454.8580538269604,1.0,0.0024488678200343937,3.88468911106764e-06,482.875,431.9765625,291.1011305021443,38.05,54.10643731753758,1024.83075,7726,125,105,(),3,5e+01 a1
yj_m,,False,1789621232156,0.5552469831498894,0.6088263775451154,0.37761278972719436,0.023012852822580643,0.015650598414093782,0.04144615553249806,0.035648386289091914,4356.749999999999,454.8580538269604,1.0,0.0024488678200343937,3.88468911106764e-06,478.9375,428.0390625,291.1011305021443,38.05,54.10643731753758,1024.83075,7663,125,105,(),3,5e+01 a1
yj_m,,False,1789621232206,0.5545983893277427,0.6083888764517787,0.37761278972719436,0.02298597110215054,0.015650598414093782,0.04144615553249806,0.035648386289091914,4356.749999999999,454.8580538269604,1.0,0.0024488678200343937,3.88468911106764e-06,478.4375,427.5390625,291.1011305021443,38.05,54.10643731753758,1024.83075,7655,125,105,(),3,5e+01 a1
yj_m,,False,1789621232256,0.5557334285164994,0.6091546324327591,0.37761278972719436,0.023033014112903226,0.015650598414093782,0.04144615553249806,0.035648386289091914,4356.749999999999,454.8580538269604,1.0,0.0024488678200343937,3.88468911106764e-06,479.3125,428.4140625,291.1011305021443,38.05,54.10643731753758,1024.83075,7669,125,105,(),3,5e+01 a1
yj_m,,False,1789621232306,0.4730377161928013,0.5550958074150445,0.37761278972719436,0.019605594758064518,0.015650598414093782,0.04144615553249806,0.035648386289091914,4356.749999999999,454.8580538269604,1.0,0.0024488678200343937,3.88468911106764e-06,415.5625,364.6640625,291.1011305021443,38.05,54.10643731753758,1024.83075,6649,125,105,(),3,5e+01 a1
yj_m,,False,1789621232356,0.4651735160992731,0.5501571974960958,0.37761278972719436,0.019279653897849462,0.015650598414093782,0.04144615553249806,0.035648386289091914,4356.749999999999,454.8580538269604,1.0,0.0024488678200343937,3.88468911106764e-06,409.5,358.6015625,291.1011305021443,38.05,54.10643731753758,1024.83075,6552,125,105,(),3,5e+01 a1
yj_m,,False,1789621232406,0.45739039023351324,0.5453080751195752,0.37761278972719436,0.01895707325268817,0.015650598414093782,0.04144615553249806,0.035648386289091914,4356.749999999999,454.8580538269604,1.0,0.0024488678200343937,3.88468911106764e-06,403.5,352.6015625,291.1011305021443,38.05,54.10643731753758,1024.83075,6456,125,105,(),3,5e+01 a1
yj_m,,False,1789621232456,0.4719026770040446,0.5543806388295739,0.37761278972719436,0.019558551747311827,0.015650598414093782,0.04144615553249806,0.035648386289091914,4356.749999999999,454.8580538269604,1.0,0.0024488678200343937,3.88468911106764e-06,414.6875,363.7890625,291.1011305021443,38.05,54.10643731753758,1024.83075,6635,125,105,(),3,5e+01 a1
yj_m,,False,1789621232506,0.5322219024636833,0.5934187338598355,0.37761278972719436,0.02205855174731183,0.015650598414093782,0.04144615553249806,0.035648386289091914,4356.749999999999,454.8580538269604,1.0,0.0024488678200343937,3.88468911106764e-06,461.1875,410.2890625,291.1011305021443,38.05,54.10643731753758,1024.83075,7379,125,105,(),3,5e+01 a1
yj_m,,False,1789621232556,0.4928198277682742,0.5676851178593227,0.37761278972719436,0.020425487231182798,0.015650598414093782,0.04144615553249806,0.035648386289091914,4356.749999999999,454.8580538269604,1.0,0.0024488678200343937,3.88468911106764e-06,430.8125,379.9140625,291.1011305021443,38.05,54.10643731753758,1024.83075,6893,125,105,(),3,5e+01 a1
yj_m,,False,1789621232606,0.48779322564663763,0.56446419950011,0.37761278972719436,0.020217153897849463,0.015650598414093782,0.04144615553249806,0.035648386289091914,4356.749999999999,454.8580538269604,1.0,0.0024488678200343937,3.88468911106764e-06,426.9375,376.0390625,291.1011305021443,38.05,54.10643731753758,1024.83075,6831,125,105,(),3,5e+01 a1
yj_m,,False,1789621232656,0.49492775769025077,0.5690401758055785,0.37761278972719436,0.020512852822580644,0.015650598414093782,0.04144615553249806,0.035648386289091914,4356.749999999999,454.8580538269604,1.0,0.0024488678200343937,3.88468911106764e-06,432.4375,381.5390625,291.1011305021443,38.05,54.10643731753758,1024.83075,6919,125,105,(),3,5e+01 a1
yj_m,,False,1789621232706,0.4646059965048948,0.5498023061720234,0.37761278972719436,0.01925613239247312,0.015650598414093782,0.04144615553249806,0.035648386289091914,4356.749999999999,454.8580538269604,1.0,0.0024488678200343937,3.88468911106764e-06,409.0625,358.1640625,291.1011305021443,38.05,54.10643731753758,1024.83075,6545,125,105,(),3,5e+01 a1
yj_m,,False,1789621232756,0.45941724592772154,0.5465671144563948,0.37761278972719436,0.019041078629032256,0.015650598414093782,0.04144615553249806,0.035648386289091914,4356.749999999999,454.8580538269604,1.0,0.0024488678200343937,3.88468911106764e-06,405.0625,354.1640625,291.1011305021443,38.05,54.10643731753758,1024.83075,6481,126,105,(),3,5e+01 a1
yj_m,,False,1789621232806,0.4636331057716749,0.5491943968795165,0.37761278972719436,0.01921580981182796,0.015650598414093782,0.04144615553249806,0.035648386289091914,4356.749999999999,454.8580538269604,1.0,0.0024488678200343937,3.88468911106764e-06,408.3125,357.4140625,291.1011305021443,38.05,54.10643731753758,1024.83075,6533,126,106,(),3,5e+01 a1
yj_m,,False,1789621232856,0.45949832015548997,0.5466175313578966,0.37761278972719436,0.019044438844086024,0.015650598414093782,0.04144615553249806,0.035648386289091914,4356.749999999999,454.8580538269604,1.0,0.0024488678200343937,3.88468911106764e-06,405.125,354.2265625,291.1011305021443,38.05,54.10643731753758,1024.83075,6482,126,106,(),3,5e+01 a1
yj_m,,False,1789621232906,0.467605742932323,0.5516804664406836,0.37761278972719436,0.019380460349462364,0.015650598414093782,0.04144615553249806,0.035648386289091914,4356.749999999999,454.8580538269604,1.0,0.0024488678200343937,3.88468911106764e-06,411.375,360.4765625,291.1011305021443,38.05,54.10643731753758,1024.83075,6582,126,106,(),3,5e+01 a1
yj_m,,False,1789621232956,0.4647681449604314,0.549903682850182,0.37761278972719436,0.019262852822580643,0.015650598414093782,0.04144615553249806,0.035648386289091914,4356.749999999999,454.8580538269604,1.0,0.0024488678200343937,3.88468911106764e-06,409.1875,358.2890625,291.1011305021443,38.05,54.10643731753758,1024.83075,6547,126,106,(),3,5e+01 a1
yj_m,,False,1789621233006,0.5227362178147884,0.5871479094630677,0.37761278972719436,0.021665406586021504,0.015650598414093782,0.04144615553249806,0.035648386289091914,4356.749999999999,454.8580538269604,1.0,0.0024488678200343937,3.88468911106764e-06,453.875,402.9765625,291.1011305021443,38.05,54.10643731753758,1024.83075,7262,126,106,(),3,5e+01 a1
yj_m,,False,1789621233056,0.5563009481108778,0.609537736028078,0.37761278972719436,0.023056535618279573,0.015650598414093782,0.04144615553249806,0.035648386289091914,4356.749999999999,454.8580538269604,1.0,0.0024488678200343937,3.88468911106764e-06,479.75,428.8515625,291.1011305021443,38.05,54.10643731753758,1024.83075,7676,126,106,(),3,5e+01 a1
yj_m,,False,1789621233106,0.5365188365354049,0.5962743994303922,0.37761278972719436,0.022236643145161293,0.015650598414093782,0.04144615553249806,0.035648386289091914,4356.749999999999,454.8580538269604,1.0,0.0024488678200343937,3.88468911106764e-06,464.5,413.6015625,291.1011305021443,38.05,54.10643731753758,1024.83075,7432,126,106,(),3,5e+01 a1
yj_m,,False,1789621233156,0.5605978821825993,0.6124432256756196,0.37761278972719436,0.023234627016129033,0.015650598414093782,0.04144615553249806,0.035648386289091914,4356.749999999999,454.8580538269604,1.0,0.0024488678200343937,3.88468911106764e-06,483.0625,432.1640625,291.1011305021443,38.05,54.10643731753758,1024.83075,7729,126,106,(),3,5e+01 a1
yj_m,,False,1789621233206,0.5524904594057661,0.606968361075565,0.37761278972719436,0.022898605510752686,0.015650598414093782,0.04144615553249806,0.035648386289091914,4356.749999999999,454.8580538269604,1.0,0.0024488678200343937,3.88468911106764e-06,476.8125,425.9140625,291.1011305021443,38.05,54.10643731753758,1024.83075,7629,126,106,(),3,5e+01 a1
yj_m,,False,1789621233256,0.547301708828593,0.6034806688253916,0.37761278972719436,0.02268355174731183,0.015650598414093782,0.04144615553249806,0.035648386289091914,4356.749999999999,454.8580538269604,1.0,0.0024488678200343937,3.88468911106764e-06,472.8125,421.9140625,291.1011305021443,38.05,54.10643731753758,1024.83075,7565,126,106,(),3,5e+01 a1
yj_m,,False,1789621233306,0.5533822759112178,0.6075690933845597,0.37761278972719436,0.022935567876344085,0.015650598414093782,0.04144615553249806,0.035648386289091914,4356.749999999999,454.8580538269604,1.0,0.0024488678200343937,3.88468911106764e-06,477.5,426.6015625,291.1011305021443,38.05,54.10643731753758,1024.83075,7640,126,106,(),3,5e+01 a1
yj_m,,False,1789621233356,0.5318976055526099,0.5932035885173692,0.37761278972719436,0.022045110887096774,0.015650598414093782,0.04144615553249806,0.035648386289091914,4356.749999999999,454.8580538269604,1.0,0.0024488678200343937,3.88468911106764e-06,460.9375,410.0390625,291.1011305021443,38.05,54.10643731753758,1024.83075,7375,126,106,(),3,5e+01 a1
yj_m,,False,1789621233406,0.5047377392502189,0.5753795850862109,0.37761278972719436,0.020919438844086022,0.015650598414093782,0.04144615553249806,0.035648386289091914,4356.749999999999,454.8580538269604,1.0,0.0024488678200343937,3.88468911106764e-06,440.0,389.1015625,291.1011305021443,38.05,54.10643731753758,1024.83075,7040,126,106,(),3,5e+01 a1
yj_m,,False,1789621233456,0.5533822759112178,0.6075690933845597,0.37761278972719436,0.022935567876344085,0.015650598414093782,0.04144615553249806,0.035648386289091914,4356.749999999999,454.8580538269604,1.0,0.0024488678200343937,3.88468911106764e-06,477.5,426.6015625,291.1011305021443,38.05,54.10643731753758,1024.83075,7640,126,106,(),3,5e+01 a1
yj_m,,False,1789621233506,0.5388699891406864,0.597840830707566,0.37761278972719436,0.022334089381720428,0.015650598414093782,0.04144615553249806,0.035648386289091914,4356.749999999999,454.8580538269604,1.0,0.0024488678200343937,3.88468911106764e-06,466.3125,415.4140625,291.1011305021443,38.05,54.10643731753758,1024.83075,7461,126,106,(),3,5e+01 a1
yj_m,,False,1789621233556,0.48560422149689264,0.5630661588817429,0.37761278972719436,0.02012642809139785,0.015650598414093782,0.04144615553249806,0.035648386289091914,4356.749999999999,454.8580538269604,1.0,0.0024488678200343937,3.88468911106764e-06,425.25,374.3515625,291.1011305021443,38.05,54.10643731753758,1024.83075,6804,126,106,(),3,5e+01 a1
yj_m,,False,1789621233606,0.5001975824951923,0.5724389103799643,0.37761278972719436,0.02073126680107527,0.015650598414093782,0.04144615553249806,0.035648386289091914,4356.749999999999,454.8580538269604,1.0,0.0024488678200343937,3.88468911106764e-06,436.5,385.6015625,291.1011305021443,38.05,54.10643731753758,1024.83075,6984,126,106,(),3,5e+01 a1
yj_m,,False,1789621233656,0.48187480701954943,0.5606908447833988,0.37761278972719436,0.019971858198924733,0.015650598414093782,0.04144615553249806,0.035648386289091914,4356.749999999999,454.8580538269604,1.0,0.0024488678200343937,3.88468911106764e-06,422.375,371.4765625,291.1011305021443,38.05,54.10643731753758,1024.83075,6758,126,106,(),3,5e+01 a1
yj_m,,False,1789621233706,0.4774967987200595,0.5579130615308242,0.37761278972719436,0.019790406586021506,0.015650598414093782,0.04144615553249806,0.035648386289091914,4356.749999999999,454.8580538269604,1.0,0.0024488678200343937,3.88468911106764e-06,419.0,368.1015625,291.1011305021443,38.05,54.10643731753758,1024.83075,6704,126,106,(),3,5e+01 a1
yj_m,,False,1789621233756,0.5190878775652136,0.5847484591052345,0.37761278972719436,0.02151419690860215,0.015650598414093782,0.04144615553249806,0.035648386289091914,4356.749999999999,454.8580538269604,1.0,0.0024488678200343937,3.88468911106764e-06,451.0625,400.1640625,291.1011305021443,38.05,54.10643731753758,1024.83075,7217,127,106,(),3,5e+01 a1
yj_m,,False,1789621233806,0.5522472367224611,0.6068045900610347,0.37761278972719436,0.022888524865591398,0.015650598414093782,0.04144615553249806,0.035648386289091914,4356.749999999999,454.8580538269604,1.0,0.0024488678200343937,3.88468911106764e-06,476.625,425.7265625,291.1011305021443,38.05,54.10643731753758,1024.83075,7626,127,106,(),3,5e+01 a1
yj_m,,False,1789621233856,0.560760030638136,0.612553033566886,0.37761278972719436,0.02324134744623656,0.015650598414093782,0.04144615553249806,0.035648386289091914,4356.749999999999,454.8580538269604,1.0,0.0024488678200343937,3.88468911106764e-06,483.1875,432.2890625,291.1011305021443,38.05,54.10643731753758,1024.83075,7731,127,107,(),3,5e+01 a1
yj_m,,False,1789621233906,0.5657055585320042,0.6159079404195295,0.37761278972719436,0.02344632056451613,0.015650598414093782,0.04144615553249806,0.035648386289091914,4356.749999999999,454.8580538269604,1.0,0.0024488678200343937,3.88468911106764e-06,487.0,436.1015625,291.1011305021443,38.05,54.10643731753758,1024.83075,7792,127,107,(),3,5e+01 a1
yj_m,,False,1789621233956,0.5691917503260424,0.6182795213961737,0.37761278972719436,0.023590809811827956,0.015650598414093782,0.04144615553249806,0.035648386289091914,4356.749999999999,454.8580538269604,1.0,0.0024488678200343937,3.88468911106764e-06,489.6875,438.7890625,291.1011305021443,38.05,54.10643731753758,1024.83075,7835,127,107,(),3,5e+01 a1
yj_m,,False,1789621234006,0.5451937789066164,0.6020674724709265,0.37761278972719436,0.02259618615591398,0.015650598414093782,0.04144615553249806,0.035648386289091914,4356.749999999999,454.8580538269604,1.0,0.0024488678200343937,3.88468911106764e-06,471.1875,420.2890625,291.1011305021443,38.05,54.10643731753758,1024.83075,7539,127,107,(),3,5e+01 a1
yj_m,,False,1789621234056,0.5495717872061062,0.6050049572483739,0.37761278972719436,0.022777637768817204,0.015650598414093782,0.04144615553249806,0.035648386289091914,4356.749999999999,454.8580538269604,1.0,0.0024488678200343937,3.88468911106764e-06,474.5625,423.6640625,291.1011305021443,38.05,54.10643731753758,1024.83075,7593,127,107,(),3,5e+01 a1
yj_m,,False,1789621234106,0.5648137420265524,0.615302135812753,0.37761278972719436,0.02340935819892473,0.015650598414093782,0.04144615553249806,0.035648386289091914,4356.749999999999,454.8580538269604,1.0,0.0024488678200343937,3.88468911106764e-06,486.3125,435.4140625,291.1011305021443,38.05,54.10643731753758,1024.83075,7781,127,107,(),3,5e+01 a1
yj_m,,False,1789621234156,0.5149530919490286,0.5820375761556255,0.37761278972719436,0.021342825940860215,0.015650598414093782,0.04144615553249806,0.035648386289091914,4356.749999999999,454.8580538269604,1.0,0.0024488678200343937,3.88468911106764e-06,447.875,396.9765625,291.1011305021443,38.05,54.10643731753758,1024.83075,7166,127,107,(),3,5e+01 a1
yj_m,,False,1789621234206,0.5434912201234814,0.6009276118579898,0.37761278972719436,0.022525621639784946,0.015650598414093782,0.04144615553249806,0.035648386289091914,4356.749999999999,454.8580538269604,1.0,0.0024488678200343937,3.88468911106764e-06,469.875,418.9765625,291.1011305021443,38.05,54.10643731753758,1024.83075,7518,127,107,(),3,5e+01 a1
yj_m,,False,1789621234256,0.5697592699204207,0.6186661077716125,0.37761278972719436,0.0236143313172043,0.015650598414093782,0.04144615553249806,0.035648386289091914,4356.749999999999,454.8580538269604,1.0,0.0024488678200343937,3.88468911106764e-06,490.125,439.2265625,291.1011305021443,38.05,54.10643731753758,1024.83075,7842,127,107,(),3,5e+01 a1
yj_m,,False,1789621234306,0.5688674534149691,0.618058679420046,0.37761278972719436,0.023577368951612904,0.015650598414093782,0.04144615553249806,0.035648386289091914,4356.749999999999,454.8580538269604,1.0,0.0024488678200343937,3.88468911106764e-06,489.4375,438.5390625,291.1011305021443,38.05,54.10643731753758,1024.83075,7831,127,107,(),3,5e+01 a1
yj_m,,False,1789621234356,0.5310057890471582,0.5926122130390145,0.37761278972719436,0.022008148521505375,0.015650598414093782,0.04144615553249806,0.035648386289091914,4356.749999999999,454.8580538269604,1.0,0.0024488678200343937,3.88468911106764e-06,460.25,409.3515625,291.1011305021443,38.05,54.10643731753758,1024.83075,7364,127,107,(),3,5e+01 a1
yj_m,,False,1789621234406,0.4885228936965526,0.564930838637008,0.37761278972719436,0.020247395833333334,0.015650598414093782,0.04144615553249806,0.035648386289091914,4356.749999999999,454.8580538269604,1.0,0.0024488678200343937,3.88468911106764e-06,427.5,376.6015625,291.1011305021443,38.05,54.10643731753758,1024.83075,6840,127,107,(),3,5e+01 a1
yj_m,,False,1789621234456,0.5481935253340445,0.6040792024751559,0.37761278972719436,0.022720514112903226,0.015650598414093782,0.04144615553249806,0.035648386289091914,4356.749999999999,454.8580538269604,1.0,0.0024488678200343937,3.88468911106764e-06,473.5,422.6015625,291.1011305021443,38.05,54.10643731753758,1024.83075,7576,127,107,(),3,5e+01 a1
yj_m,,False,1789621234506,0.5591385460827694,0.6114554987415282,0.37761278972719436,0.02317414314516129,0.015650598414093782,0.04144615553249806,0.035648386289091914,4356.749999999999,454.8580538269604,1.0,0.0024488678200343937,3.88468911106764e-06,481.9375,431.0390625,291.1011305021443,38.05,54.10643731753758,1024.83075,7711,127,107,(),3,5e+01 a1
yj_m,,False,1789621234556,0.5670838204040659,0.6168448898420129,0.37761278972719436,0.02350344422043011,0.015650598414093782,0.04144615553249806,0.035648386289091914,4356.749999999999,454.8580538269604,1.0,0.0024488678200343937,3.88468911106764e-06,488.0625,437.1640625,291.1011305021443,38.05,54.10643731753758,1024.83075,7809,127,107,(),3,5e+01 a1
yj_m,,False,1789621234606,0.5323029766914515,0.5934725284929023,0.37761278972719436,0.02206191196236559,0.015650598414093782,0.04144615553249806,0.035648386289091914,4356.749999999999,454.8580538269604,1.0,0.0024488678200343937,3.88468911106764e-06,461.25,410.3515625,291.1011305021443,38.05,54.10643731753758,1024.83075,7380,127,107,(),3,5e+01 a1
yj_m,,False,1789621234656,0.5255738157866802,0.5890189487879678,0.37761278972719436,0.02178301411290323,0.015650598414093782,0.04144615553249806,0.035648386289091914,4356.749999999999,454.8580538269604,1.0,0.0024488678200343937,3.88468911106764e-06,456.0625,405.1640625,291.1011305021443,38.05,54.10643731753758,1024.83075,7297,127,107,(),3,5e+01 a1
yj_m,,False,1789621234706,0.557598135755171,0.6104139642946008,0.37761278972719436,0.023110299059139784,0.015650598414093782,0.04144615553249806,0.035648386289091914,4356.749999999999,454.8580538269604,1.0,0.0024488678200343937,3.88468911106764e-06,480.75,429.8515625,291.1011305021443,38.05,54.10643731753758,1024.83075,7692,127,107,(),3,5e+01 a1
yj_m,,False,1789621234756,0.5344109066134282,0.5948723506477518,0.37761278972719436,0.02214927755376344,0.015650598414093782,0.04144615553249806,0.035648386289091914,4356.749999999999,454.8580538269604,1.0,0.0024488678200343937,3.88468911106764e-06,462.875,411.9765625,291.1011305021443,38.05,54.10643731753758,1024.83075,7406,128,107,(),3,5e+01 a1
yj_m,,False,1789621234806,0.5096832671440872,0.57859580390393,0.37761278972719436,0.021124411962365593,0.015650598414093782,0.04144615553249806,0.035648386289091914,4356.749999999999,454.8580538269604,1.0,0.0024488678200343937,3.88468911106764e-06,443.8125,392.9140625,291.1011305021443,38.05,54.10643731753758,1024.83075,7101,128,107,(),3,5e+01 a1
yj_m,,False,1789621234856,0.5663541523541508,0.6163487511954557,0.37761278972719436,0.023473202284946235,0.015650598414093782,0.04144615553249806,0.035648386289091914,4356.749999999999,454.8580538269604,1.0,0.0024488678200343937,3.88468911106764e-06,487.5,436.6015625,291.1011305021443,38.05,54.10643731753758,1024.83075,7800,128,108,(),3,5e+01 a1
yj_m,,False,1789621234906,0.5283303395308034,0.5908405102167159,0.37761278972719436,0.021897261424731185,0.015650598414093782,0.04144615553249806,0.035648386289091914,4356.749999999999,454.8580538269604,1.0,0.0024488678200343937,3.88468911106764e-06,458.1875,407.2890625,291.1011305021443,38.05,54.10643731753758,1024.83075,7331,128,108,(),3,5e+01 a1
yj_m,,False,1789621234956,0.5651380389376258,0.6155223867819984,0.37761278972719436,0.023422799059139784,0.015650598414093782,0.04144615553249806,0.035648386289091914,4356.749999999999,454.8580538269604,1.0,0.0024488678200343937,3.88468911106764e-06,486.5625,435.6640625,291.1011305021443,38.05,54.10643731753758,1024.83075,7785,128,108,(),3,5e+01 a1
yj_m,,False,1789621235006,0.560760030638136,0.612553033566886,0.37761278972719436,0.02324134744623656,0.015650598414093782,0.04144615553249806,0.035648386289091914,4356.749999999999,454.8580538269604,1.0,0.0024488678200343937,3.88468911106764e-06,483.1875,432.2890625,291.1011305021443,38.05,54.10643731753758,1024.83075,7731,128,108,(),3,5e+01 a1
yj_m,,False,1789621235056,0.5650569647098576,0.6154673195777416,0.37761278972719436,0.02341943884408602,0.015650598414093782,0.04144615553249806,0.035648386289091914,4356.749999999999,454.8580538269604,1.0,0.0024488678200343937,3.88468911106764e-06,486.5,435.6015625,291.1011305021443,38.05,54.10643731753758,1024.83075,7784,128,108,(),3,5e+01 a1
yj_m,,False,1789621235106,0.5298707498584017,0.5918601365361233,0.37761278972719436,0.02196110551075269,0.015650598414093782,0.04144615553249806,0.035648386289091914,4356.749999999999,454.8580538269604,1.0,0.0024488678200343937,3.88468911106764e-06,459.375,408.4765625,291.1011305021443,38.05,54.10643731753758,1024.83075,7350,128,108,(),3,5e+01 a1
yj_m,,False,1789621235156,0.5462477438676047,0.6027738031231551,0.37761278972719436,0.022639868951612904,0.015650598414093782,0.04144615553249806,0.035648386289091914,4356.749999999999,454.8580538269604,1.0,0.0024488678200343937,3.88468911106764e-06,472.0,421.1015625,291.1011305021443,38.05,54.10643731753758,1024.83075,7552,128,108,(),3,5e+01 a1
yj_m,,False,1789621235206,0.5906764206846503,0.6330124777868215,0.37761278972719436,0.02448126680107527,0.015650598414093782,0.04144615553249806,0.035648386289091914,4356.749999999999,454.8580538269604,1.0,0.0024488678200343937,3.88468911106764e-06,506.25,455.3515625,291.1011305021443,38.05,54.10643731753758,1024.83075,8100,128,108,(),3,5e+01 a1
yj_m,,False,1789621235256,0.5760830596863507,0.6229834303545426,0.37761278972719436,0.02387642809139785,0.015650598414093782,0.04144615553249806,0.035648386289091914,4356.749999999999,454.8580538269604,1.0,0.0024488678200343937,3.88468911106764e-06,495.0,444.1015625,291.1011305021443,38.05,54.10643731753758,1024.83075,7920,128,108,(),3,5e+01 a1
yj_m,,False,1789621235306,0.575677688547509,0.6227061516526927,0.37761278972719436,0.023859627016129033,0.015650598414093782,0.04144615553249806,0.035648386289091914,4356.749999999999,454.8580538269604,1.0,0.0024488678200343937,3.88468911106764e-06,494.6875,443.7890625,291.1011305021443,38.05,54.10643731753758,1024.83075,7915,128,108,(),3,5e+01 a1
yj_m,,False,1789621235356,0.5868659319795387,0.6303850642507214,0.37761278972719436,0.02432333669354839,0.015650598414093782,0.04144615553249806,0.035648386289091914,4356.749999999999,454.8580538269604,1.0,0.0024488678200343937,3.88468911106764e-06,503.3125,452.4140625,291.1011305021443,38.05,54.10643731753758,1024.83075,8053,128,108,(),3,5e+01 a1
yj_m,,False,1789621235406,0.559057471855001,0.6114006537928096,0.37761278972719436,0.023170782930107527,0.015650598414093782,0.04144615553249806,0.035648386289091914,4356.749999999999,454.8580538269604,1.0,0.0024488678200343937,3.88468911106764e-06,481.875,430.9765625,291.1011305021443,38.05,54.10643731753758,1024.83075,7710,128,108,(),3,5e+01 a1
yj_m,,False,1789621235456,0.5480313768785079,0.6039703498325796,0.37761278972719436,0.022713793682795698,0.015650598414093782,0.04144615553249806,0.035648386289091914,4356.749999999999,454.8580538269604,1.0,0.0024488678200343937,3.88468911106764e-06,473.375,422.4765625,291.1011305021443,38.05,54.10643731753758,1024.83075,7574,128,108,(),3,5e+01 a1
yj_m,,False,1789621235506,0.5638408512933325,0.6146416688532023,0.37761278972719436,0.02336903561827957,0.015650598414093782,0.04144615553249806,0.035648386289091914,4356.749999999999,454.8580538269604,1.0,0.0024488678200343937,3.88468911106764e-06,485.5625,434.6640625,291.1011305021443,38.05,54.10643731753758,1024.83075,7769,128,108,(),3,5e+01 a1
yj_m,,False,1789621235556,0.5048998877057556,0.5754848213524144,0.37761278972719436,0.02092615927419355,0.015650598414093782,0.04144615553249806,0.035648386289091914,4356.749999999999,454.8580538269604,1.0,0.0024488678200343937,3.88468911106764e-06,440.125,389.2265625,291.1011305021443,38.05,54.10643731753758,1024.83075,7042,128,108,(),3,5e+01 a1
yj_m,,False,1789621235606,0.5345730550689649,0.5949801217026937,0.37761278972719436,0.022155997983870968,0.015650598414093782,0.04144615553249806,0.035648386289091914,4356.749999999999,454.8580538269604,1.0,0.0024488678200343937,3.88468911106764e-06,463.0,412.1015625,291.1011305021443,38.05,54.10643731753758,1024.83075,7408,128,108,(),3,5e+01 a1
yj_m,,False,1789621235656,0.5640840739766376,0.6148067453348243,0.37761278972719436,0.02337911626344086,0.015650598414093782,0.04144615553249806,0.035648386289091914,4356.749999999999,454.8580538269604,1.0,0.0024488678200343937,3.88468911106764e-06,485.75,434.8515625,291.1011305021443,38.05,54.10643731753758,1024.83075,7772,128,108,(),3,5e+01 a1
yj_m,,False,1789621235706,0.5577602842107077,0.6105235477713078,0.37761278972719436,0.023117019489247312,0.015650598414093782,0.04144615553249806,0.035648386289091914,4356.749999999999,454.8580538269604,1.0,0.0024488678200343937,3.88468911106764e-06,480.875,429.9765625,291.1011305021443,38.05,54.10643731753758,1024.83075,7694,128,108,(),3,5e+01 a1
yj_m,,False,1789621235756,0.5514364944447778,0.6062588885208681,0.37761278972719436,0.022854922715053762,0.015650598414093782,0.04144615553249806,0.035648386289091914,4356.749999999999,454.8580538269604,1.0,0.0024488678200343937,3.88468911106764e-06,476.0,425.1015625,291.1011305021443,38.05,54.10643731753758,1024.83075,7616,129,108,(),3,5e+01 a1
yj_m,,False,1789621235806,0.5638408512933325,0.6146416688532023,0.37761278972719436,0.02336903561827957,0.015650598414093782,0.04144615553249806,0.035648386289091914,4356.749999999999,454.8580538269604,1.0,0.0024488678200343937,3.88468911106764e-06,485.5625,434.6640625,291.1011305021443,38.05,54.10643731753758,1024.83075,7769,129,108,(),3,5e+01 a1
yj_m,,False,1789621235856,0.5301139725417066,0.5920212406898198,0.37761278972719436,0.021971186155913976,0.015650598414093782,0.04144615553249806,0.035648386289091914,4356.749999999999,454.8580538269604,1.0,0.0024488678200343937,3.88468911106764e-06,459.5625,408.6640625,291.1011305021443,38.05,54.10643731753758,1024.83075,7353,129,109,(),3,5e+01 a1
yj_m,,False,1789621235906,0.5347352035245015,0.5950879059257294,0.37761278972719436,0.022162718413978495,0.015650598414093782,0.04144615553249806,0.035648386289091914,4356.749999999999,454.8580538269604,1.0,0.0024488678200343937,3.88468911106764e-06,463.125,412.2265625,291.1011305021443,38.05,54.10643731753758,1024.83075,7410,129,109,(),3,5e+01 a1
yj_m,,False,1789621235956,0.544626259312238,0.6016873628600787,0.37761278972719436,0.022572664650537633,0.015650598414093782,0.04144615553249806,0.035648386289091914,4356.749999999999,454.8580538269604,1.0,0.0024488678200343937,3.88468911106764e-06,470.75,419.8515625,291.1011305021443,38.05,54.10643731753758,1024.83075,7532,129,109,(),3,5e+01 a1
yj_m,,False,1789621236006,0.5554902058331944,0.6089904911739247,0.37761278972719436,0.023022933467741938,0.015650598414093782,0.04144615553249806,0.035648386289091914,4356.749999999999,454.8580538269604,1.0,0.0024488678200343937,3.88468911106764e-06,479.125,428.2265625,291.1011305021443,38.05,54.10643731753758,1024.83075,7666,129,109,(),3,5e+01 a1
yj_m,,False,1789621236056,0.5690296018705058,0.6181690945375649,0.37761278972719436,0.02358408938172043,0.015650598414093782,0.04144615553249806,0.035648386289091914,4356.749999999999,454.8580538269604,1.0,0.0024488678200343937,3.88468911106764e-06,489.5625,438.6640625,291.1011305021443,38.05,54.10643731753758,1024.83075,7833,129,109,(),3,5e+01 a1
yj_m,,False,1789621236106,0.5736508328533007,0.621320836907244,0.37761278972719436,0.023775621639784944,0.015650598414093782,0.04144615553249806,0.035648386289091914,4356.749999999999,454.8580538269604,1.0,0.0024488678200343937,3.88468911106764e-06,493.125,442.2265625,291.1011305021443,38.05,54.10643731753758,1024.83075,7890,129,109,(),3,5e+01 a1
yj_m,,False,1789621236156,0.5450316304510797,0.6019588538264227,0.37761278972719436,0.022589465725806453,0.015650598414093782,0.04144615553249806,0.035648386289091914,4356.749999999999,454.8580538269604,1.0,0.0024488678200343937,3.88468911106764e-06,471.0625,420.1640625,291.1011305021443,38.05,54.10643731753758,1024.83075,7537,129,109,(),3,5e+01 a1
yj_m,,False,1789621236206,0.5493285645228013,0.6048415228878248,0.37761278972719436,0.022767557123655916,0.015650598414093782,0.04144615553249806,0.035648386289091914,4356.749999999999,454.8580538269604,1.0,0.0024488678200343937,3.88468911106764e-06,474.375,423.4765625,291.1011305021443,38.05,54.10643731753758,1024.83075,7590,129,109,(),3,5e+01 a1
yj_m,,False,1789621236256,0.5460855954120679,0.6026651019961138,0.37761278972719436,0.022633148521505376,0.015650598414093782,0.04144615553249806,0.035648386289091914,4356.749999999999,454.8580538269604,1.0,0.0024488678200343937,3.88468911106764e-06,471.875,420.9765625,291.1011305021443,38.05,54.10643731753758,1024.83075,7550,129,109,(),3,5e+01 a1
yj_m,,False,1789621236306,0.5088725248664038,0.5780676361528116,0.37761278972719436,0.021090809811827958,0.015650598414093782,0.04144615553249806,0.035648386289091914,4356.749999999999,454.8580538269604,1.0,0.0024488678200343937,3.88468911106764e-06,443.1875,392.2890625,291.1011305021443,38.05,54.10643731753758,1024.83075,7091,129,109,(),3,5e+01 a1
yj_m,,False,1789621236357,0.5575170615274028,0.6103591771286997,0.37761278972719436,0.023106938844086024,0.015650598414093782,0.04144615553249806,0.035648386289091914,4356.749999999999,454.8580538269604,1.0,0.0024488678200343937,3.88468911106764e-06,480.6875,429.7890625,291.1011305021443,38.05,54.10643731753758,1024.83075,7691,129,109,(),3,5e+01 a1
yj_m,,False,1789621236406,0.5623004409657343,0.6135968094596048,0.37761278972719436,0.023305191532258067,0.015650598414093782,0.04144615553249806,0.035648386289091914,4356.749999999999,454.8580538269604,1.0,0.0024488678200343937,3.88468911106764e-06,484.375,433.4765625,291.1011305021443,38.05,54.10643731753758,1024.83075,7750,129,109,(),3,5e+01 a1
yj_m,,False,1789621236456,0.5570306161607927,0.610030518199364,0.37761278972719436,0.02308677755376344,0.015650598414093782,0.04144615553249806,0.035648386289091914,4356.749999999999,454.8580538269604,1.0,0.0024488678200343937,3.88468911106764e-06,480.3125,429.4140625,291.1011305021443,38.05,54.10643731753758,1024.83075,7685,129,109,(),3,5e+01 a1
yj_m,,False,1789621236856,0.8975867795488658,1.0724006739210574,0.7481920171821232,0.018775621639784947,0.015650598414093782,0.020917890133388243,0.017904414816386653,4356.749999999999,454.8580538269604,1.0,0.0024488678200343937,1.960604041162918e-06,400.125,349.2265625,291.1011305021443,38.05,57.07610106536921,1024.83075,6402,130,110,(),4,6e+01 a1
yj_m,,False,1789621236906,0.8887516710948825,1.0669960084163717,0.7481920171821232,0.018590809811827955,0.015650598414093782,0.020917890133388243,0.017904414816386653,4356.749999999999,454.8580538269604,1.0,0.0024488678200343937,1.960604041162918e-06,396.6875,345.7890625,291.1011305021443,38.05,57.07610106536921,1024.83075,6347,130,110,(),4,6e+01 a1
yj_m,,False,1789621236956,0.8953378428514883,1.071022462465041,0.7481920171821232,0.01872857862903226,0.015650598414093782,0.020917890133388243,0.017904414816386653,4356.749999999999,454.8580538269604,1.0,0.0024488678200343937,1.960604041162918e-06,399.25,348.3515625,291.1011305021443,38.05,57.07610106536921,1024.83075,6388,130,110,(),4,6e+01 a1
yj_m,,False,1789621237006,0.8632101757460948,1.0515212648240662,0.7481920171821232,0.01805653561827957,0.015650598414093782,0.020917890133388243,0.017904414816386653,4356.749999999999,454.8580538269604,1.0,0.0024488678200343937,1.960604041162918e-06,386.75,335.8515625,291.1011305021443,38.05,57.07610106536921,1024.83075,6188,130,110,(),4,6e+01 a1
yj_m,,False,1789621237056,0.8730091142132398,1.05743145249686,0.7481920171821232,0.01826150873655914,0.015650598414093782,0.020917890133388243,0.017904414816386653,4356.749999999999,454.8580538269604,1.0,0.0024488678200343937,1.960604041162918e-06,390.5625,339.6640625,291.1011305021443,38.05,57.07610106536921,1024.83075,6249,130,110,(),4,6e+01 a1
yj_m,,False,1789621237106,0.8381505954038881,1.036562116131072,0.7481920171821232,0.017532342069892473,0.015650598414093782,0.020917890133388243,0.017904414816386653,4356.749999999999,454.8580538269604,1.0,0.0024488678200343937,1.960604041162918e-06,377.0,326.1015625,291.1011305021443,38.05,57.07610106536921,1024.83075,6032,130,110,(),4,6e+01 a1
yj_m,,False,1789621237156,0.8516442155881533,1.044588933071212,0.7481920171821232,0.017814600134408602,0.015650598414093782,0.020917890133388243,0.017904414816386653,4356.749999999999,454.8580538269604,1.0,0.0024488678200343937,1.960604041162918e-06,382.25,331.3515625,291.1011305021443,38.05,57.07610106536921,1024.83075,6116,130,110,(),4,6e+01 a1
yj_m,,False,1789621237206,0.7634537693838487,0.993384640040921,0.7481920171821232,0.015969842069892472,0.015650598414093782,0.020917890133388243,0.017904414816386653,4356.749999999999,454.8580538269604,1.0,0.0024488678200343937,1.960604041162918e-06,347.9375,297.0390625,291.1011305021443,38.05,57.07610106536921,1024.83075,5567,130,110,(),4,6e+01 a1
yj_m,,False,1789621237256,0.7411250407456005,0.9809179913971683,0.7481920171821232,0.015502772177419355,0.015650598414093782,0.020917890133388243,0.017904414816386653,4356.749999999999,454.8580538269604,1.0,0.0024488678200343937,1.960604041162918e-06,339.25,288.3515625,291.1011305021443,38.05,57.07610106536921,1024.83075,5428,130,110,(),4,6e+01 a1
yj_m,,False,1789621237306,0.7973484581800386,1.0127049332675058,0.7481920171821232,0.016678847446236558,0.015650598414093782,0.020917890133388243,0.017904414816386653,4356.749999999999,454.8580538269604,1.0,0.0024488678200343937,1.960604041162918e-06,361.125,310.2265625,291.1011305021443,38.05,57.07610106536921,1024.83075,5778,130,110,(),4,6e+01 a1
yj_m,,False,1789621237356,0.7223303554889454,0.9705920832600464,0.7481920171821232,0.015109627016129033,0.015650598414093782,0.020917890133388243,0.017904414816386653,4356.749999999999,454.8580538269604,1.0,0.0024488678200343937,1.960604041162918e-06,331.9375,281.0390625,291.1011305021443,38.05,57.07610106536921,1024.83075,5311,130,110,(),4,6e+01 a1
yj_m,,False,1789621237406,0.7163867370744477,0.9673593643947414,0.7481920171821232,0.014985299059139786,0.015650598414093782,0.020917890133388243,0.017904414816386653,4356.749999999999,454.8580538269604,1.0,0.0024488678200343937,1.960604041162918e-06,329.625,278.7265625,291.1011305021443,38.05,57.07610106536921,1024.83075,5274,130,110,(),4,6e+01 a1
yj_m,,False,1789621237456,0.7689154727917655,0.9964660930299981,0.7481920171821232,0.01608408938172043,0.015650598414093782,0.020917890133388243,0.017904414816386653,4356.749999999999,454.8580538269604,1.0,0.0024488678200343937,1.960604041162918e-06,350.0625,299.1640625,291.1011305021443,38.05,57.07610106536921,1024.83075,5601,130,110,(),4,6e+01 a1
yj_m,,False,1789621237506,0.8408814471078466,1.0381812293852244,0.7481920171821232,0.01758946572580645,0.015650598414093782,0.020917890133388243,0.017904414816386653,4356.749999999999,454.8580538269604,1.0,0.0024488678200343937,1.960604041162918e-06,378.0625,327.1640625,291.1011305021443,38.05,57.07610106536921,1024.83075,6049,130,110,(),4,6e+01 a1
yj_m,,False,1789621237556,0.8619250690618792,1.050748658318626,0.7481920171821232,0.01802965389784946,0.015650598414093782,0.020917890133388243,0.017904414816386653,4356.749999999999,454.8580538269604,1.0,0.0024488678200343937,1.960604041162918e-06,386.25,335.3515625,291.1011305021443,38.05,57.07610106536921,1024.83075,6180,130,110,(),4,6e+01 a1
yj_m,,False,1789621237606,0.8564633656539623,1.0474716097130603,0.7481920171821232,0.017915406586021504,0.015650598414093782,0.020917890133388243,0.017904414816386653,4356.749999999999,454.8580538269604,1.0,0.0024488678200343937,1.960604041162918e-06,384.125,333.2265625,291.1011305021443,38.05,57.07610106536921,1024.83075,6146,130,110,(),4,6e+01 a1
yj_m,,False,1789621237656,0.7530122775745959,0.9875284612683192,0.7481920171821232,0.01575142809139785,0.015650598414093782,0.020917890133388243,0.017904414816386653,4356.749999999999,454.8580538269604,1.0,0.0024488678200343937,1.960604041162918e-06,343.875,292.9765625,291.1011305021443,38.05,57.07610106536921,1024.83075,5502,130,110,(),4,6e+01 a1
yj_m,,False,1789621237706,0.7123707786862734,0.9651841455417183,0.7481920171821232,0.014901293682795698,0.015650598414093782,0.020917890133388243,0.017904414816386653,4356.749999999999,454.8580538269604,1.0,0.0024488678200343937,1.960604041162918e-06,328.0625,277.1640625,291.1011305021443,38.05,57.07610106536921,1024.83075,5249,130,110,(),4,6e+01 a1
yj_m,,False,1789621237756,0.7342175923179408,0.9771048993785616,0.7481920171821232,0.015358282930107525,0.015650598414093782,0.020917890133388243,0.017904414816386653,4356.749999999999,454.8580538269604,1.0,0.0024488678200343937,1.960604041162918e-06,336.5625,285.6640625,291.1011305021443,38.05,57.07610106536921,1024.83075,5385,131,110,(),4,6e+01 a1
yj_m,,False,1789621237806,0.7430527007719241,0.9819858207245005,0.7481920171821232,0.015543094758064518,0.015650598414093782,0.020917890133388243,0.017904414816386653,4356.749999999999,454.8580538269604,1.0,0.0024488678200343937,1.960604041162918e-06,340.0,289.1015625,291.1011305021443,38.05,57.07610106536921,1024.83075,5440,131,110,(),4,6e+01 a1
yj_m,,False,1789621237856,0.8171069734498556,1.024178506638639,0.7481920171821232,0.017092153897849464,0.015650598414093782,0.020917890133388243,0.017904414816386653,4356.749999999999,454.8580538269604,1.0,0.0024488678200343937,1.960604041162918e-06,368.8125,317.9140625,291.1011305021443,38.05,57.07610106536921,1024.83075,5901,131,111,(),4,6e+01 a1
yj_m,,False,1789621237906,0.8195165484827601,1.0255880205078785,0.7481920171821232,0.017142557123655915,0.015650598414093782,0.020917890133388243,0.017904414816386653,4356.749999999999,454.8580538269604,1.0,0.0024488678200343937,1.960604041162918e-06,369.75,318.8515625,291.1011305021443,38.05,57.07610106536921,1024.83075,5916,131,111,(),4,6e+01 a1
yj_m,,False,1789621237956,0.7923686697787027,1.0098373394033249,0.7481920171821232,0.016574680779569893,0.015650598414093782,0.020917890133388243,0.017904414816386653,4356.749999999999,454.8580538269604,1.0,0.0024488678200343937,1.960604041162918e-06,359.1875,308.2890625,291.1011305021443,38.05,57.07610106536921,1024.83075,5747,131,111,(),4,6e+01 a1
yj_m,,False,1789621238006,0.8187133568051251,1.02511793683922,0.7481920171821232,0.017125756048387095,0.015650598414093782,0.020917890133388243,0.017904414816386653,4356.749999999999,454.8580538269604,1.0,0.0024488678200343937,1.960604041162918e-06,369.4375,318.5390625,291.1011305021443,38.05,57.07610106536921,1024.83075,5911,131,111,(),4,6e+01 a1
yj_m,,False,1789621238056,0.7771080279036409,1.0011114204425011,0.7481920171821232,0.016255460349462365,0.015650598414093782,0.020917890133388243,0.017904414816386653,4356.749999999999,454.8580538269604,1.0,0.0024488678200343937,1.960604041162918e-06,353.25,302.3515625,291.1011305021443,38.05,57.07610106536921,1024.83075,5652,131,111,(),4,6e+01 a1
yj_m,,False,1789621238106,0.748193127508787,0.9848412193908005,0.7481920171821232,0.015650621639784947,0.015650598414093782,0.020917890133388243,0.017904414816386653,4356.749999999999,454.8580538269604,1.0,0.0024488678200343937,1.960604041162918e-06,342.0,291.1015625,291.1011305021443,38.05,57.07610106536921,1024.83075,5472,131,111,(),4,6e+01 a1
yj_m,,False,1789621238156,0.843933575482859,1.0399940605272582,0.7481920171821232,0.017653309811827958,0.015650598414093782,0.020917890133388243,0.017904414816386653,4356.749999999999,454.8580538269604,1.0,0.0024488678200343937,1.960604041162918e-06,379.25,328.3515625,291.1011305021443,38.05,57.07610106536921,1024.83075,6068,131,111,(),4,6e+01 a1
yj_m,,False,1789621238206,0.7838548379957735,1.0049576012219053,0.7481920171821232,0.01639658938172043,0.015650598414093782,0.020917890133388243,0.017904414816386653,4356.749999999999,454.8580538269604,1.0,0.0024488678200343937,1.960604041162918e-06,355.875,304.9765625,291.1011305021443,38.05,57.07610106536921,1024.83075,5694,131,111,(),4,6e+01 a1
yj_m,,False,1789621238256,0.738072912370588,0.9792305658748736,0.7481920171821232,0.015438928091397849,0.015650598414093782,0.020917890133388243,0.017904414816386653,4356.749999999999,454.8580538269604,1.0,0.0024488678200343937,1.960604041162918e-06,338.0625,287.1640625,291.1011305021443,38.05,57.07610106536921,1024.83075,5409,131,111,(),4,6e+01 a1
yj_m,,False,1789621238306,0.7284346122389701,0.9739286650689789,0.7481920171821232,0.015237315188172043,0.015650598414093782,0.020917890133388243,0.017904414816386653,4356.749999999999,454.8580538269604,1.0,0.0024488678200343937,1.960604041162918e-06,334.3125,283.4140625,291.1011305021443,38.05,57.07610106536921,1024.83075,5349,131,111,(),4,6e+01 a1
yj_m,,False,1789621238356,0.7878707963839476,1.0072557409127842,0.7481920171821232,0.016480594758064515,0.015650598414093782,0.020917890133388243,0.017904414816386653,4356.749999999999,454.8580538269604,1.0,0.0024488678200343937,1.960604041162918e-06,357.4375,306.5390625,291.1011305021443,38.05,57.07610106536921,1024.83075,5719,131,111,(),4,6e+01 a1
yj_m,,False,1789621238406,0.8465037888512904,1.0415232902601763,0.7481920171821232,0.017707073252688173,0.015650598414093782,0.020917890133388243,0.017904414816386653,4356.749999999999,454.8580538269604,1.0,0.0024488678200343937,1.960604041162918e-06,380.25,329.3515625,291.1011305021443,38.05,57.07610106536921,1024.83075,6084,131,111,(),4,6e+01 a1
yj_m,,False,1789621238456,0.8347771903578219,1.0345658278213283,0.7481920171821232,0.017461777553763443,0.015650598414093782,0.020917890133388243,0.017904414816386653,4356.749999999999,454.8580538269604,1.0,0.0024488678200343937,1.960604041162918e-06,375.6875,324.7890625,291.1011305021443,38.05,57.07610106536921,1024.83075,6011,131,111,(),4,6e+01 a1
yj_m,,False,1789621238506,0.8948559278449073,1.0707273508782897,0.7481920171821232,0.018718497983870968,0.015650598414093782,0.020917890133388243,0.017904414816386653,4356.749999999999,454.8580538269604,1.0,0.0024488678200343937,1.960604041162918e-06,399.0625,348.1640625,291.1011305021443,38.05,57.07610106536921,1024.83075,6385,131,111,(),4,6e+01 a1
yj_m,,False,1789621238556,0.7991154798708353,1.0137248247063415,0.7481920171821232,0.016715809811827957,0.015650598414093782,0.020917890133388243,0.017904414816386653,4356.749999999999,454.8580538269604,1.0,0.0024488678200343937,1.960604041162918e-06,361.8125,310.9140625,291.1011305021443,38.05,57.07610106536921,1024.83075,5789,131,111,(),4,6e+01 a1
yj_m,,False,1789621238606,0.8065048433050757,1.0180031011263477,0.7481920171821232,0.016870379704301074,0.015650598414093782,0.020917890133388243,0.017904414816386653,4356.749999999999,454.8580538269604,1.0,0.0024488678200343937,1.960604041162918e-06,364.6875,313.7890625,291.1011305021443,38.05,57.07610106536921,1024.83075,5835,131,111,(),4,6e+01 a1
yj_m,,False,1789621238656,0.8244963368840962,1.0285080004773084,0.7481920171821232,0.017246723790322584,0.015650598414093782,0.020917890133388243,0.017904414816386653,4356.749999999999,454.8580538269604,1.0,0.0024488678200343937,1.960604041162918e-06,371.6875,320.7890625,291.1011305021443,38.05,57.07610106536921,1024.83075,5947,131,111,(),4,6e+01 a1
yj_m,,False,1789621238706,0.8699569858382274,1.055586976707384,0.7481920171821232,0.018197664650537633,0.015650598414093782,0.020917890133388243,0.017904414816386653,4356.749999999999,454.8580538269604,1.0,0.0024488678200343937,1.960604041162918e-06,389.375,338.4765625,291.1011305021443,38.05,57.07610106536921,1024.83075,6230,131,111,(),4,6e+01 a1
yj_m,,False,1789621238756,0.8265846352459466,1.0297352947795175,0.7481920171821232,0.017290406586021507,0.015650598414093782,0.020917890133388243,0.017904414816386653,4356.749999999999,454.8580538269604,1.0,0.0024488678200343937,1.960604041162918e-06,372.5,321.6015625,291.1011305021443,38.05,57.07610106536921,1024.83075,5960,132,111,(),4,6e+01 a1
yj_m,,False,1789621238806,0.8034527149300633,1.0162333985284306,0.7481920171821232,0.016806535618279567,0.015650598414093782,0.020917890133388243,0.017904414816386653,4356.749999999999,454.8580538269604,1.0,0.0024488678200343937,1.960604041162918e-06,363.5,312.6015625,291.1011305021443,38.05,57.07610106536921,1024.83075,5816,132,111,(),4,6e+01 a1
yj_m,,False,1789621238856,0.7351814223311027,0.9776357050603628,0.7481920171821232,0.015378444220430108,0.015650598414093782,0.020917890133388243,0.017904414816386653,4356.749999999999,454.8580538269604,1.0,0.0024488678200343937,1.960604041162918e-06,336.9375,286.0390625,291.1011305021443,38.05,57.07610106536921,1024.83075,5391,132,112,(),4,6e+01 a1
yj_m,,False,1789621238906,0.7571888742982971,0.9898654072005357,0.7481920171821232,0.0158387936827957,0.015650598414093782,0.020917890133388243,0.017904414816386653,4356.749999999999,454.8580538269604,1.0,0.0024488678200343937,1.960604041162918e-06,345.5,294.6015625,291.1011305021443,38.05,57.07610106536921,1024.83075,5528,132,112,(),4,6e+01 a1
yj_m,,False,1789621238956,0.7311654639429286,0.9754267122130339,0.7481920171821232,0.015294438844086022,0.015650598414093782,0.020917890133388243,0.017904414816386653,4356.749999999999,454.8580538269604,1.0,0.0024488678200343937,1.960604041162918e-06,335.375,284.4765625,291.1011305021443,38.05,57.07610106536921,1024.83075,5366,132,112,(),4,6e+01 a1
yj_m,,False,1789621239006,0.7925293081142297,1.0099296887305071,0.7481920171821232,0.016578040994623656,0.015650598414093782,0.020917890133388243,0.017904414816386653,4356.749999999999,454.8580538269604,1.0,0.0024488678200343937,1.960604041162918e-06,359.25,308.3515625,291.1011305021443,38.05,57.07610106536921,1024.83075,5748,132,112,(),4,6e+01 a1
yj_m,,False,1789621239056,0.7300409955942398,0.9748094692936174,0.7481920171821232,0.015270917338709679,0.015650598414093782,0.020917890133388243,0.017904414816386653,4356.749999999999,454.8580538269604,1.0,0.0024488678200343937,1.960604041162918e-06,334.9375,284.0390625,291.1011305021443,38.05,57.07610106536921,1024.83075,5359,132,112,(),4,6e+01 a1
yj_m,,False,1789621239106,0.7231335471665802,0.9710301559906427,0.7481920171821232,0.01512642809139785,0.015650598414093782,0.020917890133388243,0.017904414816386653,4356.749999999999,454.8580538269604,1.0,0.0024488678200343937,1.960604041162918e-06,332.25,281.3515625,291.1011305021443,38.05,57.07610106536921,1024.83075,5316,132,112,(),4,6e+01 a1
yj_m,,False,1789621239156,0.8542144289565847,1.0461253250987248,0.7481920171821232,0.017868363575268817,0.015650598414093782,0.020917890133388243,0.017904414816386653,4356.749999999999,454.8580538269604,1.0,0.0024488678200343937,1.960604041162918e-06,383.25,332.3515625,291.1011305021443,38.05,57.07610106536921,1024.83075,6132,132,112,(),4,6e+01 a1
yj_m,,False,1789621239206,0.7930112231208105,1.0102067983442222,0.7481920171821232,0.016588121639784945,0.015650598414093782,0.020917890133388243,0.017904414816386653,4356.749999999999,454.8580538269604,1.0,0.0024488678200343937,1.960604041162918e-06,359.4375,308.5390625,291.1011305021443,38.05,57.07610106536921,1024.83075,5751,132,112,(),4,6e+01 a1
yj_m,,False,1789621239256,0.7904410097523792,1.0087299498686695,0.7481920171821232,0.016534358198924733,0.015650598414093782,0.020917890133388243,0.017904414816386653,4356.749999999999,454.8580538269604,1.0,0.0024488678200343937,1.960604041162918e-06,358.4375,307.5390625,291.1011305021443,38.05,57.07610106536921,1024.83075,5735,132,112,(),4,6e+01 a1
yj_m,,False,1789621239306,0.8474676188644522,1.0420973702027596,0.7481920171821232,0.017727234543010752,0.015650598414093782,0.020917890133388243,0.017904414816386653,4356.749999999999,454.8580538269604,1.0,0.0024488678200343937,1.960604041162918e-06,380.625,329.7265625,291.1011305021443,38.05,57.07610106536921,1024.83075,6090,132,112,(),4,6e+01 a1
yj_m,,False,1789621239356,0.7160654604033937,0.9671850773422748,0.7481920171821232,0.014978578629032258,0.015650598414093782,0.020917890133388243,0.017904414816386653,4356.749999999999,454.8580538269604,1.0,0.0024488678200343937,1.960604041162918e-06,329.5,278.6015625,291.1011305021443,38.05,57.07610106536921,1024.83075,5272,132,112,(),4,6e+01 a1
yj_m,,False,1789621239406,0.8421665537920623,1.0389441115957285,0.7481920171821232,0.01761634744623656,0.015650598414093782,0.020917890133388243,0.017904414816386653,4356.749999999999,454.8580538269604,1.0,0.0024488678200343937,1.960604041162918e-06,378.5625,327.6640625,291.1011305021443,38.05,57.07610106536921,1024.83075,6057,132,112,(),4,6e+01 a1
yj_m,,False,1789621239456,0.8164644201077477,1.0238030102359181,0.7481920171821232,0.01707871303763441,0.015650598414093782,0.020917890133388243,0.017904414816386653,4356.749999999999,454.8580538269604,1.0,0.0024488678200343937,1.960604041162918e-06,368.5625,317.6640625,291.1011305021443,38.05,57.07610106536921,1024.83075,5897,132,112,(),4,6e+01 a1
yj_m,,False,1789621239506,0.7602410026733095,0.9915778429901462,0.7481920171821232,0.015902637768817205,0.015650598414093782,0.020917890133388243,0.017904414816386653,4356.749999999999,454.8580538269604,1.0,0.0024488678200343937,1.960604041162918e-06,346.6875,295.7890625,291.1011305021443,38.05,57.07610106536921,1024.83075,5547,132,112,(),4,6e+01 a1
yj_m,,False,1789621239556,0.6963069451335768,0.956557332510322,0.7481920171821232,0.014565272177419354,0.015650598414093782,0.020917890133388243,0.017904414816386653,4356.749999999999,454.8580538269604,1.0,0.0024488678200343937,1.960604041162918e-06,321.8125,270.9140625,291.1011305021443,38.05,57.07610106536921,1024.83075,5149,132,112,(),4,6e+01 a1
yj_m,,False,1789621239606,0.7681122811141308,0.9960121599564474,0.7481920171821232,0.016067288306451613,0.015650598414093782,0.020917890133388243,0.017904414816386653,4356.749999999999,454.8580538269604,1.0,0.0024488678200343937,1.960604041162918e-06,349.75,298.8515625,291.1011305021443,38.05,57.07610106536921,1024.83075,5596,132,112,(),4,6e+01 a1
yj_m,,False,1789621239656,0.7984729265287276,1.0133538126715371,0.7481920171821232,0.016702368951612905,0.015650598414093782,0.020917890133388243,0.017904414816386653,4356.749999999999,454.8580538269604,1.0,0.0024488678200343937,1.960604041162918e-06,361.5625,310.6640625,291.1011305021443,38.05,57.07610106536921,1024.83075,5785,132,112,(),4,6e+01 a1
yj_m,,False,1789621239706,0.8177495267919636,1.0245541606580089,0.7481920171821232,0.01710559475806452,0.015650598414093782,0.020917890133388243,0.017904414816386653,4356.749999999999,454.8580538269604,1.0,0.0024488678200343937,1.960604041162918e-06,369.0625,318.1640625,291.1011305021443,38.05,57.07610106536921,1024.83075,5905,132,112,(),4,6e+01 a1
yj_m,,False,1789621239756,0.7957420748247691,1.0117788290507008,0.7481920171821232,0.016645245295698927,0.015650598414093782,0.020917890133388243,0.017904414816386653,4356.749999999999,454.8580538269604,1.0,0.0024488678200343937,1.960604041162918e-06,360.5,309.6015625,291.1011305021443,38.05,57.07610106536921,1024.83075,5768,133,112,(),4,6e+01 a1
yj_m,,False,1789621239806,0.6929335400875105,0.9547609558116873,0.7481920171821232,0.014494707661290322,0.015650598414093782,0.020917890133388243,0.017904414816386653,4356.749999999999,454.8580538269604,1.0,0.0024488678200343937,1.960604041162918e-06,320.5,269.6015625,291.1011305021443,38.05,57.07610106536921,1024.83075,5128,133,112,(),4,6e+01 a1
yj_m,,False,1789621239856,0.6755845998505982,0.9456078152537117,0.7481920171821232,0.01413180443548387,0.015650598414093782,0.020917890133388243,0.017904414816386653,4356.749999999999,454.8580538269604,1.0,0.0024488678200343937,1.960604041162918e-06,313.75,262.8515625,291.1011305021443,38.05,57.07610106536921,1024.83075,5020,133,113,(),4,6e+01 a1
yj_m,,False,1789621239906,0.6850622616466892,0.9505903165935291,0.7481920171821232,0.014330057123655914,0.015650598414093782,0.020917890133388243,0.017904414816386653,4356.749999999999,454.8580538269604,1.0,0.0024488678200343937,1.960604041162918e-06,317.4375,266.5390625,291.1011305021443,38.05,57.07610106536921,1024.83075,5079,133,113,(),4,6e+01 a1
yj_m,,False,1789621239956,0.6733356631532206,0.9444318971204833,0.7481920171821232,0.014084761424731182,0.015650598414093782,0.020917890133388243,0.017904414816386653,4356.749999999999,454.8580538269604,1.0,0.0024488678200343937,1.960604041162918e-06,312.875,261.9765625,291.1011305021443,38.05,57.07610106536921,1024.83075,5006,133,113,(),4,6e+01 a1
yj_m,,False,1789621240006,0.6734963014887475,0.944515809721399,0.7481920171821232,0.014088121639784946,0.015650598414093782,0.020917890133388243,0.017904414816386653,4356.749999999999,454.8580538269604,1.0,0.0024488678200343937,1.960604041162918e-06,312.9375,262.0390625,291.1011305021443,38.05,57.07610106536921,1024.83075,5007,133,113,(),4,6e+01 a1
yj_m,,False,1789621240056,0.7510846175482724,0.9864523731610144,0.7481920171821232,0.01571110551075269,0.015650598414093782,0.020917890133388243,0.017904414816386653,4356.749999999999,454.8580538269604,1.0,0.0024488678200343937,1.960604041162918e-06,343.125,292.2265625,291.1011305021443,38.05,57.07610106536921,1024.83075,5490,133,113,(),4,6e+01 a1
yj_m,,False,1789621240106,0.8693144324961196,1.0551990793350685,0.7481920171821232,0.01818422379032258,0.015650598414093782,0.020917890133388243,0.017904414816386653,4356.749999999999,454.8580538269604,1.0,0.0024488678200343937,1.960604041162918e-06,389.125,338.2265625,291.1011305021443,38.05,57.07610106536921,1024.83075,6226,133,113,(),4,6e+01 a1
yj_m,,False,1789621240156,0.8566240039894892,1.0475678420450512,0.7481920171821232,0.017918766801075268,0.015650598414093782,0.020917890133388243,0.017904414816386653,4356.749999999999,454.8580538269604,1.0,0.0024488678200343937,1.960604041162918e-06,384.1875,333.2890625,291.1011305021443,38.05,57.07610106536921,1024.83075,6147,133,113,(),4,6e+01 a1
yj_m,,False,1789621240206,0.6812069415940419,0.9485583233168865,0.7481920171821232,0.014249411962365592,0.015650598414093782,0.020917890133388243,0.017904414816386653,4356.749999999999,454.8580538269604,1.0,0.0024488678200343937,1.960604041162918e-06,315.9375,265.0390625,291.1011305021443,38.05,57.07610106536921,1024.83075,5055,133,113,(),4,6e+01 a1
yj_m,,False,1789621240256,0.7427314241008701,0.9818077372661475,0.7481920171821232,0.01553637432795699,0.015650598414093782,0.020917890133388243,0.017904414816386653,4356.749999999999,454.8580538269604,1.0,0.0024488678200343937,1.960604041162918e-06,339.875,288.9765625,291.1011305021443,38.05,57.07610106536921,1024.83075,5438,133,113,(),4,6e+01 a1
yj_m,,False,1789621240306,0.7221697171534184,0.9705045034246226,0.7481920171821232,0.015106266801075269,0.015650598414093782,0.020917890133388243,0.017904414816386653,4356.749999999999,454.8580538269604,1.0,0.0024488678200343937,1.960604041162918e-06,331.875,280.9765625,291.1011305021443,38.05,57.07610106536921,1024.83075,5310,133,113,(),4,6e+01 a1
yj_m,,False,1789621240356,0.8492346405552489,1.043150724067478,0.7481920171821232,0.01776419690860215,0.015650598414093782,0.020917890133388243,0.017904414816386653,4356.749999999999,454.8580538269604,1.0,0.0024488678200343937,1.960604041162918e-06,381.3125,330.4140625,291.1011305021443,38.05,57.07610106536921,1024.83075,6101,133,113,(),4,6e+01 a1
yj_m,,False,1789621240406,0.8738123058908746,1.0579173785906133,0.7481920171821232,0.018278309811827955,0.015650598414093782,0.020917890133388243,0.017904414816386653,4356.749999999999,454.8580538269604,1.0,0.0024488678200343937,1.960604041162918e-06,390.875,339.9765625,291.1011305021443,38.05,57.07610106536921,1024.83075,6254,133,113,(),4,6e+01 a1
yj_m,,False,1789621240456,0.876543157594833,1.0595711969264998,0.7481920171821232,0.018335433467741934,0.015650598414093782,0.020917890133388243,0.017904414816386653,4356.749999999999,454.8580538269604,1.0,0.0024488678200343937,1.960604041162918e-06,391.9375,341.0390625,291.1011305021443,38.05,57.07610106536921,1024.83075,6271,133,113,(),4,6e+01 a1
yj_m,,False,1789621240506,0.8580697490092319,1.048434346990685,0.7481920171821232,0.01794900873655914,0.015650598414093782,0.020917890133388243,0.017904414816386653,4356.749999999999,454.8580538269604,1.0,0.0024488678200343937,1.960604041162918e-06,384.75,333.8515625,291.1011305021443,38.05,57.07610106536921,1024.83075,6156,133,113,(),4,6e+01 a1
yj_m,,False,1789621240556,0.7636144077193758,0.9934750934461947,0.7481920171821232,0.01597320228494624,0.015650598414093782,0.020917890133388243,0.017904414816386653,4356.749999999999,454.8580538269604,1.0,0.0024488678200343937,1.960604041162918e-06,348.0,297.1015625,291.1011305021443,38.05,57.07610106536921,1024.83075,5568,133,113,(),4,6e+01 a1
yj_m,,False,1789621240606,0.6595207662979015,0.9372627685109449,0.7481920171821232,0.013795782930107527,0.015650598414093782,0.020917890133388243,0.017904414816386653,4356.749999999999,454.8580538269604,1.0,0.0024488678200343937,1.960604041162918e-06,307.5,256.6015625,291.1011305021443,38.05,57.07610106536921,1024.83075,4920,133,113,(),4,6e+01 a1
yj_m,,False,1789621240656,0.6884356666927555,0.9523741337264972,0.7481920171821232,0.014400621639784946,0.015650598414093782,0.020917890133388243,0.017904414816386653,4356.749999999999,454.8580538269604,1.0,0.0024488678200343937,1.960604041162918e-06,318.75,267.8515625,291.1011305021443,38.05,57.07610106536921,1024.83075,5100,133,113,(),4,6e+01 a1
yj_m,,False,1789621240706,0.8254601668972578,1.029074240086729,0.7481920171821232,0.01726688508064516,0.015650598414093782,0.020917890133388243,0.017904414816386653,4356.749999999999,454.8580538269604,1.0,0.0024488678200343937,1.960604041162918e-06,372.0625,321.1640625,291.1011305021443,38.05,57.07610106536921,1024.83075,5953,133,113,(),4,6e+01 a1
yj_m,,False,1789621240756,0.8376686803973072,1.0362766749620005,0.7481920171821232,0.01752226142473118,0.015650598414093782,0.020917890133388243,0.017904414816386653,4356.749999999999,454.8580538269604,1.0,0.0024488678200343937,1.960604041162918e-06,376.8125,325.9140625,291.1011305021443,38.05,57.07610106536921,1024.83075,6029,134,113,(),4,6e+01 a1
yj_m,,False,1789621240806,0.8040952682721713,1.01660566561559,0.7481920171821232,0.016819976478494623,0.015650598414093782,0.020917890133388243,0.017904414816386653,4356.749999999999,454.8580538269604,1.0,0.0024488678200343937,1.960604041162918e-06,363.75,312.8515625,291.1011305021443,38.05,57.07610106536921,1024.83075,5820,134,113,(),4,6e+01 a1
yj_m,,False,1789621240856,0.7928505847852837,1.0101144182037736,0.7481920171821232,0.016584761424731184,0.015650598414093782,0.020917890133388243,0.017904414816386653,4356.749999999999,454.8580538269604,1.0,0.0024488678200343937,1.960604041162918e-06,359.375,308.4765625,291.1011305021443,38.05,57.07610106536921,1024.83075,5750,134,114,(),4,6e+01 a1
yj_m,,False,1789621240906,0.843772937147332,1.0398985635304405,0.7481920171821232,0.017649949596774194,0.015650598414093782,0.020917890133388243,0.017904414816386653,4356.749999999999,454.8580538269604,1.0,0.0024488678200343937,1.960604041162918e-06,379.1875,328.2890625,291.1011305021443,38.05,57.07610106536921,1024.83075,6067,134,114,(),4,6e+01 a1
yj_m,,False,1789621240956,0.824656975219623,1.028602349443256,0.7481920171821232,0.017250084005376344,0.015650598414093782,0.020917890133388243,0.017904414816386653,4356.749999999999,454.8580538269604,1.0,0.0024488678200343937,1.960604041162918e-06,371.75,320.8515625,291.1011305021443,38.05,57.07610106536921,1024.83075,5948,134,114,(),4,6e+01 a1
yj_m,,False,1789621241006,0.8209622935025028,1.026434788945186,0.7481920171821232,0.017172799059139786,0.015650598414093782,0.020917890133388243,0.017904414816386653,4356.749999999999,454.8580538269604,1.0,0.0024488678200343937,1.960604041162918e-06,370.3125,319.4140625,291.1011305021443,38.05,57.07610106536921,1024.83075,5925,134,114,(),4,6e+01 a1
yj_m,,False,1789621241056,0.8302793169630668,1.031910670612322,0.7481920171821232,0.017367691532258065,0.015650598414093782,0.020917890133388243,0.017904414816386653,4356.749999999999,454.8580538269604,1.0,0.0024488678200343937,1.960604041162918e-06,373.9375,323.0390625,291.1011305021443,38.05,57.07610106536921,1024.83075,5983,134,114,(),4,6e+01 a1
yj_m,,False,1789621241106,0.8275484652591084,1.0303022911267947,0.7481920171821232,0.017310567876344087,0.015650598414093782,0.020917890133388243,0.017904414816386653,4356.749999999999,454.8580538269604,1.0,0.0024488678200343937,1.960604041162918e-06,372.875,321.9765625,291.1011305021443,38.05,57.07610106536921,1024.83075,5966,134,114,(),4,6e+01 a1
yj_m,,False,1789621241156,0.8161431434366937,1.0236153211950094,0.7481920171821232,0.01707199260752688,0.015650598414093782,0.020917890133388243,0.017904414816386653,4356.749999999999,454.8580538269604,1.0,0.0024488678200343937,1.960604041162918e-06,368.4375,317.5390625,291.1011305021443,38.05,57.07610106536921,1024.83075,5895,134,114,(),4,6e+01 a1
yj_m,,False,1789621241206,0.7083548202980993,0.9630162829964262,0.7481920171821232,0.014817288306451612,0.015650598414093782,0.020917890133388243,0.017904414816386653,4356.749999999999,454.8580538269604,1.0,0.0024488678200343937,1.960604041162918e-06,326.5,275.6015625,291.1011305021443,38.05,57.07610106536921,1024.83075,5224,134,114,(),4,6e+01 a1
yj_m,,False,1789621241256,0.7101218419888959,0.963969233035822,0.7481920171821232,0.014854250672043011,0.015650598414093782,0.020917890133388243,0.017904414816386653,4356.749999999999,454.8580538269604,1.0,0.0024488678200343937,1.960604041162918e-06,327.1875,276.2890625,291.1011305021443,38.05,57.07610106536921,1024.83075,5235,134,114,(),4,6e+01 a1
yj_m,,False,1789621241306,0.7467473824890443,0.9840369875365442,0.7481920171821232,0.015620379704301074,0.015650598414093782,0.020917890133388243,0.017904414816386653,4356.749999999999,454.8580538269604,1.0,0.0024488678200343937,1.960604041162918e-06,341.4375,290.5390625,291.1011305021443,38.05,57.07610106536921,1024.83075,5463,134,114,(),4,6e+01 a1
yj_m,,False,1789621241356,0.7592771726601477,0.9910366494853426,0.7481920171821232,0.015882476478494625,0.015650598414093782,0.020917890133388243,0.017904414816386653,4356.749999999999,454.8580538269604,1.0,0.0024488678200343937,1.960604041162918e-06,346.3125,295.4140625,291.1011305021443,38.05,57.07610106536921,1024.83075,5541,134,114,(),4,6e+01 a1
yj_m,,False,1789621241406,0.7563856826206622,0.9894154200549249,0.7481920171821232,0.01582199260752688,0.015650598414093782,0.020917890133388243,0.017904414816386653,4356.749999999999,454.8580538269604,1.0,0.0024488678200343937,1.960604041162918e-06,345.1875,294.2890625,291.1011305021443,38.05,57.07610106536921,1024.83075,5523,134,114,(),4,6e+01 a1
yj_m,,False,1789621241456,0.6877931133506476,0.9520339415550855,0.7481920171821232,0.014387180779569892,0.015650598414093782,0.020917890133388243,0.017904414816386653,4356.749999999999,454.8580538269604,1.0,0.0024488678200343937,1.960604041162918e-06,318.5,267.6015625,291.1011305021443,38.05,57.07610106536921,1024.83075,5096,134,114,(),4,6e+01 a1
yj_m,,False,1789621241506,0.8365442120486185,1.035610978540839,0.7481920171821232,0.017498739919354838,0.015650598414093782,0.020917890133388243,0.017904414816386653,4356.749999999999,454.8580538269604,1.0,0.0024488678200343937,1.960604041162918e-06,376.375,325.4765625,291.1011305021443,38.05,57.07610106536921,1024.83075,6022,134,114,(),4,6e+01 a1
yj_m,,False,1789621241556,0.8476282571999791,1.042193082938692,0.7481920171821232,0.017730594758064516,0.015650598414093782,0.020917890133388243,0.017904414816386653,4356.749999999999,454.8580538269604,1.0,0.0024488678200343937,1.960604041162918e-06,380.6875,329.7890625,291.1011305021443,38.05,57.07610106536921,1024.83075,6091,134,114,(),4,6e+01 a1
yj_m,,False,1789621241606,0.8386325104104689,1.0368476428197266,0.7481920171821232,0.01754242271505376,0.015650598414093782,0.020917890133388243,0.017904414816386653,4356.749999999999,454.8580538269604,1.0,0.0024488678200343937,1.960604041162918e-06,377.1875,326.2890625,291.1011305021443,38.05,57.07610106536921,1024.83075,6035,134,114,(),4,6e+01 a1
yj_m,,False,1789621241656,0.680885664922988,0.9483893123091264,0.7481920171821232,0.014242691532258064,0.015650598414093782,0.020917890133388243,0.017904414816386653,4356.749999999999,454.8580538269604,1.0,0.0024488678200343937,1.960604041162918e-06,315.8125,264.9140625,291.1011305021443,38.05,57.07610106536921,1024.83075,5053,134,114,(),4,6e+01 a1
yj_m,,False,1789621241706,0.6853835383177431,0.950759970329575,0.7481920171821232,0.014336777553763442,0.015650598414093782,0.020917890133388243,0.017904414816386653,4356.749999999999,454.8580538269604,1.0,0.0024488678200343937,1.960604041162918e-06,317.5625,266.6640625,291.1011305021443,38.05,57.07610106536921,1024.83075,5081,134,114,(),4,6e+01 a1
yj_m,,False,1789621241756,0.7077122669559914,0.9626701109774978,0.7481920171821232,0.01480384744623656,0.015650598414093782,0.020917890133388243,0.017904414816386653,4356.749999999999,454.8580538269604,1.0,0.0024488678200343937,1.960604041162918e-06,326.25,275.3515625,291.1011305021443,38.05,57.07610106536921,1024.83075,5220,135,114,(),4,6e+01 a1
yj_m,,False,1789621241806,0.7086760969691532,0.9631894401170065,0.7481920171821232,0.01482400873655914,0.015650598414093782,0.020917890133388243,0.017904414816386653,4356.749999999999,454.8580538269604,1.0,0.0024488678200343937,1.960604041162918e-06,326.625,275.7265625,291.1011305021443,38.05,57.07610106536921,1024.83075,5226,135,114,(),4,6e+01 a1
yj_m,,False,1789621241856,0.6646611930347643,0.9399193609763734,0.7481920171821232,0.013903309811827956,0.015650598414093782,0.020917890133388243,0.017904414816386653,4356.749999999999,454.8580538269604,1.0,0.0024488678200343937,1.960604041162918e-06,309.5,258.6015625,291.1011305021443,38.05,57.07610106536921,1024.83075,4952,135,115,(),4,6e+01 a1
yj_m,,False,1789621241906,0.7467473824890443,0.9840369875365442,0.7481920171821232,0.015620379704301074,0.015650598414093782,0.020917890133388243,0.017904414816386653,4356.749999999999,454.8580538269604,1.0,0.0024488678200343937,1.960604041162918e-06,341.4375,290.5390625,291.1011305021443,38.05,57.07610106536921,1024.83075,5463,135,115,(),4,6e+01 a1
yj_m,,False,1789621241956,0.800561224890578,1.0145601958114554,0.7481920171821232,0.01674605174731183,0.015650598414093782,0.020917890133388243,0.017904414816386653,4356.749999999999,454.8580538269604,1.0,0.0024488678200343937,1.960604041162918e-06,362.375,311.4765625,291.1011305021443,38.05,57.07610106536921,1024.83075,5798,135,115,(),4,6e+01 a1
yj_m,,False,1789621242006,0.781445262962869,1.0035818427050203,0.7481920171821232,0.01634618615591398,0.015650598414093782,0.020917890133388243,0.017904414816386653,4356.749999999999,454.8580538269604,1.0,0.0024488678200343937,1.960604041162918e-06,354.9375,304.0390625,291.1011305021443,38.05,57.07610106536921,1024.83075,5679,135,115,(),4,6e+01 a1
yj_m,,False,1789621242056,0.8363835737130917,1.0355159171446422,0.7481920171821232,0.017495379704301078,0.015650598414093782,0.020917890133388243,0.017904414816386653,4356.749999999999,454.8580538269604,1.0,0.0024488678200343937,1.960604041162918e-06,376.3125,325.4140625,291.1011305021443,38.05,57.07610106536921,1024.83075,6021,135,115,(),4,6e+01 a1
yj_m,,False,1789621242106,0.8448974054960208,1.0405672399941972,0.7481920171821232,0.017673471102150538,0.015650598414093782,0.020917890133388243,0.017904414816386653,4356.749999999999,454.8580538269604,1.0,0.0024488678200343937,1.960604041162918e-06,379.625,328.7265625,291.1011305021443,38.05,57.07610106536921,1024.83075,6074,135,115,(),4,6e+01 a1
yj_m,,False,1789621242156,0.8216048468446105,1.026811385031345,0.7481920171821232,0.017186239919354838,0.015650598414093782,0.020917890133388243,0.017904414816386653,4356.749999999999,454.8580538269604,1.0,0.0024488678200343937,1.960604041162918e-06,370.5625,319.6640625,291.1011305021443,38.05,57.07610106536921,1024.83075,5929,135,115,(),4,6e+01 a1
yj_m,,False,1789621242206,0.7755016445483713,1.0001983975558013,0.7481920171821232,0.016221858198924733,0.015650598414093782,0.020917890133388243,0.017904414816386653,4356.749999999999,454.8580538269604,1.0,0.0024488678200343937,1.960604041162918e-06,352.625,301.7265625,291.1011305021443,38.05,57.07610106536921,1024.83075,5642,135,115,(),4,6e+01 a1
yj_m,,False,1789621242256,0.7432133391074509,0.9820748792194673,0.7481920171821232,0.015546454973118278,0.015650598414093782,0.020917890133388243,0.017904414816386653,4356.749999999999,454.8580538269604,1.0,0.0024488678200343937,1.960604041162918e-06,340.0625,289.1640625,291.1011305021443,38.05,57.07610106536921,1024.83075,5441,135,115,(),4,6e+01 a1
yj_m,,False,1789621242306,0.8317250619828095,1.0327632933192403,0.7481920171821232,0.017397933467741936,0.015650598414093782,0.020917890133388243,0.017904414816386653,4356.749999999999,454.8580538269604,1.0,0.0024488678200343937,1.960604041162918e-06,374.5,323.6015625,291.1011305021443,38.05,57.07610106536921,1024.83075,5992,135,115,(),4,6e+01 a1
yj_m,,False,1789621242356,0.8362229353775645,1.0354208652794503,0.7481920171821232,0.01749201948924731,0.015650598414093782,0.020917890133388243,0.017904414816386653,4356.749999999999,454.8580538269604,1.0,0.0024488678200343937,1.960604041162918e-06,376.25,325.3515625,291.1011305021443,38.05,57.07610106536921,1024.83075,6020,135,115,(),4,6e+01 a1
yj_m,,False,1789621242406,0.7878707963839476,1.0072557409127842,0.7481920171821232,0.016480594758064515,0.015650598414093782,0.020917890133388243,0.017904414816386653,4356.749999999999,454.8580538269604,1.0,0.0024488678200343937,1.960604041162918e-06,357.4375,306.5390625,291.1011305021443,38.05,57.07610106536921,1024.83075,5719,135,115,(),4,6e+01 a1
yj_m,,False,1789621242456,0.7110856720020577,0.9644896267829242,0.7481920171821232,0.014874411962365592,0.015650598414093782,0.020917890133388243,0.017904414816386653,4356.749999999999,454.8580538269604,1.0,0.0024488678200343937,1.960604041162918e-06,327.5625,276.6640625,291.1011305021443,38.05,57.07610106536921,1024.83075,5241,135,115,(),4,6e+01 a1
yj_m,,False,1789621242506,0.780802709620761,1.0032153712316085,0.7481920171821232,0.016332745295698923,0.015650598414093782,0.020917890133388243,0.017904414816386653,4356.749999999999,454.8580538269604,1.0,0.0024488678200343937,1.960604041162918e-06,354.6875,303.7890625,291.1011305021443,38.05,57.07610106536921,1024.83075,5675,135,115,(),4,6e+01 a1
yj_m,,False,1789621242556,0.7273101438902813,0.9733127835507056,0.7481920171821232,0.015213793682795698,0.015650598414093782,0.020917890133388243,0.017904414816386653,4356.749999999999,454.8580538269604,1.0,0.0024488678200343937,1.960604041162918e-06,333.875,282.9765625,291.1011305021443,38.05,57.07610106536921,1024.83075,5342,135,115,(),4,6e+01 a1
yj_m,,False,1789621242606,0.7343782306534679,0.9771933386488998,0.7481920171821232,0.01536164314516129,0.015650598414093782,0.020917890133388243,0.017904414816386653,4356.749999999999,454.8580538269604,1.0,0.0024488678200343937,1.960604041162918e-06,336.625,285.7265625,291.1011305021443,38.05,57.07610106536921,1024.83075,5386,135,115,(),4,6e+01 a1
yj_m,,False,1789621242656,0.7934931381273914,1.010484000347032,0.7481920171821232,0.016598202284946236,0.015650598414093782,0.020917890133388243,0.017904414816386653,4356.749999999999,454.8580538269604,1.0,0.0024488678200343937,1.960604041162918e-06,359.625,308.7265625,291.1011305021443,38.05,57.07610106536921,1024.83075,5754,135,115,(),4,6e+01 a1
yj_m,,False,1789621242706,0.8275484652591084,1.0303022911267947,0.7481920171821232,0.017310567876344087,0.015650598414093782,0.020917890133388243,0.017904414816386653,4356.749999999999,454.8580538269604,1.0,0.0024488678200343937,1.960604041162918e-06,372.875,321.9765625,291.1011305021443,38.05,57.07610106536921,1024.83075,5966,135,115,(),4,6e+01 a1
yj_m,,False,1789621242756,0.8518048539236803,1.0446848880455162,0.7481920171821232,0.017817960349462366,0.015650598414093782,0.020917890133388243,0.017904414816386653,4356.749999999999,454.8580538269604,1.0,0.0024488678200343937,1.960604041162918e-06,382.3125,331.4140625,291.1011305021443,38.05,57.07610106536921,1024.83075,6117,136,115,(),4,6e+01 a1
yj_m,,False,1789621242806,0.8583910256802859,1.0486270047234438,0.7481920171821232,0.017955729166666667,0.015650598414093782,0.020917890133388243,0.017904414816386653,4356.749999999999,454.8580538269604,1.0,0.0024488678200343937,1.960604041162918e-06,384.875,333.9765625,291.1011305021443,38.05,57.07610106536921,1024.83075,6158,136,115,(),4,6e+01 a1
yj_m,,False,1789621242856,0.83381336034466,1.033996232808921,0.7481920171821232,0.01744161626344086,0.015650598414093782,0.020917890133388243,0.017904414816386653,4356.749999999999,454.8580538269604,1.0,0.0024488678200343937,1.960604041162918e-06,375.3125,324.4140625,291.1011305021443,38.05,57.07610106536921,1024.83075,6005,136,116,(),4,6e+01 a1
yj_m,,False,1789621242906,0.8563027273184355,1.0473753865894284,0.7481920171821232,0.017912046370967744,0.015650598414093782,0.020917890133388243,0.017904414816386653,4356.749999999999,454.8580538269604,1.0,0.0024488678200343937,1.960604041162918e-06,384.0625,333.1640625,291.1011305021443,38.05,57.07610106536921,1024.83075,6145,136,116,(),4,6e+01 a1
yj_m,,False,1789621242956,0.8535718756144768,1.045741004828829,0.7481920171821232,0.01785492271505376,0.015650598414093782,0.020917890133388243,0.017904414816386653,4356.749999999999,454.8580538269604,1.0,0.0024488678200343937,1.960604041162918e-06,383.0,332.1015625,291.1011305021443,38.05,57.07610106536921,1024.83075,6128,136,116,(),4,6e+01 a1
yj_m,,False,1789621243006,0.852447407265788,1.0450688007396276,0.7481920171821232,0.017831401209677418,0.015650598414093782,0.020917890133388243,0.017904414816386653,4356.749999999999,454.8580538269604,1.0,0.0024488678200343937,1.960604041162918e-06,382.5625,331.6640625,291.1011305021443,38.05,57.07610106536921,1024.83075,6121,136,116,(),4,6e+01 a1
yj_m,,False,1789621243056,0.7801601562786533,1.0028490674633967,0.7481920171821232,0.01631930443548387,0.015650598414093782,0.020917890133388243,0.017904414816386653,4356.749999999999,454.8580538269604,1.0,0.0024488678200343937,1.960604041162918e-06,354.4375,303.5390625,291.1011305021443,38.05,57.07610106536921,1024.83075,5671,136,116,(),4,6e+01 a1
yj_m,,False,1789621243106,0.8191952718117061,1.0253999575900796,0.7481920171821232,0.017135836693548387,0.015650598414093782,0.020917890133388243,0.017904414816386653,4356.749999999999,454.8580538269604,1.0,0.0024488678200343937,1.960604041162918e-06,369.625,318.7265625,291.1011305021443,38.05,57.07610106536921,1024.83075,5914,136,116,(),4,6e+01 a1
yj_m,,False,1789621243156,0.7880314347194746,1.0073478014234811,0.7481920171821232,0.01648395497311828,0.015650598414093782,0.020917890133388243,0.017904414816386653,4356.749999999999,454.8580538269604,1.0,0.0024488678200343937,1.960604041162918e-06,357.5,306.6015625,291.1011305021443,38.05,57.07610106536921,1024.83075,5720,136,116,(),4,6e+01 a1
yj_m,,False,1789621243206,0.8505197472394644,1.0439175083689654,0.7481920171821232,0.017791078629032255,0.015650598414093782,0.020917890133388243,0.017904414816386653,4356.749999999999,454.8580538269604,1.0,0.0024488678200343937,1.960604041162918e-06,381.8125,330.9140625,291.1011305021443,38.05,57.07610106536921,1024.83075,6109,136,116,(),4,6e+01 a1
yj_m,,False,1789621243256,0.8731697525487668,1.0575286198242675,0.7481920171821232,0.018264868951612903,0.015650598414093782,0.020917890133388243,0.017904414816386653,4356.749999999999,454.8580538269604,1.0,0.0024488678200343937,1.960604041162918e-06,390.625,339.7265625,291.1011305021443,38.05,57.07610106536921,1024.83075,6250,136,116,(),4,6e+01 a1
yj_m,,False,1789621243306,0.8747761359040365,1.058500784839196,0.7481920171821232,0.018298471102150538,0.015650598414093782,0.020917890133388243,0.017904414816386653,4356.749999999999,454.8580538269604,1.0,0.0024488678200343937,1.960604041162918e-06,391.25,340.3515625,291.1011305021443,38.05,57.07610106536921,1024.83075,6260,136,116,(),4,6e+01 a1
yj_m,,False,1789621243356,0.877185710936941,1.0599607047519886,0.7481920171821232,0.01834887432795699,0.015650598414093782,0.020917890133388243,0.017904414816386653,4356.749999999999,454.8580538269604,1.0,0.0024488678200343937,1.960604041162918e-06,392.1875,341.2890625,291.1011305021443,38.05,57.07610106536921,1024.83075,6275,136,116,(),4,6e+01 a1
yj_m,,False,1789621243406,0.709639926982315,0.963709195616541,0.7481920171821232,0.014844170026881721,0.015650598414093782,0.020917890133388243,0.017904414816386653,4356.749999999999,454.8580538269604,1.0,0.0024488678200343937,1.960604041162918e-06,327.0,276.1015625,291.1011305021443,38.05,57.07610106536921,1024.83075,5232,136,116,(),4,6e+01 a1
yj_m,,False,1789621243456,0.7605622793443635,0.9917583276964571,0.7481920171821232,0.015909358198924733,0.015650598414093782,0.020917890133388243,0.017904414816386653,4356.749999999999,454.8580538269604,1.0,0.0024488678200343937,1.960604041162918e-06,346.8125,295.9140625,291.1011305021443,38.05,57.07610106536921,1024.83075,5549,136,116,(),4,6e+01 a1
yj_m,,False,1789621243506,0.7931718614563374,1.0102991887501254,0.7481920171821232,0.01659148185483871,0.015650598414093782,0.020917890133388243,0.017904414816386653,4356.749999999999,454.8580538269604,1.0,0.0024488678200343937,1.960604041162918e-06,359.5,308.6015625,291.1011305021443,38.05,57.07610106536921,1024.83075,5752,136,116,(),4,6e+01 a1
yj_m,,False,1789621243556,0.6591994896268476,0.9370971673478492,0.7481920171821232,0.013789062500000001,0.015650598414093782,0.020917890133388243,0.017904414816386653,4356.749999999999,454.8580538269604,1.0,0.0024488678200343937,1.960604041162918e-06,307.375,256.4765625,291.1011305021443,38.05,57.07610106536921,1024.83075,4918,136,116,(),4,6e+01 a1
yj_m,,False,1789621243606,0.8212835701735566,1.0266230674265928,0.7481920171821232,0.01717951948924731,0.015650598414093782,0.020917890133388243,0.017904414816386653,4356.749999999999,454.8580538269604,1.0,0.0024488678200343937,1.960604041162918e-06,370.4375,319.5390625,291.1011305021443,38.05,57.07610106536921,1024.83075,5927,136,116,(),4,6e+01 a1
yj_m,,False,1789621243656,0.8738123058908746,1.0579173785906133,0.7481920171821232,0.018278309811827955,0.015650598414093782,0.020917890133388243,0.017904414816386653,4356.749999999999,454.8580538269604,1.0,0.0024488678200343937,1.960604041162918e-06,390.875,339.9765625,291.1011305021443,38.05,57.07610106536921,1024.83075,6254,136,116,(),4,6e+01 a1
yj_m,,False,1789621243706,0.8662623041211073,1.0533585376787438,0.7481920171821232,0.018120379704301075,0.015650598414093782,0.020917890133388243,0.017904414816386653,4356.749999999999,454.8580538269604,1.0,0.0024488678200343937,1.960604041162918e-06,387.9375,337.0390625,291.1011305021443,38.05,57.07610106536921,1024.83075,6207,136,116,(),4,6e+01 a1
yj_m,,False,1789621243756,0.8522867689302612,1.0449728086516792,0.7481920171821232,0.017828040994623658,0.015650598414093782,0.020917890133388243,0.017904414816386653,4356.749999999999,454.8580538269604,1.0,0.0024488678200343937,1.960604041162918e-06,382.5,331.6015625,291.1011305021443,38.05,57.07610106536921,1024.83075,6120,137,116,(),4,6e+01 a1
yj_m,,False,1789621243806,0.8561420889829084,1.0472791726766941,0.7481920171821232,0.01790868615591398,0.015650598414093782,0.020917890133388243,0.017904414816386653,4356.749999999999,454.8580538269604,1.0,0.0024488678200343937,1.960604041162918e-06,384.0,333.1015625,291.1011305021443,38.05,57.07610106536921,1024.83075,6144,137,116,(),4,6e+01 a1
yj_m,,False,1789621243856,0.8710814541869162,1.056266143421356,0.7481920171821232,0.018221186155913977,0.015650598414093782,0.020917890133388243,0.017904414816386653,4356.749999999999,454.8580538269604,1.0,0.0024488678200343937,1.960604041162918e-06,389.8125,338.9140625,291.1011305021443,38.05,57.07610106536921,1024.83075,6237,137,117,(),4,6e+01 a1
yj_m,,False,1789621243906,0.8376686803973072,1.0362766749620005,0.7481920171821232,0.01752226142473118,0.015650598414093782,0.020917890133388243,0.017904414816386653,4356.749999999999,454.8580538269604,1.0,0.0024488678200343937,1.960604041162918e-06,376.8125,325.9140625,291.1011305021443,38.05,57.07610106536921,1024.83075,6029,137,117,(),4,6e+01 a1
yj_m,,False,1789621243956,0.8098782483511421,1.019963300636371,0.7481920171821232,0.016940944220430108,0.015650598414093782,0.020917890133388243,0.017904414816386653,4356.749999999999,454.8580538269604,1.0,0.0024488678200343937,1.960604041162918e-06,366.0,315.1015625,291.1011305021443,38.05,57.07610106536921,1024.83075,5856,137,117,(),4,6e+01 a1
yj_m,,False,1789621244006,0.7931718614563374,1.0102991887501254,0.7481920171821232,0.01659148185483871,0.015650598414093782,0.020917890133388243,0.017904414816386653,4356.749999999999,454.8580538269604,1.0,0.0024488678200343937,1.960604041162918e-06,359.5,308.6015625,291.1011305021443,38.05,57.07610106536921,1024.83075,5752,137,117,(),4,6e+01 a1
yj_m,,False,1789621244056,0.833492083673606,1.0338064443614063,0.7481920171821232,0.017434895833333332,0.015650598414093782,0.020917890133388243,0.017904414816386653,4356.749999999999,454.8580538269604,1.0,0.0024488678200343937,1.960604041162918e-06,375.1875,324.2890625,291.1011305021443,38.05,57.07610106536921,1024.83075,6003,137,117,(),4,6e+01 a1
yj_m,,False,1789621244106,0.7897984564102712,1.0083611497221556,0.7481920171821232,0.016520917338709678,0.015650598414093782,0.020917890133388243,0.017904414816386653,4356.749999999999,454.8580538269604,1.0,0.0024488678200343937,1.960604041162918e-06,358.1875,307.2890625,291.1011305021443,38.05,57.07610106536921,1024.83075,5731,137,117,(),4,6e+01 a1
yj_m,,False,1789621244156,0.7337356773113599,0.9768396496468873,0.7481920171821232,0.015348202284946235,0.015650598414093782,0.020917890133388243,0.017904414816386653,4356.749999999999,454.8580538269604,1.0,0.0024488678200343937,1.960604041162918e-06,336.375,285.4765625,291.1011305021443,38.05,57.07610106536921,1024.83075,5382,137,117,(),4,6e+01 a1
yj_m,,False,1789621244206,0.738394189041642,0.9794079983748003,0.7481920171821232,0.015445648521505376,0.015650598414093782,0.020917890133388243,0.017904414816386653,4356.749999999999,454.8580538269604,1.0,0.0024488678200343937,1.960604041162918e-06,338.1875,287.2890625,291.1011305021443,38.05,57.07610106536921,1024.83075,5411,137,117,(),4,6e+01 a1
yj_m,,False,1789621244256,0.7297197189231859,0.9746332169508087,0.7481920171821232,0.01526419690860215,0.015650598414093782,0.020917890133388243,0.017904414816386653,4356.749999999999,454.8580538269604,1.0,0.0024488678200343937,1.960604041162918e-06,334.8125,283.9140625,291.1011305021443,38.05,57.07610106536921,1024.83075,5357,137,117,(),4,6e+01 a1
yj_m,,False,1789621244306,0.6770303448703409,0.9463650586387108,0.7481920171821232,0.014162046370967742,0.015650598414093782,0.020917890133388243,0.017904414816386653,4356.749999999999,454.8580538269604,1.0,0.0024488678200343937,1.960604041162918e-06,314.3125,263.4140625,291.1011305021443,38.05,57.07610106536921,1024.83075,5029,137,117,(),4,6e+01 a1
yj_m,,False,1789621244356,0.6551835312386733,0.935031502031371,0.7481920171821232,0.013705057123655913,0.015650598414093782,0.020917890133388243,0.017904414816386653,4356.749999999999,454.8580538269604,1.0,0.0024488678200343937,1.960604041162918e-06,305.8125,254.9140625,291.1011305021443,38.05,57.07610106536921,1024.83075,4893,137,117,(),4,6e+01 a1
yj_m,,False,1789621244406,0.6645005546992374,0.9398361443373656,0.7481920171821232,0.013899949596774193,0.015650598414093782,0.020917890133388243,0.017904414816386653,4356.749999999999,454.8580538269604,1.0,0.0024488678200343937,1.960604041162918e-06,309.4375,258.5390625,291.1011305021443,38.05,57.07610106536921,1024.83075,4951,137,117,(),4,6e+01 a1
yj_m,,False,1789621244456,0.6636973630216025,0.9394202524347135,0.7481920171821232,0.013883148521505375,0.015650598414093782,0.020917890133388243,0.017904414816386653,4356.749999999999,454.8580538269604,1.0,0.0024488678200343937,1.960604041162918e-06,309.125,258.2265625,291.1011305021443,38.05,57.07610106536921,1024.83075,4946,137,117,(),4,6e+01 a1
yj_m,,False,1789621244506,0.7729314311799397,0.9987397620993312,0.7481920171821232,0.016168094758064515,0.015650598414093782,0.020917890133388243,0.017904414816386653,4356.749999999999,454.8580538269604,1.0,0.0024488678200343937,1.960604041162918e-06,351.625,300.7265625,291.1011305021443,38.05,57.07610106536921,1024.83075,5626,137,117,(),4,6e+01 a1
yj_m,,False,1789621244556,0.7918867547721218,1.0095603530934123,0.7481920171821232,0.0165646001344086,0.015650598414093782,0.020917890133388243,0.017904414816386653,4356.749999999999,454.8580538269604,1.0,0.0024488678200343937,1.960604041162918e-06,359.0,308.1015625,291.1011305021443,38.05,57.07610106536921,1024.83075,5744,137,117,(),4,6e+01 a1
yj_m,,False,1789621244606,0.8259420819038387,1.0293574910275387,0.7481920171821232,0.01727696572580645,0.015650598414093782,0.020917890133388243,0.017904414816386653,4356.749999999999,454.8580538269604,1.0,0.0024488678200343937,1.960604041162918e-06,372.25,321.3515625,291.1011305021443,38.05,57.07610106536921,1024.83075,5956,137,117,(),4,6e+01 a1
yj_m,,False,1789621244656,0.8256208052327847,1.0291686473594506,0.7481920171821232,0.017270245295698924,0.015650598414093782,0.020917890133388243,0.017904414816386653,4356.749999999999,454.8580538269604,1.0,0.0024488678200343937,1.960604041162918e-06,372.125,321.2265625,291.1011305021443,38.05,57.07610106536921,1024.83075,5954,137,117,(),4,6e+01 a1
yj_m,,False,1789621244706,0.8352591053644027,1.0348507543864627,0.7481920171821232,0.01747185819892473,0.015650598414093782,0.020917890133388243,0.017904414816386653,4356.749999999999,454.8580538269604,1.0,0.0024488678200343937,1.960604041162918e-06,375.875,324.9765625,291.1011305021443,38.05,57.07610106536921,1024.83075,6014,137,117,(),4,6e+01 a1
yj_m,,False,1789621244756,0.8331708070025522,1.0336166942273484,0.7481920171821232,0.017428175403225808,0.015650598414093782,0.020917890133388243,0.017904414816386653,4356.749999999999,454.8580538269604,1.0,0.0024488678200343937,1.960604041162918e-06,375.0625,324.1640625,291.1011305021443,38.05,57.07610106536921,1024.83075,6001,138,117,(),4,6e+01 a1
yj_m,,False,1789621244806,0.7989548415353084,1.0136320564522416,0.7481920171821232,0.016712449596774193,0.015650598414093782,0.020917890133388243,0.017904414816386653,4356.749999999999,454.8580538269604,1.0,0.0024488678200343937,1.960604041162918e-06,361.75,310.8515625,291.1011305021443,38.05,57.07610106536921,1024.83075,5788,138,117,(),4,6e+01 a1
yj_m,,False,1789621244856,0.7597590876667285,0.9913071973503607,0.7481920171821232,0.015892557123655913,0.015650598414093782,0.020917890133388243,0.017904414816386653,4356.749999999999,454.8580538269604,1.0,0.0024488678200343937,1.960604041162918e-06,346.5,295.6015625,291.1011305021443,38.05,57.07610106536921,1024.83075,5544,138,118,(),4,6e+01 a1
yj_m,,False,1789621244906,0.7147803537191779,0.9664883972716727,0.7481920171821232,0.01495169690860215,0.015650598414093782,0.020917890133388243,0.017904414816386653,4356.749999999999,454.8580538269604,1.0,0.0024488678200343937,1.960604041162918e-06,329.0,278.1015625,291.1011305021443,38.05,57.07610106536921,1024.83075,5264,138,118,(),4,6e+01 a1
yj_m,,False,1789621244956,0.8423271921275893,1.0390395143657076,0.7481920171821232,0.017619707661290323,0.015650598414093782,0.020917890133388243,0.017904414816386653,4356.749999999999,454.8580538269604,1.0,0.0024488678200343937,1.960604041162918e-06,378.625,327.7265625,291.1011305021443,38.05,57.07610106536921,1024.83075,6058,138,118,(),4,6e+01 a1
yj_m,,False,1789621245006,0.7318080172850363,0.9757796733902694,0.7481920171821232,0.015307879704301074,0.015650598414093782,0.020917890133388243,0.017904414816386653,4356.749999999999,454.8580538269604,1.0,0.0024488678200343937,1.960604041162918e-06,335.625,284.7265625,291.1011305021443,38.05,57.07610106536921,1024.83075,5370,138,118,(),4,6e+01 a1
yj_m,,False,1789621245056,0.7449803607982477,0.9830552594229995,0.7481920171821232,0.015583417338709679,0.015650598414093782,0.020917890133388243,0.017904414816386653,4356.749999999999,454.8580538269604,1.0,0.0024488678200343937,1.960604041162918e-06,340.75,289.8515625,291.1011305021443,38.05,57.07610106536921,1024.83075,5452,138,118,(),4,6e+01 a1
yj_m,,False,1789621245106,0.7706824944825622,0.9974656865257522,0.7481920171821232,0.016121051747311828,0.015650598414093782,0.020917890133388243,0.017904414816386653,4356.749999999999,454.8580538269604,1.0,0.0024488678200343937,1.960604041162918e-06,350.75,299.8515625,291.1011305021443,38.05,57.07610106536921,1024.83075,5612,138,118,(),4,6e+01 a1
yj_m,,False,1789621245156,0.8267452735814734,1.0298297699552341,0.7481920171821232,0.017293766801075267,0.015650598414093782,0.020917890133388243,0.017904414816386653,4356.749999999999,454.8580538269604,1.0,0.0024488678200343937,1.960604041162918e-06,372.5625,321.6640625,291.1011305021443,38.05,57.07610106536921,1024.83075,5961,138,118,(),4,6e+01 a1
yj_m,,False,1789621245206,0.7788750495944375,1.0021169637781027,0.7481920171821232,0.016292422715053764,0.015650598414093782,0.020917890133388243,0.017904414816386653,4356.749999999999,454.8580538269604,1.0,0.0024488678200343937,1.960604041162918e-06,353.9375,303.0390625,291.1011305021443,38.05,57.07610106536921,1024.83075,5663,138,118,(),4,6e+01 a1
yj_m,,False,1789621245256,0.8288335719433241,1.0310588280371686,0.7481920171821232,0.017337449596774194,0.015650598414093782,0.020917890133388243,0.017904414816386653,4356.749999999999,454.8580538269604,1.0,0.0024488678200343937,1.960604041162918e-06,373.375,322.4765625,291.1011305021443,38.05,57.07610106536921,1024.83075,5974,138,118,(),4,6e+01 a1
yj_m,,False,1789621245306,0.7361452523442644,0.978166918479479,0.7481920171821232,0.015398605510752688,0.015650598414093782,0.020917890133388243,0.017904414816386653,4356.749999999999,454.8580538269604,1.0,0.0024488678200343937,1.960604041162918e-06,337.3125,286.4140625,291.1011305021443,38.05,57.07610106536921,1024.83075,5397,138,118,(),4,6e+01 a1
yj_m,,False,1789621245356,0.7342175923179408,0.9771048993785616,0.7481920171821232,0.015358282930107525,0.015650598414093782,0.020917890133388243,0.017904414816386653,4356.749999999999,454.8580538269604,1.0,0.0024488678200343937,1.960604041162918e-06,336.5625,285.6640625,291.1011305021443,38.05,57.07610106536921,1024.83075,5385,138,118,(),4,6e+01 a1
yj_m,,False,1789621245406,0.7311654639429286,0.9754267122130339,0.7481920171821232,0.015294438844086022,0.015650598414093782,0.020917890133388243,0.017904414816386653,4356.749999999999,454.8580538269604,1.0,0.0024488678200343937,1.960604041162918e-06,335.375,284.4765625,291.1011305021443,38.05,57.07610106536921,1024.83075,5366,138,118,(),4,6e+01 a1
yj_m,,False,1789621245456,0.7995973948774163,1.0140031904111826,0.7481920171821232,0.01672589045698925,0.015650598414093782,0.020917890133388243,0.017904414816386653,4356.749999999999,454.8580538269604,1.0,0.0024488678200343937,1.960604041162918e-06,362.0,311.1015625,291.1011305021443,38.05,57.07610106536921,1024.83075,5792,138,118,(),4,6e+01 a1
yj_m,,False,1789621245506,0.8058622899629679,1.01763023058148,0.7481920171821232,0.01685693884408602,0.015650598414093782,0.020917890133388243,0.017904414816386653,4356.749999999999,454.8580538269604,1.0,0.0024488678200343937,1.960604041162918e-06,364.4375,313.5390625,291.1011305021443,38.05,57.07610106536921,1024.83075,5831,138,118,(),4,6e+01 a1
yj_m,,False,1789621245556,0.8204803784959218,1.0261524446264556,0.7481920171821232,0.017162718413978494,0.015650598414093782,0.020917890133388243,0.017904414816386653,4356.749999999999,454.8580538269604,1.0,0.0024488678200343937,1.960604041162918e-06,370.125,319.2265625,291.1011305021443,38.05,57.07610106536921,1024.83075,5922,138,118,(),4,6e+01 a1
yj_m,,False,1789621245606,0.833492083673606,1.0338064443614063,0.7481920171821232,0.017434895833333332,0.015650598414093782,0.020917890133388243,0.017904414816386653,4356.749999999999,454.8580538269604,1.0,0.0024488678200343937,1.960604041162918e-06,375.1875,324.2890625,291.1011305021443,38.05,57.07610106536921,1024.83075,6003,138,118,(),4,6e+01 a1
yj_m,,False,1789621245656,0.7305229106008206,0.9750739334863259,0.7481920171821232,0.015280997983870967,0.015650598414093782,0.020917890133388243,0.017904414816386653,4356.749999999999,454.8580538269604,1.0,0.0024488678200343937,1.960604041162918e-06,335.125,284.2265625,291.1011305021443,38.05,57.07610106536921,1024.83075,5362,138,118,(),4,6e+01 a1
yj_m,,False,1789621245706,0.7820878163049768,1.0039484816999786,0.7481920171821232,0.01635962701612903,0.015650598414093782,0.020917890133388243,0.017904414816386653,4356.749999999999,454.8580538269604,1.0,0.0024488678200343937,1.960604041162918e-06,355.1875,304.2890625,291.1011305021443,38.05,57.07610106536921,1024.83075,5683,138,118,(),4,6e+01 a1
yj_m,,False,1789621245756,0.7342175923179408,0.9771048993785616,0.7481920171821232,0.015358282930107525,0.015650598414093782,0.020917890133388243,0.017904414816386653,4356.749999999999,454.8580538269604,1.0,0.0024488678200343937,1.960604041162918e-06,336.5625,285.6640625,291.1011305021443,38.05,57.07610106536921,1024.83075,5385,139,118,(),4,6e+01 a1
yj_m,,False,1789621245806,0.7228122704955262,0.9708548922002371,0.7481920171821232,0.015119707661290322,0.015650598414093782,0.020917890133388243,0.017904414816386653,4356.749999999999,454.8580538269604,1.0,0.0024488678200343937,1.960604041162918e-06,332.125,281.2265625,291.1011305021443,38.05,57.07610106536921,1024.83075,5314,139,118,(),4,6e+01 a1
yj_m,,False,1789621245856,0.6964675834691038,0.956643007501613,0.7481920171821232,0.014568632392473118,0.015650598414093782,0.020917890133388243,0.017904414816386653,4356.749999999999,454.8580538269604,1.0,0.0024488678200343937,1.960604041162918e-06,321.875,270.9765625,291.1011305021443,38.05,57.07610106536921,1024.83075,5150,139,119,(),4,6e+01 a1
yj_m,,False,1789621245906,0.8023282465813747,1.0155823194628806,0.7481920171821232,0.016783014112903227,0.015650598414093782,0.020917890133388243,0.017904414816386653,4356.749999999999,454.8580538269604,1.0,0.0024488678200343937,1.960604041162918e-06,363.0625,312.1640625,291.1011305021443,38.05,57.07610106536921,1024.83075,5809,139,119,(),4,6e+01 a1
yj_m,,False,1789621245956,0.7965452665024039,1.0122417536132415,0.7481920171821232,0.016662046370967742,0.015650598414093782,0.020917890133388243,0.017904414816386653,4356.749999999999,454.8580538269604,1.0,0.0024488678200343937,1.960604041162918e-06,360.8125,309.9140625,291.1011305021443,38.05,57.07610106536921,1024.83075,5773,139,119,(),4,6e+01 a1
yj_m,,False,1789621246006,0.7971878198445118,1.0126122769461146,0.7481920171821232,0.016675487231182798,0.015650598414093782,0.020917890133388243,0.017904414816386653,4356.749999999999,454.8580538269604,1.0,0.0024488678200343937,1.960604041162918e-06,361.0625,310.1640625,291.1011305021443,38.05,57.07610106536921,1024.83075,5777,139,119,(),4,6e+01 a1
yj_m,,False,1789621246056,0.834455913686768,1.0343759245599584,0.7481920171821232,0.017455057123655915,0.015650598414093782,0.020917890133388243,0.017904414816386653,4356.749999999999,454.8580538269604,1.0,0.0024488678200343937,1.960604041162918e-06,375.5625,324.6640625,291.1011305021443,38.05,57.07610106536921,1024.83075,6009,139,119,(),4,6e+01 a1
yj_m,,False,1789621246106,0.7555824909430273,0.988965706066785,0.7481920171821232,0.015805191532258064,0.015650598414093782,0.020917890133388243,0.017904414816386653,4356.749999999999,454.8580538269604,1.0,0.0024488678200343937,1.960604041162918e-06,344.875,293.9765625,291.1011305021443,38.05,57.07610106536921,1024.83075,5518,139,119,(),4,6e+01 a1
yj_m,,False,1789621246156,0.8384718720749421,1.0367524577590272,0.7481920171821232,0.0175390625,0.015650598414093782,0.020917890133388243,0.017904414816386653,4356.749999999999,454.8580538269604,1.0,0.0024488678200343937,1.960604041162918e-06,377.125,326.2265625,291.1011305021443,38.05,57.07610106536921,1024.83075,6034,139,119,(),4,6e+01 a1
yj_m,,False,1789621246206,0.81582186676564,1.0234276716233357,0.7481920171821232,0.017065272177419356,0.015650598414093782,0.020917890133388243,0.017904414816386653,4356.749999999999,454.8580538269604,1.0,0.0024488678200343937,1.960604041162918e-06,368.3125,317.4140625,291.1011305021443,38.05,57.07610106536921,1024.83075,5893,139,119,(),4,6e+01 a1
yj_m,,False,1789621246256,0.8122878233840465,1.0213661375228957,0.7481920171821232,0.01699134744623656,0.015650598414093782,0.020917890133388243,0.017904414816386653,4356.749999999999,454.8580538269604,1.0,0.0024488678200343937,1.960604041162918e-06,366.9375,316.0390625,291.1011305021443,38.05,57.07610106536921,1024.83075,5871,139,119,(),4,6e+01 a1
yj_m,,False,1789621246306,0.800882501561632,1.0147459453789154,0.7481920171821232,0.016752772177419356,0.015650598414093782,0.020917890133388243,0.017904414816386653,4356.749999999999,454.8580538269604,1.0,0.0024488678200343937,1.960604041162918e-06,362.5,311.6015625,291.1011305021443,38.05,57.07610106536921,1024.83075,5800,139,119,(),4,6e+01 a1
yj_m,,False,1789621246356,0.8066654816406028,1.0180963438479682,0.7481920171821232,0.01687373991935484,0.015650598414093782,0.020917890133388243,0.017904414816386653,4356.749999999999,454.8580538269604,1.0,0.0024488678200343937,1.960604041162918e-06,364.75,313.8515625,291.1011305021443,38.05,57.07610106536921,1024.83075,5836,139,119,(),4,6e+01 a1
yj_m,,False,1789621246406,0.8278697419301624,1.030491367349062,0.7481920171821232,0.017317288306451614,0.015650598414093782,0.020917890133388243,0.017904414816386653,4356.749999999999,454.8580538269604,1.0,0.0024488678200343937,1.960604041162918e-06,373.0,322.1015625,291.1011305021443,38.05,57.07610106536921,1024.83075,5968,139,119,(),4,6e+01 a1
yj_m,,False,1789621246456,0.8815229459961691,1.0625935938066107,0.7481920171821232,0.018439600134408603,0.015650598414093782,0.020917890133388243,0.017904414816386653,4356.749999999999,454.8580538269604,1.0,0.0024488678200343937,1.960604041162918e-06,393.875,342.9765625,291.1011305021443,38.05,57.07610106536921,1024.83075,6302,139,119,(),4,6e+01 a1
yj_m,,False,1789621246506,0.8757399659171983,1.0590845123340424,0.7481920171821232,0.018318632392473118,0.015650598414093782,0.020917890133388243,0.017904414816386653,4356.749999999999,454.8580538269604,1.0,0.0024488678200343937,1.960604041162918e-06,391.625,340.7265625,291.1011305021443,38.05,57.07610106536921,1024.83075,6266,139,119,(),4,6e+01 a1
yj_m,,False,1789621246556,0.8742942208974556,1.0582090415259071,0.7481920171821232,0.018288390456989247,0.015650598414093782,0.020917890133388243,0.017904414816386653,4356.749999999999,454.8580538269604,1.0,0.0024488678200343937,1.960604041162918e-06,391.0625,340.1640625,291.1011305021443,38.05,57.07610106536921,1024.83075,6257,139,119,(),4,6e+01 a1
yj_m,,False,1789621246606,0.8048984599498061,1.0170712260924673,0.7481920171821232,0.016836777553763442,0.015650598414093782,0.020917890133388243,0.017904414816386653,4356.749999999999,454.8580538269604,1.0,0.0024488678200343937,1.960604041162918e-06,364.0625,313.1640625,291.1011305021443,38.05,57.07610106536921,1024.83075,5825,139,119,(),4,6e+01 a1
yj_m,,False,1789621246656,0.8111633550353577,1.020711201633955,0.7481920171821232,0.016967825940860215,0.015650598414093782,0.020917890133388243,0.017904414816386653,4356.749999999999,454.8580538269604,1.0,0.0024488678200343937,1.960604041162918e-06,366.5,315.6015625,291.1011305021443,38.05,57.07610106536921,1024.83075,5864,139,119,(),4,6e+01 a1
yj_m,,False,1789621246706,0.7848186680089352,1.0055085620800925,0.7481920171821232,0.01641675067204301,0.015650598414093782,0.020917890133388243,0.017904414816386653,4356.749999999999,454.8580538269604,1.0,0.0024488678200343937,1.960604041162918e-06,356.25,305.3515625,291.1011305021443,38.05,57.07610106536921,1024.83075,5700,139,119,(),4,6e+01 a1
yj_m,,False,1789621246756,0.7571888742982971,0.9898654072005357,0.7481920171821232,0.0158387936827957,0.015650598414093782,0.020917890133388243,0.017904414816386653,4356.749999999999,454.8580538269604,1.0,0.0024488678200343937,1.960604041162918e-06,345.5,294.6015625,291.1011305021443,38.05,57.07610106536921,1024.83075,5528,140,119,(),4,6e+01 a1
yj_m,,False,1789621246806,0.7885133497260556,1.007624045062862,0.7481920171821232,0.01649403561827957,0.015650598414093782,0.020917890133388243,0.017904414816386653,4356.749999999999,454.8580538269604,1.0,0.0024488678200343937,1.960604041162918e-06,357.6875,306.7890625,291.1011305021443,38.05,57.07610106536921,1024.83075,5723,140,119,(),4,6e+01 a1
yj_m,,False,1789621246856,0.8460218738447095,1.04123637670902,0.7481920171821232,0.01769699260752688,0.015650598414093782,0.020917890133388243,0.017904414816386653,4356.749999999999,454.8580538269604,1.0,0.0024488678200343937,1.960604041162918e-06,380.0625,329.1640625,291.1011305021443,38.05,57.07610106536921,1024.83075,6081,140,120,(),4,6e+01 a1
yj_m,,False,1789621246906,0.8233718685354072,1.0278478302260994,0.7481920171821232,0.017223202284946237,0.015650598414093782,0.020917890133388243,0.017904414816386653,4356.749999999999,454.8580538269604,1.0,0.0024488678200343937,1.960604041162918e-06,371.25,320.3515625,291.1011305021443,38.05,57.07610106536921,1024.83075,5940,140,120,(),4,6e+01 a1
yj_m,,False,1789621246956,0.7650601527391184,0.9942896594204989,0.7481920171821232,0.016003444220430107,0.015650598414093782,0.020917890133388243,0.017904414816386653,4356.749999999999,454.8580538269604,1.0,0.0024488678200343937,1.960604041162918e-06,348.5625,297.6640625,291.1011305021443,38.05,57.07610106536921,1024.83075,5577,140,120,(),4,6e+01 a1
yj_m,,False,1789621247006,0.7372697206929532,0.9787871819174107,0.7481920171821232,0.015422127016129031,0.015650598414093782,0.020917890133388243,0.017904414816386653,4356.749999999999,454.8580538269604,1.0,0.0024488678200343937,1.960604041162918e-06,337.75,286.8515625,291.1011305021443,38.05,57.07610106536921,1024.83075,5404,140,120,(),4,6e+01 a1
yj_m,,False,1789621247056,0.7324505706271442,0.9761328168201151,0.7481920171821232,0.01532132056451613,0.015650598414093782,0.020917890133388243,0.017904414816386653,4356.749999999999,454.8580538269604,1.0,0.0024488678200343937,1.960604041162918e-06,335.875,284.9765625,291.1011305021443,38.05,57.07610106536921,1024.83075,5374,140,120,(),4,6e+01 a1
yj_m,,False,1789621247106,0.7497995108640567,0.9857358627737501,0.7481920171821232,0.015684223790322582,0.015650598414093782,0.020917890133388243,0.017904414816386653,4356.749999999999,454.8580538269604,1.0,0.0024488678200343937,1.960604041162918e-06,342.625,291.7265625,291.1011305021443,38.05,57.07610106536921,1024.83075,5482,140,120,(),4,6e+01 a1
yj_m,,False,1789621247156,0.7881920730550016,1.0074398722872848,0.7481920171821232,0.016487315188172043,0.015650598414093782,0.020917890133388243,0.017904414816386653,4356.749999999999,454.8580538269604,1.0,0.0024488678200343937,1.960604041162918e-06,357.5625,306.6640625,291.1011305021443,38.05,57.07610106536921,1024.83075,5721,140,120,(),4,6e+01 a1
yj_m,,False,1789621247206,0.7271495055547544,0.9732248463622586,0.7481920171821232,0.015210433467741936,0.015650598414093782,0.020917890133388243,0.017904414816386653,4356.749999999999,454.8580538269604,1.0,0.0024488678200343937,1.960604041162918e-06,333.8125,282.9140625,291.1011305021443,38.05,57.07610106536921,1024.83075,5341,140,120,(),4,6e+01 a1
yj_m,,False,1789621247256,0.8293154869499051,1.0313426887615516,0.7481920171821232,0.017347530241935485,0.015650598414093782,0.020917890133388243,0.017904414816386653,4356.749999999999,454.8580538269604,1.0,0.0024488678200343937,1.960604041162918e-06,373.5625,322.6640625,291.1011305021443,38.05,57.07610106536921,1024.83075,5977,140,120,(),4,6e+01 a1
yj_m,,False,1789621247306,0.7069090752783567,0.962237662884318,0.7481920171821232,0.014787046370967743,0.015650598414093782,0.020917890133388243,0.017904414816386653,4356.749999999999,454.8580538269604,1.0,0.0024488678200343937,1.960604041162918e-06,325.9375,275.0390625,291.1011305021443,38.05,57.07610106536921,1024.83075,5215,140,120,(),4,6e+01 a1
yj_m,,False,1789621247356,0.6781548132190296,0.9469547250720476,0.7481920171821232,0.014185567876344085,0.015650598414093782,0.020917890133388243,0.017904414816386653,4356.749999999999,454.8580538269604,1.0,0.0024488678200343937,1.960604041162918e-06,314.75,263.8515625,291.1011305021443,38.05,57.07610106536921,1024.83075,5036,140,120,(),4,6e+01 a1
yj_m,,False,1789621247406,0.7976697348510926,1.0128902764765122,0.7481920171821232,0.016685567876344086,0.015650598414093782,0.020917890133388243,0.017904414816386653,4356.749999999999,454.8580538269604,1.0,0.0024488678200343937,1.960604041162918e-06,361.25,310.3515625,291.1011305021443,38.05,57.07610106536921,1024.83075,5780,140,120,(),4,6e+01 a1
yj_m,,False,1789621247456,0.8383112337394152,1.0366572821952704,0.7481920171821232,0.017535702284946237,0.015650598414093782,0.020917890133388243,0.017904414816386653,4356.749999999999,454.8580538269604,1.0,0.0024488678200343937,1.960604041162918e-06,377.0625,326.1640625,291.1011305021443,38.05,57.07610106536921,1024.83075,6033,140,120,(),4,6e+01 a1
yj_m,,False,1789621247506,0.733896315646887,0.9769280548744744,0.7481920171821232,0.0153515625,0.015650598414093782,0.020917890133388243,0.017904414816386653,4356.749999999999,454.8580538269604,1.0,0.0024488678200343937,1.960604041162918e-06,336.4375,285.5390625,291.1011305021443,38.05,57.07610106536921,1024.83075,5383,140,120,(),4,6e+01 a1
yj_m,,False,1789621247556,0.8185527184695983,1.025023949566628,0.7481920171821232,0.017122395833333335,0.015650598414093782,0.020917890133388243,0.017904414816386653,4356.749999999999,454.8580538269604,1.0,0.0024488678200343937,1.960604041162918e-06,369.375,318.4765625,291.1011305021443,38.05,57.07610106536921,1024.83075,5910,140,120,(),4,6e+01 a1
yj_m,,False,1789621247606,0.7213665254757835,0.9700667779733386,0.7481920171821232,0.015089465725806451,0.015650598414093782,0.020917890133388243,0.017904414816386653,4356.749999999999,454.8580538269604,1.0,0.0024488678200343937,1.960604041162918e-06,331.5625,280.6640625,291.1011305021443,38.05,57.07610106536921,1024.83075,5305,140,120,(),4,6e+01 a1
yj_m,,False,1789621247656,0.8402388937657387,1.0378000151835582,0.7481920171821232,0.017576024865591396,0.015650598414093782,0.020917890133388243,0.017904414816386653,4356.749999999999,454.8580538269604,1.0,0.0024488678200343937,1.960604041162918e-06,377.8125,326.9140625,291.1011305021443,38.05,57.07610106536921,1024.83075,6045,140,120,(),4,6e+01 a1
yj_m,,False,1789621247706,0.7613654710219983,0.9922097292686913,0.7481920171821232,0.01592615927419355,0.015650598414093782,0.020917890133388243,0.017904414816386653,4356.749999999999,454.8580538269604,1.0,0.0024488678200343937,1.960604041162918e-06,347.125,296.2265625,291.1011305021443,38.05,57.07610106536921,1024.83075,5554,140,120,(),4,6e+01 a1
yj_m,,False,1789621247756,0.7610441943509443,0.9920291361163519,0.7481920171821232,0.01591943884408602,0.015650598414093782,0.020917890133388243,0.017904414816386653,4356.749999999999,454.8580538269604,1.0,0.0024488678200343937,1.960604041162918e-06,347.0,296.1015625,291.1011305021443,38.05,57.07610106536921,1024.83075,5552,141,120,(),4,6e+01 a1
yj_m,,False,1789621247806,0.8471463421933982,1.0419059727881563,0.7481920171821232,0.017720514112903225,0.015650598414093782,0.020917890133388243,0.017904414816386653,4356.749999999999,454.8580538269604,1.0,0.0024488678200343937,1.960604041162918e-06,380.5,329.6015625,291.1011305021443,38.05,57.07610106536921,1024.83075,6088,141,120,(),4,6e+01 a1
yj_m,,False,1789621247856,0.8465037888512904,1.0415232902601763,0.7481920171821232,0.017707073252688173,0.015650598414093782,0.020917890133388243,0.017904414816386653,4356.749999999999,454.8580538269604,1.0,0.0024488678200343937,1.960604041162918e-06,380.25,329.3515625,291.1011305021443,38.05,57.07610106536921,1024.83075,6084,141,121,(),4,6e+01 a1
yj_m,,False,1789621247906,0.8367048503841454,1.0357060494654164,0.7481920171821232,0.017502100134408602,0.015650598414093782,0.020917890133388243,0.017904414816386653,4356.749999999999,454.8580538269604,1.0,0.0024488678200343937,1.960604041162918e-06,376.4375,325.5390625,291.1011305021443,38.05,57.07610106536921,1024.83075,6023,141,121,(),4,6e+01 a1
yj_m,,False,1789621247956,0.7578314276404049,0.9902255933401638,0.7481920171821232,0.01585223454301075,0.015650598414093782,0.020917890133388243,0.017904414816386653,4356.749999999999,454.8580538269604,1.0,0.0024488678200343937,1.960604041162918e-06,345.75,294.8515625,291.1011305021443,38.05,57.07610106536921,1024.83075,5532,141,121,(),4,6e+01 a1
yj_m,,False,1789621248006,0.7322899322916173,0.9760445138872882,0.7481920171821232,0.015317960349462367,0.015650598414093782,0.020917890133388243,0.017904414816386653,4356.749999999999,454.8580538269604,1.0,0.0024488678200343937,1.960604041162918e-06,335.8125,284.9140625,291.1011305021443,38.05,57.07610106536921,1024.83075,5373,141,121,(),4,6e+01 a1
yj_m,,False,1789621248056,0.7465867441535173,0.9839476839335155,0.7481920171821232,0.015617019489247312,0.015650598414093782,0.020917890133388243,0.017904414816386653,4356.749999999999,454.8580538269604,1.0,0.0024488678200343937,1.960604041162918e-06,341.375,290.4765625,291.1011305021443,38.05,57.07610106536921,1024.83075,5462,141,121,(),4,6e+01 a1
yj_m,,False,1789621248106,0.8342952753512408,1.0342809872717857,0.7481920171821232,0.017451696908602148,0.015650598414093782,0.020917890133388243,0.017904414816386653,4356.749999999999,454.8580538269604,1.0,0.0024488678200343937,1.960604041162918e-06,375.5,324.6015625,291.1011305021443,38.05,57.07610106536921,1024.83075,6008,141,121,(),4,6e+01 a1
yj_m,,False,1789621248156,0.8635314524171488,1.0517145075244132,0.7481920171821232,0.018063256048387096,0.015650598414093782,0.020917890133388243,0.017904414816386653,4356.749999999999,454.8580538269604,1.0,0.0024488678200343937,1.960604041162918e-06,386.875,335.9765625,291.1011305021443,38.05,57.07610106536921,1024.83075,6190,141,121,(),4,6e+01 a1
yj_m,,False,1789621248206,0.862728260739514,1.051231469047655,0.7481920171821232,0.01804645497311828,0.015650598414093782,0.020917890133388243,0.017904414816386653,4356.749999999999,454.8580538269604,1.0,0.0024488678200343937,1.960604041162918e-06,386.5625,335.6640625,291.1011305021443,38.05,57.07610106536921,1024.83075,6185,141,121,(),4,6e+01 a1
yj_m,,False,1789621248256,0.848592087213141,1.0427675555928606,0.7481920171821232,0.0177507560483871,0.015650598414093782,0.020917890133388243,0.017904414816386653,4356.749999999999,454.8580538269604,1.0,0.0024488678200343937,1.960604041162918e-06,381.0625,330.1640625,291.1011305021443,38.05,57.07610106536921,1024.83075,6097,141,121,(),4,6e+01 a1
yj_m,,False,1789621248306,0.7767867512325869,1.0009287313903177,0.7481920171821232,0.016248739919354837,0.015650598414093782,0.020917890133388243,0.017904414816386653,4356.749999999999,454.8580538269604,1.0,0.0024488678200343937,1.960604041162918e-06,353.125,302.2265625,291.1011305021443,38.05,57.07610106536921,1024.83075,5650,141,121,(),4,6e+01 a1
yj_m,,False,1789621248356,0.7830516463181387,1.0044987538940315,0.7481920171821232,0.016379788306451613,0.015650598414093782,0.020917890133388243,0.017904414816386653,4356.749999999999,454.8580538269604,1.0,0.0024488678200343937,1.960604041162918e-06,355.5625,304.6640625,291.1011305021443,38.05,57.07610106536921,1024.83075,5689,141,121,(),4,6e+01 a1
yj_m,,False,1789621248406,0.8283516569367432,1.0307750542090763,0.7481920171821232,0.017327368951612902,0.015650598414093782,0.020917890133388243,0.017904414816386653,4356.749999999999,454.8580538269604,1.0,0.0024488678200343937,1.960604041162918e-06,373.1875,322.2890625,291.1011305021443,38.05,57.07610106536921,1024.83075,5971,141,121,(),4,6e+01 a1
yj_m,,False,1789621248456,0.8363835737130917,1.0355159171446422,0.7481920171821232,0.017495379704301078,0.015650598414093782,0.020917890133388243,0.017904414816386653,4356.749999999999,454.8580538269604,1.0,0.0024488678200343937,1.960604041162918e-06,376.3125,325.4140625,291.1011305021443,38.05,57.07610106536921,1024.83075,6021,141,121,(),4,6e+01 a1
yj_m,,False,1789621248506,0.8457005971736555,1.0410451478778417,0.7481920171821232,0.017690272177419353,0.015650598414093782,0.020917890133388243,0.017904414816386653,4356.749999999999,454.8580538269604,1.0,0.0024488678200343937,1.960604041162918e-06,379.9375,329.0390625,291.1011305021443,38.05,57.07610106536921,1024.83075,6079,141,121,(),4,6e+01 a1
yj_m,,False,1789621248556,0.8267452735814734,1.0298297699552341,0.7481920171821232,0.017293766801075267,0.015650598414093782,0.020917890133388243,0.017904414816386653,4356.749999999999,454.8580538269604,1.0,0.0024488678200343937,1.960604041162918e-06,372.5625,321.6640625,291.1011305021443,38.05,57.07610106536921,1024.83075,5961,141,121,(),4,6e+01 a1
yj_m,,False,1789621248606,0.8077899499892914,1.0187493235472254,0.7481920171821232,0.01689726142473118,0.015650598414093782,0.020917890133388243,0.017904414816386653,4356.749999999999,454.8580538269604,1.0,0.0024488678200343937,1.960604041162918e-06,365.1875,314.2890625,291.1011305021443,38.05,57.07610106536921,1024.83075,5843,141,121,(),4,6e+01 a1
yj_m,,False,1789621248656,0.8757399659171983,1.0590845123340424,0.7481920171821232,0.018318632392473118,0.015650598414093782,0.020917890133388243,0.017904414816386653,4356.749999999999,454.8580538269604,1.0,0.0024488678200343937,1.960604041162918e-06,391.625,340.7265625,291.1011305021443,38.05,57.07610106536921,1024.83075,6266,141,121,(),4,6e+01 a1
yj_m,,False,1789621248706,0.8656197507789994,1.0529714711737608,0.7481920171821232,0.018106938844086023,0.015650598414093782,0.020917890133388243,0.017904414816386653,4356.749999999999,454.8580538269604,1.0,0.0024488678200343937,1.960604041162918e-06,387.6875,336.7890625,291.1011305021443,38.05,57.07610106536921,1024.83075,6203,141,121,(),4,6e+01 a1
yj_m,,False,1789621248756,0.7967059048379307,1.012334369147958,0.7481920171821232,0.016665406586021503,0.015650598414093782,0.020917890133388243,0.017904414816386653,4356.749999999999,454.8580538269604,1.0,0.0024488678200343937,1.960604041162918e-06,360.875,309.9765625,291.1011305021443,38.05,57.07610106536921,1024.83075,5774,142,121,(),4,6e+01 a1
yj_m,,False,1789621248806,0.790762286423433,1.0089144118168922,0.7481920171821232,0.016541078629032258,0.015650598414093782,0.020917890133388243,0.017904414816386653,4356.749999999999,454.8580538269604,1.0,0.0024488678200343937,1.960604041162918e-06,358.5625,307.6640625,291.1011305021443,38.05,57.07610106536921,1024.83075,5737,142,121,(),4,6e+01 a1
yj_m,,False,1789621248856,0.8126091000551005,1.0215533514973292,0.7481920171821232,0.016998067876344086,0.015650598414093782,0.020917890133388243,0.017904414816386653,4356.749999999999,454.8580538269604,1.0,0.0024488678200343937,1.960604041162918e-06,367.0625,316.1640625,291.1011305021443,38.05,57.07610106536921,1024.83075,5873,142,122,(),4,6e+01 a1
yj_m,,False,1789621248906,0.7041782235743982,0.9607695630465601,0.7481920171821232,0.014729922715053764,0.015650598414093782,0.020917890133388243,0.017904414816386653,4356.749999999999,454.8580538269604,1.0,0.0024488678200343937,1.960604041162918e-06,324.875,273.9765625,291.1011305021443,38.05,57.07610106536921,1024.83075,5198,142,122,(),4,6e+01 a1
yj_m,,False,1789621248956,0.6673920447387228,0.9413359910527617,0.7481920171821232,0.013960433467741935,0.015650598414093782,0.020917890133388243,0.017904414816386653,4356.749999999999,454.8580538269604,1.0,0.0024488678200343937,1.960604041162918e-06,310.5625,259.6640625,291.1011305021443,38.05,57.07610106536921,1024.83075,4969,142,122,(),4,6e+01 a1
yj_m,,False,1789621249006,0.6646611930347643,0.9399193609763734,0.7481920171821232,0.013903309811827956,0.015650598414093782,0.020917890133388243,0.017904414816386653,4356.749999999999,454.8580538269604,1.0,0.0024488678200343937,1.960604041162918e-06,309.5,258.6015625,291.1011305021443,38.05,57.07610106536921,1024.83075,4952,142,122,(),4,6e+01 a1
yj_m,,False,1789621249056,0.6653037463768723,0.9402523549477984,0.7481920171821232,0.013916750672043012,0.015650598414093782,0.020917890133388243,0.017904414816386653,4356.749999999999,454.8580538269604,1.0,0.0024488678200343937,1.960604041162918e-06,309.75,258.8515625,291.1011305021443,38.05,57.07610106536921,1024.83075,4956,142,122,(),4,6e+01 a1
yj_m,,False,1789621249106,0.6787973665611375,0.9472919515781661,0.7481920171821232,0.014199008736559141,0.015650598414093782,0.020917890133388243,0.017904414816386653,4356.749999999999,454.8580538269604,1.0,0.0024488678200343937,1.960604041162918e-06,315.0,264.1015625,291.1011305021443,38.05,57.07610106536921,1024.83075,5040,142,122,(),4,6e+01 a1
yj_m,,False,1789621249156,0.6720505564690049,0.9437610488664371,0.7481920171821232,0.014057879704301076,0.015650598414093782,0.020917890133388243,0.017904414816386653,4356.749999999999,454.8580538269604,1.0,0.0024488678200343937,1.960604041162918e-06,312.375,261.4765625,291.1011305021443,38.05,57.07610106536921,1024.83075,4998,142,122,(),4,6e+01 a1
yj_m,,False,1789621249206,0.6744601315019094,0.9450195489647221,0.7481920171821232,0.014108282930107527,0.015650598414093782,0.020917890133388243,0.017904414816386653,4356.749999999999,454.8580538269604,1.0,0.0024488678200343937,1.960604041162918e-06,313.3125,262.4140625,291.1011305021443,38.05,57.07610106536921,1024.83075,5013,142,122,(),4,6e+01 a1
yj_m,,False,1789621249256,0.7401612107324386,0.9803846818913596,0.7481920171821232,0.015482610887096772,0.015650598414093782,0.020917890133388243,0.017904414816386653,4356.749999999999,454.8580538269604,1.0,0.0024488678200343937,1.960604041162918e-06,338.875,287.9765625,291.1011305021443,38.05,57.07610106536921,1024.83075,5422,142,122,(),4,6e+01 a1
yj_m,,False,1789621249306,0.7469080208245713,0.9841263022460103,0.7481920171821232,0.01562373991935484,0.015650598414093782,0.020917890133388243,0.017904414816386653,4356.749999999999,454.8580538269604,1.0,0.0024488678200343937,1.960604041162918e-06,341.5,290.6015625,291.1011305021443,38.05,57.07610106536921,1024.83075,5464,142,122,(),4,6e+01 a1
yj_m,,False,1789621249356,0.8558208123118545,1.0470867724940744,0.7481920171821232,0.017901965725806452,0.015650598414093782,0.020917890133388243,0.017904414816386653,4356.749999999999,454.8580538269604,1.0,0.0024488678200343937,1.960604041162918e-06,383.875,332.9765625,291.1011305021443,38.05,57.07610106536921,1024.83075,6142,142,122,(),4,6e+01 a1
yj_m,,False,1789621249406,0.7293984422521319,0.974457010332126,0.7481920171821232,0.015257476478494623,0.015650598414093782,0.020917890133388243,0.017904414816386653,4356.749999999999,454.8580538269604,1.0,0.0024488678200343937,1.960604041162918e-06,334.6875,283.7890625,291.1011305021443,38.05,57.07610106536921,1024.83075,5355,142,122,(),4,6e+01 a1
yj_m,,False,1789621249456,0.7750197295417903,0.9999246968040061,0.7481920171821232,0.01621177755376344,0.015650598414093782,0.020917890133388243,0.017904414816386653,4356.749999999999,454.8580538269604,1.0,0.0024488678200343937,1.960604041162918e-06,352.4375,301.5390625,291.1011305021443,38.05,57.07610106536921,1024.83075,5639,142,122,(),4,6e+01 a1
yj_m,,False,1789621249506,0.8881091177527747,1.0666039650585046,0.7481920171821232,0.018577368951612903,0.015650598414093782,0.020917890133388243,0.017904414816386653,4356.749999999999,454.8580538269604,1.0,0.0024488678200343937,1.960604041162918e-06,396.4375,345.5390625,291.1011305021443,38.05,57.07610106536921,1024.83075,6343,142,122,(),4,6e+01 a1
yj_m,,False,1789621249556,0.887466564410667,1.06621206124731,0.7481920171821232,0.01856392809139785,0.015650598414093782,0.020917890133388243,0.017904414816386653,4356.749999999999,454.8580538269604,1.0,0.0024488678200343937,1.960604041162918e-06,396.1875,345.2890625,291.1011305021443,38.05,57.07610106536921,1024.83075,6339,142,122,(),4,6e+01 a1
yj_m,,False,1789621249606,0.85341123727895,1.045644947890361,0.7481920171821232,0.0178515625,0.015650598414093782,0.020917890133388243,0.017904414816386653,4356.749999999999,454.8580538269604,1.0,0.0024488678200343937,1.960604041162918e-06,382.9375,332.0390625,291.1011305021443,38.05,57.07610106536921,1024.83075,6127,142,122,(),4,6e+01 a1
yj_m,,False,1789621249656,0.8384718720749421,1.0367524577590272,0.7481920171821232,0.0175390625,0.015650598414093782,0.020917890133388243,0.017904414816386653,4356.749999999999,454.8580538269604,1.0,0.0024488678200343937,1.960604041162918e-06,377.125,326.2265625,291.1011305021443,38.05,57.07610106536921,1024.83075,6034,142,122,(),4,6e+01 a1
yj_m,,False,1789621249706,0.8405601704367927,1.0379906033583937,0.7481920171821232,0.017582745295698924,0.015650598414093782,0.020917890133388243,0.017904414816386653,4356.749999999999,454.8580538269604,1.0,0.0024488678200343937,1.960604041162918e-06,377.9375,327.0390625,291.1011305021443,38.05,57.07610106536921,1024.83075,6047,142,122,(),4,6e+01 a1
yj_m,,False,1789621249756,0.8564633656539623,1.0474716097130603,0.7481920171821232,0.017915406586021504,0.015650598414093782,0.020917890133388243,0.017904414816386653,4356.749999999999,454.8580538269604,1.0,0.0024488678200343937,1.960604041162918e-06,384.125,333.2265625,291.1011305021443,38.05,57.07610106536921,1024.83075,6146,143,122,(),4,6e+01 a1
yj_m,,False,1789621249806,0.853250598943423,1.0455489002085958,0.7481920171821232,0.017848202284946237,0.015650598414093782,0.020917890133388243,0.017904414816386653,4356.749999999999,454.8580538269604,1.0,0.0024488678200343937,1.960604041162918e-06,382.875,331.9765625,291.1011305021443,38.05,57.07610106536921,1024.83075,6126,143,122,(),4,6e+01 a1
yj_m,,False,1789621249856,0.8559814506473815,1.0471829679773965,0.7481920171821232,0.017905325940860216,0.015650598414093782,0.020917890133388243,0.017904414816386653,4356.749999999999,454.8580538269604,1.0,0.0024488678200343937,1.960604041162918e-06,383.9375,333.0390625,291.1011305021443,38.05,57.07610106536921,1024.83075,6143,143,123,(),4,6e+01 a1
yj_m,,False,1789621249906,0.8609612390487174,1.0501695865130618,0.7481920171821232,0.01800949260752688,0.015650598414093782,0.020917890133388243,0.017904414816386653,4356.749999999999,454.8580538269604,1.0,0.0024488678200343937,1.960604041162918e-06,385.875,334.9765625,291.1011305021443,38.05,57.07610106536921,1024.83075,6174,143,123,(),4,6e+01 a1
yj_m,,False,1789621249956,0.7767867512325869,1.0009287313903177,0.7481920171821232,0.016248739919354837,0.015650598414093782,0.020917890133388243,0.017904414816386653,4356.749999999999,454.8580538269604,1.0,0.0024488678200343937,1.960604041162918e-06,353.125,302.2265625,291.1011305021443,38.05,57.07610106536921,1024.83075,5650,143,123,(),4,6e+01 a1
yj_m,,False,1789621250006,0.7448197224627207,0.982966078190548,0.7481920171821232,0.015580057123655913,0.015650598414093782,0.020917890133388243,0.017904414816386653,4356.749999999999,454.8580538269604,1.0,0.0024488678200343937,1.960604041162918e-06,340.6875,289.7890625,291.1011305021443,38.05,57.07610106536921,1024.83075,5451,143,123,(),4,6e+01 a1
yj_m,,False,1789621250056,0.7774293045746948,1.0012941516858764,0.7481920171821232,0.016262180779569892,0.015650598414093782,0.020917890133388243,0.017904414816386653,4356.749999999999,454.8580538269604,1.0,0.0024488678200343937,1.960604041162918e-06,353.375,302.4765625,291.1011305021443,38.05,57.07610106536921,1024.83075,5654,143,123,(),4,6e+01 a1
yj_m,,False,1789621250106,0.8370261270551994,1.0358962198892199,0.7481920171821232,0.01750882056451613,0.015650598414093782,0.020917890133388243,0.017904414816386653,4356.749999999999,454.8580538269604,1.0,0.0024488678200343937,1.960604041162918e-06,376.5625,325.6640625,291.1011305021443,38.05,57.07610106536921,1024.83075,6025,143,123,(),4,6e+01 a1
yj_m,,False,1789621250156,0.7690761111272927,0.9965569117444146,0.7481920171821232,0.016087449596774196,0.015650598414093782,0.020917890133388243,0.017904414816386653,4356.749999999999,454.8580538269604,1.0,0.0024488678200343937,1.960604041162918e-06,350.125,299.2265625,291.1011305021443,38.05,57.07610106536921,1024.83075,5602,143,123,(),4,6e+01 a1
yj_m,,False,1789621250206,0.8387931487459961,1.036942837374754,0.7481920171821232,0.01754578293010753,0.015650598414093782,0.020917890133388243,0.017904414816386653,4356.749999999999,454.8580538269604,1.0,0.0024488678200343937,1.960604041162918e-06,377.25,326.3515625,291.1011305021443,38.05,57.07610106536921,1024.83075,6036,143,123,(),4,6e+01 a1
yj_m,,False,1789621250256,0.8291548486143779,1.0312480588693762,0.7481920171821232,0.017344170026881718,0.015650598414093782,0.020917890133388243,0.017904414816386653,4356.749999999999,454.8580538269604,1.0,0.0024488678200343937,1.960604041162918e-06,373.5,322.6015625,291.1011305021443,38.05,57.07610106536921,1024.83075,5976,143,123,(),4,6e+01 a1
yj_m,,False,1789621250306,0.7706824944825622,0.9974656865257522,0.7481920171821232,0.016121051747311828,0.015650598414093782,0.020917890133388243,0.017904414816386653,4356.749999999999,454.8580538269604,1.0,0.0024488678200343937,1.960604041162918e-06,350.75,299.8515625,291.1011305021443,38.05,57.07610106536921,1024.83075,5612,143,123,(),4,6e+01 a1
yj_m,,False,1789621250356,0.8286729336077971,1.0309642271024508,0.7481920171821232,0.01733408938172043,0.015650598414093782,0.020917890133388243,0.017904414816386653,4356.749999999999,454.8580538269604,1.0,0.0024488678200343937,1.960604041162918e-06,373.3125,322.4140625,291.1011305021443,38.05,57.07610106536921,1024.83075,5973,143,123,(),4,6e+01 a1
yj_m,,False,1789621250406,0.8299580402920128,1.0317213047754314,0.7481920171821232,0.017360971102150537,0.015650598414093782,0.020917890133388243,0.017904414816386653,4356.749999999999,454.8580538269604,1.0,0.0024488678200343937,1.960604041162918e-06,373.8125,322.9140625,291.1011305021443,38.05,57.07610106536921,1024.83075,5981,143,123,(),4,6e+01 a1
yj_m,,False,1789621250456,0.8529293222723691,1.0453568326253788,0.7481920171821232,0.01784148185483871,0.015650598414093782,0.020917890133388243,0.017904414816386653,4356.749999999999,454.8580538269604,1.0,0.0024488678200343937,1.960604041162918e-06,382.75,331.8515625,291.1011305021443,38.05,57.07610106536921,1024.83075,6124,143,123,(),4,6e+01 a1
yj_m,,False,1789621250506,0.8216048468446105,1.026811385031345,0.7481920171821232,0.017186239919354838,0.015650598414093782,0.020917890133388243,0.017904414816386653,4356.749999999999,454.8580538269604,1.0,0.0024488678200343937,1.960604041162918e-06,370.5625,319.6640625,291.1011305021443,38.05,57.07610106536921,1024.83075,5929,143,123,(),4,6e+01 a1
yj_m,,False,1789621250556,0.7642569610614834,0.9938370149667981,0.7481920171821232,0.015986643145161288,0.015650598414093782,0.020917890133388243,0.017904414816386653,4356.749999999999,454.8580538269604,1.0,0.0024488678200343937,1.960604041162918e-06,348.25,297.3515625,291.1011305021443,38.05,57.07610106536921,1024.83075,5572,143,123,(),4,6e+01 a1
yj_m,,False,1789621250606,0.8032920765945365,1.0161403569594751,0.7481920171821232,0.016803175403225807,0.015650598414093782,0.020917890133388243,0.017904414816386653,4356.749999999999,454.8580538269604,1.0,0.0024488678200343937,1.960604041162918e-06,363.4375,312.5390625,291.1011305021443,38.05,57.07610106536921,1024.83075,5815,143,123,(),4,6e+01 a1
yj_m,,False,1789621250656,0.8397569787591579,1.0375142039394256,0.7481920171821232,0.017565944220430108,0.015650598414093782,0.020917890133388243,0.017904414816386653,4356.749999999999,454.8580538269604,1.0,0.0024488678200343937,1.960604041162918e-06,377.625,326.7265625,291.1011305021443,38.05,57.07610106536921,1024.83075,6042,143,123,(),4,6e+01 a1
yj_m,,False,1789621250706,0.809717610015615,1.0198698578644616,0.7481920171821232,0.016937584005376344,0.015650598414093782,0.020917890133388243,0.017904414816386653,4356.749999999999,454.8580538269604,1.0,0.0024488678200343937,1.960604041162918e-06,365.9375,315.0390625,291.1011305021443,38.05,57.07610106536921,1024.83075,5855,143,123,(),4,6e+01 a1
yj_m,,False,1789621250756,0.8314037853117555,1.0325737542867375,0.7481920171821232,0.01739121303763441,0.015650598414093782,0.020917890133388243,0.017904414816386653,4356.749999999999,454.8580538269604,1.0,0.0024488678200343937,1.960604041162918e-06,374.375,323.4765625,291.1011305021443,38.05,57.07610106536921,1024.83075,5990,144,123,(),4,6e+01 a1
yj_m,,False,1789621250806,0.8143761217458971,1.0225837375650715,0.7481920171821232,0.017035030241935485,0.015650598414093782,0.020917890133388243,0.017904414816386653,4356.749999999999,454.8580538269604,1.0,0.0024488678200343937,1.960604041162918e-06,367.75,316.8515625,291.1011305021443,38.05,57.07610106536921,1024.83075,5884,144,123,(),4,6e+01 a1
yj_m,,False,1789621250856,0.8089144183379802,1.0194027937060883,0.7481920171821232,0.016920782930107525,0.015650598414093782,0.020917890133388243,0.017904414816386653,4356.749999999999,454.8580538269604,1.0,0.0024488678200343937,1.960604041162918e-06,365.625,314.7265625,291.1011305021443,38.05,57.07610106536921,1024.83075,5850,144,124,(),4,6e+01 a1
yj_m,,False,1789621250906,0.8367048503841454,1.0357060494654164,0.7481920171821232,0.017502100134408602,0.015650598414093782,0.020917890133388243,0.017904414816386653,4356.749999999999,454.8580538269604,1.0,0.0024488678200343937,1.960604041162918e-06,376.4375,325.5390625,291.1011305021443,38.05,57.07610106536921,1024.83075,6023,144,124,(),4,6e+01 a1
yj_m,,False,1789621250956,0.8026495232524286,1.0157682915780948,0.7481920171821232,0.01678973454301075,0.015650598414093782,0.020917890133388243,0.017904414816386653,4356.749999999999,454.8580538269604,1.0,0.0024488678200343937,1.960604041162918e-06,363.1875,312.2890625,291.1011305021443,38.05,57.07610106536921,1024.83075,5811,144,124,(),4,6e+01 a1
yj_m,,False,1789621251006,0.8395963404236308,1.0374189524733153,0.7481920171821232,0.017562584005376344,0.015650598414093782,0.020917890133388243,0.017904414816386653,4356.749999999999,454.8580538269604,1.0,0.0024488678200343937,1.960604041162918e-06,377.5625,326.6640625,291.1011305021443,38.05,57.07610106536921,1024.83075,6041,144,124,(),4,6e+01 a1
yj_m,,False,1789621251056,0.6797611965742992,0.9477981647606978,0.7481920171821232,0.01421917002688172,0.015650598414093782,0.020917890133388243,0.017904414816386653,4356.749999999999,454.8580538269604,1.0,0.0024488678200343937,1.960604041162918e-06,315.375,264.4765625,291.1011305021443,38.05,57.07610106536921,1024.83075,5046,144,124,(),4,6e+01 a1
yj_m,,False,1789621251106,0.7605622793443635,0.9917583276964571,0.7481920171821232,0.015909358198924733,0.015650598414093782,0.020917890133388243,0.017904414816386653,4356.749999999999,454.8580538269604,1.0,0.0024488678200343937,1.960604041162918e-06,346.8125,295.9140625,291.1011305021443,38.05,57.07610106536921,1024.83075,5549,144,124,(),4,6e+01 a1
yj_m,,False,1789621251156,0.8918037994698949,1.0688601153307977,0.7481920171821232,0.01865465389784946,0.015650598414093782,0.020917890133388243,0.017904414816386653,4356.749999999999,454.8580538269604,1.0,0.0024488678200343937,1.960604041162918e-06,397.875,346.9765625,291.1011305021443,38.05,57.07610106536921,1024.83075,6366,144,124,(),4,6e+01 a1
yj_m,,False,1789621251206,0.8810410309895883,1.062300732152925,0.7481920171821232,0.018429519489247315,0.015650598414093782,0.020917890133388243,0.017904414816386653,4356.749999999999,454.8580538269604,1.0,0.0024488678200343937,1.960604041162918e-06,393.6875,342.7890625,291.1011305021443,38.05,57.07610106536921,1024.83075,6299,144,124,(),4,6e+01 a1
yj_m,,False,1789621251256,0.8400782554302119,1.0377047352971565,0.7481920171821232,0.017572664650537636,0.015650598414093782,0.020917890133388243,0.017904414816386653,4356.749999999999,454.8580538269604,1.0,0.0024488678200343937,1.960604041162918e-06,377.75,326.8515625,291.1011305021443,38.05,57.07610106536921,1024.83075,6044,144,124,(),4,6e+01 a1
yj_m,,False,1789621251306,0.8261027202393657,1.0294519274175629,0.7481920171821232,0.017280325940860215,0.015650598414093782,0.020917890133388243,0.017904414816386653,4356.749999999999,454.8580538269604,1.0,0.0024488678200343937,1.960604041162918e-06,372.3125,321.4140625,291.1011305021443,38.05,57.07610106536921,1024.83075,5957,144,124,(),4,6e+01 a1
yj_m,,False,1789621251356,0.8683506024829577,1.054617503552271,0.7481920171821232,0.018164062499999998,0.015650598414093782,0.020917890133388243,0.017904414816386653,4356.749999999999,454.8580538269604,1.0,0.0024488678200343937,1.960604041162918e-06,388.75,337.8515625,291.1011305021443,38.05,57.07610106536921,1024.83075,6220,144,124,(),4,6e+01 a1
yj_m,,False,1789621251406,0.8980686945554467,1.0726962239841156,0.7481920171821232,0.018785702284946238,0.015650598414093782,0.020917890133388243,0.017904414816386653,4356.749999999999,454.8580538269604,1.0,0.0024488678200343937,1.960604041162918e-06,400.3125,349.4140625,291.1011305021443,38.05,57.07610106536921,1024.83075,6405,144,124,(),4,6e+01 a1
yj_m,,False,1789621251456,0.868029325811904,1.0544237171110278,0.7481920171821232,0.018157342069892474,0.015650598414093782,0.020917890133388243,0.017904414816386653,4356.749999999999,454.8580538269604,1.0,0.0024488678200343937,1.960604041162918e-06,388.625,337.7265625,291.1011305021443,38.05,57.07610106536921,1024.83075,6218,144,124,(),4,6e+01 a1
yj_m,,False,1789621251506,0.8784708176211568,1.060740146807155,0.7481920171821232,0.018375756048387096,0.015650598414093782,0.020917890133388243,0.017904414816386653,4356.749999999999,454.8580538269604,1.0,0.0024488678200343937,1.960604041162918e-06,392.6875,341.7890625,291.1011305021443,38.05,57.07610106536921,1024.83075,6283,144,124,(),4,6e+01 a1
yj_m,,False,1789621251556,0.85341123727895,1.045644947890361,0.7481920171821232,0.0178515625,0.015650598414093782,0.020917890133388243,0.017904414816386653,4356.749999999999,454.8580538269604,1.0,0.0024488678200343937,1.960604041162918e-06,382.9375,332.0390625,291.1011305021443,38.05,57.07610106536921,1024.83075,6127,144,124,(),4,6e+01 a1
yj_m,,False,1789621251606,0.8693144324961196,1.0551990793350685,0.7481920171821232,0.01818422379032258,0.015650598414093782,0.020917890133388243,0.017904414816386653,4356.749999999999,454.8580538269604,1.0,0.0024488678200343937,1.960604041162918e-06,389.125,338.2265625,291.1011305021443,38.05,57.07610106536921,1024.83075,6226,144,124,(),4,6e+01 a1
yj_m,,False,1789621251656,0.8818442226672231,1.0627888790170696,0.7481920171821232,0.01844632056451613,0.015650598414093782,0.020917890133388243,0.017904414816386653,4356.749999999999,454.8580538269604,1.0,0.0024488678200343937,1.960604041162918e-06,394.0,343.1015625,291.1011305021443,38.05,57.07610106536921,1024.83075,6304,144,124,(),4,6e+01 a1
yj_m,,False,1789621251706,0.8204803784959218,1.0261524446264556,0.7481920171821232,0.017162718413978494,0.015650598414093782,0.020917890133388243,0.017904414816386653,4356.749999999999,454.8580538269604,1.0,0.0024488678200343937,1.960604041162918e-06,370.125,319.2265625,291.1011305021443,38.05,57.07610106536921,1024.83075,5922,144,124,(),4,6e+01 a1
yj_m,,False,1789621251756,0.6757452381861251,0.9456919033869063,0.7481920171821232,0.014135164650537635,0.015650598414093782,0.020917890133388243,0.017904414816386653,4356.749999999999,454.8580538269604,1.0,0.0024488678200343937,1.960604041162918e-06,313.8125,262.9140625,291.1011305021443,38.05,57.07610106536921,1024.83075,5021,145,124,(),4,6e+01 a1
yj_m,,False,1789621251806,0.7059452452651948,0.9617191171986287,0.7481920171821232,0.014766885080645161,0.015650598414093782,0.020917890133388243,0.017904414816386653,4356.749999999999,454.8580538269604,1.0,0.0024488678200343937,1.960604041162918e-06,325.5625,274.6640625,291.1011305021443,38.05,57.07610106536921,1024.83075,5209,145,124,(),4,6e+01 a1
yj_m,,False,1789621251856,0.8312431469762286,1.0324789991882266,0.7481920171821232,0.017387852822580645,0.015650598414093782,0.020917890133388243,0.017904414816386653,4356.749999999999,454.8580538269604,1.0,0.0024488678200343937,1.960604041162918e-06,374.3125,323.4140625,291.1011305021443,38.05,57.07610106536921,1024.83075,5989,145,125,(),4,6e+01 a1
yj_m,,False,1789621251906,0.8537325139500038,1.0458370710214488,0.7481920171821232,0.017858282930107525,0.015650598414093782,0.020917890133388243,0.017904414816386653,4356.749999999999,454.8580538269604,1.0,0.0024488678200343937,1.960604041162918e-06,383.0625,332.1640625,291.1011305021443,38.05,57.07610106536921,1024.83075,6129,145,125,(),4,6e+01 a1
yj_m,,False,1789621251956,0.7147803537191779,0.9664883972716727,0.7481920171821232,0.01495169690860215,0.015650598414093782,0.020917890133388243,0.017904414816386653,4356.749999999999,454.8580538269604,1.0,0.0024488678200343937,1.960604041162918e-06,329.0,278.1015625,291.1011305021443,38.05,57.07610106536921,1024.83075,5264,145,125,(),4,6e+01 a1
yj_m,,False,1789621252006,0.7828910079826117,1.0044070157413678,0.7481920171821232,0.01637642809139785,0.015650598414093782,0.020917890133388243,0.017904414816386653,4356.749999999999,454.8580538269604,1.0,0.0024488678200343937,1.960604041162918e-06,355.5,304.6015625,291.1011305021443,38.05,57.07610106536921,1024.83075,5688,145,125,(),4,6e+01 a1
yj_m,,False,1789621252056,0.8153399517590587,1.0231462713181436,0.7481920171821232,0.01705519153225806,0.015650598414093782,0.020917890133388243,0.017904414816386653,4356.749999999999,454.8580538269604,1.0,0.0024488678200343937,1.960604041162918e-06,368.125,317.2265625,291.1011305021443,38.05,57.07610106536921,1024.83075,5890,145,125,(),4,6e+01 a1
yj_m,,False,1789621252106,0.7708431328180892,0.9975566227033628,0.7481920171821232,0.01612441196236559,0.015650598414093782,0.020917890133388243,0.017904414816386653,4356.749999999999,454.8580538269604,1.0,0.0024488678200343937,1.960604041162918e-06,350.8125,299.9140625,291.1011305021443,38.05,57.07610106536921,1024.83075,5613,145,125,(),4,6e+01 a1
yj_m,,False,1789621252156,0.7885133497260556,1.007624045062862,0.7481920171821232,0.01649403561827957,0.015650598414093782,0.020917890133388243,0.017904414816386653,4356.749999999999,454.8580538269604,1.0,0.0024488678200343937,1.960604041162918e-06,357.6875,306.7890625,291.1011305021443,38.05,57.07610106536921,1024.83075,5723,145,125,(),4,6e+01 a1
yj_m,,False,1789621252206,0.8090750566735073,1.0194961865684613,0.7481920171821232,0.016924143145161292,0.015650598414093782,0.020917890133388243,0.017904414816386653,4356.749999999999,454.8580538269604,1.0,0.0024488678200343937,1.960604041162918e-06,365.6875,314.7890625,291.1011305021443,38.05,57.07610106536921,1024.83075,5851,145,125,(),4,6e+01 a1
yj_m,,False,1789621252256,0.8506803855749916,1.0440133982958746,0.7481920171821232,0.017794438844086023,0.015650598414093782,0.020917890133388243,0.017904414816386653,4356.749999999999,454.8580538269604,1.0,0.0024488678200343937,1.960604041162918e-06,381.875,330.9765625,291.1011305021443,38.05,57.07610106536921,1024.83075,6110,145,125,(),4,6e+01 a1
yj_m,,False,1789621252306,0.8561420889829084,1.0472791726766941,0.7481920171821232,0.01790868615591398,0.015650598414093782,0.020917890133388243,0.017904414816386653,4356.749999999999,454.8580538269604,1.0,0.0024488678200343937,1.960604041162918e-06,384.0,333.1015625,291.1011305021443,38.05,57.07610106536921,1024.83075,6144,145,125,(),4,6e+01 a1
yj_m,,False,1789621252356,0.8020069699103207,1.015396387760904,0.7481920171821232,0.0167762936827957,0.015650598414093782,0.020917890133388243,0.017904414816386653,4356.749999999999,454.8580538269604,1.0,0.0024488678200343937,1.960604041162918e-06,362.9375,312.0390625,291.1011305021443,38.05,57.07610106536921,1024.83075,5807,145,125,(),4,6e+01 a1
yj_m,,False,1789621252406,0.8445761288249668,1.0403761425727656,0.7481920171821232,0.01766675067204301,0.015650598414093782,0.020917890133388243,0.017904414816386653,4356.749999999999,454.8580538269604,1.0,0.0024488678200343937,1.960604041162918e-06,379.5,328.6015625,291.1011305021443,38.05,57.07610106536921,1024.83075,6072,145,125,(),4,6e+01 a1
yj_m,,False,1789621252456,0.8511623005815724,1.0443011238673647,0.7481920171821232,0.01780451948924731,0.015650598414093782,0.020917890133388243,0.017904414816386653,4356.749999999999,454.8580538269604,1.0,0.0024488678200343937,1.960604041162918e-06,382.0625,331.1640625,291.1011305021443,38.05,57.07610106536921,1024.83075,6113,145,125,(),4,6e+01 a1
yj_m,,False,1789621252506,0.8423271921275893,1.0390395143657076,0.7481920171821232,0.017619707661290323,0.015650598414093782,0.020917890133388243,0.017904414816386653,4356.749999999999,454.8580538269604,1.0,0.0024488678200343937,1.960604041162918e-06,378.625,327.7265625,291.1011305021443,38.05,57.07610106536921,1024.83075,6058,145,125,(),4,6e+01 a1
yj_m,,False,1789621252556,0.7408037640745465,0.980740176678485,0.7481920171821232,0.015496051747311827,0.015650598414093782,0.020917890133388243,0.017904414816386653,4356.749999999999,454.8580538269604,1.0,0.0024488678200343937,1.960604041162918e-06,339.125,288.2265625,291.1011305021443,38.05,57.07610106536921,1024.83075,5426,145,125,(),4,6e+01 a1
yj_m,,False,1789621252606,0.7687548344562387,0.9963752850115837,0.7481920171821232,0.01608072916666667,0.015650598414093782,0.020917890133388243,0.017904414816386653,4356.749999999999,454.8580538269604,1.0,0.0024488678200343937,1.960604041162918e-06,350.0,299.1015625,291.1011305021443,38.05,57.07610106536921,1024.83075,5600,145,125,(),4,6e+01 a1
yj_m,,False,1789621252656,0.8738123058908746,1.0579173785906133,0.7481920171821232,0.018278309811827955,0.015650598414093782,0.020917890133388243,0.017904414816386653,4356.749999999999,454.8580538269604,1.0,0.0024488678200343937,1.960604041162918e-06,390.875,339.9765625,291.1011305021443,38.05,57.07610106536921,1024.83075,6254,145,125,(),4,6e+01 a1
yj_m,,False,1789621252706,0.8302793169630668,1.031910670612322,0.7481920171821232,0.017367691532258065,0.015650598414093782,0.020917890133388243,0.017904414816386653,4356.749999999999,454.8580538269604,1.0,0.0024488678200343937,1.960604041162918e-06,373.9375,323.0390625,291.1011305021443,38.05,57.07610106536921,1024.83075,5983,145,125,(),4,6e+01 a1
yj_m,,False,1789621252756,0.8164644201077477,1.0238030102359181,0.7481920171821232,0.01707871303763441,0.015650598414093782,0.020917890133388243,0.017904414816386653,4356.749999999999,454.8580538269604,1.0,0.0024488678200343937,1.960604041162918e-06,368.5625,317.6640625,291.1011305021443,38.05,57.07610106536921,1024.83075,5897,146,125,(),4,6e+01 a1
yj_m,,False,1789621252806,0.8362229353775645,1.0354208652794503,0.7481920171821232,0.01749201948924731,0.015650598414093782,0.020917890133388243,0.017904414816386653,4356.749999999999,454.8580538269604,1.0,0.0024488678200343937,1.960604041162918e-06,376.25,325.3515625,291.1011305021443,38.05,57.07610106536921,1024.83075,6020,146,125,(),4,6e+01 a1
yj_m,,False,1789621252856,0.8789527326277377,1.0610325839523937,0.7481920171821232,0.018385836693548388,0.015650598414093782,0.020917890133388243,0.017904414816386653,4356.749999999999,454.8580538269604,1.0,0.0024488678200343937,1.960604041162918e-06,392.875,341.9765625,291.1011305021443,38.05,57.07610106536921,1024.83075,6286,146,126,(),4,6e+01 a1
yj_m,,False,1789621252906,0.685704814988797,0.950929673321307,0.7481920171821232,0.014343497983870968,0.015650598414093782,0.020917890133388243,0.017904414816386653,4356.749999999999,454.8580538269604,1.0,0.0024488678200343937,1.960604041162918e-06,317.6875,266.7890625,291.1011305021443,38.05,57.07610106536921,1024.83075,5083,146,126,(),4,6e+01 a1
yj_m,,False,1789621252956,0.8481101722065599,1.0424802772301003,0.7481920171821232,0.017740675403225804,0.015650598414093782,0.020917890133388243,0.017904414816386653,4356.749999999999,454.8580538269604,1.0,0.0024488678200343937,1.960604041162918e-06,380.875,329.9765625,291.1011305021443,38.05,57.07610106536921,1024.83075,6094,146,126,(),4,6e+01 a1
yj_m,,False,1789621253006,0.8325282536604443,1.0332373089840312,0.7481920171821232,0.017414734543010752,0.015650598414093782,0.020917890133388243,0.017904414816386653,4356.749999999999,454.8580538269604,1.0,0.0024488678200343937,1.960604041162918e-06,374.8125,323.9140625,291.1011305021443,38.05,57.07610106536921,1024.83075,5997,146,126,(),4,6e+01 a1
yj_m,,False,1789621253056,0.8306005936341208,1.0321000749742202,0.7481920171821232,0.017374411962365593,0.015650598414093782,0.020917890133388243,0.017904414816386653,4356.749999999999,454.8580538269604,1.0,0.0024488678200343937,1.960604041162918e-06,374.0625,323.1640625,291.1011305021443,38.05,57.07610106536921,1024.83075,5985,146,126,(),4,6e+01 a1
yj_m,,False,1789621253106,0.8452186821670747,1.040758374987134,0.7481920171821232,0.017680191532258065,0.015650598414093782,0.020917890133388243,0.017904414816386653,4356.749999999999,454.8580538269604,1.0,0.0024488678200343937,1.960604041162918e-06,379.75,328.8515625,291.1011305021443,38.05,57.07610106536921,1024.83075,6076,146,126,(),4,6e+01 a1
yj_m,,False,1789621253156,0.8420059154565354,1.0388487182627173,0.7481920171821232,0.017612987231182795,0.015650598414093782,0.020917890133388243,0.017904414816386653,4356.749999999999,454.8580538269604,1.0,0.0024488678200343937,1.960604041162918e-06,378.5,327.6015625,291.1011305021443,38.05,57.07610106536921,1024.83075,6056,146,126,(),4,6e+01 a1
yj_m,,False,1789621253206,0.8018463315747938,1.0153034370718186,0.7481920171821232,0.016772933467741936,0.015650598414093782,0.020917890133388243,0.017904414816386653,4356.749999999999,454.8580538269604,1.0,0.0024488678200343937,1.960604041162918e-06,362.875,311.9765625,291.1011305021443,38.05,57.07610106536921,1024.83075,5806,146,126,(),4,6e+01 a1
yj_m,,False,1789621253256,0.7469080208245713,0.9841263022460103,0.7481920171821232,0.01562373991935484,0.015650598414093782,0.020917890133388243,0.017904414816386653,4356.749999999999,454.8580538269604,1.0,0.0024488678200343937,1.960604041162918e-06,341.5,290.6015625,291.1011305021443,38.05,57.07610106536921,1024.83075,5464,146,126,(),4,6e+01 a1
yj_m,,False,1789621253306,0.7335750389758331,0.976751255773047,0.7481920171821232,0.015344842069892475,0.015650598414093782,0.020917890133388243,0.017904414816386653,4356.749999999999,454.8580538269604,1.0,0.0024488678200343937,1.960604041162918e-06,336.3125,285.4140625,291.1011305021443,38.05,57.07610106536921,1024.83075,5381,146,126,(),4,6e+01 a1
yj_m,,False,1789621253356,0.8254601668972578,1.029074240086729,0.7481920171821232,0.01726688508064516,0.015650598414093782,0.020917890133388243,0.017904414816386653,4356.749999999999,454.8580538269604,1.0,0.0024488678200343937,1.960604041162918e-06,372.0625,321.1640625,291.1011305021443,38.05,57.07610106536921,1024.83075,5953,146,126,(),4,6e+01 a1
yj_m,,False,1789621253406,0.8628888990750411,1.0513280585332316,0.7481920171821232,0.018049815188172044,0.015650598414093782,0.020917890133388243,0.017904414816386653,4356.749999999999,454.8580538269604,1.0,0.0024488678200343937,1.960604041162918e-06,386.625,335.7265625,291.1011305021443,38.05,57.07610106536921,1024.83075,6186,146,126,(),4,6e+01 a1
yj_m,,False,1789621253456,0.8479495338710331,1.0423845364549378,0.7481920171821232,0.017737315188172044,0.015650598414093782,0.020917890133388243,0.017904414816386653,4356.749999999999,454.8580538269604,1.0,0.0024488678200343937,1.960604041162918e-06,380.8125,329.9140625,291.1011305021443,38.05,57.07610106536921,1024.83075,6093,146,126,(),4,6e+01 a1
yj_m,,False,1789621253506,0.8077899499892914,1.0187493235472254,0.7481920171821232,0.01689726142473118,0.015650598414093782,0.020917890133388243,0.017904414816386653,4356.749999999999,454.8580538269604,1.0,0.0024488678200343937,1.960604041162918e-06,365.1875,314.2890625,291.1011305021443,38.05,57.07610106536921,1024.83075,5843,146,126,(),4,6e+01 a1
yj_m,,False,1789621253556,0.7692367494628195,0.9966477411519086,0.7481920171821232,0.016090809811827957,0.015650598414093782,0.020917890133388243,0.017904414816386653,4356.749999999999,454.8580538269604,1.0,0.0024488678200343937,1.960604041162918e-06,350.1875,299.2890625,291.1011305021443,38.05,57.07610106536921,1024.83075,5603,146,126,(),4,6e+01 a1
yj_m,,False,1789621253606,0.7250612071929038,0.9720827087923845,0.7481920171821232,0.015166750672043011,0.015650598414093782,0.020917890133388243,0.017904414816386653,4356.749999999999,454.8580538269604,1.0,0.0024488678200343937,1.960604041162918e-06,333.0,282.1015625,291.1011305021443,38.05,57.07610106536921,1024.83075,5328,146,126,(),4,6e+01 a1
yj_m,,False,1789621253656,0.7252218455284307,0.9721704964883912,0.7481920171821232,0.015170110887096773,0.015650598414093782,0.020917890133388243,0.017904414816386653,4356.749999999999,454.8580538269604,1.0,0.0024488678200343937,1.960604041162918e-06,333.0625,282.1640625,291.1011305021443,38.05,57.07610106536921,1024.83075,5329,146,126,(),4,6e+01 a1
yj_m,,False,1789621253706,0.7991154798708353,1.0137248247063415,0.7481920171821232,0.016715809811827957,0.015650598414093782,0.020917890133388243,0.017904414816386653,4356.749999999999,454.8580538269604,1.0,0.0024488678200343937,1.960604041162918e-06,361.8125,310.9140625,291.1011305021443,38.05,57.07610106536921,1024.83075,5789,146,126,(),4,6e+01 a1
yj_m,,False,1789621253756,0.7989548415353084,1.0136320564522416,0.7481920171821232,0.016712449596774193,0.015650598414093782,0.020917890133388243,0.017904414816386653,4356.749999999999,454.8580538269604,1.0,0.0024488678200343937,1.960604041162918e-06,361.75,310.8515625,291.1011305021443,38.05,57.07610106536921,1024.83075,5788,147,126,(),4,6e+01 a1
yj_m,,False,1789621253806,0.7629718543772679,0.9931133446119802,0.7481920171821232,0.015959761424731184,0.015650598414093782,0.020917890133388243,0.017904414816386653,4356.749999999999,454.8580538269604,1.0,0.0024488678200343937,1.960604041162918e-06,347.75,296.8515625,291.1011305021443,38.05,57.07610106536921,1024.83075,5564,147,126,(),4,6e+01 a1
yj_m,,False,1789621253856,0.8434516604762782,1.0397075977724202,0.7481920171821232,0.01764322916666667,0.015650598414093782,0.020917890133388243,0.017904414816386653,4356.749999999999,454.8580538269604,1.0,0.0024488678200343937,1.960604041162918e-06,379.0625,328.1640625,291.1011305021443,38.05,57.07610106536921,1024.83075,6065,147,127,(),4,6e+01 a1
yj_m,,False,1789621253906,0.7941356914694994,1.0108537466024414,0.7481920171821232,0.01661164314516129,0.015650598414093782,0.020917890133388243,0.017904414816386653,4356.749999999999,454.8580538269604,1.0,0.0024488678200343937,1.960604041162918e-06,359.875,308.9765625,291.1011305021443,38.05,57.07610106536921,1024.83075,5758,147,127,(),4,6e+01 a1
yj_m,,False,1789621253956,0.8241750602130422,1.0283193317295678,0.7481920171821232,0.017240003360215056,0.015650598414093782,0.020917890133388243,0.017904414816386653,4356.749999999999,454.8580538269604,1.0,0.0024488678200343937,1.960604041162918e-06,371.5625,320.6640625,291.1011305021443,38.05,57.07610106536921,1024.83075,5945,147,127,(),4,6e+01 a1
yj_m,,False,1789621254006,0.834455913686768,1.0343759245599584,0.7481920171821232,0.017455057123655915,0.015650598414093782,0.020917890133388243,0.017904414816386653,4356.749999999999,454.8580538269604,1.0,0.0024488678200343937,1.960604041162918e-06,375.5625,324.6640625,291.1011305021443,38.05,57.07610106536921,1024.83075,6009,147,127,(),4,6e+01 a1
yj_m,,False,1789621254056,0.8487527255486679,1.0428633337176287,0.7481920171821232,0.01775411626344086,0.015650598414093782,0.020917890133388243,0.017904414816386653,4356.749999999999,454.8580538269604,1.0,0.0024488678200343937,1.960604041162918e-06,381.125,330.2265625,291.1011305021443,38.05,57.07610106536921,1024.83075,6098,147,127,(),4,6e+01 a1
yj_m,,False,1789621254106,0.8497165555618297,1.0434381983266818,0.7481920171821232,0.01777427755376344,0.015650598414093782,0.020917890133388243,0.017904414816386653,4356.749999999999,454.8580538269604,1.0,0.0024488678200343937,1.960604041162918e-06,381.5,330.6015625,291.1011305021443,38.05,57.07610106536921,1024.83075,6104,147,127,(),4,6e+01 a1
yj_m,,False,1789621254156,0.7835335613247195,1.004774030989283,0.7481920171821232,0.0163898689516129,0.015650598414093782,0.020917890133388243,0.017904414816386653,4356.749999999999,454.8580538269604,1.0,0.0024488678200343937,1.960604041162918e-06,355.75,304.8515625,291.1011305021443,38.05,57.07610106536921,1024.83075,5692,147,127,(),4,6e+01 a1
yj_m,,False,1789621254206,0.8225686768577725,1.0273765723705142,0.7481920171821232,0.01720640120967742,0.015650598414093782,0.020917890133388243,0.017904414816386653,4356.749999999999,454.8580538269604,1.0,0.0024488678200343937,1.960604041162918e-06,370.9375,320.0390625,291.1011305021443,38.05,57.07610106536921,1024.83075,5935,147,127,(),4,6e+01 a1
yj_m,,False,1789621254256,0.8542144289565847,1.0461253250987248,0.7481920171821232,0.017868363575268817,0.015650598414093782,0.020917890133388243,0.017904414816386653,4356.749999999999,454.8580538269604,1.0,0.0024488678200343937,1.960604041162918e-06,383.25,332.3515625,291.1011305021443,38.05,57.07610106536921,1024.83075,6132,147,127,(),4,6e+01 a1
yj_m,,False,1789621254306,0.7107643953310038,0.9643161149845876,0.7481920171821232,0.014867691532258065,0.015650598414093782,0.020917890133388243,0.017904414816386653,4356.749999999999,454.8580538269604,1.0,0.0024488678200343937,1.960604041162918e-06,327.4375,276.5390625,291.1011305021443,38.05,57.07610106536921,1024.83075,5239,147,127,(),4,6e+01 a1
yj_m,,False,1789621254356,0.8317250619828095,1.0327632933192403,0.7481920171821232,0.017397933467741936,0.015650598414093782,0.020917890133388243,0.017904414816386653,4356.749999999999,454.8580538269604,1.0,0.0024488678200343937,1.960604041162918e-06,374.5,323.6015625,291.1011305021443,38.05,57.07610106536921,1024.83075,5992,147,127,(),4,6e+01 a1
yj_m,,False,1789621254406,0.8000793098839971,1.014281647471294,0.7481920171821232,0.016735971102150537,0.015650598414093782,0.020917890133388243,0.017904414816386653,4356.749999999999,454.8580538269604,1.0,0.0024488678200343937,1.960604041162918e-06,362.1875,311.2890625,291.1011305021443,38.05,57.07610106536921,1024.83075,5795,147,127,(),4,6e+01 a1
yj_m,,False,1789621254456,0.7308441872718746,0.9752503000309869,0.7481920171821232,0.015287718413978494,0.015650598414093782,0.020917890133388243,0.017904414816386653,4356.749999999999,454.8580538269604,1.0,0.0024488678200343937,1.960604041162918e-06,335.25,284.3515625,291.1011305021443,38.05,57.07610106536921,1024.83075,5364,147,127,(),4,6e+01 a1
yj_m,,False,1789621254506,0.7799995179431263,1.0027575177468206,0.7481920171821232,0.016315944220430107,0.015650598414093782,0.020917890133388243,0.017904414816386653,4356.749999999999,454.8580538269604,1.0,0.0024488678200343937,1.960604041162918e-06,354.375,303.4765625,291.1011305021443,38.05,57.07610106536921,1024.83075,5670,147,127,(),4,6e+01 a1
yj_m,,False,1789621254556,0.8675474108053229,1.05413310516102,0.7481920171821232,0.018147261424731182,0.015650598414093782,0.020917890133388243,0.017904414816386653,4356.749999999999,454.8580538269604,1.0,0.0024488678200343937,1.960604041162918e-06,388.4375,337.5390625,291.1011305021443,38.05,57.07610106536921,1024.83075,6215,147,127,(),4,6e+01 a1
yj_m,,False,1789621254606,0.8762218809237791,1.0593764963828791,0.7481920171821232,0.018328713037634406,0.015650598414093782,0.020917890133388243,0.017904414816386653,4356.749999999999,454.8580538269604,1.0,0.0024488678200343937,1.960604041162918e-06,391.8125,340.9140625,291.1011305021443,38.05,57.07610106536921,1024.83075,6269,147,127,(),4,6e+01 a1
yj_m,,False,1789621254656,0.8853782660488163,1.0649393394667421,0.7481920171821232,0.018520245295698925,0.015650598414093782,0.020917890133388243,0.017904414816386653,4356.749999999999,454.8580538269604,1.0,0.0024488678200343937,1.960604041162918e-06,395.375,344.4765625,291.1011305021443,38.05,57.07610106536921,1024.83075,6326,147,127,(),4,6e+01 a1
yj_m,,False,1789621254706,0.7465867441535173,0.9839476839335155,0.7481920171821232,0.015617019489247312,0.015650598414093782,0.020917890133388243,0.017904414816386653,4356.749999999999,454.8580538269604,1.0,0.0024488678200343937,1.960604041162918e-06,341.375,290.4765625,291.1011305021443,38.05,57.07610106536921,1024.83075,5462,147,127,(),4,6e+01 a1
yj_m,,False,1789621254756,0.8042559066076982,1.0166987575763717,0.7481920171821232,0.016823336693548387,0.015650598414093782,0.020917890133388243,0.017904414816386653,4356.749999999999,454.8580538269604,1.0,0.0024488678200343937,1.960604041162918e-06,363.8125,312.9140625,291.1011305021443,38.05,57.07610106536921,1024.83075,5821,148,127,(),4,6e+01 a1
yj_m,,False,1789621254806,0.8028101615879555,1.01586129278373,0.7481920171821232,0.016793094758064515,0.015650598414093782,0.020917890133388243,0.017904414816386653,4356.749999999999,454.8580538269604,1.0,0.0024488678200343937,1.960604041162918e-06,363.25,312.3515625,291.1011305021443,38.05,57.07610106536921,1024.83075,5812,148,127,(),4,6e+01 a1
yj_m,,False,1789621254856,0.8400782554302119,1.0377047352971565,0.7481920171821232,0.017572664650537636,0.015650598414093782,0.020917890133388243,0.017904414816386653,4356.749999999999,454.8580538269604,1.0,0.0024488678200343937,1.960604041162918e-06,377.75,326.8515625,291.1011305021443,38.05,57.07610106536921,1024.83075,6044,148,128,(),4,6e+01 a1
yj_m,,False,1789621254906,0.8505197472394644,1.0439175083689654,0.7481920171821232,0.017791078629032255,0.015650598414093782,0.020917890133388243,0.017904414816386653,4356.749999999999,454.8580538269604,1.0,0.0024488678200343937,1.960604041162918e-06,381.8125,330.9140625,291.1011305021443,38.05,57.07610106536921,1024.83075,6109,148,128,(),4,6e+01 a1
yj_m,,False,1789621254956,0.8799165626408995,1.0616176973909983,0.7481920171821232,0.018405997983870968,0.015650598414093782,0.020917890133388243,0.017904414816386653,4356.749999999999,454.8580538269604,1.0,0.0024488678200343937,1.960604041162918e-06,393.25,342.3515625,291.1011305021443,38.05,57.07610106536921,1024.83075,6292,148,128,(),4,6e+01 a1
yj_m,,False,1789621255006,0.7305229106008206,0.9750739334863259,0.7481920171821232,0.015280997983870967,0.015650598414093782,0.020917890133388243,0.017904414816386653,4356.749999999999,454.8580538269604,1.0,0.0024488678200343937,1.960604041162918e-06,335.125,284.2265625,291.1011305021443,38.05,57.07610106536921,1024.83075,5362,148,128,(),4,6e+01 a1
yj_m,,False,1789621255056,0.7102824803244229,0.9640559358090606,0.7481920171821232,0.014857610887096775,0.015650598414093782,0.020917890133388243,0.017904414816386653,4356.749999999999,454.8580538269604,1.0,0.0024488678200343937,1.960604041162918e-06,327.25,276.3515625,291.1011305021443,38.05,57.07610106536921,1024.83075,5236,148,128,(),4,6e+01 a1
yj_m,,False,1789621255106,0.7133346086994352,0.9657055290422396,0.7481920171821232,0.01492145497311828,0.015650598414093782,0.020917890133388243,0.017904414816386653,4356.749999999999,454.8580538269604,1.0,0.0024488678200343937,1.960604041162918e-06,328.4375,277.5390625,291.1011305021443,38.05,57.07610106536921,1024.83075,5255,148,128,(),4,6e+01 a1
yj_m,,False,1789621255156,0.8105208016932498,1.0203371714333975,0.7481920171821232,0.01695438508064516,0.015650598414093782,0.020917890133388243,0.017904414816386653,4356.749999999999,454.8580538269604,1.0,0.0024488678200343937,1.960604041162918e-06,366.25,315.3515625,291.1011305021443,38.05,57.07610106536921,1024.83075,5860,148,128,(),4,6e+01 a1
yj_m,,False,1789621255206,0.8924463528120027,1.0692529581033214,0.7481920171821232,0.018668094758064514,0.015650598414093782,0.020917890133388243,0.017904414816386653,4356.749999999999,454.8580538269604,1.0,0.0024488678200343937,1.960604041162918e-06,398.125,347.2265625,291.1011305021443,38.05,57.07610106536921,1024.83075,6370,148,128,(),4,6e+01 a1
yj_m,,False,1789621255256,0.8285122952722701,1.0308696358255336,0.7481920171821232,0.017330729166666666,0.015650598414093782,0.020917890133388243,0.017904414816386653,4356.749999999999,454.8580538269604,1.0,0.0024488678200343937,1.960604041162918e-06,373.25,322.3515625,291.1011305021443,38.05,57.07610106536921,1024.83075,5972,148,128,(),4,6e+01 a1
yj_m,,False,1789621255306,0.8834506060224928,1.063765833636514,0.7481920171821232,0.018479922715053766,0.015650598414093782,0.020917890133388243,0.017904414816386653,4356.749999999999,454.8580538269604,1.0,0.0024488678200343937,1.960604041162918e-06,394.625,343.7265625,291.1011305021443,38.05,57.07610106536921,1024.83075,6314,148,128,(),4,6e+01 a1
yj_m,,False,1789621255356,0.8445761288249668,1.0403761425727656,0.7481920171821232,0.01766675067204301,0.015650598414093782,0.020917890133388243,0.017904414816386653,4356.749999999999,454.8580538269604,1.0,0.0024488678200343937,1.960604041162918e-06,379.5,328.6015625,291.1011305021443,38.05,57.07610106536921,1024.83075,6072,148,128,(),4,6e+01 a1
yj_m,,False,1789621255406,0.8365442120486185,1.035610978540839,0.7481920171821232,0.017498739919354838,0.015650598414093782,0.020917890133388243,0.017904414816386653,4356.749999999999,454.8580538269604,1.0,0.0024488678200343937,1.960604041162918e-06,376.375,325.4765625,291.1011305021443,38.05,57.07610106536921,1024.83075,6022,148,128,(),4,6e+01 a1
yj_m,,False,1789621255456,0.7171899287520825,0.9677952865602358,0.7481920171821232,0.015002100134408603,0.015650598414093782,0.020917890133388243,0.017904414816386653,4356.749999999999,454.8580538269604,1.0,0.0024488678200343937,1.960604041162918e-06,329.9375,279.0390625,291.1011305021443,38.05,57.07610106536921,1024.83075,5279,148,128,(),4,6e+01 a1
yj_m,,False,1789621255506,0.8389537870815229,1.0370380414214937,0.7481920171821232,0.01754914314516129,0.015650598414093782,0.020917890133388243,0.017904414816386653,4356.749999999999,454.8580538269604,1.0,0.0024488678200343937,1.960604041162918e-06,377.3125,326.4140625,291.1011305021443,38.05,57.07610106536921,1024.83075,6037,148,128,(),4,6e+01 a1
yj_m,,False,1789621255556,0.8159825051011668,1.0235214914741615,0.7481920171821232,0.017068632392473117,0.015650598414093782,0.020917890133388243,0.017904414816386653,4356.749999999999,454.8580538269604,1.0,0.0024488678200343937,1.960604041162918e-06,368.375,317.4765625,291.1011305021443,38.05,57.07610106536921,1024.83075,5894,148,128,(),4,6e+01 a1
yj_m,,False,1789621255606,0.7549399376009196,0.9886061318001651,0.7481920171821232,0.015791750672043012,0.015650598414093782,0.020917890133388243,0.017904414816386653,4356.749999999999,454.8580538269604,1.0,0.0024488678200343937,1.960604041162918e-06,344.625,293.7265625,291.1011305021443,38.05,57.07610106536921,1024.83075,5514,148,128,(),4,6e+01 a1
yj_m,,False,1789621255656,0.7216878021468375,0.9702418333961438,0.7481920171821232,0.015096186155913979,0.015650598414093782,0.020917890133388243,0.017904414816386653,4356.749999999999,454.8580538269604,1.0,0.0024488678200343937,1.960604041162918e-06,331.6875,280.7890625,291.1011305021443,38.05,57.07610106536921,1024.83075,5307,148,128,(),4,6e+01 a1
yj_m,,False,1789621255706,0.781766539633923,1.0037651412737771,0.7481920171821232,0.016352906586021506,0.015650598414093782,0.020917890133388243,0.017904414816386653,4356.749999999999,454.8580538269604,1.0,0.0024488678200343937,1.960604041162918e-06,355.0625,304.1640625,291.1011305021443,38.05,57.07610106536921,1024.83075,5681,148,128,(),4,6e+01 a1
yj_m,,False,1789621255756,0.7298803572587127,0.9747213374082473,0.7481920171821232,0.015267557123655913,0.015650598414093782,0.020917890133388243,0.017904414816386653,4356.749999999999,454.8580538269604,1.0,0.0024488678200343937,1.960604041162918e-06,334.875,283.9765625,291.1011305021443,38.05,57.07610106536921,1024.83075,5358,149,128,(),4,6e+01 a1
yj_m,,False,1789621255806,0.7189569504428791,0.9687553421731722,0.7481920171821232,0.0150390625,0.015650598414093782,0.020917890133388243,0.017904414816386653,4356.749999999999,454.8580538269604,1.0,0.0024488678200343937,1.960604041162918e-06,330.625,279.7265625,291.1011305021443,38.05,57.07610106536921,1024.83075,5290,149,128,(),4,6e+01 a1
yj_m,,False,1789621255856,0.8169463351143287,1.0240846177546241,0.7481920171821232,0.0170887936827957,0.015650598414093782,0.020917890133388243,0.017904414816386653,4356.749999999999,454.8580538269604,1.0,0.0024488678200343937,1.960604041162918e-06,368.75,317.8515625,291.1011305021443,38.05,57.07610106536921,1024.83075,5900,149,129,(),4,6e+01 a1
yj_m,,False,1789621255906,0.8387931487459961,1.036942837374754,0.7481920171821232,0.01754578293010753,0.015650598414093782,0.020917890133388243,0.017904414816386653,4356.749999999999,454.8580538269604,1.0,0.0024488678200343937,1.960604041162918e-06,377.25,326.3515625,291.1011305021443,38.05,57.07610106536921,1024.83075,6036,149,129,(),4,6e+01 a1
yj_m,,False,1789621255956,0.7979910115221466,1.013075660421842,0.7481920171821232,0.016692288306451614,0.015650598414093782,0.020917890133388243,0.017904414816386653,4356.749999999999,454.8580538269604,1.0,0.0024488678200343937,1.960604041162918e-06,361.375,310.4765625,291.1011305021443,38.05,57.07610106536921,1024.83075,5782,149,129,(),4,6e+01 a1
yj_m,,False,1789621256006,0.7634537693838487,0.993384640040921,0.7481920171821232,0.015969842069892472,0.015650598414093782,0.020917890133388243,0.017904414816386653,4356.749999999999,454.8580538269604,1.0,0.0024488678200343937,1.960604041162918e-06,347.9375,297.0390625,291.1011305021443,38.05,57.07610106536921,1024.83075,5567,149,129,(),4,6e+01 a1
yj_m,,False,1789621256056,0.8604793240421366,1.0498801739334982,0.7481920171821232,0.017999411962365593,0.015650598414093782,0.020917890133388243,0.017904414816386653,4356.749999999999,454.8580538269604,1.0,0.0024488678200343937,1.960604041162918e-06,385.6875,334.7890625,291.1011305021443,38.05,57.07610106536921,1024.83075,6171,149,129,(),4,6e+01 a1
yj_m,,False,1789621256106,0.8350984670288757,1.0347557693118488,0.7481920171821232,0.017468497983870967,0.015650598414093782,0.020917890133388243,0.017904414816386653,4356.749999999999,454.8580538269604,1.0,0.0024488678200343937,1.960604041162918e-06,375.8125,324.9140625,291.1011305021443,38.05,57.07610106536921,1024.83075,6013,149,129,(),4,6e+01 a1
yj_m,,False,1789621256156,0.7102824803244229,0.9640559358090606,0.7481920171821232,0.014857610887096775,0.015650598414093782,0.020917890133388243,0.017904414816386653,4356.749999999999,454.8580538269604,1.0,0.0024488678200343937,1.960604041162918e-06,327.25,276.3515625,291.1011305021443,38.05,57.07610106536921,1024.83075,5236,149,129,(),4,6e+01 a1
yj_m,,False,1789621256206,0.8601580473710826,1.0496872779352353,0.7481920171821232,0.017992691532258066,0.015650598414093782,0.020917890133388243,0.017904414816386653,4356.749999999999,454.8580538269604,1.0,0.0024488678200343937,1.960604041162918e-06,385.5625,334.6640625,291.1011305021443,38.05,57.07610106536921,1024.83075,6169,149,129,(),4,6e+01 a1
yj_m,,False,1789621256256,0.8489133638841949,1.042959121173368,0.7481920171821232,0.017757476478494624,0.015650598414093782,0.020917890133388243,0.017904414816386653,4356.749999999999,454.8580538269604,1.0,0.0024488678200343937,1.960604041162918e-06,381.1875,330.2890625,291.1011305021443,38.05,57.07610106536921,1024.83075,6099,149,129,(),4,6e+01 a1
yj_m,,False,1789621256306,0.8497165555618297,1.0434381983266818,0.7481920171821232,0.01777427755376344,0.015650598414093782,0.020917890133388243,0.017904414816386653,4356.749999999999,454.8580538269604,1.0,0.0024488678200343937,1.960604041162918e-06,381.5,330.6015625,291.1011305021443,38.05,57.07610106536921,1024.83075,6104,149,129,(),4,6e+01 a1
yj_m,,False,1789621256356,0.8577484723381782,1.0482417259899892,0.7481920171821232,0.017942288306451615,0.015650598414093782,0.020917890133388243,0.017904414816386653,4356.749999999999,454.8580538269604,1.0,0.0024488678200343937,1.960604041162918e-06,384.625,333.7265625,291.1011305021443,38.05,57.07610106536921,1024.83075,6154,149,129,(),4,6e+01 a1
yj_m,,False,1789621256406,0.7620080243641062,0.9925710455606354,0.7481920171821232,0.015939600134408604,0.015650598414093782,0.020917890133388243,0.017904414816386653,4356.749999999999,454.8580538269604,1.0,0.0024488678200343937,1.960604041162918e-06,347.375,296.4765625,291.1011305021443,38.05,57.07610106536921,1024.83075,5558,149,129,(),4,6e+01 a1
yj_m,,False,1789621256456,0.8256208052327847,1.0291686473594506,0.7481920171821232,0.017270245295698924,0.015650598414093782,0.020917890133388243,0.017904414816386653,4356.749999999999,454.8580538269604,1.0,0.0024488678200343937,1.960604041162918e-06,372.125,321.2265625,291.1011305021443,38.05,57.07610106536921,1024.83075,5954,149,129,(),4,6e+01 a1
yj_m,,False,1789621256506,0.8652984741079455,1.0527779923002036,0.7481920171821232,0.018100218413978495,0.015650598414093782,0.020917890133388243,0.017904414816386653,4356.749999999999,454.8580538269604,1.0,0.0024488678200343937,1.960604041162918e-06,387.5625,336.6640625,291.1011305021443,38.05,57.07610106536921,1024.83075,6201,149,129,(),4,6e+01 a1
yj_m,,False,1789621256556,0.8254601668972578,1.029074240086729,0.7481920171821232,0.01726688508064516,0.015650598414093782,0.020917890133388243,0.017904414816386653,4356.749999999999,454.8580538269604,1.0,0.0024488678200343937,1.960604041162918e-06,372.0625,321.1640625,291.1011305021443,38.05,57.07610106536921,1024.83075,5953,149,129,(),4,6e+01 a1
yj_m,,False,1789621256606,0.34370579865188555,0.803952443580954,0.7481920171821232,0.007189600134408602,0.015650598414093782,0.020917890133388243,0.017904414816386653,4356.749999999999,454.8580538269604,1.0,0.0024488678200343937,1.960604041162918e-06,184.625,133.7265625,291.1011305021443,38.05,57.07610106536921,1024.83075,2954,149,129,(),4,6e+01 a1
yj_m,,False,1789621256656,0.0,0.7481920171821232,0.7481920171821232,0.0,0.015650598414093782,0.020917890133388243,0.017904414816386653,4356.749999999999,454.8580538269604,1.0,0.0024488678200343937,1.960604041162918e-06,3.6875,-47.2109375,291.1011305021443,38.05,57.07610106536921,1024.83075,59,149,129,(),4,6e+01 a1
yj_m,,False,1789621256706,,,,0.0,0.015650598414093782,0.0,0.0020917890133388246,0.0,435.67499999999995,1.0,0.0024488678200343937,1.960604041162918e-06,2.6875,-48.2109375,291.1011305021443,0.0,57.07610106536921,1028.01,43,149,129,(),4,6e+01 a1
yj_m,,False,1789621256756,,,,0.0,0.015650598414093782,0.0,0.0020917890133388246,0.0,435.67499999999995,1.0,0.0024488678200343937,1.960604041162918e-06,2.0,-48.8984375,291.1011305021443,0.0,57.07610106536921,1028.01,32,150,129,(),4,6e+01 a1
yj_m,,False,1789621256806,,,,0.0,0.015650598414093782,0.0,0.0020917890133388246,0.0,435.67499999999995,1.0,0.0024488678200343937,1.960604041162918e-06,2.75,-48.1484375,291.1011305021443,0.0,57.07610106536921,1028.01,44,150,129,(),4,6e+01 a1
yj_m,,False,1789621256856,,,,0.0,0.015650598414093782,0.0,0.0020917890133388246,0.0,435.67499999999995,1.0,0.0024488678200343937,1.960604041162918e-06,2.5,-48.3984375,291.1011305021443,0.0,57.07610106536921,1028.01,40,150,129,(),4,6e+01 a1
yj_m,,False,1789621256906,,,,0.0,0.015650598414093782,0.0,0.0020917890133388246,0.0,435.67499999999995,1.0,0.0024488678200343937,1.960604041162918e-06,2.0625,-48.8359375,291.1011305021443,0.0,57.07610106536921,1028.01,33,150,129,(),4,6e+01 a1
yj_m,,False,1789621256956,,,,0.0,0.015650598414093782,0.0,0.0020917890133388246,0.0,435.67499999999995,1.0,0.0024488678200343937,1.960604041162918e-06,2.375,-48.5234375,291.1011305021443,0.0,57.07610106536921,1028.01,38,150,129,(),4,6e+01 a1
yj_m,,False,1789621257006,,,,0.0,0.015650598414093782,0.0,0.0020917890133388246,0.0,435.67499999999995,1.0,0.0024488678200343937,1.960604041162918e-06,2.3125,-48.5859375,291.1011305021443,0.0,57.07610106536921,1028.01,37,150,129,(),4,6e+01 a1
yj_m,,False,1789621257056,,,,0.0,0.015650598414093782,0.0,0.0020917890133388246,0.0,435.67499999999995,1.0,0.0024488678200343937,1.960604041162918e-06,2.125,-48.7734375,291.1011305021443,0.0,57.07610106536921,1028.01,34,150,129,(),4,6e+01 a1
yj_m,,False,1789621257106,,,,0.0,0.015650598414093782,0.0,0.0020917890133388246,0.0,435.67499999999995,1.0,0.0024488678200343937,1.960604041162918e-06,2.3125,-48.5859375,291.1011305021443,0.0,57.07610106536921,1028.01,37,150,0,(),4,6e+01 a1
yj_m,,False,1789621257156,,,,0.0,0.015650598414093782,0.0,0.0020917890133388246,0.0,435.67499999999995,1.0,0.0024488678200343937,1.960604041162918e-06,2.6875,-48.2109375,291.1011305021443,0.0,57.07610106536921,1028.01,43,150,0,(),4,6e+01 a1
