channel,laser,autolevel,t_ms,tp,tp_err,tp_pd_err,pd_power_nw,pd_power_err_nw,delivered_power_nw,delivered_power_err_nw,laser_output_power_uw,laser_output_power_err_uw,pd_route_tx,laser_route_tx,atten_tx,pd_mv,pd_net_mv,pd_net_err_mv,laser_current_ma,atten_db,wavelength_nm,pd_raw,pd_ontime_s,laser_current_ontime_s,flags,step_index,step_label
yj_m,,False,1789604660981,,,,0.0,0.016264794953566575,0.0,4.21212677946888e-07,0.0,435.67499999999995,1.0,0.0024488678200343937,3.947966421592236e-10,3.1875,-50.309375,302.52518613633833,0.0,94.03626549766135,1028.01,51,3,0,(),0,dark
yj_m,,False,1789604661031,,,,0.0,0.016264794953566575,0.0,4.21212677946888e-07,0.0,435.67499999999995,1.0,0.0024488678200343937,3.947966421592236e-10,3.0,-50.496875,302.52518613633833,0.0,94.03626549766135,1028.01,48,3,0,(),0,dark
yj_m,,False,1789604661081,,,,0.0,0.016264794953566575,0.0,4.21212677946888e-07,0.0,435.67499999999995,1.0,0.0024488678200343937,3.947966421592236e-10,2.625,-50.871875,302.52518613633833,0.0,94.03626549766135,1028.01,42,3,0,(),0,dark
yj_m,,False,1789604661131,,,,0.0,0.016264794953566575,0.0,4.21212677946888e-07,0.0,435.67499999999995,1.0,0.0024488678200343937,3.947966421592236e-10,3.3125,-50.184375,302.52518613633833,0.0,94.03626549766135,1028.01,53,3,0,(),0,dark
yj_m,,False,1789604661181,,,,0.0,0.016264794953566575,0.0,4.21212677946888e-07,0.0,435.67499999999995,1.0,0.0024488678200343937,3.947966421592236e-10,2.75,-50.746875,302.52518613633833,0.0,94.03626549766135,1028.01,44,3,0,(),0,dark
yj_m,,False,1789604661231,,,,0.0,0.016264794953566575,0.0,4.21212677946888e-07,0.0,435.67499999999995,1.0,0.0024488678200343937,3.947966421592236e-10,3.4375,-50.059375,302.52518613633833,0.0,94.03626549766135,1028.01,55,3,0,(),0,dark
yj_m,,False,1789604661281,,,,0.0,0.016264794953566575,0.0,4.21212677946888e-07,0.0,435.67499999999995,1.0,0.0024488678200343937,3.947966421592236e-10,3.1875,-50.309375,302.52518613633833,0.0,94.03626549766135,1028.01,51,3,0,(),0,dark
yj_m,,False,1789604661331,,,,0.0,0.016264794953566575,0.0,4.21212677946888e-07,0.0,435.67499999999995,1.0,0.0024488678200343937,3.947966421592236e-10,3.375,-50.121875,302.52518613633833,0.0,94.03626549766135,1028.01,54,3,0,(),0,dark
yj_m,,False,1789604661381,,,,0.0,0.016264794953566575,0.0,4.21212677946888e-07,0.0,435.67499999999995,1.0,0.0024488678200343937,3.947966421592236e-10,3.125,-50.371875,302.52518613633833,0.0,94.03626549766135,1028.01,50,3,0,(),0,dark
yj_m,,False,1789604661431,,,,0.0,0.016264794953566575,0.0,4.21212677946888e-07,0.0,435.67499999999995,1.0,0.0024488678200343937,3.947966421592236e-10,3.0,-50.496875,302.52518613633833,0.0,94.03626549766135,1028.01,48,3,0,(),0,dark
yj_m,,False,1789604661481,,,,0.0,0.016264794953566575,0.0,4.21212677946888e-07,0.0,435.67499999999995,1.0,0.0024488678200343937,3.947966421592236e-10,3.75,-49.746875,302.52518613633833,0.0,94.03626549766135,1028.01,60,3,0,(),0,dark
yj_m,,False,1789604661531,,,,0.0,0.016264794953566575,0.0,4.21212677946888e-07,0.0,435.67499999999995,1.0,0.0024488678200343937,3.947966421592236e-10,2.875,-50.621875,302.52518613633833,0.0,94.03626549766135,1028.01,46,3,0,(),0,dark
yj_m,,False,1789604661581,,,,0.0,0.016264794953566575,0.0,4.21212677946888e-07,0.0,435.67499999999995,1.0,0.0024488678200343937,3.947966421592236e-10,2.6875,-50.809375,302.52518613633833,0.0,94.03626549766135,1028.01,43,3,0,(),0,dark
yj_m,,False,1789604661631,,,,0.0,0.016264794953566575,0.0,4.21212677946888e-07,0.0,435.67499999999995,1.0,0.0024488678200343937,3.947966421592236e-10,3.25,-50.246875,302.52518613633833,0.0,94.03626549766135,1028.01,52,3,0,(),0,dark
yj_m,,False,1789604661681,,,,0.0,0.016264794953566575,0.0,4.21212677946888e-07,0.0,435.67499999999995,1.0,0.0024488678200343937,3.947966421592236e-10,2.875,-50.621875,302.52518613633833,0.0,94.03626549766135,1028.01,46,3,0,(),0,dark
yj_m,,False,1789604661731,,,,0.0,0.016264794953566575,0.0,4.21212677946888e-07,0.0,435.67499999999995,1.0,0.0024488678200343937,3.947966421592236e-10,3.1875,-50.309375,302.52518613633833,0.0,94.03626549766135,1028.01,51,3,0,(),0,dark
yj_m,,False,1789604661781,,,,0.0,0.016264794953566575,0.0,4.21212677946888e-07,0.0,435.67499999999995,1.0,0.0024488678200343937,3.947966421592236e-10,2.5625,-50.934375,302.52518613633833,0.0,94.03626549766135,1028.01,41,3,0,(),0,dark
yj_m,,False,1789604661831,,,,0.0,0.016264794953566575,0.0,4.21212677946888e-07,0.0,435.67499999999995,1.0,0.0024488678200343937,3.947966421592236e-10,2.1875,-51.309375,302.52518613633833,0.0,94.03626549766135,1028.01,35,3,0,(),0,dark
yj_m,,False,1789604661881,,,,0.0,0.016264794953566575,0.0,4.21212677946888e-07,0.0,435.67499999999995,1.0,0.0024488678200343937,3.947966421592236e-10,2.8125,-50.684375,302.52518613633833,0.0,94.03626549766135,1028.01,45,4,0,(),0,dark
yj_m,,False,1789604661931,,,,0.0,0.016264794953566575,0.0,4.21212677946888e-07,0.0,435.67499999999995,1.0,0.0024488678200343937,3.947966421592236e-10,3.0,-50.496875,302.52518613633833,0.0,94.03626549766135,1028.01,48,4,0,(),0,dark
yj_m,,False,1789604661981,,,,0.0,0.016264794953566575,0.0,4.21212677946888e-07,0.0,435.67499999999995,1.0,0.0024488678200343937,3.947966421592236e-10,3.25,-50.246875,302.52518613633833,0.0,94.03626549766135,1028.01,52,4,0,(),0,dark
yj_m,,False,1789604662031,,,,0.0,0.016264794953566575,0.0,4.21212677946888e-07,0.0,435.67499999999995,1.0,0.0024488678200343937,3.947966421592236e-10,3.8125,-49.684375,302.52518613633833,0.0,94.03626549766135,1028.01,61,4,0,(),0,dark
yj_m,,False,1789604662081,,,,0.0,0.016264794953566575,0.0,4.21212677946888e-07,0.0,435.67499999999995,1.0,0.0024488678200343937,3.947966421592236e-10,2.6875,-50.809375,302.52518613633833,0.0,94.03626549766135,1028.01,43,4,0,(),0,dark
yj_m,,False,1789604662131,,,,0.0,0.016264794953566575,0.0,4.21212677946888e-07,0.0,435.67499999999995,1.0,0.0024488678200343937,3.947966421592236e-10,2.75,-50.746875,302.52518613633833,0.0,94.03626549766135,1028.01,44,4,0,(),0,dark
yj_m,,False,1789604662181,,,,0.0,0.016264794953566575,0.0,4.21212677946888e-07,0.0,435.67499999999995,1.0,0.0024488678200343937,3.947966421592236e-10,3.0,-50.496875,302.52518613633833,0.0,94.03626549766135,1028.01,48,4,0,(),0,dark
yj_m,,False,1789604662231,,,,0.0,0.016264794953566575,0.0,4.21212677946888e-07,0.0,435.67499999999995,1.0,0.0024488678200343937,3.947966421592236e-10,2.5,-50.996875,302.52518613633833,0.0,94.03626549766135,1028.01,40,4,0,(),0,dark
yj_m,,False,1789604662281,,,,0.0,0.016264794953566575,0.0,4.21212677946888e-07,0.0,435.67499999999995,1.0,0.0024488678200343937,3.947966421592236e-10,2.9375,-50.559375,302.52518613633833,0.0,94.03626549766135,1028.01,47,4,0,(),0,dark
yj_m,,False,1789604662331,,,,0.0,0.016264794953566575,0.0,4.21212677946888e-07,0.0,435.67499999999995,1.0,0.0024488678200343937,3.947966421592236e-10,2.4375,-51.059375,302.52518613633833,0.0,94.03626549766135,1028.01,39,4,0,(),0,dark
yj_m,,False,1789604662381,,,,0.0,0.016264794953566575,0.0,4.21212677946888e-07,0.0,435.67499999999995,1.0,0.0024488678200343937,3.947966421592236e-10,3.0625,-50.434375,302.52518613633833,0.0,94.03626549766135,1028.01,49,4,0,(),0,dark
yj_m,,False,1789604662431,,,,0.0,0.016264794953566575,0.0,4.21212677946888e-07,0.0,435.67499999999995,1.0,0.0024488678200343937,3.947966421592236e-10,3.25,-50.246875,302.52518613633833,0.0,94.03626549766135,1028.01,52,4,0,(),0,dark
yj_m,,False,1789604662481,,,,0.0,0.016264794953566575,0.0,4.21212677946888e-07,0.0,435.67499999999995,1.0,0.0024488678200343937,3.947966421592236e-10,2.875,-50.621875,302.52518613633833,0.0,94.03626549766135,1028.01,46,4,0,(),0,dark
yj_m,,False,1789604662531,,,,0.0,0.016264794953566575,0.0,4.21212677946888e-07,0.0,435.67499999999995,1.0,0.0024488678200343937,3.947966421592236e-10,2.8125,-50.684375,302.52518613633833,0.0,94.03626549766135,1028.01,45,4,0,(),0,dark
yj_m,,False,1789604662581,,,,0.0,0.016264794953566575,0.0,4.21212677946888e-07,0.0,435.67499999999995,1.0,0.0024488678200343937,3.947966421592236e-10,2.5,-50.996875,302.52518613633833,0.0,94.03626549766135,1028.01,40,4,0,(),0,dark
yj_m,,False,1789604662631,,,,0.0,0.016264794953566575,0.0,4.21212677946888e-07,0.0,435.67499999999995,1.0,0.0024488678200343937,3.947966421592236e-10,2.5625,-50.934375,302.52518613633833,0.0,94.03626549766135,1028.01,41,4,0,(),0,dark
yj_m,,False,1789604662681,,,,0.0,0.016264794953566575,0.0,4.21212677946888e-07,0.0,435.67499999999995,1.0,0.0024488678200343937,3.947966421592236e-10,2.9375,-50.559375,302.52518613633833,0.0,94.03626549766135,1028.01,47,4,0,(),0,dark
yj_m,,False,1789604662731,,,,0.0,0.016264794953566575,0.0,4.21212677946888e-07,0.0,435.67499999999995,1.0,0.0024488678200343937,3.947966421592236e-10,2.625,-50.871875,302.52518613633833,0.0,94.03626549766135,1028.01,42,4,0,(),0,dark
yj_m,,False,1789604662781,,,,0.0,0.016264794953566575,0.0,4.21212677946888e-07,0.0,435.67499999999995,1.0,0.0024488678200343937,3.947966421592236e-10,3.0,-50.496875,302.52518613633833,0.0,94.03626549766135,1028.01,48,4,0,(),0,dark
yj_m,,False,1789604662831,,,,0.0,0.016264794953566575,0.0,4.21212677946888e-07,0.0,435.67499999999995,1.0,0.0024488678200343937,3.947966421592236e-10,3.0,-50.496875,302.52518613633833,0.0,94.03626549766135,1028.01,48,4,0,(),0,dark
yj_m,,False,1789604662881,,,,0.0,0.016264794953566575,0.0,4.21212677946888e-07,0.0,435.67499999999995,1.0,0.0024488678200343937,3.947966421592236e-10,3.0,-50.496875,302.52518613633833,0.0,94.03626549766135,1028.01,48,5,0,(),0,dark
yj_m,,False,1789604662931,,,,0.0,0.016264794953566575,0.0,4.21212677946888e-07,0.0,435.67499999999995,1.0,0.0024488678200343937,3.947966421592236e-10,2.625,-50.871875,302.52518613633833,0.0,94.03626549766135,1028.01,42,5,0,(),0,dark
yj_m,,False,1789604662981,,,,0.0,0.016264794953566575,0.0,4.21212677946888e-07,0.0,435.67499999999995,1.0,0.0024488678200343937,3.947966421592236e-10,2.5,-50.996875,302.52518613633833,0.0,94.03626549766135,1028.01,40,5,0,(),0,dark
yj_m,,False,1789604663031,,,,0.0,0.016264794953566575,0.0,4.21212677946888e-07,0.0,435.67499999999995,1.0,0.0024488678200343937,3.947966421592236e-10,2.8125,-50.684375,302.52518613633833,0.0,94.03626549766135,1028.01,45,5,0,(),0,dark
yj_m,,False,1789604663081,,,,0.0,0.016264794953566575,0.0,4.21212677946888e-07,0.0,435.67499999999995,1.0,0.0024488678200343937,3.947966421592236e-10,2.5,-50.996875,302.52518613633833,0.0,94.03626549766135,1028.01,40,5,0,(),0,dark
yj_m,,False,1789604663131,,,,0.0,0.016264794953566575,0.0,4.21212677946888e-07,0.0,435.67499999999995,1.0,0.0024488678200343937,3.947966421592236e-10,2.1875,-51.309375,302.52518613633833,0.0,94.03626549766135,1028.01,35,5,0,(),0,dark
yj_m,,False,1789604663181,,,,0.0,0.016264794953566575,0.0,4.21212677946888e-07,0.0,435.67499999999995,1.0,0.0024488678200343937,3.947966421592236e-10,2.75,-50.746875,302.52518613633833,0.0,94.03626549766135,1028.01,44,5,0,(),0,dark
yj_m,,False,1789604663231,,,,0.0,0.016264794953566575,0.0,4.21212677946888e-07,0.0,435.67499999999995,1.0,0.0024488678200343937,3.947966421592236e-10,2.375,-51.121875,302.52518613633833,0.0,94.03626549766135,1028.01,38,5,0,(),0,dark
yj_m,,False,1789604663281,,,,0.0,0.016264794953566575,0.0,4.21212677946888e-07,0.0,435.67499999999995,1.0,0.0024488678200343937,3.947966421592236e-10,2.5625,-50.934375,302.52518613633833,0.0,94.03626549766135,1028.01,41,5,0,(),0,dark
yj_m,,False,1789604663331,,,,0.0,0.016264794953566575,0.0,4.21212677946888e-07,0.0,435.67499999999995,1.0,0.0024488678200343937,3.947966421592236e-10,2.875,-50.621875,302.52518613633833,0.0,94.03626549766135,1028.01,46,5,0,(),0,dark
yj_m,,False,1789604663381,,,,0.0,0.016264794953566575,0.0,4.21212677946888e-07,0.0,435.67499999999995,1.0,0.0024488678200343937,3.947966421592236e-10,3.125,-50.371875,302.52518613633833,0.0,94.03626549766135,1028.01,50,5,0,(),0,dark
yj_m,,False,1789604663431,,,,0.0,0.016264794953566575,0.0,4.21212677946888e-07,0.0,435.67499999999995,1.0,0.0024488678200343937,3.947966421592236e-10,2.0625,-51.434375,302.52518613633833,0.0,94.03626549766135,1028.01,33,5,0,(),0,dark
yj_m,,False,1789604663481,,,,0.0,0.016264794953566575,0.0,4.21212677946888e-07,0.0,435.67499999999995,1.0,0.0024488678200343937,3.947966421592236e-10,2.4375,-51.059375,302.52518613633833,0.0,94.03626549766135,1028.01,39,5,0,(),0,dark
yj_m,,False,1789604663531,,,,0.0,0.016264794953566575,0.0,4.21212677946888e-07,0.0,435.67499999999995,1.0,0.0024488678200343937,3.947966421592236e-10,2.625,-50.871875,302.52518613633833,0.0,94.03626549766135,1028.01,42,5,0,(),0,dark
yj_m,,False,1789604663581,,,,0.0,0.016264794953566575,0.0,4.21212677946888e-07,0.0,435.67499999999995,1.0,0.0024488678200343937,3.947966421592236e-10,2.6875,-50.809375,302.52518613633833,0.0,94.03626549766135,1028.01,43,5,0,(),0,dark
yj_m,,False,1789604663631,,,,0.0,0.016264794953566575,0.0,4.21212677946888e-07,0.0,435.67499999999995,1.0,0.0024488678200343937,3.947966421592236e-10,2.8125,-50.684375,302.52518613633833,0.0,94.03626549766135,1028.01,45,5,0,(),0,dark
yj_m,,False,1789604663681,,,,0.0,0.016264794953566575,0.0,4.21212677946888e-07,0.0,435.67499999999995,1.0,0.0024488678200343937,3.947966421592236e-10,2.8125,-50.684375,302.52518613633833,0.0,94.03626549766135,1028.01,45,5,0,(),0,dark
yj_m,,False,1789604663731,,,,0.0,0.016264794953566575,0.0,4.21212677946888e-07,0.0,435.67499999999995,1.0,0.0024488678200343937,3.947966421592236e-10,2.75,-50.746875,302.52518613633833,0.0,94.03626549766135,1028.01,44,5,0,(),0,dark
yj_m,,False,1789604663781,,,,0.0,0.016264794953566575,0.0,4.21212677946888e-07,0.0,435.67499999999995,1.0,0.0024488678200343937,3.947966421592236e-10,2.1875,-51.309375,302.52518613633833,0.0,94.03626549766135,1028.01,35,5,0,(),0,dark
yj_m,,False,1789604663831,,,,0.0,0.016264794953566575,0.0,4.21212677946888e-07,0.0,435.67499999999995,1.0,0.0024488678200343937,3.947966421592236e-10,2.125,-51.371875,302.52518613633833,0.0,94.03626549766135,1028.01,34,5,0,(),0,dark
yj_m,,False,1789604663881,,,,0.0,0.016264794953566575,0.0,4.21212677946888e-07,0.0,435.67499999999995,1.0,0.0024488678200343937,3.947966421592236e-10,2.1875,-51.309375,302.52518613633833,0.0,94.03626549766135,1028.01,35,6,0,(),0,dark
yj_m,,False,1789604663931,,,,0.0,0.016264794953566575,0.0,4.21212677946888e-07,0.0,435.67499999999995,1.0,0.0024488678200343937,3.947966421592236e-10,2.875,-50.621875,302.52518613633833,0.0,94.03626549766135,1028.01,46,6,0,(),0,dark
yj_m,,False,1789604663981,,,,0.0,0.016264794953566575,0.0,4.21212677946888e-07,0.0,435.67499999999995,1.0,0.0024488678200343937,3.947966421592236e-10,2.5,-50.996875,302.52518613633833,0.0,94.03626549766135,1028.01,40,6,0,(),0,dark
yj_m,,False,1789604664031,,,,0.0,0.016264794953566575,0.0,4.21212677946888e-07,0.0,435.67499999999995,1.0,0.0024488678200343937,3.947966421592236e-10,2.375,-51.121875,302.52518613633833,0.0,94.03626549766135,1028.01,38,6,0,(),0,dark
yj_m,,False,1789604664081,,,,0.0,0.016264794953566575,0.0,4.21212677946888e-07,0.0,435.67499999999995,1.0,0.0024488678200343937,3.947966421592236e-10,2.5,-50.996875,302.52518613633833,0.0,94.03626549766135,1028.01,40,6,0,(),0,dark
yj_m,,False,1789604664131,,,,0.0,0.016264794953566575,0.0,4.21212677946888e-07,0.0,435.67499999999995,1.0,0.0024488678200343937,3.947966421592236e-10,2.6875,-50.809375,302.52518613633833,0.0,94.03626549766135,1028.01,43,6,0,(),0,dark
yj_m,,False,1789604664181,,,,0.0,0.016264794953566575,0.0,4.21212677946888e-07,0.0,435.67499999999995,1.0,0.0024488678200343937,3.947966421592236e-10,2.625,-50.871875,302.52518613633833,0.0,94.03626549766135,1028.01,42,6,0,(),0,dark
yj_m,,False,1789604664231,,,,0.0,0.016264794953566575,0.0,4.21212677946888e-07,0.0,435.67499999999995,1.0,0.0024488678200343937,3.947966421592236e-10,3.375,-50.121875,302.52518613633833,0.0,94.03626549766135,1028.01,54,6,0,(),0,dark
yj_m,,False,1789604664281,,,,0.0,0.016264794953566575,0.0,4.21212677946888e-07,0.0,435.67499999999995,1.0,0.0024488678200343937,3.947966421592236e-10,2.5625,-50.934375,302.52518613633833,0.0,94.03626549766135,1028.01,41,6,0,(),0,dark
yj_m,,False,1789604664331,,,,0.0,0.016264794953566575,0.0,4.21212677946888e-07,0.0,435.67499999999995,1.0,0.0024488678200343937,3.947966421592236e-10,2.125,-51.371875,302.52518613633833,0.0,94.03626549766135,1028.01,34,6,0,(),0,dark
yj_m,,False,1789604664381,,,,0.0,0.016264794953566575,0.0,4.21212677946888e-07,0.0,435.67499999999995,1.0,0.0024488678200343937,3.947966421592236e-10,2.625,-50.871875,302.52518613633833,0.0,94.03626549766135,1028.01,42,6,0,(),0,dark
yj_m,,False,1789604664431,,,,0.0,0.016264794953566575,0.0,4.21212677946888e-07,0.0,435.67499999999995,1.0,0.0024488678200343937,3.947966421592236e-10,2.8125,-50.684375,302.52518613633833,0.0,94.03626549766135,1028.01,45,6,0,(),0,dark
yj_m,,False,1789604664481,,,,0.0,0.016264794953566575,0.0,4.21212677946888e-07,0.0,435.67499999999995,1.0,0.0024488678200343937,3.947966421592236e-10,2.5625,-50.934375,302.52518613633833,0.0,94.03626549766135,1028.01,41,6,0,(),0,dark
yj_m,,False,1789604664531,,,,0.0,0.016264794953566575,0.0,4.21212677946888e-07,0.0,435.67499999999995,1.0,0.0024488678200343937,3.947966421592236e-10,2.1875,-51.309375,302.52518613633833,0.0,94.03626549766135,1028.01,35,6,0,(),0,dark
yj_m,,False,1789604664581,,,,0.0,0.016264794953566575,0.0,4.21212677946888e-07,0.0,435.67499999999995,1.0,0.0024488678200343937,3.947966421592236e-10,2.125,-51.371875,302.52518613633833,0.0,94.03626549766135,1028.01,34,6,0,(),0,dark
yj_m,,False,1789604664631,,,,0.0,0.016264794953566575,0.0,4.21212677946888e-07,0.0,435.67499999999995,1.0,0.0024488678200343937,3.947966421592236e-10,3.125,-50.371875,302.52518613633833,0.0,94.03626549766135,1028.01,50,6,0,(),0,dark
yj_m,,False,1789604664682,,,,0.0,0.016264794953566575,0.0,4.21212677946888e-07,0.0,435.67499999999995,1.0,0.0024488678200343937,3.947966421592236e-10,2.1875,-51.309375,302.52518613633833,0.0,94.03626549766135,1028.01,35,6,0,(),0,dark
yj_m,,False,1789604664731,,,,0.0,0.016264794953566575,0.0,4.21212677946888e-07,0.0,435.67499999999995,1.0,0.0024488678200343937,3.947966421592236e-10,2.75,-50.746875,302.52518613633833,0.0,94.03626549766135,1028.01,44,6,0,(),0,dark
yj_m,,False,1789604664781,,,,0.0,0.016264794953566575,0.0,4.21212677946888e-07,0.0,435.67499999999995,1.0,0.0024488678200343937,3.947966421592236e-10,2.9375,-50.559375,302.52518613633833,0.0,94.03626549766135,1028.01,47,6,0,(),0,dark
yj_m,,False,1789604664831,,,,0.0,0.016264794953566575,0.0,4.21212677946888e-07,0.0,435.67499999999995,1.0,0.0024488678200343937,3.947966421592236e-10,2.4375,-51.059375,302.52518613633833,0.0,94.03626549766135,1028.01,39,6,0,(),0,dark
yj_m,,False,1789604664881,,,,0.0,0.016264794953566575,0.0,4.21212677946888e-07,0.0,435.67499999999995,1.0,0.0024488678200343937,3.947966421592236e-10,3.25,-50.246875,302.52518613633833,0.0,94.03626549766135,1028.01,52,7,0,(),0,dark
yj_m,,False,1789604664931,,,,0.0,0.016264794953566575,0.0,4.21212677946888e-07,0.0,435.67499999999995,1.0,0.0024488678200343937,3.947966421592236e-10,2.625,-50.871875,302.52518613633833,0.0,94.03626549766135,1028.01,42,7,0,(),0,dark
yj_m,,False,1789604664981,,,,0.0,0.016264794953566575,0.0,4.21212677946888e-07,0.0,435.67499999999995,1.0,0.0024488678200343937,3.947966421592236e-10,2.5,-50.996875,302.52518613633833,0.0,94.03626549766135,1028.01,40,7,0,(),0,dark
yj_m,,False,1789604665031,,,,0.0,0.016264794953566575,0.0,4.21212677946888e-07,0.0,435.67499999999995,1.0,0.0024488678200343937,3.947966421592236e-10,2.375,-51.121875,302.52518613633833,0.0,94.03626549766135,1028.01,38,7,0,(),0,dark
yj_m,,False,1789604665081,,,,0.0,0.016264794953566575,0.0,4.21212677946888e-07,0.0,435.67499999999995,1.0,0.0024488678200343937,3.947966421592236e-10,2.4375,-51.059375,302.52518613633833,0.0,94.03626549766135,1028.01,39,7,0,(),0,dark
yj_m,,False,1789604665131,,,,0.0,0.016264794953566575,0.0,4.21212677946888e-07,0.0,435.67499999999995,1.0,0.0024488678200343937,3.947966421592236e-10,2.75,-50.746875,302.52518613633833,0.0,94.03626549766135,1028.01,44,7,0,(),0,dark
yj_m,,False,1789604665181,,,,0.0,0.016264794953566575,0.0,4.21212677946888e-07,0.0,435.67499999999995,1.0,0.0024488678200343937,3.947966421592236e-10,2.1875,-51.309375,302.52518613633833,0.0,94.03626549766135,1028.01,35,7,0,(),0,dark
yj_m,,False,1789604665231,,,,0.0,0.016264794953566575,0.0,4.21212677946888e-07,0.0,435.67499999999995,1.0,0.0024488678200343937,3.947966421592236e-10,3.125,-50.371875,302.52518613633833,0.0,94.03626549766135,1028.01,50,7,0,(),0,dark
yj_m,,False,1789604665281,,,,0.0,0.016264794953566575,0.0,4.21212677946888e-07,0.0,435.67499999999995,1.0,0.0024488678200343937,3.947966421592236e-10,2.9375,-50.559375,302.52518613633833,0.0,94.03626549766135,1028.01,47,7,0,(),0,dark
yj_m,,False,1789604665331,,,,0.0,0.016264794953566575,0.0,4.21212677946888e-07,0.0,435.67499999999995,1.0,0.0024488678200343937,3.947966421592236e-10,2.5,-50.996875,302.52518613633833,0.0,94.03626549766135,1028.01,40,7,0,(),0,dark
yj_m,,False,1789604665381,,,,0.0,0.016264794953566575,0.0,4.21212677946888e-07,0.0,435.67499999999995,1.0,0.0024488678200343937,3.947966421592236e-10,2.75,-50.746875,302.52518613633833,0.0,94.03626549766135,1028.01,44,7,0,(),0,dark
yj_m,,False,1789604665431,,,,0.0,0.016264794953566575,0.0,4.21212677946888e-07,0.0,435.67499999999995,1.0,0.0024488678200343937,3.947966421592236e-10,2.9375,-50.559375,302.52518613633833,0.0,94.03626549766135,1028.01,47,7,0,(),0,dark
yj_m,,False,1789604665481,,,,0.0,0.016264794953566575,0.0,4.21212677946888e-07,0.0,435.67499999999995,1.0,0.0024488678200343937,3.947966421592236e-10,2.5625,-50.934375,302.52518613633833,0.0,94.03626549766135,1028.01,41,7,0,(),0,dark
yj_m,,False,1789604665531,,,,0.0,0.016264794953566575,0.0,4.21212677946888e-07,0.0,435.67499999999995,1.0,0.0024488678200343937,3.947966421592236e-10,1.875,-51.621875,302.52518613633833,0.0,94.03626549766135,1028.01,30,7,0,(),0,dark
yj_m,,False,1789604665581,,,,0.0,0.016264794953566575,0.0,4.21212677946888e-07,0.0,435.67499999999995,1.0,0.0024488678200343937,3.947966421592236e-10,2.8125,-50.684375,302.52518613633833,0.0,94.03626549766135,1028.01,45,7,0,(),0,dark
yj_m,,False,1789604665631,,,,0.0,0.016264794953566575,0.0,4.21212677946888e-07,0.0,435.67499999999995,1.0,0.0024488678200343937,3.947966421592236e-10,2.1875,-51.309375,302.52518613633833,0.0,94.03626549766135,1028.01,35,7,0,(),0,dark
yj_m,,False,1789604665681,,,,0.0,0.016264794953566575,0.0,4.21212677946888e-07,0.0,435.67499999999995,1.0,0.0024488678200343937,3.947966421592236e-10,2.75,-50.746875,302.52518613633833,0.0,94.03626549766135,1028.01,44,7,0,(),0,dark
yj_m,,False,1789604665731,,,,0.0,0.016264794953566575,0.0,4.21212677946888e-07,0.0,435.67499999999995,1.0,0.0024488678200343937,3.947966421592236e-10,2.4375,-51.059375,302.52518613633833,0.0,94.03626549766135,1028.01,39,7,0,(),0,dark
yj_m,,False,1789604665781,,,,0.0,0.016264794953566575,0.0,4.21212677946888e-07,0.0,435.67499999999995,1.0,0.0024488678200343937,3.947966421592236e-10,1.875,-51.621875,302.52518613633833,0.0,94.03626549766135,1028.01,30,7,0,(),0,dark
yj_m,,False,1789604665831,,,,0.0,0.016264794953566575,0.0,4.21212677946888e-07,0.0,435.67499999999995,1.0,0.0024488678200343937,3.947966421592236e-10,2.125,-51.371875,302.52518613633833,0.0,94.03626549766135,1028.01,34,7,0,(),0,dark
yj_m,,False,1789604665881,,,,0.0,0.016264794953566575,0.0,4.21212677946888e-07,0.0,435.67499999999995,1.0,0.0024488678200343937,3.947966421592236e-10,1.9375,-51.559375,302.52518613633833,0.0,94.03626549766135,1028.01,31,8,0,(),0,dark
yj_m,,False,1789604665931,,,,0.0,0.016264794953566575,0.0,4.21212677946888e-07,0.0,435.67499999999995,1.0,0.0024488678200343937,3.947966421592236e-10,2.875,-50.621875,302.52518613633833,0.0,94.03626549766135,1028.01,46,8,0,(),0,dark
yj_m,,False,1789604665981,,,,0.0,0.016264794953566575,0.0,4.21212677946888e-07,0.0,435.67499999999995,1.0,0.0024488678200343937,3.947966421592236e-10,2.3125,-51.184375,302.52518613633833,0.0,94.03626549766135,1028.01,37,8,0,(),0,dark
yj_m,,False,1789604666031,,,,0.0,0.016264794953566575,0.0,4.21212677946888e-07,0.0,435.67499999999995,1.0,0.0024488678200343937,3.947966421592236e-10,2.3125,-51.184375,302.52518613633833,0.0,94.03626549766135,1028.01,37,8,0,(),0,dark
yj_m,,False,1789604666081,,,,0.0,0.016264794953566575,0.0,4.21212677946888e-07,0.0,435.67499999999995,1.0,0.0024488678200343937,3.947966421592236e-10,2.375,-51.121875,302.52518613633833,0.0,94.03626549766135,1028.01,38,8,0,(),0,dark
yj_m,,False,1789604666131,,,,0.0,0.016264794953566575,0.0,4.21212677946888e-07,0.0,435.67499999999995,1.0,0.0024488678200343937,3.947966421592236e-10,2.5,-50.996875,302.52518613633833,0.0,94.03626549766135,1028.01,40,8,0,(),0,dark
yj_m,,False,1789604666181,,,,0.0,0.016264794953566575,0.0,4.21212677946888e-07,0.0,435.67499999999995,1.0,0.0024488678200343937,3.947966421592236e-10,2.9375,-50.559375,302.52518613633833,0.0,94.03626549766135,1028.01,47,8,0,(),0,dark
yj_m,,False,1789604666231,,,,0.0,0.016264794953566575,0.0,4.21212677946888e-07,0.0,435.67499999999995,1.0,0.0024488678200343937,3.947966421592236e-10,2.5625,-50.934375,302.52518613633833,0.0,94.03626549766135,1028.01,41,8,0,(),0,dark
yj_m,,False,1789604666281,,,,0.0,0.016264794953566575,0.0,4.21212677946888e-07,0.0,435.67499999999995,1.0,0.0024488678200343937,3.947966421592236e-10,2.625,-50.871875,302.52518613633833,0.0,94.03626549766135,1028.01,42,8,0,(),0,dark
yj_m,,False,1789604666331,,,,0.0,0.016264794953566575,0.0,4.21212677946888e-07,0.0,435.67499999999995,1.0,0.0024488678200343937,3.947966421592236e-10,2.5,-50.996875,302.52518613633833,0.0,94.03626549766135,1028.01,40,8,0,(),0,dark
yj_m,,False,1789604666381,,,,0.0,0.016264794953566575,0.0,4.21212677946888e-07,0.0,435.67499999999995,1.0,0.0024488678200343937,3.947966421592236e-10,2.1875,-51.309375,302.52518613633833,0.0,94.03626549766135,1028.01,35,8,0,(),0,dark
yj_m,,False,1789604666432,,,,0.0,0.016264794953566575,0.0,4.21212677946888e-07,0.0,435.67499999999995,1.0,0.0024488678200343937,3.947966421592236e-10,2.5625,-50.934375,302.52518613633833,0.0,94.03626549766135,1028.01,41,8,0,(),0,dark
yj_m,,False,1789604666481,,,,0.0,0.016264794953566575,0.0,4.21212677946888e-07,0.0,435.67499999999995,1.0,0.0024488678200343937,3.947966421592236e-10,2.5625,-50.934375,302.52518613633833,0.0,94.03626549766135,1028.01,41,8,0,(),0,dark
yj_m,,False,1789604666531,,,,0.0,0.016264794953566575,0.0,4.21212677946888e-07,0.0,435.67499999999995,1.0,0.0024488678200343937,3.947966421592236e-10,2.4375,-51.059375,302.52518613633833,0.0,94.03626549766135,1028.01,39,8,0,(),0,dark
yj_m,,False,1789604666581,,,,0.0,0.016264794953566575,0.0,4.21212677946888e-07,0.0,435.67499999999995,1.0,0.0024488678200343937,3.947966421592236e-10,2.875,-50.621875,302.52518613633833,0.0,94.03626549766135,1028.01,46,8,0,(),0,dark
yj_m,,False,1789604666631,,,,0.0,0.016264794953566575,0.0,4.21212677946888e-07,0.0,435.67499999999995,1.0,0.0024488678200343937,3.947966421592236e-10,2.5625,-50.934375,302.52518613633833,0.0,94.03626549766135,1028.01,41,8,0,(),0,dark
yj_m,,False,1789604666681,,,,0.0,0.016264794953566575,0.0,4.21212677946888e-07,0.0,435.67499999999995,1.0,0.0024488678200343937,3.947966421592236e-10,2.5625,-50.934375,302.52518613633833,0.0,94.03626549766135,1028.01,41,8,0,(),0,dark
yj_m,,False,1789604666731,,,,0.0,0.016264794953566575,0.0,4.21212677946888e-07,0.0,435.67499999999995,1.0,0.0024488678200343937,3.947966421592236e-10,2.4375,-51.059375,302.52518613633833,0.0,94.03626549766135,1028.01,39,8,0,(),0,dark
yj_m,,False,1789604666781,,,,0.0,0.016264794953566575,0.0,4.21212677946888e-07,0.0,435.67499999999995,1.0,0.0024488678200343937,3.947966421592236e-10,2.125,-51.371875,302.52518613633833,0.0,94.03626549766135,1028.01,34,8,0,(),0,dark
yj_m,,False,1789604666831,,,,0.0,0.016264794953566575,0.0,4.21212677946888e-07,0.0,435.67499999999995,1.0,0.0024488678200343937,3.947966421592236e-10,2.6875,-50.809375,302.52518613633833,0.0,94.03626549766135,1028.01,43,8,0,(),0,dark
yj_m,,False,1789604666881,,,,0.0,0.016264794953566575,0.0,4.21212677946888e-07,0.0,435.67499999999995,1.0,0.0024488678200343937,3.947966421592236e-10,2.0625,-51.434375,302.52518613633833,0.0,94.03626549766135,1028.01,33,9,0,(),0,dark
yj_m,,False,1789604666931,,,,0.0,0.016264794953566575,0.0,4.21212677946888e-07,0.0,435.67499999999995,1.0,0.0024488678200343937,3.947966421592236e-10,2.1875,-51.309375,302.52518613633833,0.0,94.03626549766135,1028.01,35,9,0,(),0,dark
yj_m,,False,1789604666981,,,,0.0,0.016264794953566575,0.0,4.21212677946888e-07,0.0,435.67499999999995,1.0,0.0024488678200343937,3.947966421592236e-10,2.75,-50.746875,302.52518613633833,0.0,94.03626549766135,1028.01,44,9,0,(),0,dark
yj_m,,False,1789604667031,,,,0.0,0.016264794953566575,0.0,4.21212677946888e-07,0.0,435.67499999999995,1.0,0.0024488678200343937,3.947966421592236e-10,2.0,-51.496875,302.52518613633833,0.0,94.03626549766135,1028.01,32,9,0,(),0,dark
yj_m,,False,1789604667081,,,,0.0,0.016264794953566575,0.0,4.21212677946888e-07,0.0,435.67499999999995,1.0,0.0024488678200343937,3.947966421592236e-10,2.875,-50.621875,302.52518613633833,0.0,94.03626549766135,1028.01,46,9,0,(),0,dark
yj_m,,False,1789604667131,,,,0.0,0.016264794953566575,0.0,4.21212677946888e-07,0.0,435.67499999999995,1.0,0.0024488678200343937,3.947966421592236e-10,2.8125,-50.684375,302.52518613633833,0.0,94.03626549766135,1028.01,45,9,0,(),0,dark
yj_m,,False,1789604667182,,,,0.0,0.016264794953566575,0.0,4.21212677946888e-07,0.0,435.67499999999995,1.0,0.0024488678200343937,3.947966421592236e-10,2.4375,-51.059375,302.52518613633833,0.0,94.03626549766135,1028.01,39,9,0,(),0,dark
yj_m,,False,1789604667231,,,,0.0,0.016264794953566575,0.0,4.21212677946888e-07,0.0,435.67499999999995,1.0,0.0024488678200343937,3.947966421592236e-10,2.3125,-51.184375,302.52518613633833,0.0,94.03626549766135,1028.01,37,9,0,(),0,dark
yj_m,,False,1789604667281,,,,0.0,0.016264794953566575,0.0,4.21212677946888e-07,0.0,435.67499999999995,1.0,0.0024488678200343937,3.947966421592236e-10,2.5,-50.996875,302.52518613633833,0.0,94.03626549766135,1028.01,40,9,0,(),0,dark
yj_m,,False,1789604667331,,,,0.0,0.016264794953566575,0.0,4.21212677946888e-07,0.0,435.67499999999995,1.0,0.0024488678200343937,3.947966421592236e-10,2.6875,-50.809375,302.52518613633833,0.0,94.03626549766135,1028.01,43,9,0,(),0,dark
yj_m,,False,1789604667381,,,,0.0,0.016264794953566575,0.0,4.21212677946888e-07,0.0,435.67499999999995,1.0,0.0024488678200343937,3.947966421592236e-10,2.375,-51.121875,302.52518613633833,0.0,94.03626549766135,1028.01,38,9,0,(),0,dark
yj_m,,False,1789604667431,,,,0.0,0.016264794953566575,0.0,4.21212677946888e-07,0.0,435.67499999999995,1.0,0.0024488678200343937,3.947966421592236e-10,2.5,-50.996875,302.52518613633833,0.0,94.03626549766135,1028.01,40,9,0,(),0,dark
yj_m,,False,1789604667481,,,,0.0,0.016264794953566575,0.0,4.21212677946888e-07,0.0,435.67499999999995,1.0,0.0024488678200343937,3.947966421592236e-10,2.1875,-51.309375,302.52518613633833,0.0,94.03626549766135,1028.01,35,9,0,(),0,dark
yj_m,,False,1789604667531,,,,0.0,0.016264794953566575,0.0,4.21212677946888e-07,0.0,435.67499999999995,1.0,0.0024488678200343937,3.947966421592236e-10,1.75,-51.746875,302.52518613633833,0.0,94.03626549766135,1028.01,28,9,0,(),0,dark
yj_m,,False,1789604667581,,,,0.0,0.016264794953566575,0.0,4.21212677946888e-07,0.0,435.67499999999995,1.0,0.0024488678200343937,3.947966421592236e-10,2.4375,-51.059375,302.52518613633833,0.0,94.03626549766135,1028.01,39,9,0,(),0,dark
yj_m,,False,1789604667631,,,,0.0,0.016264794953566575,0.0,4.21212677946888e-07,0.0,435.67499999999995,1.0,0.0024488678200343937,3.947966421592236e-10,2.4375,-51.059375,302.52518613633833,0.0,94.03626549766135,1028.01,39,9,0,(),0,dark
yj_m,,False,1789604667681,,,,0.0,0.016264794953566575,0.0,4.21212677946888e-07,0.0,435.67499999999995,1.0,0.0024488678200343937,3.947966421592236e-10,2.125,-51.371875,302.52518613633833,0.0,94.03626549766135,1028.01,34,9,0,(),0,dark
yj_m,,False,1789604667731,,,,0.0,0.016264794953566575,0.0,4.21212677946888e-07,0.0,435.67499999999995,1.0,0.0024488678200343937,3.947966421592236e-10,2.5,-50.996875,302.52518613633833,0.0,94.03626549766135,1028.01,40,9,0,(),0,dark
yj_m,,False,1789604667781,,,,0.0,0.016264794953566575,0.0,4.21212677946888e-07,0.0,435.67499999999995,1.0,0.0024488678200343937,3.947966421592236e-10,1.9375,-51.559375,302.52518613633833,0.0,94.03626549766135,1028.01,31,9,0,(),0,dark
yj_m,,False,1789604667831,,,,0.0,0.016264794953566575,0.0,4.21212677946888e-07,0.0,435.67499999999995,1.0,0.0024488678200343937,3.947966421592236e-10,2.6875,-50.809375,302.52518613633833,0.0,94.03626549766135,1028.01,43,9,0,(),0,dark
yj_m,,False,1789604667881,,,,0.0,0.016264794953566575,0.0,4.21212677946888e-07,0.0,435.67499999999995,1.0,0.0024488678200343937,3.947966421592236e-10,2.375,-51.121875,302.52518613633833,0.0,94.03626549766135,1028.01,38,10,0,(),0,dark
yj_m,,False,1789604667931,,,,0.0,0.016264794953566575,0.0,4.21212677946888e-07,0.0,435.67499999999995,1.0,0.0024488678200343937,3.947966421592236e-10,2.0,-51.496875,302.52518613633833,0.0,94.03626549766135,1028.01,32,10,0,(),0,dark
yj_m,,False,1789604667981,,,,0.0,0.016264794953566575,0.0,4.21212677946888e-07,0.0,435.67499999999995,1.0,0.0024488678200343937,3.947966421592236e-10,2.1875,-51.309375,302.52518613633833,0.0,94.03626549766135,1028.01,35,10,0,(),0,dark
yj_m,,False,1789604668031,,,,0.0,0.016264794953566575,0.0,4.21212677946888e-07,0.0,435.67499999999995,1.0,0.0024488678200343937,3.947966421592236e-10,2.625,-50.871875,302.52518613633833,0.0,94.03626549766135,1028.01,42,10,0,(),0,dark
yj_m,,False,1789604668081,,,,0.0,0.016264794953566575,0.0,4.21212677946888e-07,0.0,435.67499999999995,1.0,0.0024488678200343937,3.947966421592236e-10,2.5625,-50.934375,302.52518613633833,0.0,94.03626549766135,1028.01,41,10,0,(),0,dark
yj_m,,False,1789604668131,,,,0.0,0.016264794953566575,0.0,4.21212677946888e-07,0.0,435.67499999999995,1.0,0.0024488678200343937,3.947966421592236e-10,2.75,-50.746875,302.52518613633833,0.0,94.03626549766135,1028.01,44,10,0,(),0,dark
yj_m,,False,1789604668181,,,,0.0,0.016264794953566575,0.0,4.21212677946888e-07,0.0,435.67499999999995,1.0,0.0024488678200343937,3.947966421592236e-10,2.375,-51.121875,302.52518613633833,0.0,94.03626549766135,1028.01,38,10,0,(),0,dark
yj_m,,False,1789604668231,,,,0.0,0.016264794953566575,0.0,4.21212677946888e-07,0.0,435.67499999999995,1.0,0.0024488678200343937,3.947966421592236e-10,2.4375,-51.059375,302.52518613633833,0.0,94.03626549766135,1028.01,39,10,0,(),0,dark
yj_m,,False,1789604668281,,,,0.0,0.016264794953566575,0.0,4.21212677946888e-07,0.0,435.67499999999995,1.0,0.0024488678200343937,3.947966421592236e-10,2.875,-50.621875,302.52518613633833,0.0,94.03626549766135,1028.01,46,10,0,(),0,dark
yj_m,,False,1789604668331,,,,0.0,0.016264794953566575,0.0,4.21212677946888e-07,0.0,435.67499999999995,1.0,0.0024488678200343937,3.947966421592236e-10,2.4375,-51.059375,302.52518613633833,0.0,94.03626549766135,1028.01,39,10,0,(),0,dark
yj_m,,False,1789604668381,,,,0.0,0.016264794953566575,0.0,4.21212677946888e-07,0.0,435.67499999999995,1.0,0.0024488678200343937,3.947966421592236e-10,2.0625,-51.434375,302.52518613633833,0.0,94.03626549766135,1028.01,33,10,0,(),0,dark
yj_m,,False,1789604668431,,,,0.0,0.016264794953566575,0.0,4.21212677946888e-07,0.0,435.67499999999995,1.0,0.0024488678200343937,3.947966421592236e-10,2.625,-50.871875,302.52518613633833,0.0,94.03626549766135,1028.01,42,10,0,(),0,dark
yj_m,,False,1789604668481,,,,0.0,0.016264794953566575,0.0,4.21212677946888e-07,0.0,435.67499999999995,1.0,0.0024488678200343937,3.947966421592236e-10,2.3125,-51.184375,302.52518613633833,0.0,94.03626549766135,1028.01,37,10,0,(),0,dark
yj_m,,False,1789604668531,,,,0.0,0.016264794953566575,0.0,4.21212677946888e-07,0.0,435.67499999999995,1.0,0.0024488678200343937,3.947966421592236e-10,2.6875,-50.809375,302.52518613633833,0.0,94.03626549766135,1028.01,43,10,0,(),0,dark
yj_m,,False,1789604668581,,,,0.0,0.016264794953566575,0.0,4.21212677946888e-07,0.0,435.67499999999995,1.0,0.0024488678200343937,3.947966421592236e-10,2.5,-50.996875,302.52518613633833,0.0,94.03626549766135,1028.01,40,10,0,(),0,dark
yj_m,,False,1789604668631,,,,0.0,0.016264794953566575,0.0,4.21212677946888e-07,0.0,435.67499999999995,1.0,0.0024488678200343937,3.947966421592236e-10,2.25,-51.246875,302.52518613633833,0.0,94.03626549766135,1028.01,36,10,0,(),0,dark
yj_m,,False,1789604668681,,,,0.0,0.016264794953566575,0.0,4.21212677946888e-07,0.0,435.67499999999995,1.0,0.0024488678200343937,3.947966421592236e-10,2.5625,-50.934375,302.52518613633833,0.0,94.03626549766135,1028.01,41,10,0,(),0,dark
yj_m,,False,1789604668731,,,,0.0,0.016264794953566575,0.0,4.21212677946888e-07,0.0,435.67499999999995,1.0,0.0024488678200343937,3.947966421592236e-10,2.5625,-50.934375,302.52518613633833,0.0,94.03626549766135,1028.01,41,10,0,(),0,dark
yj_m,,False,1789604668781,,,,0.0,0.016264794953566575,0.0,4.21212677946888e-07,0.0,435.67499999999995,1.0,0.0024488678200343937,3.947966421592236e-10,2.375,-51.121875,302.52518613633833,0.0,94.03626549766135,1028.01,38,10,0,(),0,dark
yj_m,,False,1789604668831,,,,0.0,0.016264794953566575,0.0,4.21212677946888e-07,0.0,435.67499999999995,1.0,0.0024488678200343937,3.947966421592236e-10,1.5625,-51.934375,302.52518613633833,0.0,94.03626549766135,1028.01,25,10,0,(),0,dark
yj_m,,False,1789604668881,,,,0.0,0.016264794953566575,0.0,4.21212677946888e-07,0.0,435.67499999999995,1.0,0.0024488678200343937,3.947966421592236e-10,2.0625,-51.434375,302.52518613633833,0.0,94.03626549766135,1028.01,33,11,0,(),0,dark
yj_m,,False,1789604668931,,,,0.0,0.016264794953566575,0.0,4.21212677946888e-07,0.0,435.67499999999995,1.0,0.0024488678200343937,3.947966421592236e-10,2.8125,-50.684375,302.52518613633833,0.0,94.03626549766135,1028.01,45,11,0,(),0,dark
yj_m,,False,1789604668981,,,,0.0,0.016264794953566575,0.0,4.21212677946888e-07,0.0,435.67499999999995,1.0,0.0024488678200343937,3.947966421592236e-10,2.6875,-50.809375,302.52518613633833,0.0,94.03626549766135,1028.01,43,11,0,(),0,dark
yj_m,,False,1789604669031,,,,0.0,0.016264794953566575,0.0,4.21212677946888e-07,0.0,435.67499999999995,1.0,0.0024488678200343937,3.947966421592236e-10,1.875,-51.621875,302.52518613633833,0.0,94.03626549766135,1028.01,30,11,0,(),0,dark
yj_m,,False,1789604669081,,,,0.0,0.016264794953566575,0.0,4.21212677946888e-07,0.0,435.67499999999995,1.0,0.0024488678200343937,3.947966421592236e-10,1.9375,-51.559375,302.52518613633833,0.0,94.03626549766135,1028.01,31,11,0,(),0,dark
yj_m,,False,1789604669131,,,,0.0,0.016264794953566575,0.0,4.21212677946888e-07,0.0,435.67499999999995,1.0,0.0024488678200343937,3.947966421592236e-10,2.3125,-51.184375,302.52518613633833,0.0,94.03626549766135,1028.01,37,11,0,(),0,dark
yj_m,,False,1789604669181,,,,0.0,0.016264794953566575,0.0,4.21212677946888e-07,0.0,435.67499999999995,1.0,0.0024488678200343937,3.947966421592236e-10,2.3125,-51.184375,302.52518613633833,0.0,94.03626549766135,1028.01,37,11,0,(),0,dark
yj_m,,False,1789604669231,,,,0.0,0.016264794953566575,0.0,4.21212677946888e-07,0.0,435.67499999999995,1.0,0.0024488678200343937,3.947966421592236e-10,2.5625,-50.934375,302.52518613633833,0.0,94.03626549766135,1028.01,41,11,0,(),0,dark
yj_m,,False,1789604669281,,,,0.0,0.016264794953566575,0.0,4.21212677946888e-07,0.0,435.67499999999995,1.0,0.0024488678200343937,3.947966421592236e-10,2.375,-51.121875,302.52518613633833,0.0,94.03626549766135,1028.01,38,11,0,(),0,dark
yj_m,,False,1789604669331,,,,0.0,0.016264794953566575,0.0,4.21212677946888e-07,0.0,435.67499999999995,1.0,0.0024488678200343937,3.947966421592236e-10,3.0,-50.496875,302.52518613633833,0.0,94.03626549766135,1028.01,48,11,0,(),0,dark
yj_m,,False,1789604669381,,,,0.0,0.016264794953566575,0.0,4.21212677946888e-07,0.0,435.67499999999995,1.0,0.0024488678200343937,3.947966421592236e-10,2.125,-51.371875,302.52518613633833,0.0,94.03626549766135,1028.01,34,11,0,(),0,dark
yj_m,,False,1789604669431,,,,0.0,0.016264794953566575,0.0,4.21212677946888e-07,0.0,435.67499999999995,1.0,0.0024488678200343937,3.947966421592236e-10,2.5,-50.996875,302.52518613633833,0.0,94.03626549766135,1028.01,40,11,0,(),0,dark
yj_m,,False,1789604669481,,,,0.0,0.016264794953566575,0.0,4.21212677946888e-07,0.0,435.67499999999995,1.0,0.0024488678200343937,3.947966421592236e-10,1.6875,-51.809375,302.52518613633833,0.0,94.03626549766135,1028.01,27,11,0,(),0,dark
yj_m,,False,1789604669531,,,,0.0,0.016264794953566575,0.0,4.21212677946888e-07,0.0,435.67499999999995,1.0,0.0024488678200343937,3.947966421592236e-10,2.625,-50.871875,302.52518613633833,0.0,94.03626549766135,1028.01,42,11,0,(),0,dark
yj_m,,False,1789604669581,,,,0.0,0.016264794953566575,0.0,4.21212677946888e-07,0.0,435.67499999999995,1.0,0.0024488678200343937,3.947966421592236e-10,2.0,-51.496875,302.52518613633833,0.0,94.03626549766135,1028.01,32,11,0,(),0,dark
yj_m,,False,1789604669631,,,,0.0,0.016264794953566575,0.0,4.21212677946888e-07,0.0,435.67499999999995,1.0,0.0024488678200343937,3.947966421592236e-10,1.875,-51.621875,302.52518613633833,0.0,94.03626549766135,1028.01,30,11,0,(),0,dark
yj_m,,False,1789604669681,,,,0.0,0.016264794953566575,0.0,4.21212677946888e-07,0.0,435.67499999999995,1.0,0.0024488678200343937,3.947966421592236e-10,1.9375,-51.559375,302.52518613633833,0.0,94.03626549766135,1028.01,31,11,0,(),0,dark
yj_m,,False,1789604669731,,,,0.0,0.016264794953566575,0.0,4.21212677946888e-07,0.0,435.67499999999995,1.0,0.0024488678200343937,3.947966421592236e-10,2.5,-50.996875,302.52518613633833,0.0,94.03626549766135,1028.01,40,11,0,(),0,dark
yj_m,,False,1789604669781,,,,0.0,0.016264794953566575,0.0,4.21212677946888e-07,0.0,435.67499999999995,1.0,0.0024488678200343937,3.947966421592236e-10,2.375,-51.121875,302.52518613633833,0.0,94.03626549766135,1028.01,38,11,0,(),0,dark
yj_m,,False,1789604669831,,,,0.0,0.016264794953566575,0.0,4.21212677946888e-07,0.0,435.67499999999995,1.0,0.0024488678200343937,3.947966421592236e-10,2.0625,-51.434375,302.52518613633833,0.0,94.03626549766135,1028.01,33,11,0,(),0,dark
yj_m,,False,1789604669881,,,,0.0,0.016264794953566575,0.0,4.21212677946888e-07,0.0,435.67499999999995,1.0,0.0024488678200343937,3.947966421592236e-10,2.5,-50.996875,302.52518613633833,0.0,94.03626549766135,1028.01,40,12,0,(),0,dark
yj_m,,False,1789604669931,,,,0.0,0.016264794953566575,0.0,4.21212677946888e-07,0.0,435.67499999999995,1.0,0.0024488678200343937,3.947966421592236e-10,2.9375,-50.559375,302.52518613633833,0.0,94.03626549766135,1028.01,47,12,0,(),0,dark
yj_m,,False,1789604669981,,,,0.0,0.016264794953566575,0.0,4.21212677946888e-07,0.0,435.67499999999995,1.0,0.0024488678200343937,3.947966421592236e-10,2.375,-51.121875,302.52518613633833,0.0,94.03626549766135,1028.01,38,12,0,(),0,dark
yj_m,,False,1789604670031,,,,0.0,0.016264794953566575,0.0,4.21212677946888e-07,0.0,435.67499999999995,1.0,0.0024488678200343937,3.947966421592236e-10,1.6875,-51.809375,302.52518613633833,0.0,94.03626549766135,1028.01,27,12,0,(),0,dark
yj_m,,False,1789604670081,,,,0.0,0.016264794953566575,0.0,4.21212677946888e-07,0.0,435.67499999999995,1.0,0.0024488678200343937,3.947966421592236e-10,1.9375,-51.559375,302.52518613633833,0.0,94.03626549766135,1028.01,31,12,0,(),0,dark
yj_m,,False,1789604670131,,,,0.0,0.016264794953566575,0.0,4.21212677946888e-07,0.0,435.67499999999995,1.0,0.0024488678200343937,3.947966421592236e-10,2.8125,-50.684375,302.52518613633833,0.0,94.03626549766135,1028.01,45,12,0,(),0,dark
yj_m,,False,1789604670181,,,,0.0,0.016264794953566575,0.0,4.21212677946888e-07,0.0,435.67499999999995,1.0,0.0024488678200343937,3.947966421592236e-10,2.1875,-51.309375,302.52518613633833,0.0,94.03626549766135,1028.01,35,12,0,(),0,dark
yj_m,,False,1789604670231,,,,0.0,0.016264794953566575,0.0,4.21212677946888e-07,0.0,435.67499999999995,1.0,0.0024488678200343937,3.947966421592236e-10,1.3125,-52.184375,302.52518613633833,0.0,94.03626549766135,1028.01,21,12,0,(),0,dark
yj_m,,False,1789604670281,,,,0.0,0.016264794953566575,0.0,4.21212677946888e-07,0.0,435.67499999999995,1.0,0.0024488678200343937,3.947966421592236e-10,2.3125,-51.184375,302.52518613633833,0.0,94.03626549766135,1028.01,37,12,0,(),0,dark
yj_m,,False,1789604670331,,,,0.0,0.016264794953566575,0.0,4.21212677946888e-07,0.0,435.67499999999995,1.0,0.0024488678200343937,3.947966421592236e-10,2.625,-50.871875,302.52518613633833,0.0,94.03626549766135,1028.01,42,12,0,(),0,dark
yj_m,,False,1789604670381,,,,0.0,0.016264794953566575,0.0,4.21212677946888e-07,0.0,435.67499999999995,1.0,0.0024488678200343937,3.947966421592236e-10,2.0625,-51.434375,302.52518613633833,0.0,94.03626549766135,1028.01,33,12,0,(),0,dark
yj_m,,False,1789604670431,,,,0.0,0.016264794953566575,0.0,4.21212677946888e-07,0.0,435.67499999999995,1.0,0.0024488678200343937,3.947966421592236e-10,2.3125,-51.184375,302.52518613633833,0.0,94.03626549766135,1028.01,37,12,0,(),0,dark
yj_m,,False,1789604670481,,,,0.0,0.016264794953566575,0.0,4.21212677946888e-07,0.0,435.67499999999995,1.0,0.0024488678200343937,3.947966421592236e-10,1.8125,-51.684375,302.52518613633833,0.0,94.03626549766135,1028.01,29,12,0,(),0,dark
yj_m,,False,1789604670531,,,,0.0,0.016264794953566575,0.0,4.21212677946888e-07,0.0,435.67499999999995,1.0,0.0024488678200343937,3.947966421592236e-10,2.4375,-51.059375,302.52518613633833,0.0,94.03626549766135,1028.01,39,12,0,(),0,dark
yj_m,,False,1789604670581,,,,0.0,0.016264794953566575,0.0,4.21212677946888e-07,0.0,435.67499999999995,1.0,0.0024488678200343937,3.947966421592236e-10,2.5625,-50.934375,302.52518613633833,0.0,94.03626549766135,1028.01,41,12,0,(),0,dark
yj_m,,False,1789604670631,,,,0.0,0.016264794953566575,0.0,4.21212677946888e-07,0.0,435.67499999999995,1.0,0.0024488678200343937,3.947966421592236e-10,2.3125,-51.184375,302.52518613633833,0.0,94.03626549766135,1028.01,37,12,0,(),0,dark
yj_m,,False,1789604670681,,,,0.0,0.016264794953566575,0.0,4.21212677946888e-07,0.0,435.67499999999995,1.0,0.0024488678200343937,3.947966421592236e-10,2.5,-50.996875,302.52518613633833,0.0,94.03626549766135,1028.01,40,12,0,(),0,dark
yj_m,,False,1789604670732,,,,0.0,0.016264794953566575,0.0,4.21212677946888e-07,0.0,435.67499999999995,1.0,0.0024488678200343937,3.947966421592236e-10,1.875,-51.621875,302.52518613633833,0.0,94.03626549766135,1028.01,30,12,0,(),0,dark
yj_m,,False,1789604670781,,,,0.0,0.016264794953566575,0.0,4.21212677946888e-07,0.0,435.67499999999995,1.0,0.0024488678200343937,3.947966421592236e-10,2.3125,-51.184375,302.52518613633833,0.0,94.03626549766135,1028.01,37,12,0,(),0,dark
yj_m,,False,1789604670831,,,,0.0,0.016264794953566575,0.0,4.21212677946888e-07,0.0,435.67499999999995,1.0,0.0024488678200343937,3.947966421592236e-10,2.3125,-51.184375,302.52518613633833,0.0,94.03626549766135,1028.01,37,12,0,(),0,dark
yj_m,,False,1789604670881,,,,0.0,0.016264794953566575,0.0,4.21212677946888e-07,0.0,435.67499999999995,1.0,0.0024488678200343937,3.947966421592236e-10,1.625,-51.871875,302.52518613633833,0.0,94.03626549766135,1028.01,26,13,0,(),0,dark
yj_m,,False,1789604670931,,,,0.0,0.016264794953566575,0.0,4.21212677946888e-07,0.0,435.67499999999995,1.0,0.0024488678200343937,3.947966421592236e-10,2.25,-51.246875,302.52518613633833,0.0,94.03626549766135,1028.01,36,13,0,(),0,dark
yj_m,,False,1789604670981,,,,0.0,0.016264794953566575,0.0,4.21212677946888e-07,0.0,435.67499999999995,1.0,0.0024488678200343937,3.947966421592236e-10,2.3125,-51.184375,302.52518613633833,0.0,94.03626549766135,1028.01,37,13,0,(),0,dark
yj_m,,False,1789604671031,,,,0.0,0.016264794953566575,0.0,4.21212677946888e-07,0.0,435.67499999999995,1.0,0.0024488678200343937,3.947966421592236e-10,1.4375,-52.059375,302.52518613633833,0.0,94.03626549766135,1028.01,23,13,0,(),0,dark
yj_m,,False,1789604671081,,,,0.0,0.016264794953566575,0.0,4.21212677946888e-07,0.0,435.67499999999995,1.0,0.0024488678200343937,3.947966421592236e-10,2.1875,-51.309375,302.52518613633833,0.0,94.03626549766135,1028.01,35,13,0,(),0,dark
yj_m,,False,1789604671131,,,,0.0,0.016264794953566575,0.0,4.21212677946888e-07,0.0,435.67499999999995,1.0,0.0024488678200343937,3.947966421592236e-10,2.8125,-50.684375,302.52518613633833,0.0,94.03626549766135,1028.01,45,13,0,(),0,dark
yj_m,,False,1789604671181,,,,0.0,0.016264794953566575,0.0,4.21212677946888e-07,0.0,435.67499999999995,1.0,0.0024488678200343937,3.947966421592236e-10,2.25,-51.246875,302.52518613633833,0.0,94.03626549766135,1028.01,36,13,0,(),0,dark
yj_m,,False,1789604671231,,,,0.0,0.016264794953566575,0.0,4.21212677946888e-07,0.0,435.67499999999995,1.0,0.0024488678200343937,3.947966421592236e-10,1.4375,-52.059375,302.52518613633833,0.0,94.03626549766135,1028.01,23,13,0,(),0,dark
yj_m,,False,1789604671281,,,,0.0,0.016264794953566575,0.0,4.21212677946888e-07,0.0,435.67499999999995,1.0,0.0024488678200343937,3.947966421592236e-10,2.375,-51.121875,302.52518613633833,0.0,94.03626549766135,1028.01,38,13,0,(),0,dark
yj_m,,False,1789604671331,,,,0.0,0.016264794953566575,0.0,4.21212677946888e-07,0.0,435.67499999999995,1.0,0.0024488678200343937,3.947966421592236e-10,2.25,-51.246875,302.52518613633833,0.0,94.03626549766135,1028.01,36,13,0,(),0,dark
yj_m,,False,1789604671381,,,,0.0,0.016264794953566575,0.0,4.21212677946888e-07,0.0,435.67499999999995,1.0,0.0024488678200343937,3.947966421592236e-10,2.1875,-51.309375,302.52518613633833,0.0,94.03626549766135,1028.01,35,13,0,(),0,dark
yj_m,,False,1789604671431,,,,0.0,0.016264794953566575,0.0,4.21212677946888e-07,0.0,435.67499999999995,1.0,0.0024488678200343937,3.947966421592236e-10,2.6875,-50.809375,302.52518613633833,0.0,94.03626549766135,1028.01,43,13,0,(),0,dark
yj_m,,False,1789604671481,,,,0.0,0.016264794953566575,0.0,4.21212677946888e-07,0.0,435.67499999999995,1.0,0.0024488678200343937,3.947966421592236e-10,2.25,-51.246875,302.52518613633833,0.0,94.03626549766135,1028.01,36,13,0,(),0,dark
yj_m,,False,1789604671531,,,,0.0,0.016264794953566575,0.0,4.21212677946888e-07,0.0,435.67499999999995,1.0,0.0024488678200343937,3.947966421592236e-10,2.25,-51.246875,302.52518613633833,0.0,94.03626549766135,1028.01,36,13,0,(),0,dark
yj_m,,False,1789604671581,,,,0.0,0.016264794953566575,0.0,4.21212677946888e-07,0.0,435.67499999999995,1.0,0.0024488678200343937,3.947966421592236e-10,2.5625,-50.934375,302.52518613633833,0.0,94.03626549766135,1028.01,41,13,0,(),0,dark
yj_m,,False,1789604671631,,,,0.0,0.016264794953566575,0.0,4.21212677946888e-07,0.0,435.67499999999995,1.0,0.0024488678200343937,3.947966421592236e-10,1.5625,-51.934375,302.52518613633833,0.0,94.03626549766135,1028.01,25,13,0,(),0,dark
yj_m,,False,1789604671681,,,,0.0,0.016264794953566575,0.0,4.21212677946888e-07,0.0,435.67499999999995,1.0,0.0024488678200343937,3.947966421592236e-10,2.3125,-51.184375,302.52518613633833,0.0,94.03626549766135,1028.01,37,13,0,(),0,dark
yj_m,,False,1789604671731,,,,0.0,0.016264794953566575,0.0,4.21212677946888e-07,0.0,435.67499999999995,1.0,0.0024488678200343937,3.947966421592236e-10,1.5,-51.996875,302.52518613633833,0.0,94.03626549766135,1028.01,24,13,0,(),0,dark
yj_m,,False,1789604671781,,,,0.0,0.016264794953566575,0.0,4.21212677946888e-07,0.0,435.67499999999995,1.0,0.0024488678200343937,3.947966421592236e-10,2.6875,-50.809375,302.52518613633833,0.0,94.03626549766135,1028.01,43,13,0,(),0,dark
yj_m,,False,1789604671831,,,,0.0,0.016264794953566575,0.0,4.21212677946888e-07,0.0,435.67499999999995,1.0,0.0024488678200343937,3.947966421592236e-10,2.25,-51.246875,302.52518613633833,0.0,94.03626549766135,1028.01,36,13,0,(),0,dark
yj_m,,False,1789604671881,,,,0.0,0.016264794953566575,0.0,4.21212677946888e-07,0.0,435.67499999999995,1.0,0.0024488678200343937,3.947966421592236e-10,1.4375,-52.059375,302.52518613633833,0.0,94.03626549766135,1028.01,23,14,0,(),0,dark
yj_m,,False,1789604671931,,,,0.0,0.016264794953566575,0.0,4.21212677946888e-07,0.0,435.67499999999995,1.0,0.0024488678200343937,3.947966421592236e-10,2.375,-51.121875,302.52518613633833,0.0,94.03626549766135,1028.01,38,14,0,(),0,dark
yj_m,,False,1789604671981,,,,0.0,0.016264794953566575,0.0,4.21212677946888e-07,0.0,435.67499999999995,1.0,0.0024488678200343937,3.947966421592236e-10,1.625,-51.871875,302.52518613633833,0.0,94.03626549766135,1028.01,26,14,0,(),0,dark
yj_m,,False,1789604672031,,,,0.0,0.016264794953566575,0.0,4.21212677946888e-07,0.0,435.67499999999995,1.0,0.0024488678200343937,3.947966421592236e-10,2.3125,-51.184375,302.52518613633833,0.0,94.03626549766135,1028.01,37,14,0,(),0,dark
yj_m,,False,1789604672081,,,,0.0,0.016264794953566575,0.0,4.21212677946888e-07,0.0,435.67499999999995,1.0,0.0024488678200343937,3.947966421592236e-10,2.375,-51.121875,302.52518613633833,0.0,94.03626549766135,1028.01,38,14,0,(),0,dark
yj_m,,False,1789604672131,,,,0.0,0.016264794953566575,0.0,4.21212677946888e-07,0.0,435.67499999999995,1.0,0.0024488678200343937,3.947966421592236e-10,2.125,-51.371875,302.52518613633833,0.0,94.03626549766135,1028.01,34,14,0,(),0,dark
yj_m,,False,1789604672181,,,,0.0,0.016264794953566575,0.0,4.21212677946888e-07,0.0,435.67499999999995,1.0,0.0024488678200343937,3.947966421592236e-10,2.8125,-50.684375,302.52518613633833,0.0,94.03626549766135,1028.01,45,14,0,(),0,dark
yj_m,,False,1789604672231,,,,0.0,0.016264794953566575,0.0,4.21212677946888e-07,0.0,435.67499999999995,1.0,0.0024488678200343937,3.947966421592236e-10,2.4375,-51.059375,302.52518613633833,0.0,94.03626549766135,1028.01,39,14,0,(),0,dark
yj_m,,False,1789604672281,,,,0.0,0.016264794953566575,0.0,4.21212677946888e-07,0.0,435.67499999999995,1.0,0.0024488678200343937,3.947966421592236e-10,1.5625,-51.934375,302.52518613633833,0.0,94.03626549766135,1028.01,25,14,0,(),0,dark
yj_m,,False,1789604672331,,,,0.0,0.016264794953566575,0.0,4.21212677946888e-07,0.0,435.67499999999995,1.0,0.0024488678200343937,3.947966421592236e-10,1.9375,-51.559375,302.52518613633833,0.0,94.03626549766135,1028.01,31,14,0,(),0,dark
yj_m,,False,1789604672381,,,,0.0,0.016264794953566575,0.0,4.21212677946888e-07,0.0,435.67499999999995,1.0,0.0024488678200343937,3.947966421592236e-10,1.8125,-51.684375,302.52518613633833,0.0,94.03626549766135,1028.01,29,14,0,(),0,dark
yj_m,,False,1789604672431,,,,0.0,0.016264794953566575,0.0,4.21212677946888e-07,0.0,435.67499999999995,1.0,0.0024488678200343937,3.947966421592236e-10,2.625,-50.871875,302.52518613633833,0.0,94.03626549766135,1028.01,42,14,0,(),0,dark
yj_m,,False,1789604672481,,,,0.0,0.016264794953566575,0.0,4.21212677946888e-07,0.0,435.67499999999995,1.0,0.0024488678200343937,3.947966421592236e-10,2.375,-51.121875,302.52518613633833,0.0,94.03626549766135,1028.01,38,14,0,(),0,dark
yj_m,,False,1789604672531,,,,0.0,0.016264794953566575,0.0,4.21212677946888e-07,0.0,435.67499999999995,1.0,0.0024488678200343937,3.947966421592236e-10,1.625,-51.871875,302.52518613633833,0.0,94.03626549766135,1028.01,26,14,0,(),0,dark
yj_m,,False,1789604672581,,,,0.0,0.016264794953566575,0.0,4.21212677946888e-07,0.0,435.67499999999995,1.0,0.0024488678200343937,3.947966421592236e-10,2.25,-51.246875,302.52518613633833,0.0,94.03626549766135,1028.01,36,14,0,(),0,dark
yj_m,,False,1789604672631,,,,0.0,0.016264794953566575,0.0,4.21212677946888e-07,0.0,435.67499999999995,1.0,0.0024488678200343937,3.947966421592236e-10,1.875,-51.621875,302.52518613633833,0.0,94.03626549766135,1028.01,30,14,0,(),0,dark
yj_m,,False,1789604672681,,,,0.0,0.016264794953566575,0.0,4.21212677946888e-07,0.0,435.67499999999995,1.0,0.0024488678200343937,3.947966421592236e-10,2.25,-51.246875,302.52518613633833,0.0,94.03626549766135,1028.01,36,14,0,(),0,dark
yj_m,,False,1789604672731,,,,0.0,0.016264794953566575,0.0,4.21212677946888e-07,0.0,435.67499999999995,1.0,0.0024488678200343937,3.947966421592236e-10,2.5625,-50.934375,302.52518613633833,0.0,94.03626549766135,1028.01,41,14,0,(),0,dark
yj_m,,False,1789604672781,,,,0.0,0.016264794953566575,0.0,4.21212677946888e-07,0.0,435.67499999999995,1.0,0.0024488678200343937,3.947966421592236e-10,2.3125,-51.184375,302.52518613633833,0.0,94.03626549766135,1028.01,37,14,0,(),0,dark
yj_m,,False,1789604672831,,,,0.0,0.016264794953566575,0.0,4.21212677946888e-07,0.0,435.67499999999995,1.0,0.0024488678200343937,3.947966421592236e-10,1.75,-51.746875,302.52518613633833,0.0,94.03626549766135,1028.01,28,14,0,(),0,dark
yj_m,,False,1789604672881,,,,0.0,0.016264794953566575,0.0,4.21212677946888e-07,0.0,435.67499999999995,1.0,0.0024488678200343937,3.947966421592236e-10,2.0,-51.496875,302.52518613633833,0.0,94.03626549766135,1028.01,32,15,0,(),0,dark
yj_m,,False,1789604672931,,,,0.0,0.016264794953566575,0.0,4.21212677946888e-07,0.0,435.67499999999995,1.0,0.0024488678200343937,3.947966421592236e-10,2.6875,-50.809375,302.52518613633833,0.0,94.03626549766135,1028.01,43,15,0,(),0,dark
yj_m,,False,1789604672981,,,,0.0,0.016264794953566575,0.0,4.21212677946888e-07,0.0,435.67499999999995,1.0,0.0024488678200343937,3.947966421592236e-10,2.125,-51.371875,302.52518613633833,0.0,94.03626549766135,1028.01,34,15,0,(),0,dark
yj_m,,False,1789604673031,,,,0.0,0.016264794953566575,0.0,4.21212677946888e-07,0.0,435.67499999999995,1.0,0.0024488678200343937,3.947966421592236e-10,2.0,-51.496875,302.52518613633833,0.0,94.03626549766135,1028.01,32,15,0,(),0,dark
yj_m,,False,1789604673081,,,,0.0,0.016264794953566575,0.0,4.21212677946888e-07,0.0,435.67499999999995,1.0,0.0024488678200343937,3.947966421592236e-10,1.9375,-51.559375,302.52518613633833,0.0,94.03626549766135,1028.01,31,15,0,(),0,dark
yj_m,,False,1789604673131,,,,0.0,0.016264794953566575,0.0,4.21212677946888e-07,0.0,435.67499999999995,1.0,0.0024488678200343937,3.947966421592236e-10,2.5625,-50.934375,302.52518613633833,0.0,94.03626549766135,1028.01,41,15,0,(),0,dark
yj_m,,False,1789604673181,,,,0.0,0.016264794953566575,0.0,4.21212677946888e-07,0.0,435.67499999999995,1.0,0.0024488678200343937,3.947966421592236e-10,2.1875,-51.309375,302.52518613633833,0.0,94.03626549766135,1028.01,35,15,0,(),0,dark
yj_m,,False,1789604673231,,,,0.0,0.016264794953566575,0.0,4.21212677946888e-07,0.0,435.67499999999995,1.0,0.0024488678200343937,3.947966421592236e-10,2.375,-51.121875,302.52518613633833,0.0,94.03626549766135,1028.01,38,15,0,(),0,dark
yj_m,,False,1789604673281,,,,0.0,0.016264794953566575,0.0,4.21212677946888e-07,0.0,435.67499999999995,1.0,0.0024488678200343937,3.947966421592236e-10,1.6875,-51.809375,302.52518613633833,0.0,94.03626549766135,1028.01,27,15,0,(),0,dark
yj_m,,False,1789604673331,,,,0.0,0.016264794953566575,0.0,4.21212677946888e-07,0.0,435.67499999999995,1.0,0.0024488678200343937,3.947966421592236e-10,2.0625,-51.434375,302.52518613633833,0.0,94.03626549766135,1028.01,33,15,0,(),0,dark
yj_m,,False,1789604673381,,,,0.0,0.016264794953566575,0.0,4.21212677946888e-07,0.0,435.67499999999995,1.0,0.0024488678200343937,3.947966421592236e-10,1.75,-51.746875,302.52518613633833,0.0,94.03626549766135,1028.01,28,15,0,(),0,dark
yj_m,,False,1789604673431,,,,0.0,0.016264794953566575,0.0,4.21212677946888e-07,0.0,435.67499999999995,1.0,0.0024488678200343937,3.947966421592236e-10,2.1875,-51.309375,302.52518613633833,0.0,94.03626549766135,1028.01,35,15,0,(),0,dark
yj_m,,False,1789604673482,,,,0.0,0.016264794953566575,0.0,4.21212677946888e-07,0.0,435.67499999999995,1.0,0.0024488678200343937,3.947966421592236e-10,3.0,-50.496875,302.52518613633833,0.0,94.03626549766135,1028.01,48,15,0,(),0,dark
yj_m,,False,1789604673531,,,,0.0,0.016264794953566575,0.0,4.21212677946888e-07,0.0,435.67499999999995,1.0,0.0024488678200343937,3.947966421592236e-10,2.5625,-50.934375,302.52518613633833,0.0,94.03626549766135,1028.01,41,15,0,(),0,dark
yj_m,,False,1789604673581,,,,0.0,0.016264794953566575,0.0,4.21212677946888e-07,0.0,435.67499999999995,1.0,0.0024488678200343937,3.947966421592236e-10,2.375,-51.121875,302.52518613633833,0.0,94.03626549766135,1028.01,38,15,0,(),0,dark
yj_m,,False,1789604673631,,,,0.0,0.016264794953566575,0.0,4.21212677946888e-07,0.0,435.67499999999995,1.0,0.0024488678200343937,3.947966421592236e-10,2.625,-50.871875,302.52518613633833,0.0,94.03626549766135,1028.01,42,15,0,(),0,dark
yj_m,,False,1789604673681,,,,0.0,0.016264794953566575,0.0,4.21212677946888e-07,0.0,435.67499999999995,1.0,0.0024488678200343937,3.947966421592236e-10,1.5,-51.996875,302.52518613633833,0.0,94.03626549766135,1028.01,24,15,0,(),0,dark
yj_m,,False,1789604673731,,,,0.0,0.016264794953566575,0.0,4.21212677946888e-07,0.0,435.67499999999995,1.0,0.0024488678200343937,3.947966421592236e-10,2.0625,-51.434375,302.52518613633833,0.0,94.03626549766135,1028.01,33,15,0,(),0,dark
yj_m,,False,1789604673781,,,,0.0,0.016264794953566575,0.0,4.21212677946888e-07,0.0,435.67499999999995,1.0,0.0024488678200343937,3.947966421592236e-10,2.125,-51.371875,302.52518613633833,0.0,94.03626549766135,1028.01,34,15,0,(),0,dark
yj_m,,False,1789604673831,,,,0.0,0.016264794953566575,0.0,4.21212677946888e-07,0.0,435.67499999999995,1.0,0.0024488678200343937,3.947966421592236e-10,2.3125,-51.184375,302.52518613633833,0.0,94.03626549766135,1028.01,37,15,0,(),0,dark
yj_m,,False,1789604673881,,,,0.0,0.016264794953566575,0.0,4.21212677946888e-07,0.0,435.67499999999995,1.0,0.0024488678200343937,3.947966421592236e-10,2.5625,-50.934375,302.52518613633833,0.0,94.03626549766135,1028.01,41,16,0,(),0,dark
yj_m,,False,1789604673931,,,,0.0,0.016264794953566575,0.0,4.21212677946888e-07,0.0,435.67499999999995,1.0,0.0024488678200343937,3.947966421592236e-10,2.0625,-51.434375,302.52518613633833,0.0,94.03626549766135,1028.01,33,16,0,(),0,dark
yj_m,,False,1789604673981,,,,0.0,0.016264794953566575,0.0,4.21212677946888e-07,0.0,435.67499999999995,1.0,0.0024488678200343937,3.947966421592236e-10,2.3125,-51.184375,302.52518613633833,0.0,94.03626549766135,1028.01,37,16,0,(),0,dark
yj_m,,False,1789604674031,,,,0.0,0.016264794953566575,0.0,4.21212677946888e-07,0.0,435.67499999999995,1.0,0.0024488678200343937,3.947966421592236e-10,2.4375,-51.059375,302.52518613633833,0.0,94.03626549766135,1028.01,39,16,0,(),0,dark
yj_m,,False,1789604674081,,,,0.0,0.016264794953566575,0.0,4.21212677946888e-07,0.0,435.67499999999995,1.0,0.0024488678200343937,3.947966421592236e-10,2.4375,-51.059375,302.52518613633833,0.0,94.03626549766135,1028.01,39,16,0,(),0,dark
yj_m,,False,1789604674131,,,,0.0,0.016264794953566575,0.0,4.21212677946888e-07,0.0,435.67499999999995,1.0,0.0024488678200343937,3.947966421592236e-10,1.5,-51.996875,302.52518613633833,0.0,94.03626549766135,1028.01,24,16,0,(),0,dark
yj_m,,False,1789604674181,,,,0.0,0.016264794953566575,0.0,4.21212677946888e-07,0.0,435.67499999999995,1.0,0.0024488678200343937,3.947966421592236e-10,2.25,-51.246875,302.52518613633833,0.0,94.03626549766135,1028.01,36,16,0,(),0,dark
yj_m,,False,1789604674231,,,,0.0,0.016264794953566575,0.0,4.21212677946888e-07,0.0,435.67499999999995,1.0,0.0024488678200343937,3.947966421592236e-10,2.125,-51.371875,302.52518613633833,0.0,94.03626549766135,1028.01,34,16,0,(),0,dark
yj_m,,False,1789604674281,,,,0.0,0.016264794953566575,0.0,4.21212677946888e-07,0.0,435.67499999999995,1.0,0.0024488678200343937,3.947966421592236e-10,1.9375,-51.559375,302.52518613633833,0.0,94.03626549766135,1028.01,31,16,0,(),0,dark
yj_m,,False,1789604674331,,,,0.0,0.016264794953566575,0.0,4.21212677946888e-07,0.0,435.67499999999995,1.0,0.0024488678200343937,3.947966421592236e-10,2.375,-51.121875,302.52518613633833,0.0,94.03626549766135,1028.01,38,16,0,(),0,dark
yj_m,,False,1789604674381,,,,0.0,0.016264794953566575,0.0,4.21212677946888e-07,0.0,435.67499999999995,1.0,0.0024488678200343937,3.947966421592236e-10,2.5,-50.996875,302.52518613633833,0.0,94.03626549766135,1028.01,40,16,0,(),0,dark
yj_m,,False,1789604674431,,,,0.0,0.016264794953566575,0.0,4.21212677946888e-07,0.0,435.67499999999995,1.0,0.0024488678200343937,3.947966421592236e-10,2.5625,-50.934375,302.52518613633833,0.0,94.03626549766135,1028.01,41,16,0,(),0,dark
yj_m,,False,1789604674481,,,,0.0,0.016264794953566575,0.0,4.21212677946888e-07,0.0,435.67499999999995,1.0,0.0024488678200343937,3.947966421592236e-10,2.375,-51.121875,302.52518613633833,0.0,94.03626549766135,1028.01,38,16,0,(),0,dark
yj_m,,False,1789604674531,,,,0.0,0.016264794953566575,0.0,4.21212677946888e-07,0.0,435.67499999999995,1.0,0.0024488678200343937,3.947966421592236e-10,2.375,-51.121875,302.52518613633833,0.0,94.03626549766135,1028.01,38,16,0,(),0,dark
yj_m,,False,1789604674581,,,,0.0,0.016264794953566575,0.0,4.21212677946888e-07,0.0,435.67499999999995,1.0,0.0024488678200343937,3.947966421592236e-10,2.375,-51.121875,302.52518613633833,0.0,94.03626549766135,1028.01,38,16,0,(),0,dark
yj_m,,False,1789604674631,,,,0.0,0.016264794953566575,0.0,4.21212677946888e-07,0.0,435.67499999999995,1.0,0.0024488678200343937,3.947966421592236e-10,2.5,-50.996875,302.52518613633833,0.0,94.03626549766135,1028.01,40,16,0,(),0,dark
yj_m,,False,1789604674681,,,,0.0,0.016264794953566575,0.0,4.21212677946888e-07,0.0,435.67499999999995,1.0,0.0024488678200343937,3.947966421592236e-10,1.9375,-51.559375,302.52518613633833,0.0,94.03626549766135,1028.01,31,16,0,(),0,dark
yj_m,,False,1789604674731,,,,0.0,0.016264794953566575,0.0,4.21212677946888e-07,0.0,435.67499999999995,1.0,0.0024488678200343937,3.947966421592236e-10,1.9375,-51.559375,302.52518613633833,0.0,94.03626549766135,1028.01,31,16,0,(),0,dark
yj_m,,False,1789604674781,,,,0.0,0.016264794953566575,0.0,4.21212677946888e-07,0.0,435.67499999999995,1.0,0.0024488678200343937,3.947966421592236e-10,2.125,-51.371875,302.52518613633833,0.0,94.03626549766135,1028.01,34,16,0,(),0,dark
yj_m,,False,1789604674831,,,,0.0,0.016264794953566575,0.0,4.21212677946888e-07,0.0,435.67499999999995,1.0,0.0024488678200343937,3.947966421592236e-10,2.3125,-51.184375,302.52518613633833,0.0,94.03626549766135,1028.01,37,16,0,(),0,dark
yj_m,,False,1789604674881,,,,0.0,0.016264794953566575,0.0,4.21212677946888e-07,0.0,435.67499999999995,1.0,0.0024488678200343937,3.947966421592236e-10,2.0625,-51.434375,302.52518613633833,0.0,94.03626549766135,1028.01,33,17,0,(),0,dark
yj_m,,False,1789604674931,,,,0.0,0.016264794953566575,0.0,4.21212677946888e-07,0.0,435.67499999999995,1.0,0.0024488678200343937,3.947966421592236e-10,3.0,-50.496875,302.52518613633833,0.0,94.03626549766135,1028.01,48,17,0,(),0,dark
yj_m,,False,1789604674981,,,,0.0,0.016264794953566575,0.0,4.21212677946888e-07,0.0,435.67499999999995,1.0,0.0024488678200343937,3.947966421592236e-10,2.375,-51.121875,302.52518613633833,0.0,94.03626549766135,1028.01,38,17,0,(),0,dark
yj_m,,False,1789604675031,,,,0.0,0.016264794953566575,0.0,4.21212677946888e-07,0.0,435.67499999999995,1.0,0.0024488678200343937,3.947966421592236e-10,1.6875,-51.809375,302.52518613633833,0.0,94.03626549766135,1028.01,27,17,0,(),0,dark
yj_m,,False,1789604675081,,,,0.0,0.016264794953566575,0.0,4.21212677946888e-07,0.0,435.67499999999995,1.0,0.0024488678200343937,3.947966421592236e-10,2.0,-51.496875,302.52518613633833,0.0,94.03626549766135,1028.01,32,17,0,(),0,dark
yj_m,,False,1789604675131,,,,0.0,0.016264794953566575,0.0,4.21212677946888e-07,0.0,435.67499999999995,1.0,0.0024488678200343937,3.947966421592236e-10,2.625,-50.871875,302.52518613633833,0.0,94.03626549766135,1028.01,42,17,0,(),0,dark
yj_m,,False,1789604675181,,,,0.0,0.016264794953566575,0.0,4.21212677946888e-07,0.0,435.67499999999995,1.0,0.0024488678200343937,3.947966421592236e-10,2.5625,-50.934375,302.52518613633833,0.0,94.03626549766135,1028.01,41,17,0,(),0,dark
yj_m,,False,1789604675231,,,,0.0,0.016264794953566575,0.0,4.21212677946888e-07,0.0,435.67499999999995,1.0,0.0024488678200343937,3.947966421592236e-10,2.25,-51.246875,302.52518613633833,0.0,94.03626549766135,1028.01,36,17,0,(),0,dark
yj_m,,False,1789604675281,,,,0.0,0.016264794953566575,0.0,4.21212677946888e-07,0.0,435.67499999999995,1.0,0.0024488678200343937,3.947966421592236e-10,2.0,-51.496875,302.52518613633833,0.0,94.03626549766135,1028.01,32,17,0,(),0,dark
yj_m,,False,1789604675331,,,,0.0,0.016264794953566575,0.0,4.21212677946888e-07,0.0,435.67499999999995,1.0,0.0024488678200343937,3.947966421592236e-10,2.0,-51.496875,302.52518613633833,0.0,94.03626549766135,1028.01,32,17,0,(),0,dark
yj_m,,False,1789604675381,,,,0.0,0.016264794953566575,0.0,4.21212677946888e-07,0.0,435.67499999999995,1.0,0.0024488678200343937,3.947966421592236e-10,2.5625,-50.934375,302.52518613633833,0.0,94.03626549766135,1028.01,41,17,0,(),0,dark
yj_m,,False,1789604675431,,,,0.0,0.016264794953566575,0.0,4.21212677946888e-07,0.0,435.67499999999995,1.0,0.0024488678200343937,3.947966421592236e-10,2.1875,-51.309375,302.52518613633833,0.0,94.03626549766135,1028.01,35,17,0,(),0,dark
yj_m,,False,1789604675481,,,,0.0,0.016264794953566575,0.0,4.21212677946888e-07,0.0,435.67499999999995,1.0,0.0024488678200343937,3.947966421592236e-10,2.0625,-51.434375,302.52518613633833,0.0,94.03626549766135,1028.01,33,17,0,(),0,dark
yj_m,,False,1789604675531,,,,0.0,0.016264794953566575,0.0,4.21212677946888e-07,0.0,435.67499999999995,1.0,0.0024488678200343937,3.947966421592236e-10,1.375,-52.121875,302.52518613633833,0.0,94.03626549766135,1028.01,22,17,0,(),0,dark
yj_m,,False,1789604675581,,,,0.0,0.016264794953566575,0.0,4.21212677946888e-07,0.0,435.67499999999995,1.0,0.0024488678200343937,3.947966421592236e-10,1.625,-51.871875,302.52518613633833,0.0,94.03626549766135,1028.01,26,17,0,(),0,dark
yj_m,,False,1789604675631,,,,0.0,0.016264794953566575,0.0,4.21212677946888e-07,0.0,435.67499999999995,1.0,0.0024488678200343937,3.947966421592236e-10,2.375,-51.121875,302.52518613633833,0.0,94.03626549766135,1028.01,38,17,0,(),0,dark
yj_m,,False,1789604675681,,,,0.0,0.016264794953566575,0.0,4.21212677946888e-07,0.0,435.67499999999995,1.0,0.0024488678200343937,3.947966421592236e-10,2.0625,-51.434375,302.52518613633833,0.0,94.03626549766135,1028.01,33,17,0,(),0,dark
yj_m,,False,1789604675731,,,,0.0,0.016264794953566575,0.0,4.21212677946888e-07,0.0,435.67499999999995,1.0,0.0024488678200343937,3.947966421592236e-10,2.0,-51.496875,302.52518613633833,0.0,94.03626549766135,1028.01,32,17,0,(),0,dark
yj_m,,False,1789604675781,,,,0.0,0.016264794953566575,0.0,4.21212677946888e-07,0.0,435.67499999999995,1.0,0.0024488678200343937,3.947966421592236e-10,2.1875,-51.309375,302.52518613633833,0.0,94.03626549766135,1028.01,35,17,0,(),0,dark
yj_m,,False,1789604675831,,,,0.0,0.016264794953566575,0.0,4.21212677946888e-07,0.0,435.67499999999995,1.0,0.0024488678200343937,3.947966421592236e-10,1.875,-51.621875,302.52518613633833,0.0,94.03626549766135,1028.01,30,17,0,(),0,dark
yj_m,,False,1789604675881,,,,0.0,0.016264794953566575,0.0,4.21212677946888e-07,0.0,435.67499999999995,1.0,0.0024488678200343937,3.947966421592236e-10,2.1875,-51.309375,302.52518613633833,0.0,94.03626549766135,1028.01,35,18,0,(),0,dark
yj_m,,False,1789604675931,,,,0.0,0.016264794953566575,0.0,4.21212677946888e-07,0.0,435.67499999999995,1.0,0.0024488678200343937,3.947966421592236e-10,2.3125,-51.184375,302.52518613633833,0.0,94.03626549766135,1028.01,37,18,0,(),0,dark
yj_m,,False,1789604675981,,,,0.0,0.016264794953566575,0.0,4.21212677946888e-07,0.0,435.67499999999995,1.0,0.0024488678200343937,3.947966421592236e-10,2.3125,-51.184375,302.52518613633833,0.0,94.03626549766135,1028.01,37,18,0,(),0,dark
yj_m,,False,1789604676031,,,,0.0,0.016264794953566575,0.0,4.21212677946888e-07,0.0,435.67499999999995,1.0,0.0024488678200343937,3.947966421592236e-10,2.375,-51.121875,302.52518613633833,0.0,94.03626549766135,1028.01,38,18,0,(),0,dark
yj_m,,False,1789604676081,,,,0.0,0.016264794953566575,0.0,4.21212677946888e-07,0.0,435.67499999999995,1.0,0.0024488678200343937,3.947966421592236e-10,2.0625,-51.434375,302.52518613633833,0.0,94.03626549766135,1028.01,33,18,0,(),0,dark
yj_m,,False,1789604676131,,,,0.0,0.016264794953566575,0.0,4.21212677946888e-07,0.0,435.67499999999995,1.0,0.0024488678200343937,3.947966421592236e-10,2.4375,-51.059375,302.52518613633833,0.0,94.03626549766135,1028.01,39,18,0,(),0,dark
yj_m,,False,1789604676181,,,,0.0,0.016264794953566575,0.0,4.21212677946888e-07,0.0,435.67499999999995,1.0,0.0024488678200343937,3.947966421592236e-10,1.625,-51.871875,302.52518613633833,0.0,94.03626549766135,1028.01,26,18,0,(),0,dark
yj_m,,False,1789604676231,,,,0.0,0.016264794953566575,0.0,4.21212677946888e-07,0.0,435.67499999999995,1.0,0.0024488678200343937,3.947966421592236e-10,2.625,-50.871875,302.52518613633833,0.0,94.03626549766135,1028.01,42,18,0,(),0,dark
yj_m,,False,1789604676281,,,,0.0,0.016264794953566575,0.0,4.21212677946888e-07,0.0,435.67499999999995,1.0,0.0024488678200343937,3.947966421592236e-10,1.8125,-51.684375,302.52518613633833,0.0,94.03626549766135,1028.01,29,18,0,(),0,dark
yj_m,,False,1789604676331,,,,0.0,0.016264794953566575,0.0,4.21212677946888e-07,0.0,435.67499999999995,1.0,0.0024488678200343937,3.947966421592236e-10,1.875,-51.621875,302.52518613633833,0.0,94.03626549766135,1028.01,30,18,0,(),0,dark
yj_m,,False,1789604676381,,,,0.0,0.016264794953566575,0.0,4.21212677946888e-07,0.0,435.67499999999995,1.0,0.0024488678200343937,3.947966421592236e-10,1.625,-51.871875,302.52518613633833,0.0,94.03626549766135,1028.01,26,18,0,(),0,dark
yj_m,,False,1789604676431,,,,0.0,0.016264794953566575,0.0,4.21212677946888e-07,0.0,435.67499999999995,1.0,0.0024488678200343937,3.947966421592236e-10,1.75,-51.746875,302.52518613633833,0.0,94.03626549766135,1028.01,28,18,0,(),0,dark
yj_m,,False,1789604676481,,,,0.0,0.016264794953566575,0.0,4.21212677946888e-07,0.0,435.67499999999995,1.0,0.0024488678200343937,3.947966421592236e-10,2.125,-51.371875,302.52518613633833,0.0,94.03626549766135,1028.01,34,18,0,(),0,dark
yj_m,,False,1789604676531,,,,0.0,0.016264794953566575,0.0,4.21212677946888e-07,0.0,435.67499999999995,1.0,0.0024488678200343937,3.947966421592236e-10,1.875,-51.621875,302.52518613633833,0.0,94.03626549766135,1028.01,30,18,0,(),0,dark
yj_m,,False,1789604676581,,,,0.0,0.016264794953566575,0.0,4.21212677946888e-07,0.0,435.67499999999995,1.0,0.0024488678200343937,3.947966421592236e-10,2.8125,-50.684375,302.52518613633833,0.0,94.03626549766135,1028.01,45,18,0,(),0,dark
yj_m,,False,1789604676631,,,,0.0,0.016264794953566575,0.0,4.21212677946888e-07,0.0,435.67499999999995,1.0,0.0024488678200343937,3.947966421592236e-10,1.9375,-51.559375,302.52518613633833,0.0,94.03626549766135,1028.01,31,18,0,(),0,dark
yj_m,,False,1789604676681,,,,0.0,0.016264794953566575,0.0,4.21212677946888e-07,0.0,435.67499999999995,1.0,0.0024488678200343937,3.947966421592236e-10,2.25,-51.246875,302.52518613633833,0.0,94.03626549766135,1028.01,36,18,0,(),0,dark
yj_m,,False,1789604676731,,,,0.0,0.016264794953566575,0.0,4.21212677946888e-07,0.0,435.67499999999995,1.0,0.0024488678200343937,3.947966421592236e-10,2.125,-51.371875,302.52518613633833,0.0,94.03626549766135,1028.01,34,18,0,(),0,dark
yj_m,,False,1789604676781,,,,0.0,0.016264794953566575,0.0,4.21212677946888e-07,0.0,435.67499999999995,1.0,0.0024488678200343937,3.947966421592236e-10,2.0625,-51.434375,302.52518613633833,0.0,94.03626549766135,1028.01,33,18,0,(),0,dark
yj_m,,False,1789604676831,,,,0.0,0.016264794953566575,0.0,4.21212677946888e-07,0.0,435.67499999999995,1.0,0.0024488678200343937,3.947966421592236e-10,2.0625,-51.434375,302.52518613633833,0.0,94.03626549766135,1028.01,33,18,0,(),0,dark
yj_m,,False,1789604676881,,,,0.0,0.016264794953566575,0.0,4.21212677946888e-07,0.0,435.67499999999995,1.0,0.0024488678200343937,3.947966421592236e-10,2.25,-51.246875,302.52518613633833,0.0,94.03626549766135,1028.01,36,19,0,(),0,dark
yj_m,,False,1789604676931,,,,0.0,0.016264794953566575,0.0,4.21212677946888e-07,0.0,435.67499999999995,1.0,0.0024488678200343937,3.947966421592236e-10,2.0,-51.496875,302.52518613633833,0.0,94.03626549766135,1028.01,32,19,0,(),0,dark
yj_m,,False,1789604676981,,,,0.0,0.016264794953566575,0.0,4.21212677946888e-07,0.0,435.67499999999995,1.0,0.0024488678200343937,3.947966421592236e-10,2.125,-51.371875,302.52518613633833,0.0,94.03626549766135,1028.01,34,19,0,(),0,dark
yj_m,,False,1789604677032,,,,0.0,0.016264794953566575,0.0,4.21212677946888e-07,0.0,435.67499999999995,1.0,0.0024488678200343937,3.947966421592236e-10,2.375,-51.121875,302.52518613633833,0.0,94.03626549766135,1028.01,38,19,0,(),0,dark
yj_m,,False,1789604677081,,,,0.0,0.016264794953566575,0.0,4.21212677946888e-07,0.0,435.67499999999995,1.0,0.0024488678200343937,3.947966421592236e-10,1.9375,-51.559375,302.52518613633833,0.0,94.03626549766135,1028.01,31,19,0,(),0,dark
yj_m,,False,1789604677131,,,,0.0,0.016264794953566575,0.0,4.21212677946888e-07,0.0,435.67499999999995,1.0,0.0024488678200343937,3.947966421592236e-10,1.75,-51.746875,302.52518613633833,0.0,94.03626549766135,1028.01,28,19,0,(),0,dark
yj_m,,False,1789604677181,,,,0.0,0.016264794953566575,0.0,4.21212677946888e-07,0.0,435.67499999999995,1.0,0.0024488678200343937,3.947966421592236e-10,2.3125,-51.184375,302.52518613633833,0.0,94.03626549766135,1028.01,37,19,0,(),0,dark
yj_m,,False,1789604677231,,,,0.0,0.016264794953566575,0.0,4.21212677946888e-07,0.0,435.67499999999995,1.0,0.0024488678200343937,3.947966421592236e-10,2.125,-51.371875,302.52518613633833,0.0,94.03626549766135,1028.01,34,19,0,(),0,dark
yj_m,,False,1789604677281,,,,0.0,0.016264794953566575,0.0,4.21212677946888e-07,0.0,435.67499999999995,1.0,0.0024488678200343937,3.947966421592236e-10,1.9375,-51.559375,302.52518613633833,0.0,94.03626549766135,1028.01,31,19,0,(),0,dark
yj_m,,False,1789604678281,0.9401076604974372,0.6183292680957092,0.1529525821671153,0.09996992607526882,0.016264794953566575,0.10633880594311075,0.06776774818636126,4356.749999999999,454.8580538269604,1.0,0.0024488678200343937,9.966984783600243e-06,1912.9375,1859.440625,302.52518613633833,38.05,50.01436204767401,1024.83075,30607,20,0,(),1,50 ref
yj_m,,False,1789604678331,0.8492917257230466,0.5624348085921153,0.1529525821671153,0.09031266801075269,0.016264794953566575,0.10633880594311075,0.06776774818636126,4356.749999999999,454.8580538269604,1.0,0.0024488678200343937,9.966984783600243e-06,1733.3125,1679.815625,302.52518613633833,38.05,50.01436204767401,1024.83075,27733,20,0,(),1,50 ref
yj_m,,False,1789604678381,0.854726778186928,0.5657687130302674,0.1529525821671153,0.090890625,0.016264794953566575,0.10633880594311075,0.06776774818636126,4356.749999999999,454.8580538269604,1.0,0.0024488678200343937,9.966984783600243e-06,1744.0625,1690.565625,302.52518613633833,38.05,50.01436204767401,1024.83075,27905,20,0,(),1,50 ref
yj_m,,False,1789604678431,0.8846827650227395,0.5841710483464727,0.1529525821671153,0.09407610887096773,0.016264794953566575,0.10633880594311075,0.06776774818636126,4356.749999999999,454.8580538269604,1.0,0.0024488678200343937,9.966984783600243e-06,1803.3125,1749.815625,302.52518613633833,38.05,50.01436204767401,1024.83075,28853,20,0,(),1,50 ref
yj_m,,False,1789604678481,0.8919505677360693,0.5886423561317979,0.1529525821671153,0.09484895833333333,0.016264794953566575,0.10633880594311075,0.06776774818636126,4356.749999999999,454.8580538269604,1.0,0.0024488678200343937,9.966984783600243e-06,1817.6875,1764.190625,302.52518613633833,38.05,50.01436204767401,1024.83075,29083,20,0,(),1,50 ref
yj_m,,False,1789604678531,0.9541692787906187,0.627015903363934,0.1529525821671153,0.10146522177419355,0.016264794953566575,0.10633880594311075,0.06776774818636126,4356.749999999999,454.8580538269604,1.0,0.0024488678200343937,9.966984783600243e-06,1940.75,1887.253125,302.52518613633833,38.05,50.01436204767401,1024.83075,31052,20,0,(),1,50 ref
yj_m,,False,1789604678581,0.9029470692327596,0.5954122993310903,0.1529525821671153,0.09601831317204301,0.016264794953566575,0.10633880594311075,0.06776774818636126,4356.749999999999,454.8580538269604,1.0,0.0024488678200343937,9.966984783600243e-06,1839.4375,1785.940625,302.52518613633833,38.05,50.01436204767401,1024.83075,29431,20,0,(),1,50 ref
yj_m,,False,1789604678631,0.8512192733991905,0.5636170025946359,0.1529525821671153,0.09051764112903225,0.016264794953566575,0.10633880594311075,0.06776774818636126,4356.749999999999,454.8580538269604,1.0,0.0024488678200343937,9.966984783600243e-06,1737.125,1683.628125,302.52518613633833,38.05,50.01436204767401,1024.83075,27794,20,0,(),1,50 ref
yj_m,,False,1789604678681,0.9633962283223244,0.632720059146666,0.1529525821671153,0.10244640456989247,0.016264794953566575,0.10633880594311075,0.06776774818636126,4356.749999999999,454.8580538269604,1.0,0.0024488678200343937,9.966984783600243e-06,1959.0,1905.503125,302.52518613633833,38.05,50.01436204767401,1024.83075,31344,20,0,(),1,50 ref
yj_m,,False,1789604678731,0.8297318566815198,0.5504498891563239,0.1529525821671153,0.08823269489247312,0.016264794953566575,0.10633880594311075,0.06776774818636126,4356.749999999999,454.8580538269604,1.0,0.0024488678200343937,9.966984783600243e-06,1694.625,1641.128125,302.52518613633833,38.05,50.01436204767401,1024.83075,27114,20,0,(),1,50 ref
yj_m,,False,1789604678781,0.9308807109657314,0.6126335715633301,0.1529525821671153,0.09898874327956989,0.016264794953566575,0.10633880594311075,0.06776774818636126,4356.749999999999,454.8580538269604,1.0,0.0024488678200343937,9.966984783600243e-06,1894.6875,1841.190625,302.52518613633833,38.05,50.01436204767401,1024.83075,30315,20,0,(),1,50 ref
yj_m,,False,1789604678831,0.9622586592019771,0.6320166327142188,0.1529525821671153,0.10232543682795699,0.016264794953566575,0.10633880594311075,0.06776774818636126,4356.749999999999,454.8580538269604,1.0,0.0024488678200343937,9.966984783600243e-06,1956.75,1903.253125,302.52518613633833,38.05,50.01436204767401,1024.83075,31308,20,0,(),1,50 ref
yj_m,,False,1789604678881,0.8902442140555483,0.5875923477070115,0.1529525821671153,0.0946675067204301,0.016264794953566575,0.10633880594311075,0.06776774818636126,4356.749999999999,454.8580538269604,1.0,0.0024488678200343937,9.966984783600243e-06,1814.3125,1760.815625,302.52518613633833,38.05,50.01436204767401,1024.83075,29029,21,0,(),1,50 ref
yj_m,,False,1789604678931,0.866513258239415,0.573003922240183,0.1529525821671153,0.09214398521505376,0.016264794953566575,0.10633880594311075,0.06776774818636126,4356.749999999999,454.8580538269604,1.0,0.0024488678200343937,9.966984783600243e-06,1767.375,1713.878125,302.52518613633833,38.05,50.01436204767401,1024.83075,28278,21,0,(),1,50 ref
yj_m,,False,1789604678981,0.9041162374953388,0.5961324155486843,0.1529525821671153,0.09614264112903226,0.016264794953566575,0.10633880594311075,0.06776774818636126,4356.749999999999,454.8580538269604,1.0,0.0024488678200343937,9.966984783600243e-06,1841.75,1788.253125,302.52518613633833,38.05,50.01436204767401,1024.83075,29468,21,0,(),1,50 ref
yj_m,,False,1789604679031,0.9675041168124674,0.6352606131075087,0.1529525821671153,0.10288323252688172,0.016264794953566575,0.10633880594311075,0.06776774818636126,4356.749999999999,454.8580538269604,1.0,0.0024488678200343937,9.966984783600243e-06,1967.125,1913.628125,302.52518613633833,38.05,50.01436204767401,1024.83075,31474,21,0,(),1,50 ref
yj_m,,False,1789604679081,0.9034526555084694,0.5957236934011408,0.1529525821671153,0.09607207661290322,0.016264794953566575,0.10633880594311075,0.06776774818636126,4356.749999999999,454.8580538269604,1.0,0.0024488678200343937,9.966984783600243e-06,1840.4375,1786.940625,302.52518613633833,38.05,50.01436204767401,1024.83075,29447,21,1,(),1,50 ref
yj_m,,False,1789604679131,0.8270143304495791,0.5487864719476508,0.1529525821671153,0.08794371639784945,0.016264794953566575,0.10633880594311075,0.06776774818636126,4356.749999999999,454.8580538269604,1.0,0.0024488678200343937,9.966984783600243e-06,1689.25,1635.753125,302.52518613633833,38.05,50.01436204767401,1024.83075,27028,21,1,(),1,50 ref
yj_m,,False,1789604679181,0.9173246789482599,0.6042719887769814,0.1529525821671153,0.09754721102150538,0.016264794953566575,0.10633880594311075,0.06776774818636126,4356.749999999999,454.8580538269604,1.0,0.0024488678200343937,9.966984783600243e-06,1867.875,1814.378125,302.52518613633833,38.05,50.01436204767401,1024.83075,29886,21,1,(),1,50 ref
yj_m,,False,1789604679231,0.9601731158146739,0.6307271441955256,0.1529525821671153,0.1021036626344086,0.016264794953566575,0.10633880594311075,0.06776774818636126,4356.749999999999,454.8580538269604,1.0,0.0024488678200343937,9.966984783600243e-06,1952.625,1899.128125,302.52518613633833,38.05,50.01436204767401,1024.83075,31242,21,1,(),1,50 ref
yj_m,,False,1789604679281,0.9700004490487849,0.636804794192047,0.1529525821671153,0.10314868951612903,0.016264794953566575,0.10633880594311075,0.06776774818636126,4356.749999999999,454.8580538269604,1.0,0.0024488678200343937,9.966984783600243e-06,1972.0625,1918.565625,302.52518613633833,38.05,50.01436204767401,1024.83075,31553,21,1,(),1,50 ref
yj_m,,False,1789604679331,0.9681360996571048,0.6356515232605002,0.1529525821671153,0.102950436827957,0.016264794953566575,0.10633880594311075,0.06776774818636126,4356.749999999999,454.8580538269604,1.0,0.0024488678200343937,9.966984783600243e-06,1968.375,1914.878125,302.52518613633833,38.05,50.01436204767401,1024.83075,31494,21,1,(),1,50 ref
yj_m,,False,1789604679381,0.9263936327688062,0.6098650119191328,0.1529525821671153,0.09851159274193548,0.016264794953566575,0.10633880594311075,0.06776774818636126,4356.749999999999,454.8580538269604,1.0,0.0024488678200343937,9.966984783600243e-06,1885.8125,1832.315625,302.52518613633833,38.05,50.01436204767401,1024.83075,30173,21,1,(),1,50 ref
yj_m,,False,1789604679431,0.8820916353597263,0.5825775357066107,0.1529525821671153,0.09380057123655915,0.016264794953566575,0.10633880594311075,0.06776774818636126,4356.749999999999,454.8580538269604,1.0,0.0024488678200343937,9.966984783600243e-06,1798.1875,1744.690625,302.52518613633833,38.05,50.01436204767401,1024.83075,28771,21,1,(),1,50 ref
yj_m,,False,1789604679481,0.8330181674736342,0.5524620250982445,0.1529525821671153,0.08858215725806452,0.016264794953566575,0.10633880594311075,0.06776774818636126,4356.749999999999,454.8580538269604,1.0,0.0024488678200343937,9.966984783600243e-06,1701.125,1647.628125,302.52518613633833,38.05,50.01436204767401,1024.83075,27218,21,1,(),1,50 ref
yj_m,,False,1789604679532,0.8132687035787163,0.5403792613723813,0.1529525821671153,0.08648202284946237,0.016264794953566575,0.10633880594311075,0.06776774818636126,4356.749999999999,454.8580538269604,1.0,0.0024488678200343937,9.966984783600243e-06,1662.0625,1608.565625,302.52518613633833,38.05,50.01436204767401,1024.83075,26593,21,1,(),1,50 ref
yj_m,,False,1789604679581,0.8274251192985933,0.5490378915931516,0.1529525821671153,0.08798739919354838,0.016264794953566575,0.10633880594311075,0.06776774818636126,4356.749999999999,454.8580538269604,1.0,0.0024488678200343937,9.966984783600243e-06,1690.0625,1636.565625,302.52518613633833,38.05,50.01436204767401,1024.83075,27041,21,1,(),1,50 ref
yj_m,,False,1789604679631,0.9016831035434848,0.594633864532986,0.1529525821671153,0.09588390456989247,0.016264794953566575,0.10633880594311075,0.06776774818636126,4356.749999999999,454.8580538269604,1.0,0.0024488678200343937,9.966984783600243e-06,1836.9375,1783.440625,302.52518613633833,38.05,50.01436204767401,1024.83075,29391,21,1,(),1,50 ref
yj_m,,False,1789604679681,0.9305647195434128,0.612438575210667,0.1529525821671153,0.09895514112903225,0.016264794953566575,0.10633880594311075,0.06776774818636126,4356.749999999999,454.8580538269604,1.0,0.0024488678200343937,9.966984783600243e-06,1894.0625,1840.565625,302.52518613633833,38.05,50.01436204767401,1024.83075,30305,21,1,(),1,50 ref
yj_m,,False,1789604679731,0.9492398126024473,0.6239698168755625,0.1529525821671153,0.10094102822580646,0.016264794953566575,0.10633880594311075,0.06776774818636126,4356.749999999999,454.8580538269604,1.0,0.0024488678200343937,9.966984783600243e-06,1931.0,1877.503125,302.52518613633833,38.05,50.01436204767401,1024.83075,30896,21,1,(),1,50 ref
yj_m,,False,1789604679781,0.9666825391144388,0.6347524520422446,0.1529525821671153,0.10279586693548387,0.016264794953566575,0.10633880594311075,0.06776774818636126,4356.749999999999,454.8580538269604,1.0,0.0024488678200343937,9.966984783600243e-06,1965.5,1912.003125,302.52518613633833,38.05,50.01436204767401,1024.83075,31448,21,1,(),1,50 ref
yj_m,,False,1789604679831,0.9609630943704704,0.6312155674933151,0.1529525821671153,0.10218766801075269,0.016264794953566575,0.10633880594311075,0.06776774818636126,4356.749999999999,454.8580538269604,1.0,0.0024488678200343937,9.966984783600243e-06,1954.1875,1900.690625,302.52518613633833,38.05,50.01436204767401,1024.83075,31267,21,1,(),1,50 ref
yj_m,,False,1789604679881,0.9588143526987034,0.6298871114318702,0.1529525821671153,0.10195917338709677,0.016264794953566575,0.10633880594311075,0.06776774818636126,4356.749999999999,454.8580538269604,1.0,0.0024488678200343937,9.966984783600243e-06,1949.9375,1896.440625,302.52518613633833,38.05,50.01436204767401,1024.83075,31199,22,1,(),1,50 ref
yj_m,,False,1789604679931,0.9275312018891534,0.6105668209313485,0.1529525821671153,0.09863256048387097,0.016264794953566575,0.10633880594311075,0.06776774818636126,4356.749999999999,454.8580538269604,1.0,0.0024488678200343937,9.966984783600243e-06,1888.0625,1834.565625,302.52518613633833,38.05,50.01436204767401,1024.83075,30209,22,1,(),1,50 ref
yj_m,,False,1789604679981,0.8978280081911968,0.5922600854856077,0.1529525821671153,0.09547395833333333,0.016264794953566575,0.10633880594311075,0.06776774818636126,4356.749999999999,454.8580538269604,1.0,0.0024488678200343937,9.966984783600243e-06,1829.3125,1775.815625,302.52518613633833,38.05,50.01436204767401,1024.83075,29269,22,1,(),1,50 ref
yj_m,,False,1789604680031,0.9071181560073662,0.5979816428441204,0.1529525821671153,0.09646186155913979,0.016264794953566575,0.10633880594311075,0.06776774818636126,4356.749999999999,454.8580538269604,1.0,0.0024488678200343937,9.966984783600243e-06,1847.6875,1794.190625,302.52518613633833,38.05,50.01436204767401,1024.83075,29563,22,1,(),1,50 ref
yj_m,,False,1789604680081,0.9250980679372995,0.6090657954628398,0.1529525821671153,0.09837382392473118,0.016264794953566575,0.10633880594311075,0.06776774818636126,4356.749999999999,454.8580538269604,1.0,0.0024488678200343937,9.966984783600243e-06,1883.25,1829.753125,302.52518613633833,38.05,50.01436204767401,1024.83075,30132,22,2,(),1,50 ref
yj_m,,False,1789604680131,0.9593515381166452,0.6302192090343878,0.1529525821671153,0.10201629704301075,0.016264794953566575,0.10633880594311075,0.06776774818636126,4356.749999999999,454.8580538269604,1.0,0.0024488678200343937,9.966984783600243e-06,1951.0,1897.503125,302.52518613633833,38.05,50.01436204767401,1024.83075,31216,22,2,(),1,50 ref
yj_m,,False,1789604680181,0.9737607469743774,0.6391312713925217,0.1529525821671153,0.10354855510752689,0.016264794953566575,0.10633880594311075,0.06776774818636126,4356.749999999999,454.8580538269604,1.0,0.0024488678200343937,9.966984783600243e-06,1979.5,1926.003125,302.52518613633833,38.05,50.01436204767401,1024.83075,31672,22,2,(),1,50 ref
yj_m,,False,1789604680231,0.9575819861516606,0.6291252819432201,0.1529525821671153,0.101828125,0.016264794953566575,0.10633880594311075,0.06776774818636126,4356.749999999999,454.8580538269604,1.0,0.0024488678200343937,9.966984783600243e-06,1947.5,1894.003125,302.52518613633833,38.05,50.01436204767401,1024.83075,31160,22,2,(),1,50 ref
yj_m,,False,1789604680281,0.9327450603574119,0.6137841338971027,0.1529525821671153,0.09918699596774194,0.016264794953566575,0.10633880594311075,0.06776774818636126,4356.749999999999,454.8580538269604,1.0,0.0024488678200343937,9.966984783600243e-06,1898.375,1844.878125,302.52518613633833,38.05,50.01436204767401,1024.83075,30374,22,2,(),1,50 ref
yj_m,,False,1789604680331,0.9253508610751545,0.6092217346033884,0.1529525821671153,0.09840070564516129,0.016264794953566575,0.10633880594311075,0.06776774818636126,4356.749999999999,454.8580538269604,1.0,0.0024488678200343937,9.966984783600243e-06,1883.75,1830.253125,302.52518613633833,38.05,50.01436204767401,1024.83075,30140,22,2,(),1,50 ref
yj_m,,False,1789604680381,0.9109100530751905,0.6003180807812933,0.1529525821671153,0.09686508736559139,0.016264794953566575,0.10633880594311075,0.06776774818636126,4356.749999999999,454.8580538269604,1.0,0.0024488678200343937,9.966984783600243e-06,1855.1875,1801.690625,302.52518613633833,38.05,50.01436204767401,1024.83075,29683,22,2,(),1,50 ref
yj_m,,False,1789604680431,0.9082873242699454,0.5987019767621732,0.1529525821671153,0.09658618951612903,0.016264794953566575,0.10633880594311075,0.06776774818636126,4356.749999999999,454.8580538269604,1.0,0.0024488678200343937,9.966984783600243e-06,1850.0,1796.503125,302.52518613633833,38.05,50.01436204767401,1024.83075,29600,22,2,(),1,50 ref
yj_m,,False,1789604680481,0.8934041282787352,0.5895369147608566,0.1529525821671153,0.09500352822580645,0.016264794953566575,0.10633880594311075,0.06776774818636126,4356.749999999999,454.8580538269604,1.0,0.0024488678200343937,9.966984783600243e-06,1820.5625,1767.065625,302.52518613633833,38.05,50.01436204767401,1024.83075,29129,22,2,(),1,50 ref
yj_m,,False,1789604680531,0.8243600025021022,0.5471621486752424,0.1529525821671153,0.08766145833333333,0.016264794953566575,0.10633880594311075,0.06776774818636126,4356.749999999999,454.8580538269604,1.0,0.0024488678200343937,9.966984783600243e-06,1684.0,1630.503125,302.52518613633833,38.05,50.01436204767401,1024.83075,26944,22,2,(),1,50 ref
yj_m,,False,1789604680581,0.8320069949222143,0.5518428412224886,0.1529525821671153,0.08847463037634408,0.016264794953566575,0.10633880594311075,0.06776774818636126,4356.749999999999,454.8580538269604,1.0,0.0024488678200343937,9.966984783600243e-06,1699.125,1645.628125,302.52518613633833,38.05,50.01436204767401,1024.83075,27186,22,2,(),1,50 ref
yj_m,,False,1789604680631,0.9179566617928971,0.6046616328135306,0.1529525821671153,0.09761441532258064,0.016264794953566575,0.10633880594311075,0.06776774818636126,4356.749999999999,454.8580538269604,1.0,0.0024488678200343937,9.966984783600243e-06,1869.125,1815.628125,302.52518613633833,38.05,50.01436204767401,1024.83075,29906,22,2,(),1,50 ref
yj_m,,False,1789604680681,0.9421616047425087,0.6195976147224858,0.1529525821671153,0.10018834005376344,0.016264794953566575,0.10633880594311075,0.06776774818636126,4356.749999999999,454.8580538269604,1.0,0.0024488678200343937,9.966984783600243e-06,1917.0,1863.503125,302.52518613633833,38.05,50.01436204767401,1024.83075,30672,22,2,(),1,50 ref
yj_m,,False,1789604680731,0.9822925153769819,0.6444117326592093,0.1529525821671153,0.10445581317204301,0.016264794953566575,0.10633880594311075,0.06776774818636126,4356.749999999999,454.8580538269604,1.0,0.0024488678200343937,9.966984783600243e-06,1996.375,1942.878125,302.52518613633833,38.05,50.01436204767401,1024.83075,31942,22,2,(),1,50 ref
yj_m,,False,1789604680781,0.9807441574076203,0.6434532328982979,0.1529525821671153,0.1042911626344086,0.016264794953566575,0.10633880594311075,0.06776774818636126,4356.749999999999,454.8580538269604,1.0,0.0024488678200343937,9.966984783600243e-06,1993.3125,1939.815625,302.52518613633833,38.05,50.01436204767401,1024.83075,31893,22,2,(),1,50 ref
yj_m,,False,1789604680831,0.9074025482874531,0.5981568536206445,0.1529525821671153,0.09649210349462366,0.016264794953566575,0.10633880594311075,0.06776774818636126,4356.749999999999,454.8580538269604,1.0,0.0024488678200343937,9.966984783600243e-06,1848.25,1794.753125,302.52518613633833,38.05,50.01436204767401,1024.83075,29572,22,2,(),1,50 ref
yj_m,,False,1789604680881,0.8339029434561264,0.5530038582567525,0.1529525821671153,0.08867624327956988,0.016264794953566575,0.10633880594311075,0.06776774818636126,4356.749999999999,454.8580538269604,1.0,0.0024488678200343937,9.966984783600243e-06,1702.875,1649.378125,302.52518613633833,38.05,50.01436204767401,1024.83075,27246,23,2,(),1,50 ref
yj_m,,False,1789604680931,0.8209472951410605,0.5450743340011304,0.1529525821671153,0.08729855510752689,0.016264794953566575,0.10633880594311075,0.06776774818636126,4356.749999999999,454.8580538269604,1.0,0.0024488678200343937,9.966984783600243e-06,1677.25,1623.753125,302.52518613633833,38.05,50.01436204767401,1024.83075,26836,23,2,(),1,50 ref
yj_m,,False,1789604680981,0.8225588513948857,0.546060161816114,0.1529525821671153,0.08746992607526882,0.016264794953566575,0.10633880594311075,0.06776774818636126,4356.749999999999,454.8580538269604,1.0,0.0024488678200343937,9.966984783600243e-06,1680.4375,1626.940625,302.52518613633833,38.05,50.01436204767401,1024.83075,26887,23,2,(),1,50 ref
yj_m,,False,1789604681031,0.8628793568827502,0.5707724671124778,0.1529525821671153,0.09175756048387097,0.016264794953566575,0.10633880594311075,0.06776774818636126,4356.749999999999,454.8580538269604,1.0,0.0024488678200343937,9.966984783600243e-06,1760.1875,1706.690625,302.52518613633833,38.05,50.01436204767401,1024.83075,28163,23,2,(),1,50 ref
yj_m,,False,1789604681081,0.9014303104056298,0.5944781862275196,0.1529525821671153,0.09585702284946236,0.016264794953566575,0.10633880594311075,0.06776774818636126,4356.749999999999,454.8580538269604,1.0,0.0024488678200343937,9.966984783600243e-06,1836.4375,1782.940625,302.52518613633833,38.05,50.01436204767401,1024.83075,29383,23,3,(),1,50 ref
yj_m,,False,1789604681131,0.9234549125412425,0.6080522566442964,0.1529525821671153,0.09819909274193549,0.016264794953566575,0.10633880594311075,0.06776774818636126,4356.749999999999,454.8580538269604,1.0,0.0024488678200343937,9.966984783600243e-06,1880.0,1826.503125,302.52518613633833,38.05,50.01436204767401,1024.83075,30080,23,3,(),1,50 ref
yj_m,,False,1789604681181,0.9249084730839083,0.6089488428708479,0.1529525821671153,0.0983536626344086,0.016264794953566575,0.10633880594311075,0.06776774818636126,4356.749999999999,454.8580538269604,1.0,0.0024488678200343937,9.966984783600243e-06,1882.875,1829.378125,302.52518613633833,38.05,50.01436204767401,1024.83075,30126,23,3,(),1,50 ref
yj_m,,False,1789604681231,0.944689536121058,0.6211588879431958,0.1529525821671153,0.1004571572580645,0.016264794953566575,0.10633880594311075,0.06776774818636126,4356.749999999999,454.8580538269604,1.0,0.0024488678200343937,9.966984783600243e-06,1922.0,1868.503125,302.52518613633833,38.05,50.01436204767401,1024.83075,30752,23,3,(),1,50 ref
yj_m,,False,1789604681281,0.938938492234858,0.6176073618280219,0.1529525821671153,0.09984559811827957,0.016264794953566575,0.10633880594311075,0.06776774818636126,4356.749999999999,454.8580538269604,1.0,0.0024488678200343937,9.966984783600243e-06,1910.625,1857.128125,302.52518613633833,38.05,50.01436204767401,1024.83075,30570,23,3,(),1,50 ref
yj_m,,False,1789604681331,0.9322394740817018,0.613472102845716,0.1529525821671153,0.09913323252688172,0.016264794953566575,0.10633880594311075,0.06776774818636126,4356.749999999999,454.8580538269604,1.0,0.0024488678200343937,9.966984783600243e-06,1897.375,1843.878125,302.52518613633833,38.05,50.01436204767401,1024.83075,30358,23,3,(),1,50 ref
yj_m,,False,1789604681381,0.9548644599197199,0.6274455553331793,0.1529525821671153,0.10153914650537635,0.016264794953566575,0.10633880594311075,0.06776774818636126,4356.749999999999,454.8580538269604,1.0,0.0024488678200343937,9.966984783600243e-06,1942.125,1888.628125,302.52518613633833,38.05,50.01436204767401,1024.83075,31074,23,3,(),1,50 ref
yj_m,,False,1789604681431,0.949524204882534,0.6241455269347647,0.1529525821671153,0.10097127016129032,0.016264794953566575,0.10633880594311075,0.06776774818636126,4356.749999999999,454.8580538269604,1.0,0.0024488678200343937,9.966984783600243e-06,1931.5625,1878.065625,302.52518613633833,38.05,50.01436204767401,1024.83075,30905,23,3,(),1,50 ref
yj_m,,False,1789604681481,0.9510093645674319,0.625063175197837,0.1529525821671153,0.10112920026881721,0.016264794953566575,0.10633880594311075,0.06776774818636126,4356.749999999999,454.8580538269604,1.0,0.0024488678200343937,9.966984783600243e-06,1934.5,1881.003125,302.52518613633833,38.05,50.01436204767401,1024.83075,30952,23,3,(),1,50 ref
yj_m,,False,1789604681531,0.9609630943704704,0.6312155674933151,0.1529525821671153,0.10218766801075269,0.016264794953566575,0.10633880594311075,0.06776774818636126,4356.749999999999,454.8580538269604,1.0,0.0024488678200343937,9.966984783600243e-06,1954.1875,1900.690625,302.52518613633833,38.05,50.01436204767401,1024.83075,31267,23,3,(),1,50 ref
yj_m,,False,1789604681581,0.98513643817785,,,0.10475823252688171,,0.10633880594311075,0.06776774818636126,4356.749999999999,454.8580538269604,1.0,0.0024488678200343937,9.966984783600243e-06,2002.0,1948.503125,,38.05,50.01436204767401,1024.83075,32032,23,3,"('overrange',)",1,50 ref
yj_m,,False,1789604681631,0.9957537499677579,,,0.10588726478494623,,0.10633880594311075,0.06776774818636126,4356.749999999999,454.8580538269604,1.0,0.0024488678200343937,9.966984783600243e-06,2023.0,1969.503125,,38.05,50.01436204767401,1024.83075,32368,23,3,"('overrange',)",1,50 ref
yj_m,,False,1789604681681,0.9983764787730031,,,0.1061661626344086,,0.10633880594311075,0.06776774818636126,4356.749999999999,454.8580538269604,1.0,0.0024488678200343937,9.966984783600243e-06,2028.1875,1974.690625,,38.05,50.01436204767401,1024.83075,32451,23,3,"('overrange',)",1,50 ref
yj_m,,False,1789604681731,1.0030531518233197,,,0.10666347446236558,,0.10633880594311075,0.06776774818636126,4356.749999999999,454.8580538269604,1.0,0.0024488678200343937,9.966984783600243e-06,2037.4375,1983.940625,,38.05,50.01436204767401,1024.83075,32599,23,3,"('overrange',)",1,50 ref
yj_m,,False,1789604681781,1.00052522044477,,,0.10639465725806452,,0.10633880594311075,0.06776774818636126,4356.749999999999,454.8580538269604,1.0,0.0024488678200343937,9.966984783600243e-06,2032.4375,1978.940625,,38.05,50.01436204767401,1024.83075,32519,23,3,"('overrange',)",1,50 ref
yj_m,,False,1789604681831,0.9981552847773799,,,0.10614264112903225,,0.10633880594311075,0.06776774818636126,4356.749999999999,454.8580538269604,1.0,0.0024488678200343937,9.966984783600243e-06,2027.75,1974.253125,,38.05,50.01436204767401,1024.83075,32444,23,3,"('overrange',)",1,50 ref
yj_m,,False,1789604681881,0.9568868050225595,0.6286955575263314,0.1529525821671153,0.10175420026881721,0.016264794953566575,0.10633880594311075,0.06776774818636126,4356.749999999999,454.8580538269604,1.0,0.0024488678200343937,9.966984783600243e-06,1946.125,1892.628125,302.52518613633833,38.05,50.01436204767401,1024.83075,31138,24,3,(),1,50 ref
yj_m,,False,1789604681931,0.7518083719377316,0.5029356466787454,0.1529525821671153,0.07994640456989248,0.016264794953566575,0.10633880594311075,0.06776774818636126,4356.749999999999,454.8580538269604,1.0,0.0024488678200343937,9.966984783600243e-06,1540.5,1487.003125,302.52518613633833,38.05,50.01436204767401,1024.83075,24648,24,3,(),1,50 ref
yj_m,,False,1789604681981,0.0,0.1529525821671153,0.1529525821671153,0.0,0.016264794953566575,0.10633880594311075,0.06776774818636126,4356.749999999999,454.8580538269604,1.0,0.0024488678200343937,9.966984783600243e-06,15.1875,-38.309375,302.52518613633833,38.05,50.01436204767401,1024.83075,243,24,3,(),1,50 ref
yj_m,,False,1789604682031,,,,0.0,0.016264794953566575,0.0,0.010633880594311078,0.0,435.67499999999995,1.0,0.0024488678200343937,9.966984783600243e-06,3.8125,-49.684375,302.52518613633833,0.0,50.01436204767401,1028.01,61,24,3,(),1,50 ref
yj_m,,False,1789604682081,,,,0.0,0.016264794953566575,0.0,0.010633880594311078,0.0,435.67499999999995,1.0,0.0024488678200343937,9.966984783600243e-06,3.3125,-50.184375,302.52518613633833,0.0,50.01436204767401,1028.01,53,24,3,(),1,50 ref
yj_m,,False,1789604682131,,,,0.0,0.016264794953566575,0.0,0.010633880594311078,0.0,435.67499999999995,1.0,0.0024488678200343937,9.966984783600243e-06,3.25,-50.246875,302.52518613633833,0.0,50.01436204767401,1028.01,52,24,3,(),1,50 ref
yj_m,,False,1789604682181,,,,0.0,0.016264794953566575,0.0,0.010633880594311078,0.0,435.67499999999995,1.0,0.0024488678200343937,9.966984783600243e-06,3.0625,-50.434375,302.52518613633833,0.0,50.01436204767401,1028.01,49,24,3,(),1,50 ref
yj_m,,False,1789604682231,,,,0.0,0.016264794953566575,0.0,0.010633880594311078,0.0,435.67499999999995,1.0,0.0024488678200343937,9.966984783600243e-06,2.125,-51.371875,302.52518613633833,0.0,50.01436204767401,1028.01,34,24,3,(),1,50 ref
yj_m,,False,1789604682281,,,,0.0,0.016264794953566575,0.0,0.010633880594311078,0.0,435.67499999999995,1.0,0.0024488678200343937,9.966984783600243e-06,3.3125,-50.184375,302.52518613633833,0.0,50.01436204767401,1028.01,53,24,3,(),1,50 ref
yj_m,,False,1789604682331,,,,0.0,0.016264794953566575,0.0,0.010633880594311078,0.0,435.67499999999995,1.0,0.0024488678200343937,9.966984783600243e-06,2.8125,-50.684375,302.52518613633833,0.0,50.01436204767401,1028.01,45,24,3,(),1,50 ref
yj_m,,False,1789604682381,,,,0.0,0.016264794953566575,0.0,0.010633880594311078,0.0,435.67499999999995,1.0,0.0024488678200343937,9.966984783600243e-06,2.375,-51.121875,302.52518613633833,0.0,50.01436204767401,1028.01,38,24,3,(),1,50 ref
yj_m,,False,1789604682431,,,,0.0,0.016264794953566575,0.0,0.010633880594311078,0.0,435.67499999999995,1.0,0.0024488678200343937,9.966984783600243e-06,2.1875,-51.309375,302.52518613633833,0.0,50.01436204767401,1028.01,35,24,0,(),1,50 ref
yj_m,,False,1789604682481,,,,0.0,0.016264794953566575,0.0,0.010633880594311078,0.0,435.67499999999995,1.0,0.0024488678200343937,9.966984783600243e-06,3.0,-50.496875,302.52518613633833,0.0,50.01436204767401,1028.01,48,24,0,(),1,50 ref
